{
"type": "FeatureCollection",
"name": "adminKec_Padang",
"crs": { "type": "name", "properties": { "name": "urn:ogc:def:crs:OGC:1.3:CRS84" } },
"features": [
{ "type": "Feature", "properties": { "NAMOBJ": "BUNGUSTELUKKABUNG", "REMARK": "Wilayah Administrasi Kecamatan", "WADMKK": "KOTA PADANG", "WADMPR": "SUMATERA BARAT", "Shape_Leng": 0.02848837199, "Shape_Area": 3.330707e-05 }, "geometry": { "type": "MultiPolygon", "coordinates": [ [ [ [ 100.351995605000027, -1.133448619999985, 0.0 ], [ 100.351893299, -1.133449581999976, 0.0 ], [ 100.351788276, -1.133440512999936, 0.0 ], [ 100.351659699000038, -1.133407767999891, 0.0 ], [ 100.351342774000017, -1.133275782999895, 0.0 ], [ 100.351163465000099, -1.133174719999882, 0.0 ], [ 100.3510303690001, -1.133145620999873, 0.0 ], [ 100.350855626000026, -1.133122919999948, 0.0 ], [ 100.35071076100003, -1.133096568999989, 0.0 ], [ 100.350527845000087, -1.133006431999902, 0.0 ], [ 100.350370271000102, -1.132918121999968, 0.0 ], [ 100.350219932000101, -1.13279517399992, 0.0 ], [ 100.350102175000032, -1.132665825999876, 0.0 ], [ 100.350029849000094, -1.132552880999857, 0.0 ], [ 100.350025172000059, -1.132545576999963, 0.0 ], [ 100.349978043000064, -1.132434428999915, 0.0 ], [ 100.349941798, -1.132367921999919, 0.0 ], [ 100.349912899000103, -1.132336437999889, 0.0 ], [ 100.349843973000077, -1.132261348999982, 0.0 ], [ 100.349661937000022, -1.132129298999892, 0.0 ], [ 100.349499835000117, -1.132023667999945, 0.0 ], [ 100.349360684000061, -1.131966823999949, 0.0 ], [ 100.349350270000087, -1.131962569999864, 0.0 ], [ 100.349330498000043, -1.131954492999906, 0.0 ], [ 100.349221821000029, -1.131877093999897, 0.0 ], [ 100.349178330000072, -1.131801471999946, 0.0 ], [ 100.349182653000071, -1.131732043999886, 0.0 ], [ 100.349182943000102, -1.131727381999944, 0.0 ], [ 100.34918462800006, -1.131700320999926, 0.0 ], [ 100.349262438000011, -1.131605513999897, 0.0 ], [ 100.349422636000028, -1.131499732999938, 0.0 ], [ 100.349566542000034, -1.131412185999977, 0.0 ], [ 100.349592871000084, -1.13139324899992, 0.0 ], [ 100.349637679000068, -1.131361020999918, 0.0 ], [ 100.349886023000096, -1.131182398999972, 0.0 ], [ 100.350009999000051, -1.131061139999886, 0.0 ], [ 100.350077849000073, -1.13095723, 0.0 ], [ 100.350099520000086, -1.130830556, 0.0 ], [ 100.35011845300005, -1.130655587, 0.0 ], [ 100.350169061000059, -1.130460547999931, 0.0 ], [ 100.350202465000081, -1.130272817999941, 0.0 ], [ 100.350303594000096, -1.129691383999972, 0.0 ], [ 100.350317065000056, -1.129438050999973, 0.0 ], [ 100.350345902000043, -1.129150080999949, 0.0 ], [ 100.350404588000103, -1.128816527999973, 0.0 ], [ 100.35046056000003, -1.128460201999889, 0.0 ], [ 100.350580677000011, -1.127823177999939, 0.0 ], [ 100.35061586900008, -1.127575298999947, 0.0 ], [ 100.350659250000035, -1.127410338999887, 0.0 ], [ 100.350747848000083, -1.127151499999965, 0.0 ], [ 100.350820172000027, -1.126928205999963, 0.0 ], [ 100.350949395000058, -1.126392325999944, 0.0 ], [ 100.351003594000105, -1.12612712699994, 0.0 ], [ 100.35103609100004, -1.125923903999912, 0.0 ], [ 100.351067673000074, -1.125699713999925, 0.0 ], [ 100.351073038000081, -1.125564844999868, 0.0 ], [ 100.351075701000028, -1.125434535999922, 0.0 ], [ 100.35108104900003, -1.125338347999957, 0.0 ], [ 100.351081957000105, -1.125322020999938, 0.0 ], [ 100.351081984000103, -1.125321536999898, 0.0 ], [ 100.351118029000062, -1.124953371999901, 0.0 ], [ 100.351132255, -1.124846677999866, 0.0 ], [ 100.351135086000056, -1.124825445999885, 0.0 ], [ 100.351154118000039, -1.124682708999888, 0.0 ], [ 100.351170343000049, -1.124540544999938, 0.0 ], [ 100.351225509000074, -1.124406566999955, 0.0 ], [ 100.351323236000084, -1.124298987999936, 0.0 ], [ 100.351468963000059, -1.124225114999952, 0.0 ], [ 100.351642762000054, -1.124171263999937, 0.0 ], [ 100.351812047000024, -1.124148410999911, 0.0 ], [ 100.35189136000011, -1.124136775999926, 0.0 ], [ 100.351901963, -1.124135220999975, 0.0 ], [ 100.352510011000049, -1.124046023999878, 0.0 ], [ 100.352806050000112, -1.124019456999989, 0.0 ], [ 100.352999782000069, -1.124009345999951, 0.0 ], [ 100.353206916000062, -1.124003780999935, 0.0 ], [ 100.353207103000074, -1.124003775999935, 0.0 ], [ 100.353227795000109, -1.124003499999912, 0.0 ], [ 100.353418945000016, -1.124000945999967, 0.0 ], [ 100.353613596000045, -1.123994478999965, 0.0 ], [ 100.353812749000014, -1.123951549999965, 0.0 ], [ 100.35402184200008, -1.123872175999971, 0.0 ], [ 100.35418206300001, -1.123815607999909, 0.0 ], [ 100.354312147000115, -1.123767479999923, 0.0 ], [ 100.354352236000054, -1.12375264799994, 0.0 ], [ 100.354368084000043, -1.123747196999933, 0.0 ], [ 100.354506115000092, -1.123699719999912, 0.0 ], [ 100.354666348000109, -1.123672310999954, 0.0 ], [ 100.35476737700013, -1.123660420999947, 0.0 ], [ 100.354798515000127, -1.12365675699991, 0.0 ], [ 100.354829815000045, -1.123648485999936, 0.0 ], [ 100.354929775000059, -1.123622070999883, 0.0 ], [ 100.355055592000085, -1.123573713999967, 0.0 ], [ 100.355214904000022, -1.123516232999918, 0.0 ], [ 100.355381469000037, -1.123481521999977, 0.0 ], [ 100.355564343000069, -1.123464124999959, 0.0 ], [ 100.355680225000071, -1.123464070999955, 0.0 ], [ 100.35578615700004, -1.12347677499994, 0.0 ], [ 100.35591564500001, -1.123536861999938, 0.0 ], [ 100.35600983900008, -1.123622470999916, 0.0 ], [ 100.356081406000044, -1.123726325999893, 0.0 ], [ 100.356140315000033, -1.123857518999912, 0.0 ], [ 100.356167532000072, -1.123987813999946, 0.0 ], [ 100.356166673000089, -1.124077121999964, 0.0 ], [ 100.356137750000087, -1.124180099999869, 0.0 ], [ 100.356082569000051, -1.124280369999905, 0.0 ], [ 100.355979422000047, -1.124420746999885, 0.0 ], [ 100.355880799000062, -1.124533788999912, 0.0 ], [ 100.355849001000095, -1.124564876999909, 0.0 ], [ 100.355848053000017, -1.124565803999896, 0.0 ], [ 100.355697092000042, -1.12471339399994, 0.0 ], [ 100.355530575000031, -1.124852895999936, 0.0 ], [ 100.355400259000092, -1.124965039999889, 0.0 ], [ 100.355293488000044, -1.125081729999952, 0.0 ], [ 100.355211166000075, -1.125213903999963, 0.0 ], [ 100.355143346000062, -1.125400744999968, 0.0 ], [ 100.35504571900006, -1.125724284999915, 0.0 ], [ 100.354947177000085, -1.126012287999941, 0.0 ], [ 100.354849544000089, -1.126322160999912, 0.0 ], [ 100.354783564000044, -1.126560936999951, 0.0 ], [ 100.354692238000041, -1.126812485999892, 0.0 ], [ 100.354559279000043, -1.12707498999994, 0.0 ], [ 100.354512298000074, -1.127287337999924, 0.0 ], [ 100.354523234000084, -1.127441336999876, 0.0 ], [ 100.354577606000049, -1.127555220999973, 0.0 ], [ 100.354726141000086, -1.12768363299994, 0.0 ], [ 100.354892786000022, -1.127819333999977, 0.0 ], [ 100.354997867000094, -1.127955064999927, 0.0 ], [ 100.355035035000071, -1.128058020999919, 0.0 ], [ 100.355028727000075, -1.128135473999933, 0.0 ], [ 100.354967210000055, -1.128235744999881, 0.0 ], [ 100.354862254000068, -1.128369746999955, 0.0 ], [ 100.354722932000087, -1.128573934999974, 0.0 ], [ 100.354568221000079, -1.128787245999948, 0.0 ], [ 100.354424345000069, -1.128961359999966, 0.0 ], [ 100.354184557000039, -1.129217538999935, 0.0 ], [ 100.353994531000041, -1.12943085699991, 0.0 ], [ 100.353819896000061, -1.12964053399994, 0.0 ], [ 100.353429030000058, -1.130155569999921, 0.0 ], [ 100.35323993300004, -1.130398056999912, 0.0 ], [ 100.353106935000056, -1.130598596999896, 0.0 ], [ 100.352987511000023, -1.130771786999926, 0.0 ], [ 100.352888936000042, -1.130987803999947, 0.0 ], [ 100.352831983000044, -1.131181929999933, 0.0 ], [ 100.352757835000034, -1.131366034999889, 0.0 ], [ 100.352722258000114, -1.13142676799994, 0.0 ], [ 100.352653930000045, -1.13154341199991, 0.0 ], [ 100.35264837400004, -1.131552896999896, 0.0 ], [ 100.352644385000062, -1.131557677999936, 0.0 ], [ 100.352563205000095, -1.131654967, 0.0 ], [ 100.35247646000002, -1.131758925999979, 0.0 ], [ 100.352295477000055, -1.131941261999877, 0.0 ], [ 100.352133485000067, -1.132091689999889, 0.0 ], [ 100.351914484000062, -1.1322786019999, 0.0 ], [ 100.351733494000101, -1.132445444999938, 0.0 ], [ 100.351578767, -1.132623220999903, 0.0 ], [ 100.351486491000088, -1.132780903999894, 0.0 ], [ 100.351468438000012, -1.132896648999967, 0.0 ], [ 100.351481065000087, -1.132995435999881, 0.0 ], [ 100.351481373000112, -1.132997846999903, 0.0 ], [ 100.351482064000081, -1.133003252999906, 0.0 ], [ 100.351550925000097, -1.133122592999921, 0.0 ], [ 100.351675918000041, -1.133231886, 0.0 ], [ 100.351801789000064, -1.133301994999933, 0.0 ], [ 100.351935796000049, -1.133336564999951, 0.0 ], [ 100.352029062000042, -1.133376615999978, 0.0 ], [ 100.352036321000114, -1.13341396799996, 0.0 ], [ 100.351995605000027, -1.133448619999985, 0.0 ] ] ] ] } },
{ "type": "Feature", "properties": { "NAMOBJ": "BUNGUSTELUKKABUNG", "REMARK": "Wilayah Administrasi Kecamatan", "WADMKK": "KOTA PADANG", "WADMPR": "SUMATERA BARAT", "Shape_Leng": 0.00221056783, "Shape_Area": 3.2542e-07 }, "geometry": { "type": "MultiPolygon", "coordinates": [ [ [ [ 100.338233856000016, -1.123503923999966, 0.0 ], [ 100.338165102000104, -1.12351863499994, 0.0 ], [ 100.338138615000048, -1.123517694999951, 0.0 ], [ 100.338106764000074, -1.123516563999946, 0.0 ], [ 100.338054664000111, -1.123497711999896, 0.0 ], [ 100.338025476000013, -1.123455783999891, 0.0 ], [ 100.338018344000034, -1.123446004999881, 0.0 ], [ 100.338002539000058, -1.123424335999953, 0.0 ], [ 100.337942081000037, -1.123346760999929, 0.0 ], [ 100.337914973000096, -1.123311117999911, 0.0 ], [ 100.337914472000065, -1.12330692599992, 0.0 ], [ 100.337912553000081, -1.123290876999924, 0.0 ], [ 100.337908704000114, -1.123258687999925, 0.0 ], [ 100.337914899000097, -1.123149632999962, 0.0 ], [ 100.337927080000043, -1.12313326599994, 0.0 ], [ 100.337933641000049, -1.123124450999921, 0.0 ], [ 100.337943361000058, -1.123115083999945, 0.0 ], [ 100.337981543000097, -1.123078291999921, 0.0 ], [ 100.33803571100006, -1.123061488999952, 0.0 ], [ 100.338125300000101, -1.123036285999909, 0.0 ], [ 100.338203269000061, -1.123015511999878, 0.0 ], [ 100.338215803000125, -1.123012171999957, 0.0 ], [ 100.338235715000081, -1.123006865999962, 0.0 ], [ 100.338304466000082, -1.122983770999916, 0.0 ], [ 100.33836696500002, -1.122969060999942, 0.0 ], [ 100.33843363500003, -1.122954350999969, 0.0 ], [ 100.338502393000027, -1.122948023999889, 0.0 ], [ 100.338583651000093, -1.122943790999894, 0.0 ], [ 100.338629499000064, -1.122947964999973, 0.0 ], [ 100.338660758000074, -1.122960532999947, 0.0 ], [ 100.338698273000077, -1.122996168999965, 0.0 ], [ 100.338717039000031, -1.123023422999911, 0.0 ], [ 100.338727483000099, -1.123067465999913, 0.0 ], [ 100.338719200000028, -1.123191201999937, 0.0 ], [ 100.338615057000112, -1.12327723899995, 0.0 ], [ 100.338502581000043, -1.123361181999879, 0.0 ], [ 100.338394266000051, -1.123424155999938, 0.0 ], [ 100.338340104000011, -1.123455637999879, 0.0 ], [ 100.338233856000016, -1.123503923999966, 0.0 ] ] ] ] } },
{ "type": "Feature", "properties": { "NAMOBJ": "BUNGUSTELUKKABUNG", "REMARK": "Wilayah Administrasi Kecamatan", "WADMKK": "KOTA PADANG", "WADMPR": "SUMATERA BARAT", "Shape_Leng": 0.01275719455, "Shape_Area": 1.189074e-05 }, "geometry": { "type": "MultiPolygon", "coordinates": [ [ [ [ 100.341279878000066, -1.12464147699994, 0.0 ], [ 100.341178837000058, -1.124648402999981, 0.0 ], [ 100.341042483000052, -1.124647696999922, 0.0 ], [ 100.340903046000065, -1.124624633999879, 0.0 ], [ 100.340779703000081, -1.124601553999923, 0.0 ], [ 100.340641028000064, -1.124556900999959, 0.0 ], [ 100.340470161000042, -1.124480642999956, 0.0 ], [ 100.340210385000049, -1.124303411999946, 0.0 ], [ 100.340141455000023, -1.124240790999917, 0.0 ], [ 100.340085497000103, -1.124189954999974, 0.0 ], [ 100.339916871000099, -1.124036761999911, 0.0 ], [ 100.339696152000045, -1.123829449999899, 0.0 ], [ 100.339525244000114, -1.12366451499993, 0.0 ], [ 100.339389584000074, -1.123510363999966, 0.0 ], [ 100.339212505, -1.123251365999941, 0.0 ], [ 100.339151935000046, -1.123141128999968, 0.0 ], [ 100.339118934000069, -1.123014688999898, 0.0 ], [ 100.339114309000038, -1.122940668999902, 0.0 ], [ 100.339119633000038, -1.122851222999873, 0.0 ], [ 100.33926027000004, -1.12215642799994, 0.0 ], [ 100.339419349000053, -1.121579594999908, 0.0 ], [ 100.339501191000068, -1.121318939999924, 0.0 ], [ 100.339601411000018, -1.121019718999946, 0.0 ], [ 100.339801191000021, -1.120673410999892, 0.0 ], [ 100.339923679000037, -1.120497551999907, 0.0 ], [ 100.340073745000012, -1.120318594999933, 0.0 ], [ 100.340105248000043, -1.120285949999897, 0.0 ], [ 100.340139265000019, -1.120250699999911, 0.0 ], [ 100.340180943000092, -1.12020751099989, 0.0 ], [ 100.340544713000085, -1.119969853999944, 0.0 ], [ 100.340877892000023, -1.119845561999963, 0.0 ], [ 100.340959848000054, -1.11981391199992, 0.0 ], [ 100.341041803000095, -1.119801536999962, 0.0 ], [ 100.341065552000018, -1.119799978999922, 0.0 ], [ 100.341183533, -1.119806871999959, 0.0 ], [ 100.341322200000022, -1.11983764999993, 0.0 ], [ 100.34139346300006, -1.119884650999911, 0.0 ], [ 100.341542910000072, -1.12002645899992, 0.0 ], [ 100.34163872, -1.120150553999974, 0.0 ], [ 100.341716899000076, -1.120230708999944, 0.0 ], [ 100.341777435000026, -1.120283881999903, 0.0 ], [ 100.341857918000116, -1.120370981999915, 0.0 ], [ 100.341930222000059, -1.120478962999879, 0.0 ], [ 100.342122599000078, -1.121002575999949, 0.0 ], [ 100.342282596000075, -1.121519672999924, 0.0 ], [ 100.342349684000041, -1.121871673999916, 0.0 ], [ 100.342397321000064, -1.122191076999965, 0.0 ], [ 100.342419035, -1.122456179999961, 0.0 ], [ 100.34243858500011, -1.122725622999962, 0.0 ], [ 100.342442991000027, -1.122927707999896, 0.0 ], [ 100.342440922000037, -1.123118933999908, 0.0 ], [ 100.342423714000034, -1.123258014999958, 0.0 ], [ 100.342365665000031, -1.123418007999874, 0.0 ], [ 100.34221565600005, -1.123719557999955, 0.0 ], [ 100.341946943000025, -1.124101361999926, 0.0 ], [ 100.341751707000029, -1.124341256999969, 0.0 ], [ 100.341626502000068, -1.124449554999959, 0.0 ], [ 100.341594729000093, -1.124477037999924, 0.0 ], [ 100.341463150000052, -1.124557041999882, 0.0 ], [ 100.341417053000058, -1.124585069999981, 0.0 ], [ 100.341331972000035, -1.124620234999959, 0.0 ], [ 100.341328707000031, -1.124621586999982, 0.0 ], [ 100.341280726000051, -1.124641418999936, 0.0 ], [ 100.341279878000066, -1.12464147699994, 0.0 ] ] ] ] } },
{ "type": "Feature", "properties": { "NAMOBJ": "BUNGUSTELUKKABUNG", "REMARK": "Wilayah Administrasi Kecamatan", "WADMKK": "KOTA PADANG", "WADMPR": "SUMATERA BARAT", "Shape_Leng": 0.00325331573, "Shape_Area": 2.1e-07 }, "geometry": { "type": "MultiPolygon", "coordinates": [ [ [ [ 100.35568314800004, -1.119760803999966, 0.0 ], [ 100.355645546000048, -1.119768183999955, 0.0 ], [ 100.355603761000054, -1.11976715399987, 0.0 ], [ 100.355584261000033, -1.119768564999898, 0.0 ], [ 100.355555713000072, -1.119787155999926, 0.0 ], [ 100.355424825000071, -1.11986782499994, 0.0 ], [ 100.35539175400001, -1.119881859999946, 0.0 ], [ 100.355347531000078, -1.119874869999901, 0.0 ], [ 100.355306774000084, -1.11984229199987, 0.0 ], [ 100.355270180000076, -1.119776770999955, 0.0 ], [ 100.355267039000083, -1.119743477999954, 0.0 ], [ 100.35528199900007, -1.119723138999959, 0.0 ], [ 100.355354066000089, -1.119701027999906, 0.0 ], [ 100.355489863000045, -1.119687296999924, 0.0 ], [ 100.355570296000039, -1.119687259999921, 0.0 ], [ 100.355634363, -1.119682670999897, 0.0 ], [ 100.355679269000078, -1.119647954999955, 0.0 ], [ 100.35573598700006, -1.119569067999912, 0.0 ], [ 100.355923553000039, -1.119320141999921, 0.0 ], [ 100.355981347000025, -1.119294527999934, 0.0 ], [ 100.356112265000021, -1.119276936999899, 0.0 ], [ 100.356495598000038, -1.119205965999889, 0.0 ], [ 100.356604923000106, -1.119172964999912, 0.0 ], [ 100.356626512000034, -1.119182072999866, 0.0 ], [ 100.356618520000083, -1.119214319999958, 0.0 ], [ 100.356580248000014, -1.119268660999925, 0.0 ], [ 100.356508893000068, -1.119335289999931, 0.0 ], [ 100.35642777000001, -1.119357758999925, 0.0 ], [ 100.356325055000042, -1.119365865999885, 0.0 ], [ 100.356216077000084, -1.119390798999905, 0.0 ], [ 100.356143670000051, -1.119434291999951, 0.0 ], [ 100.356075805000032, -1.119504419999892, 0.0 ], [ 100.356026033, -1.119546148999969, 0.0 ], [ 100.355961277000048, -1.119574923999952, 0.0 ], [ 100.35588920900004, -1.119595984999918, 0.0 ], [ 100.355822725000053, -1.119640525999962, 0.0 ], [ 100.355783392, -1.119675944999873, 0.0 ], [ 100.355722827000037, -1.119735902999949, 0.0 ], [ 100.35568314800004, -1.119760803999966, 0.0 ] ] ] ] } },
{ "type": "Feature", "properties": { "NAMOBJ": "BUNGUSTELUKKABUNG", "REMARK": "Wilayah Administrasi Kecamatan", "WADMKK": "KOTA PADANG", "WADMPR": "SUMATERA BARAT", "Shape_Leng": 0.009320735, "Shape_Area": 3.7766e-06 }, "geometry": { "type": "MultiPolygon", "coordinates": [ [ [ [ 100.38288863800004, -1.121225162999981, 0.0 ], [ 100.382802842000046, -1.121225973999959, 0.0 ], [ 100.382730063000068, -1.12121906999992, 0.0 ], [ 100.38261131100009, -1.121172094999942, 0.0 ], [ 100.38227491300006, -1.120951728999916, 0.0 ], [ 100.382154598000056, -1.120848468999899, 0.0 ], [ 100.382078737000086, -1.120803779999932, 0.0 ], [ 100.381996755000046, -1.120774522999909, 0.0 ], [ 100.381871121000046, -1.120768413999937, 0.0 ], [ 100.381775165000107, -1.120757928999957, 0.0 ], [ 100.381772242000039, -1.120757609999931, 0.0 ], [ 100.38175161300002, -1.120755355999922, 0.0 ], [ 100.381609869000016, -1.120695284999925, 0.0 ], [ 100.381471163000086, -1.120578918999978, 0.0 ], [ 100.381349309000129, -1.120467945999945, 0.0 ], [ 100.38126805400006, -1.120361582999937, 0.0 ], [ 100.381227429, -1.1203053089999, 0.0 ], [ 100.381209236000089, -1.120246687999934, 0.0 ], [ 100.381207168000088, -1.120240023999916, 0.0 ], [ 100.381201350000055, -1.120221277999963, 0.0 ], [ 100.381153809000025, -1.120132626999911, 0.0 ], [ 100.381086369000045, -1.120071752999937, 0.0 ], [ 100.38100816000005, -1.120058566999912, 0.0 ], [ 100.380990858000047, -1.120055649999937, 0.0 ], [ 100.380986007000089, -1.12005483199987, 0.0 ], [ 100.380855009000086, -1.12003253599989, 0.0 ], [ 100.38072475900006, -1.119991733999889, 0.0 ], [ 100.380599097000044, -1.119923941999964, 0.0 ], [ 100.380486443000052, -1.119833005, 0.0 ], [ 100.380394491000089, -1.119772132999927, 0.0 ], [ 100.380301774000046, -1.119714355999943, 0.0 ], [ 100.380202183000065, -1.119692812999936, 0.0 ], [ 100.380101056000058, -1.119672038999905, 0.0 ], [ 100.380011404000101, -1.119632755999941, 0.0 ], [ 100.37994353200007, -1.11958598199989, 0.0 ], [ 100.37994320600005, -1.119585756999872, 0.0 ], [ 100.379888895000079, -1.119540940999983, 0.0 ], [ 100.379883436000071, -1.119536436999965, 0.0 ], [ 100.379865804000033, -1.119512539999942, 0.0 ], [ 100.37986042700004, -1.119484785999866, 0.0 ], [ 100.379873428000053, -1.119442368999909, 0.0 ], [ 100.379890225000011, -1.119415724999925, 0.0 ], [ 100.379894970000052, -1.119408197999924, 0.0 ], [ 100.379909406000095, -1.119385297999894, 0.0 ], [ 100.379949971000073, -1.119312795999935, 0.0 ], [ 100.379964493000031, -1.1192372289999, 0.0 ], [ 100.379974403000048, -1.119140066999943, 0.0 ], [ 100.379987401000065, -1.119072984999899, 0.0 ], [ 100.380025651000025, -1.118968103999926, 0.0 ], [ 100.380144284000082, -1.118722712999961, 0.0 ], [ 100.380171828000044, -1.118671948999935, 0.0 ], [ 100.38022235300005, -1.118608693999942, 0.0 ], [ 100.38028360900006, -1.118551611999926, 0.0 ], [ 100.380409996000125, -1.118513763999903, 0.0 ], [ 100.380433584000031, -1.118512908999922, 0.0 ], [ 100.380495412000087, -1.118510665999914, 0.0 ], [ 100.380582350000083, -1.118507512999919, 0.0 ], [ 100.380737858000074, -1.118507439999913, 0.0 ], [ 100.380941616000058, -1.118498090999939, 0.0 ], [ 100.381180611000019, -1.11847638799992, 0.0 ], [ 100.381349146000019, -1.118487875999893, 0.0 ], [ 100.381444157000075, -1.118534094999987, 0.0 ], [ 100.381523873, -1.118638919999956, 0.0 ], [ 100.381617396000109, -1.118770728999937, 0.0 ], [ 100.381752293000076, -1.11892795999989, 0.0 ], [ 100.381802136000019, -1.119039737, 0.0 ], [ 100.381808323000087, -1.119164648999934, 0.0 ], [ 100.381809162000067, -1.11932656599992, 0.0 ], [ 100.38183372400006, -1.119429879999942, 0.0 ], [ 100.381939493000019, -1.119538546999873, 0.0 ], [ 100.382053650000046, -1.119580124999938, 0.0 ], [ 100.382186182000098, -1.11959934599993, 0.0 ], [ 100.382281962000022, -1.119655583999876, 0.0 ], [ 100.382349424000012, -1.119765036999961, 0.0 ], [ 100.382353296000062, -1.119839056999957, 0.0 ], [ 100.382306622000016, -1.119970162999881, 0.0 ], [ 100.382286769000061, -1.120096624999952, 0.0 ], [ 100.382292946000049, -1.120201485999925, 0.0 ], [ 100.382374207000012, -1.120337152999959, 0.0 ], [ 100.38254588800001, -1.120526745999925, 0.0 ], [ 100.382688452000082, -1.120687835999931, 0.0 ], [ 100.382845570000114, -1.120862783999929, 0.0 ], [ 100.382949818000043, -1.121004607999939, 0.0 ], [ 100.383000434000053, -1.121115615999887, 0.0 ], [ 100.382992031000072, -1.121171135999862, 0.0 ], [ 100.382945323000015, -1.121211253999896, 0.0 ], [ 100.38288863800004, -1.121225162999981, 0.0 ] ] ] ] } },
{ "type": "Feature", "properties": { "NAMOBJ": "BUNGUSTELUKKABUNG", "REMARK": "Wilayah Administrasi Kecamatan", "WADMKK": "KOTA PADANG", "WADMPR": "SUMATERA BARAT", "Shape_Leng": 0.01538020564, "Shape_Area": 8.68345e-06 }, "geometry": { "type": "MultiPolygon", "coordinates": [ [ [ [ 100.368207448000078, -1.11750552499997, 0.0 ], [ 100.368213107000102, -1.117618372999981, 0.0 ], [ 100.368234788000024, -1.117730416999926, 0.0 ], [ 100.368338144000049, -1.117827101999932, 0.0 ], [ 100.368450271000086, -1.117851234999886, 0.0 ], [ 100.368593635000053, -1.11785761699997, 0.0 ], [ 100.368780238000042, -1.117862357999918, 0.0 ], [ 100.368981279000067, -1.117921922999873, 0.0 ], [ 100.369186361000061, -1.118051608999945, 0.0 ], [ 100.36921759600007, -1.118088681999904, 0.0 ], [ 100.369231403000057, -1.118105070999928, 0.0 ], [ 100.369333, -1.118225658999958, 0.0 ], [ 100.369399525000034, -1.118347351999901, 0.0 ], [ 100.369420409000071, -1.11846422599989, 0.0 ], [ 100.3694229070001, -1.118537075999878, 0.0 ], [ 100.369423881, -1.11856549499992, 0.0 ], [ 100.369425273000033, -1.118606097999905, 0.0 ], [ 100.369412526000033, -1.118750394999942, 0.0 ], [ 100.369388574000098, -1.118896313999937, 0.0 ], [ 100.36939102200003, -1.118999494999947, 0.0 ], [ 100.369413497000025, -1.119117173999914, 0.0 ], [ 100.369484048000089, -1.119279971999973, 0.0 ], [ 100.369605805000049, -1.119469915999968, 0.0 ], [ 100.369637226000066, -1.119504976999938, 0.0 ], [ 100.369680143000068, -1.119542355999922, 0.0 ], [ 100.369692872000059, -1.119552815999899, 0.0 ], [ 100.369696758000018, -1.119556008999897, 0.0 ], [ 100.36974297700003, -1.119593989999931, 0.0 ], [ 100.369811190000078, -1.119652937999923, 0.0 ], [ 100.369863082, -1.119697099999936, 0.0 ], [ 100.369870960000043, -1.119703803999869, 0.0 ], [ 100.369882518000026, -1.119714399999946, 0.0 ], [ 100.369923074, -1.119751580999914, 0.0 ], [ 100.369949323000043, -1.119783255999959, 0.0 ], [ 100.369956594000115, -1.119792029999886, 0.0 ], [ 100.369974816000109, -1.119814018999929, 0.0 ], [ 100.369997749000049, -1.119863699999954, 0.0 ], [ 100.370002036000059, -1.119872985999923, 0.0 ], [ 100.370002127000063, -1.119877174999914, 0.0 ], [ 100.370003211000068, -1.119927343999979, 0.0 ], [ 100.369987152000064, -1.119985184999969, 0.0 ], [ 100.369953477000124, -1.120048811999904, 0.0 ], [ 100.369899883000045, -1.120123634999967, 0.0 ], [ 100.369849362000124, -1.120195744999894, 0.0 ], [ 100.369793845000061, -1.120247434999907, 0.0 ], [ 100.369736789000044, -1.120274839999954, 0.0 ], [ 100.369672442000052, -1.120277564999913, 0.0 ], [ 100.36960907700005, -1.120281139999943, 0.0 ], [ 100.369607641000101, -1.120281220999949, 0.0 ], [ 100.369575917000063, -1.12028301099992, 0.0 ], [ 100.369482472000058, -1.120298855999987, 0.0 ], [ 100.369381373000039, -1.120340924999915, 0.0 ], [ 100.36937098000007, -1.120345572999945, 0.0 ], [ 100.369262273000047, -1.120394189999971, 0.0 ], [ 100.369210338000102, -1.120413783999904, 0.0 ], [ 100.369199859000034, -1.120417736999965, 0.0 ], [ 100.36914431700005, -1.120419299999917, 0.0 ], [ 100.369074227000027, -1.12041779499997, 0.0 ], [ 100.369007952000047, -1.120407027999878, 0.0 ], [ 100.368898403000046, -1.120385488999961, 0.0 ], [ 100.36879190800002, -1.120355853999907, 0.0 ], [ 100.368715672000022, -1.1203192679999, 0.0 ], [ 100.368643636000016, -1.120270723999969, 0.0 ], [ 100.36855359800002, -1.120211776999888, 0.0 ], [ 100.368507592000043, -1.12017256599993, 0.0 ], [ 100.368490489000038, -1.120157988999967, 0.0 ], [ 100.368468153000066, -1.120138951999902, 0.0 ], [ 100.368391127000081, -1.120061113999945, 0.0 ], [ 100.368319850000049, -1.11998172699986, 0.0 ], [ 100.368228651000052, -1.119903894999904, 0.0 ], [ 100.368134781, -1.119837242999896, 0.0 ], [ 100.368044364000085, -1.119776368999922, 0.0 ], [ 100.367959678, -1.119710101999946, 0.0 ], [ 100.36791331600007, -1.119663082999963, 0.0 ], [ 100.36790130600005, -1.119640467999957, 0.0 ], [ 100.367883025000054, -1.119606043999951, 0.0 ], [ 100.367851980000054, -1.119552468999871, 0.0 ], [ 100.367826942000121, -1.119527780999871, 0.0 ], [ 100.367792970000067, -1.119494283999941, 0.0 ], [ 100.367740080000033, -1.119435319999948, 0.0 ], [ 100.367690257000092, -1.119368257999906, 0.0 ], [ 100.367646173000082, -1.119292719999962, 0.0 ], [ 100.367615501000031, -1.119228345999876, 0.0 ], [ 100.367578703, -1.1191674559999, 0.0 ], [ 100.367528122000081, -1.119108489999906, 0.0 ], [ 100.367454923000068, -1.119032575999931, 0.0 ], [ 100.367409703000064, -1.118965900999921, 0.0 ], [ 100.367363164000025, -1.118883740999873, 0.0 ], [ 100.367361014000025, -1.118879944999914, 0.0 ], [ 100.367332887, -1.118836997999914, 0.0 ], [ 100.367236830000053, -1.118690326999946, 0.0 ], [ 100.36716094500008, -1.118592824999961, 0.0 ], [ 100.367086598000057, -1.118503028999903, 0.0 ], [ 100.366987348000109, -1.118403609999937, 0.0 ], [ 100.366906116000052, -1.11834543699992, 0.0 ], [ 100.36682299200001, -1.118314632999947, 0.0 ], [ 100.366718421000058, -1.118311597999874, 0.0 ], [ 100.366633011, -1.118309702999984, 0.0 ], [ 100.366532651000057, -1.118300116999901, 0.0 ], [ 100.36648475, -1.11828519799991, 0.0 ], [ 100.366481670000013, -1.118284238999919, 0.0 ], [ 100.366439948000021, -1.11827124499991, 0.0 ], [ 100.366377497000101, -1.11823117899997, 0.0 ], [ 100.366326536000059, -1.118188791999927, 0.0 ], [ 100.366291269000072, -1.118136764999974, 0.0 ], [ 100.366246054000058, -1.118101702999915, 0.0 ], [ 100.366203927000029, -1.118097868999953, 0.0 ], [ 100.366127704000036, -1.118109463999936, 0.0 ], [ 100.365918076000099, -1.118155517999927, 0.0 ], [ 100.365874847000072, -1.118196645999955, 0.0 ], [ 100.365826031000026, -1.118264378999875, 0.0 ], [ 100.365757167000112, -1.11829343399997, 0.0 ], [ 100.365752545000078, -1.118293538999978, 0.0 ], [ 100.365747589000108, -1.118293651999988, 0.0 ], [ 100.365685093000096, -1.118295077999928, 0.0 ], [ 100.365535314000041, -1.118271776999954, 0.0 ], [ 100.365426366000094, -1.118208948999907, 0.0 ], [ 100.365295789000029, -1.118121141999925, 0.0 ], [ 100.36516519900006, -1.118028502999898, 0.0 ], [ 100.365053037000024, -1.11792939899987, 0.0 ], [ 100.364964883000098, -1.117808531, 0.0 ], [ 100.364880738000068, -1.11768765099994, 0.0 ], [ 100.364848701000085, -1.117653489999956, 0.0 ], [ 100.364824763000058, -1.117627964999887, 0.0 ], [ 100.364787795000012, -1.117588546999912, 0.0 ], [ 100.364718079000014, -1.117502320999971, 0.0 ], [ 100.364692458000036, -1.117458529, 0.0 ], [ 100.364661971, -1.117406418999941, 0.0 ], [ 100.364660272000037, -1.117394767999954, 0.0 ], [ 100.364647512000047, -1.11730727799991, 0.0 ], [ 100.364646670000056, -1.117212958999922, 0.0 ], [ 100.364671459000064, -1.11714926399998, 0.0 ], [ 100.364724316, -1.11713553599991, 0.0 ], [ 100.364806011000013, -1.117164522999911, 0.0 ], [ 100.36484255000002, -1.117181841999923, 0.0 ], [ 100.364844420000082, -1.117182729, 0.0 ], [ 100.364904545000087, -1.117211228999956, 0.0 ], [ 100.364938194000018, -1.117239551999901, 0.0 ], [ 100.364943790000041, -1.117244261999936, 0.0 ], [ 100.365012705000055, -1.117302266999939, 0.0 ], [ 100.365089328000096, -1.11736132299994, 0.0 ], [ 100.365110524000073, -1.117377659999871, 0.0 ], [ 100.365146499000033, -1.117405386999945, 0.0 ], [ 100.365316330000041, -1.117515742999927, 0.0 ], [ 100.365482922000069, -1.117541460999924, 0.0 ], [ 100.365606246000056, -1.117529309999895, 0.0 ], [ 100.365641655000047, -1.117516986999942, 0.0 ], [ 100.365731061000076, -1.117485873999943, 0.0 ], [ 100.365740770000087, -1.11748249499993, 0.0 ], [ 100.365842443000062, -1.117400222999962, 0.0 ], [ 100.365940307000074, -1.117270081999941, 0.0 ], [ 100.36594249400008, -1.117267172999966, 0.0 ], [ 100.365953892000036, -1.117250605999928, 0.0 ], [ 100.366032930000102, -1.117135729999926, 0.0 ], [ 100.366160212000054, -1.117011531999953, 0.0 ], [ 100.366421183000071, -1.116767962999962, 0.0 ], [ 100.366679744000052, -1.116517150999904, 0.0 ], [ 100.366785434000093, -1.116474372999917, 0.0 ], [ 100.366941603000058, -1.116463012999866, 0.0 ], [ 100.367129003000016, -1.116462119999881, 0.0 ], [ 100.367282768000038, -1.116458828999964, 0.0 ], [ 100.367406099000021, -1.116460380999914, 0.0 ], [ 100.367514229000093, -1.116486125999913, 0.0 ], [ 100.367653622, -1.116572309999938, 0.0 ], [ 100.367803444000046, -1.116710088999969, 0.0 ], [ 100.36796929100008, -1.116855107999889, 0.0 ], [ 100.36807345600009, -1.116973551999919, 0.0 ], [ 100.368117550000093, -1.117070263999928, 0.0 ], [ 100.368123134000115, -1.117173725999962, 0.0 ], [ 100.368123206000035, -1.117175062999895, 0.0 ], [ 100.368126133, -1.117189193999909, 0.0 ], [ 100.368144072000064, -1.117275810999971, 0.0 ], [ 100.368189792000038, -1.117412020999961, 0.0 ], [ 100.368207448000078, -1.11750552499997, 0.0 ] ] ] ] } },
{ "type": "Feature", "properties": { "NAMOBJ": "BUNGUSTELUKKABUNG", "REMARK": "Wilayah Administrasi Kecamatan", "WADMKK": "KOTA PADANG", "WADMPR": "SUMATERA BARAT", "Shape_Leng": 0.00773084681, "Shape_Area": 4.17042e-06 }, "geometry": { "type": "MultiPolygon", "coordinates": [ [ [ [ 100.297319262000116, -1.077103087999895, 0.0 ], [ 100.297187599000054, -1.077122581999909, 0.0 ], [ 100.297015967000064, -1.077120800999939, 0.0 ], [ 100.296860937000119, -1.077094863999925, 0.0 ], [ 100.296709575000108, -1.077024340999952, 0.0 ], [ 100.296561892000057, -1.076924086999917, 0.0 ], [ 100.29652475200001, -1.076890079999945, 0.0 ], [ 100.296507087000052, -1.076873904999939, 0.0 ], [ 100.296438197000043, -1.076810825999871, 0.0 ], [ 100.296355101000088, -1.07669940899989, 0.0 ], [ 100.296295979, -1.076543389999859, 0.0 ], [ 100.296238681000048, -1.076342797999871, 0.0 ], [ 100.296222003000096, -1.076175617999983, 0.0 ], [ 100.296210853000062, -1.075986148999938, 0.0 ], [ 100.296255039000073, -1.075737212999947, 0.0 ], [ 100.296350850000096, -1.075380512999921, 0.0 ], [ 100.296487276000022, -1.075040508999944, 0.0 ], [ 100.296599758000085, -1.074815692999906, 0.0 ], [ 100.29676019700004, -1.07454441099993, 0.0 ], [ 100.296820989000096, -1.074468758999888, 0.0 ], [ 100.296916984000049, -1.074349298999952, 0.0 ], [ 100.297022632000079, -1.074277614999971, 0.0 ], [ 100.297097793, -1.074226616999926, 0.0 ], [ 100.297206647000024, -1.07415783899992, 0.0 ], [ 100.297348733000064, -1.074115048999932, 0.0 ], [ 100.297409571000031, -1.07410763499994, 0.0 ], [ 100.297455769000038, -1.074102005999919, 0.0 ], [ 100.297546202000063, -1.074118681999966, 0.0 ], [ 100.297645875000043, -1.074161368999945, 0.0 ], [ 100.297719737000122, -1.074261644999982, 0.0 ], [ 100.297791769000042, -1.074389789999927, 0.0 ], [ 100.298057829000115, -1.075119711999925, 0.0 ], [ 100.298063027000097, -1.075143921999885, 0.0 ], [ 100.298088809, -1.075263997999961, 0.0 ], [ 100.298098508000109, -1.07530916799988, 0.0 ], [ 100.298118868000103, -1.075452195999901, 0.0 ], [ 100.29808388400005, -1.075637975999907, 0.0 ], [ 100.298041506000089, -1.0757903199999, 0.0 ], [ 100.298037866000058, -1.075801512999938, 0.0 ], [ 100.297859031000101, -1.076351392999872, 0.0 ], [ 100.29766185000004, -1.076761504999965, 0.0 ], [ 100.297628554000127, -1.076830757999922, 0.0 ], [ 100.297499430000101, -1.07699056399991, 0.0 ], [ 100.297326002000048, -1.077102089999901, 0.0 ], [ 100.297319262000116, -1.077103087999895, 0.0 ] ] ] ] } },
{ "type": "Feature", "properties": { "NAMOBJ": "PADANG SELATAN", "REMARK": "Wilayah Administrasi Kecamatan", "WADMKK": "KOTA PADANG", "WADMPR": "SUMATERA BARAT", "Shape_Leng": 0.01727270962, "Shape_Area": 2.050441e-05 }, "geometry": { "type": "MultiPolygon", "coordinates": [ [ [ [ 100.172158814000099, -1.034892834999898, 0.0 ], [ 100.172201645000087, -1.034895689999868, 0.0 ], [ 100.172243047000052, -1.034894261999927, 0.0 ], [ 100.172297299, -1.034895689999868, 0.0 ], [ 100.172334419000052, -1.034898544999926, 0.0 ], [ 100.172357698000027, -1.034892661999884, 0.0 ], [ 100.172430509, -1.034916932999938, 0.0 ], [ 100.172471912000063, -1.034934064999934, 0.0 ], [ 100.17251617000008, -1.034951196999931, 0.0 ], [ 100.172553289000049, -1.034965473999868, 0.0 ], [ 100.172587554000046, -1.034981177999924, 0.0 ], [ 100.172670359000051, -1.035009731999889, 0.0 ], [ 100.172716044000097, -1.035021152999946, 0.0 ], [ 100.172743170000032, -1.035028290999914, 0.0 ], [ 100.172777435000029, -1.03504399599997, 0.0 ], [ 100.172811699000107, -1.035071122, 0.0 ], [ 100.172827403000085, -1.035092536999901, 0.0 ], [ 100.172834375000036, -1.035101833999871, 0.0 ], [ 100.172844535000081, -1.035115379999926, 0.0 ], [ 100.172887366000069, -1.035141077999921, 0.0 ], [ 100.172933051000115, -1.035162492999916, 0.0 ], [ 100.172938762000058, -1.035162492999916, 0.0 ], [ 100.172950183000026, -1.035141077999921, 0.0 ], [ 100.172983020000075, -1.035141077999921, 0.0 ], [ 100.173004435000067, -1.035141077999921, 0.0 ], [ 100.173030133000069, -1.035143932999979, 0.0 ], [ 100.173155769000076, -1.035203895999878, 0.0 ], [ 100.173212876, -1.035235304999901, 0.0 ], [ 100.173232863000052, -1.035255291999867, 0.0 ], [ 100.173252851000115, -1.035279561999921, 0.0 ], [ 100.173265700000016, -1.035293838999948, 0.0 ], [ 100.173295681000099, -1.035303832999887, 0.0 ], [ 100.173304247, -1.035302404999857, 0.0 ], [ 100.173309958000033, -1.03528527299995, 0.0 ], [ 100.173309958000033, -1.035275278999922, 0.0 ], [ 100.173311386000066, -1.035266712999924, 0.0 ], [ 100.173344222000125, -1.035263857999954, 0.0 ], [ 100.173389908000075, -1.035270995999923, 0.0 ], [ 100.173488418000062, -1.035300977999917, 0.0 ], [ 100.173589783000097, -1.035330958999911, 0.0 ], [ 100.173629758000033, -1.035343807999908, 0.0 ], [ 100.173675443, -1.035365222999904, 0.0 ], [ 100.173721129000043, -1.035383782999929, 0.0 ], [ 100.173795368000057, -1.035423757999951, 0.0 ], [ 100.173802506000115, -1.035435178999919, 0.0 ], [ 100.173835343000079, -1.035449455999945, 0.0 ], [ 100.173868180000042, -1.035456593999914, 0.0 ], [ 100.17392528700006, -1.035460876999913, 0.0 ], [ 100.174040928000039, -1.03552226799993, 0.0 ], [ 100.174055205000059, -1.035533688999987, 0.0 ], [ 100.174065199, -1.035549392999954, 0.0 ], [ 100.174070910000026, -1.03556652499995, 0.0 ], [ 100.174079476000031, -1.035586512999917, 0.0 ], [ 100.174090897000085, -1.035600789999943, 0.0 ], [ 100.174105174000019, -1.035605072999942, 0.0 ], [ 100.174138010000078, -1.035602216999973, 0.0 ], [ 100.174160853, -1.035602216999973, 0.0 ], [ 100.1741779850001, -1.035609355999942, 0.0 ], [ 100.174190834000086, -1.03562077699991, 0.0 ], [ 100.174205111000035, -1.035637908999906, 0.0 ], [ 100.174232237000055, -1.035652185999933, 0.0 ], [ 100.174272212000076, -1.035663606999901, 0.0 ], [ 100.17430504900004, -1.035677883999927, 0.0 ], [ 100.174333602, -1.035693588999894, 0.0 ], [ 100.174386426000112, -1.035740701999885, 0.0 ], [ 100.17441498000008, -1.035767827999909, 0.0 ], [ 100.174443533000044, -1.035793525999903, 0.0 ], [ 100.174464948000036, -1.0358063749999, 0.0 ], [ 100.174523483000087, -1.035827789999896, 0.0 ], [ 100.174552037000041, -1.035837783999924, 0.0 ], [ 100.174579162000072, -1.035859198999919, 0.0 ], [ 100.174641980000033, -1.035910595999908, 0.0 ], [ 100.174647691000061, -1.035927727999905, 0.0 ], [ 100.174650546000024, -1.03595056999993, 0.0 ], [ 100.17466767800002, -1.035980551999923, 0.0 ], [ 100.174721930000075, -1.036021953999974, 0.0 ], [ 100.174754767000124, -1.03604336899997, 0.0 ], [ 100.174773326000064, -1.036060501999877, 0.0 ], [ 100.174830434000071, -1.036097620999929, 0.0 ], [ 100.17487326400007, -1.036134740999891, 0.0 ], [ 100.17492323300003, -1.036170432999914, 0.0 ], [ 100.174973201000071, -1.036216117999963, 0.0 ], [ 100.175026025000093, -1.036263231999953, 0.0 ], [ 100.175031736000037, -1.03628036399995, 0.0 ], [ 100.175053151000029, -1.036308916999914, 0.0 ], [ 100.175083132000026, -1.036337470999968, 0.0 ], [ 100.17512025200007, -1.036370306999931, 0.0 ], [ 100.175147378000105, -1.036407426999983, 0.0 ], [ 100.17522161700002, -1.036475954999968, 0.0 ], [ 100.175244460000044, -1.036510219999961, 0.0 ], [ 100.175257309000045, -1.036543055999925, 0.0 ], [ 100.175287290000043, -1.036584458999886, 0.0 ], [ 100.175327265000064, -1.036608728999941, 0.0 ], [ 100.175355819000032, -1.0366629809999, 0.0 ], [ 100.175370095000048, -1.036685823999925, 0.0 ], [ 100.17539436600002, -1.03670723899992, 0.0 ], [ 100.175430058000046, -1.036734364999944, 0.0 ], [ 100.175474316000063, -1.036778622999964, 0.0 ], [ 100.175521429000057, -1.036845723999921, 0.0 ], [ 100.175539989000072, -1.036872849999945, 0.0 ], [ 100.175619939000029, -1.036957081999898, 0.0 ], [ 100.175668480000056, -1.037015616999945, 0.0 ], [ 100.175698461000039, -1.037041314999939, 0.0 ], [ 100.175719876000045, -1.037055591999877, 0.0 ], [ 100.175741291000037, -1.037079862999931, 0.0 ], [ 100.175745574000032, -1.037121264999893, 0.0 ], [ 100.175748430000098, -1.037144107999918, 0.0 ], [ 100.175754140000038, -1.037166950999943, 0.0 ], [ 100.175759851000066, -1.037195503999907, 0.0 ], [ 100.17576984500009, -1.037212636999904, 0.0 ], [ 100.175786977000087, -1.037232623999959, 0.0 ], [ 100.175809820000026, -1.037249755999955, 0.0 ], [ 100.175828927000097, -1.037265223999903, 0.0 ], [ 100.175839801, -1.037274026999921, 0.0 ], [ 100.175856933, -1.037306862999973, 0.0 ], [ 100.175864071000063, -1.037352548999934, 0.0 ], [ 100.175892625000031, -1.037409655999951, 0.0 ], [ 100.175906902000065, -1.037435353999946, 0.0 ], [ 100.175922606000114, -1.037453913999972, 0.0 ], [ 100.175946877000086, -1.037475328999967, 0.0 ], [ 100.175966864000046, -1.037529580999927, 0.0 ], [ 100.175975430000051, -1.037553850999892, 0.0 ], [ 100.175982569000013, -1.037573838999947, 0.0 ], [ 100.175993990000066, -1.037603819999941, 0.0 ], [ 100.176009694000044, -1.037628090999906, 0.0 ], [ 100.176036820000064, -1.037650932999931, 0.0 ], [ 100.176051097000084, -1.037676631999926, 0.0 ], [ 100.176058235000056, -1.037706612999919, 0.0 ], [ 100.176095355000115, -1.03775087099994, 0.0 ], [ 100.176108204000016, -1.037782279999874, 0.0 ], [ 100.176121053000017, -1.037812260999956, 0.0 ], [ 100.176126764000045, -1.03783938699998, 0.0 ], [ 100.17614960700007, -1.037859373999947, 0.0 ], [ 100.176158173000061, -1.037875078999914, 0.0 ], [ 100.176166739000067, -1.037899348999879, 0.0 ], [ 100.176183871000063, -1.037936468999931, 0.0 ], [ 100.176208141000117, -1.037989292999949, 0.0 ], [ 100.176229557000028, -1.038039260999909, 0.0 ], [ 100.176279525000069, -1.038133487999978, 0.0 ], [ 100.176305223000071, -1.038184883999968, 0.0 ], [ 100.176316645000028, -1.038210582999962, 0.0 ], [ 100.176310934000099, -1.038239135999927, 0.0 ], [ 100.176315217000095, -1.038291959999857, 0.0 ], [ 100.176345198, -1.038384758999896, 0.0 ], [ 100.176362331000078, -1.038410456999891, 0.0 ], [ 100.17637518, -1.038473274999937, 0.0 ], [ 100.176373752000046, -1.038497546, 0.0 ], [ 100.176372324000027, -1.038523243999986, 0.0 ], [ 100.176376607000023, -1.038560362999949, 0.0 ], [ 100.17638802900008, -1.038584633999914, 0.0 ], [ 100.176403733000043, -1.038598910999941, 0.0 ], [ 100.176423721, -1.038618897999907, 0.0 ], [ 100.17642943100013, -1.03865030699993, 0.0 ], [ 100.17642086500004, -1.038707413999948, 0.0 ], [ 100.176423721, -1.038734539999883, 0.0 ], [ 100.176423721, -1.038771658999934, 0.0 ], [ 100.176425148000035, -1.038844470999919, 0.0 ], [ 100.176425148000035, -1.038972961999892, 0.0 ], [ 100.176425148000035, -1.039004370999915, 0.0 ], [ 100.176418010000077, -1.039041489999878, 0.0 ], [ 100.176390884000043, -1.03907575499996, 0.0 ], [ 100.176382437000058, -1.039109810999935, 0.0 ], [ 100.176361498000105, -1.039151688999937, 0.0 ], [ 100.176353883, -1.039193567999938, 0.0 ], [ 100.176340558000064, -1.039241156999879, 0.0 ], [ 100.17632533000004, -1.039271613999912, 0.0 ], [ 100.176304391000087, -1.039302070999945, 0.0 ], [ 100.176283451000046, -1.039334431999958, 0.0 ], [ 100.176256801000051, -1.039387731999927, 0.0 ], [ 100.176245380000083, -1.039429609999928, 0.0 ], [ 100.176222537000058, -1.039492427999974, 0.0 ], [ 100.176199694000033, -1.039541920999984, 0.0 ], [ 100.176163527000071, -1.039579991999936, 0.0 ], [ 100.176134973000018, -1.039612352999949, 0.0 ], [ 100.176093095000013, -1.039648520999922, 0.0 ], [ 100.175879895000051, -1.039854105999968, 0.0 ], [ 100.175845631000058, -1.039880755999953, 0.0 ], [ 100.175788524000041, -1.039915019999945, 0.0 ], [ 100.175761874000045, -1.039949283999938, 0.0 ], [ 100.175710477000067, -1.039964512999955, 0.0 ], [ 100.175668599000062, -1.039993066999919, 0.0 ], [ 100.175617202000069, -1.040031137999961, 0.0 ], [ 100.175563902000107, -1.040044462999909, 0.0 ], [ 100.175502988000034, -1.040076823999922, 0.0 ], [ 100.175445881000101, -1.040099665999946, 0.0 ], [ 100.175240296000055, -1.040173905999961, 0.0 ], [ 100.175166057000041, -1.040187230999909, 0.0 ], [ 100.175065167000042, -1.040210072999933, 0.0 ], [ 100.175004253000068, -1.04022339799997, 0.0 ], [ 100.174941435000022, -1.04022910899991, 0.0 ], [ 100.174882425000121, -1.040234819999938, 0.0 ], [ 100.174823414000031, -1.040251951999934, 0.0 ], [ 100.174775825, -1.040261469999923, 0.0 ], [ 100.174718718000065, -1.040261469999923, 0.0 ], [ 100.174674936000088, -1.040250047999955, 0.0 ], [ 100.17463686400005, -1.040250047999955, 0.0 ], [ 100.174528361000043, -1.040246241, 0.0 ], [ 100.17449409700005, -1.040248144999975, 0.0 ], [ 100.17445792900007, -1.040259565999943, 0.0 ], [ 100.174459832000053, -1.040269083999931, 0.0 ], [ 100.174425568000061, -1.040274794999959, 0.0 ], [ 100.174376075000055, -1.040280504999899, 0.0 ], [ 100.174317065000054, -1.040263372999902, 0.0 ], [ 100.174254247000093, -1.040259565999943, 0.0 ], [ 100.174197140000075, -1.040259565999943, 0.0 ], [ 100.174130515000073, -1.040263372999902, 0.0 ], [ 100.174056276000059, -1.040269083999931, 0.0 ], [ 100.174004880000069, -1.040267179999951, 0.0 ], [ 100.17395158, -1.040255758999894, 0.0 ], [ 100.173884955000091, -1.040248144999975, 0.0 ], [ 100.173822137000045, -1.04022910899991, 0.0 ], [ 100.173753608000069, -1.040208169999953, 0.0 ], [ 100.173686984000057, -1.040206265999885, 0.0 ], [ 100.173616552000098, -1.040198651999965, 0.0 ], [ 100.173544216000053, -1.040162483999904, 0.0 ], [ 100.173462362000038, -1.040141544999859, 0.0 ], [ 100.173407159000092, -1.040122508999971, 0.0 ], [ 100.173384316000067, -1.040111087999914, 0.0 ], [ 100.173308173000066, -1.040095858999898, 0.0 ], [ 100.173252970000121, -1.040073015999962, 0.0 ], [ 100.173203477000115, -1.040044462999909, 0.0 ], [ 100.173159695000038, -1.040021619999884, 0.0 ], [ 100.17310258800002, -1.040000680999928, 0.0 ], [ 100.173060709000112, -1.039981644999951, 0.0 ], [ 100.172984567000029, -1.039951187999918, 0.0 ], [ 100.172906520000055, -1.03989788799986, 0.0 ], [ 100.17285322, -1.039867430999916, 0.0 ], [ 100.172798017000048, -1.039838876999951, 0.0 ], [ 100.172761849000068, -1.039823648999935, 0.0 ], [ 100.172628599000063, -1.039745602999961, 0.0 ], [ 100.172520096000056, -1.03965994199989, 0.0 ], [ 100.172493446000075, -1.039612352999949, 0.0 ], [ 100.172459182000082, -1.039576184999888, 0.0 ], [ 100.17239366700008, -1.039529213999909, 0.0 ], [ 100.172332277000052, -1.039487811999948, 0.0 ], [ 100.172308007000098, -1.039463540999982, 0.0 ], [ 100.172296585000126, -1.039440697999957, 0.0 ], [ 100.172288019000035, -1.039426421999931, 0.0 ], [ 100.172260893000015, -1.039406433999876, 0.0 ], [ 100.172239478000023, -1.039386446999909, 0.0 ], [ 100.172209497000026, -1.039363603999973, 0.0 ], [ 100.172142396000069, -1.03928793699993, 0.0 ], [ 100.172118126000015, -1.039263666999876, 0.0 ], [ 100.172066729000022, -1.039219408999944, 0.0 ], [ 100.172065302000078, -1.039180860999952, 0.0 ], [ 100.172061019000083, -1.039166584999926, 0.0 ], [ 100.172039603000087, -1.039149451999929, 0.0 ], [ 100.171986779000065, -1.039108049999879, 0.0 ], [ 100.171949660000024, -1.039089489999942, 0.0 ], [ 100.171936811000108, -1.039070929999916, 0.0 ], [ 100.171922533999989, -1.039039520999893, 0.0 ], [ 100.171898263000031, -1.038996690999902, 0.0 ], [ 100.171883987000086, -1.038968137999937, 0.0 ], [ 100.171856861000066, -1.038946721999942, 0.0 ], [ 100.171809747000083, -1.038899608999952, 0.0 ], [ 100.171798326000015, -1.038886759999954, 0.0 ], [ 100.171772628000028, -1.038853923, 0.0 ], [ 100.171738364000035, -1.038825369999937, 0.0 ], [ 100.1717112380001, -1.038826797999878, 0.0 ], [ 100.171686967000042, -1.038825369999937, 0.0 ], [ 100.171659841000022, -1.038806809999912, 0.0 ], [ 100.171644137000058, -1.038779683999977, 0.0 ], [ 100.171644137000058, -1.038759696999922, 0.0 ], [ 100.171638426000115, -1.038732570999986, 0.0 ], [ 100.171632716, -1.038711156, 0.0 ], [ 100.171635571000053, -1.038686884999937, 0.0 ], [ 100.171649848000087, -1.038645482999886, 0.0 ], [ 100.171655558000026, -1.038631205999948, 0.0 ], [ 100.171652703000049, -1.038612645999923, 0.0 ], [ 100.171627005000062, -1.038569815999931, 0.0 ], [ 100.171589885000088, -1.038501286999946, 0.0 ], [ 100.171569898000129, -1.038468450999982, 0.0 ], [ 100.171560270000043, -1.038454846999922, 0.0 ], [ 100.171504225000021, -1.038375651999942, 0.0 ], [ 100.171492803000049, -1.038342814999979, 0.0 ], [ 100.171492803000049, -1.038314261999925, 0.0 ], [ 100.171481382000081, -1.038281424999962, 0.0 ], [ 100.17146425, -1.038248587999909, 0.0 ], [ 100.171449973000065, -1.038212896999887, 0.0 ], [ 100.171435696000032, -1.038182914999894, 0.0 ], [ 100.171428558000073, -1.038148651, 0.0 ], [ 100.171408570000011, -1.03810010999997, 0.0 ], [ 100.17137716100008, -1.038020159999927, 0.0 ], [ 100.171368595000075, -1.037984467999905, 0.0 ], [ 100.171347180000083, -1.037935926999975, 0.0 ], [ 100.171337186000059, -1.037885958999926, 0.0 ], [ 100.171317199, -1.037827423999879, 0.0 ], [ 100.171305778000033, -1.037790303999916, 0.0 ], [ 100.171288645000033, -1.037766033999951, 0.0 ], [ 100.17125438100004, -1.037744618999955, 0.0 ], [ 100.171244388000019, -1.037704643999934, 0.0 ], [ 100.171247243000082, -1.03767751799991, 0.0 ], [ 100.171255809000073, -1.037668951999912, 0.0 ], [ 100.171257237000106, -1.037657529999944, 0.0 ], [ 100.171238677000076, -1.037604705999925, 0.0 ], [ 100.171231538000114, -1.037576152999961, 0.0 ], [ 100.171215834000051, -1.037509051999915, 0.0 ], [ 100.171217262000084, -1.037493347999948, 0.0 ], [ 100.171198702000055, -1.037429101999962, 0.0 ], [ 100.171187280000083, -1.037396265999909, 0.0 ], [ 100.171169434000035, -1.037336302999922, 0.0 ], [ 100.171150161000043, -1.037252069999969, 0.0 ], [ 100.171142309000103, -1.037213522999888, 0.0 ], [ 100.171135, -1.037191352999919, 0.0 ], [ 100.171120893000108, -1.037148563999931, 0.0 ], [ 100.171117324000079, -1.037131431999935, 0.0 ], [ 100.17110947200004, -1.03710858899991, 0.0 ], [ 100.171104475000078, -1.037094311999972, 0.0 ], [ 100.17109733700002, -1.037071468999947, 0.0 ], [ 100.171071639000019, -1.037008650999901, 0.0 ], [ 100.17106592800009, -1.036970103999909, 0.0 ], [ 100.171070925000052, -1.036912996999892, 0.0 ], [ 100.171070925000052, -1.036891581999896, 0.0 ], [ 100.17106592800009, -1.036795927999886, 0.0 ], [ 100.171064500000057, -1.036780222999919, 0.0 ], [ 100.171066642000056, -1.036761662999893, 0.0 ], [ 100.171058790000117, -1.036747386999867, 0.0 ], [ 100.171040944000055, -1.036733823999899, 0.0 ], [ 100.171035947000092, -1.036716691999903, 0.0 ], [ 100.171038802000055, -1.036703841999906, 0.0 ], [ 100.171045227000064, -1.036694562999937, 0.0 ], [ 100.171048796, -1.036677429999941, 0.0 ], [ 100.171051651000056, -1.03663388599989, 0.0 ], [ 100.171055220000085, -1.036554649999907, 0.0 ], [ 100.171053079000089, -1.03653894599994, 0.0 ], [ 100.171050223000023, -1.036524668999913, 0.0 ], [ 100.171035947000092, -1.036500397999948, 0.0 ], [ 100.17102024200004, -1.036481838999922, 0.0 ], [ 100.171015245000063, -1.036466847999925, 0.0 ], [ 100.171013104000068, -1.036446860999959, 0.0 ], [ 100.17101595900003, -1.036381186999943, 0.0 ], [ 100.171013818000034, -1.036356202999919, 0.0 ], [ 100.171020956000092, -1.036340498999952, 0.0 ], [ 100.171035947000092, -1.036329076999895, 0.0 ], [ 100.17104951000006, -1.036322652999896, 0.0 ], [ 100.171057362000084, -1.036311230999928, 0.0 ], [ 100.171067356000023, -1.036296954999901, 0.0 ], [ 100.17106592800009, -1.036279108999935, 0.0 ], [ 100.171070925000052, -1.036260548999909, 0.0 ], [ 100.171075922000028, -1.036248413999882, 0.0 ], [ 100.171083060000086, -1.036237705999884, 0.0 ], [ 100.171085202000086, -1.036219859999918, 0.0 ], [ 100.171075922000028, -1.036201299999892, 0.0 ], [ 100.17106378600009, -1.036188450999894, 0.0 ], [ 100.171058076000051, -1.036174887999927, 0.0 ], [ 100.171045940000027, -1.036155614999931, 0.0 ], [ 100.17103451900006, -1.036142051999963, 0.0 ], [ 100.171021670000059, -1.036108500999941, 0.0 ], [ 100.171017387000063, -1.036079947999887, 0.0 ], [ 100.171017387000063, -1.036057104999951, 0.0 ], [ 100.171025953000068, -1.036039258999896, 0.0 ], [ 100.171039516000036, -1.036032120999927, 0.0 ], [ 100.171053793000056, -1.036026409999987, 0.0 ], [ 100.171063073000113, -1.036010704999931, 0.0 ], [ 100.171064500000057, -1.035992858999965, 0.0 ], [ 100.17106592800009, -1.03597072999991, 0.0 ], [ 100.17107524400005, -1.035941540999893, 0.0 ], [ 100.17107663600008, -1.035937179999976, 0.0 ], [ 100.171084488000105, -1.035916478999951, 0.0 ], [ 100.171092340000044, -1.035895776999926, 0.0 ], [ 100.17109876400005, -1.035870792999901, 0.0 ], [ 100.17111161400004, -1.035844380999936, 0.0 ], [ 100.171121607000075, -1.035806547999915, 0.0 ], [ 100.171135170000042, -1.035765858999923, 0.0 ], [ 100.171165865, -1.035708751999906, 0.0 ], [ 100.17117800100003, -1.035676628999912, 0.0 ], [ 100.171175145000063, -1.035648075999948, 0.0 ], [ 100.171183711000054, -1.035630942999951, 0.0 ], [ 100.171199416000022, -1.035615238999984, 0.0 ], [ 100.171223686000076, -1.035596678999958, 0.0 ], [ 100.171240818000072, -1.035565269999935, 0.0 ], [ 100.17128793200007, -1.035468187999896, 0.0 ], [ 100.171309347000062, -1.035462477999957, 0.0 ], [ 100.171329334000035, -1.035438206999903, 0.0 ], [ 100.171353605, -1.035408225999909, 0.0 ], [ 100.171390724000048, -1.035359684999889, 0.0 ], [ 100.171410712000096, -1.035316854999898, 0.0 ], [ 100.171434132000087, -1.035285404999961, 0.0 ], [ 100.171460681000056, -1.035249753999942, 0.0 ], [ 100.171477813000052, -1.035218344999919, 0.0 ], [ 100.171496372, -1.035188363999925, 0.0 ], [ 100.171536347000099, -1.035149815999933, 0.0 ], [ 100.171603448000056, -1.035124117999938, 0.0 ], [ 100.171636285000019, -1.035108413999971, 0.0 ], [ 100.171656272000078, -1.035072721999949, 0.0 ], [ 100.171689109000042, -1.035029891999958, 0.0 ], [ 100.17173193900004, -1.034991343999877, 0.0 ], [ 100.17179190100002, -1.034967073999912, 0.0 ], [ 100.171856147000099, -1.034957079999973, 0.0 ], [ 100.171886128, -1.034951368999945, 0.0 ], [ 100.171931814000047, -1.034945658999916, 0.0 ], [ 100.171983210000036, -1.034935664999978, 0.0 ], [ 100.172027468000067, -1.034915676999923, 0.0 ], [ 100.172056022000021, -1.034889978999928, 0.0 ], [ 100.172073154000017, -1.0348799859999, 0.0 ], [ 100.172115984000101, -1.03488141299993, 0.0 ], [ 100.172158814000099, -1.034892834999898, 0.0 ] ] ] ] } },
{ "type": "Feature", "properties": { "NAMOBJ": "LUBUKBEGALUNG", "REMARK": "Wilayah Administrasi Kecamatan", "WADMKK": "KOTA PADANG", "WADMPR": "SUMATERA BARAT", "Shape_Leng": 0.00367939743, "Shape_Area": 9.9531e-07 }, "geometry": { "type": "MultiPolygon", "coordinates": [ [ [ [ 100.362748454000027, -1.019730239999891, 0.0 ], [ 100.36267339000004, -1.019733356999883, 0.0 ], [ 100.362586827000072, -1.01972259299988, 0.0 ], [ 100.362523238000051, -1.019704892999926, 0.0 ], [ 100.362468833000079, -1.019669441999923, 0.0 ], [ 100.362421324000053, -1.019623198999916, 0.0 ], [ 100.362387600000019, -1.019574633999984, 0.0 ], [ 100.362361871000104, -1.019526835999937, 0.0 ], [ 100.362353272000021, -1.019510860999947, 0.0 ], [ 100.362352330000121, -1.019509110999891, 0.0 ], [ 100.362323949000086, -1.019410426999986, 0.0 ], [ 100.362286358000077, -1.019275505999925, 0.0 ], [ 100.362266371000018, -1.019118216999967, 0.0 ], [ 100.362245576000078, -1.018855296999973, 0.0 ], [ 100.362260066000033, -1.018695677999911, 0.0 ], [ 100.362285306000075, -1.018607770999921, 0.0 ], [ 100.36231898500003, -1.018546840999942, 0.0 ], [ 100.36236722400011, -1.01849361899998, 0.0 ], [ 100.362430793000044, -1.018463517999976, 0.0 ], [ 100.362525766, -1.018430320999894, 0.0 ], [ 100.362704995000072, -1.018394009999909, 0.0 ], [ 100.362807648000043, -1.018396272999919, 0.0 ], [ 100.362890385000057, -1.018409352999935, 0.0 ], [ 100.362965465000045, -1.018446331999886, 0.0 ], [ 100.363017572, -1.018486404999916, 0.0 ], [ 100.3630444, -1.018521088999943, 0.0 ], [ 100.363090389, -1.018588922999871, 0.0 ], [ 100.363117994000049, -1.018657532999953, 0.0 ], [ 100.363131048000071, -1.018737718999926, 0.0 ], [ 100.363134922000128, -1.018824843999941, 0.0 ], [ 100.363144192000092, -1.019009125999911, 0.0 ], [ 100.363142708000055, -1.019132496999905, 0.0 ], [ 100.363135099000047, -1.019246616999933, 0.0 ], [ 100.36311597200006, -1.01931910899998, 0.0 ], [ 100.363043268000084, -1.019461783999883, 0.0 ], [ 100.362982718000055, -1.019552333999915, 0.0 ], [ 100.362945279000058, -1.019608322999929, 0.0 ], [ 100.362923641000052, -1.019629818999931, 0.0 ], [ 100.362890147000115, -1.019663094999931, 0.0 ], [ 100.362828111000056, -1.019706299999953, 0.0 ], [ 100.362748454000027, -1.019730239999891, 0.0 ] ] ] ] } },
{ "type": "Feature", "properties": { "NAMOBJ": "PADANG SELATAN", "REMARK": "Wilayah Administrasi Kecamatan", "WADMKK": "KOTA PADANG", "WADMPR": "SUMATERA BARAT", "Shape_Leng": 0.018493148, "Shape_Area": 1.984966e-05 }, "geometry": { "type": "MultiPolygon", "coordinates": [ [ [ [ 100.338568154000058, -0.9906784289999, 0.0 ], [ 100.338652171, -0.990679561, 0.0 ], [ 100.338681893000057, -0.990674564999935, 0.0 ], [ 100.33871231500008, -0.990663870999938, 0.0 ], [ 100.338754047000066, -0.990626814999892, 0.0 ], [ 100.3387972, -0.990591178999964, 0.0 ], [ 100.338929512000021, -0.990567626999969, 0.0 ], [ 100.339019385000086, -0.990566875999907, 0.0 ], [ 100.339094391000074, -0.990571114999902, 0.0 ], [ 100.3392224830001, -0.990600982999975, 0.0 ], [ 100.339359781000013, -0.990660042999888, 0.0 ], [ 100.339426803000052, -0.990706570999919, 0.0 ], [ 100.339809950000046, -0.990972547999899, 0.0 ], [ 100.340207766, -0.991297183999936, 0.0 ], [ 100.34077480400002, -0.991881734999897, 0.0 ], [ 100.341118886000075, -0.992340300999913, 0.0 ], [ 100.341269974000056, -0.992751596999927, 0.0 ], [ 100.341320982000099, -0.992899023999957, 0.0 ], [ 100.341374221000066, -0.993322089999879, 0.0 ], [ 100.341389119000056, -0.993407557999934, 0.0 ], [ 100.341399855000049, -0.993715256999902, 0.0 ], [ 100.341389336000063, -0.9939481739999, 0.0 ], [ 100.341287560000083, -0.994247371999965, 0.0 ], [ 100.34116877000011, -0.994469650999971, 0.0 ], [ 100.341064818000035, -0.994629957999912, 0.0 ], [ 100.34091204, -0.994796697999941, 0.0 ], [ 100.340727420000107, -0.994971988999968, 0.0 ], [ 100.340540659000013, -0.995093863999926, 0.0 ], [ 100.34038360100007, -0.995166584999904, 0.0 ], [ 100.340315674000053, -0.99517516, 0.0 ], [ 100.340039718000043, -0.995224421999982, 0.0 ], [ 100.339714940000079, -0.995265147999888, 0.0 ], [ 100.339430481000079, -0.995282358999891, 0.0 ], [ 100.339216071000109, -0.995273898999901, 0.0 ], [ 100.339048361, -0.995269697999909, 0.0 ], [ 100.338891291000053, -0.995310364999899, 0.0 ], [ 100.33879154400006, -0.995383052999962, 0.0 ], [ 100.338681207, -0.995509173999917, 0.0 ], [ 100.338526300000055, -0.995654541999954, 0.0 ], [ 100.338367125000033, -0.995759309999919, 0.0 ], [ 100.338207941000093, -0.995840578999893, 0.0 ], [ 100.338057254000063, -0.995911153999959, 0.0 ], [ 100.337900196000035, -0.996005238999928, 0.0 ], [ 100.337772867000069, -0.996107858999892, 0.0 ], [ 100.337688613000026, -0.996163202999941, 0.0 ], [ 100.337547711000084, -0.996166931999895, 0.0 ], [ 100.337469723000126, -0.996164213999936, 0.0 ], [ 100.337401322000062, -0.996156436999915, 0.0 ], [ 100.337363916000072, -0.996139012999894, 0.0 ], [ 100.337333347000111, -0.996094498999941, 0.0 ], [ 100.337304591000049, -0.996024276999904, 0.0 ], [ 100.337274476000047, -0.995993076999987, 0.0 ], [ 100.337225678, -0.995974273999941, 0.0 ], [ 100.337166397000075, -0.995968789999932, 0.0 ], [ 100.33711576900005, -0.995961465999859, 0.0 ], [ 100.337028656000044, -0.995924326999894, 0.0 ], [ 100.336938345000121, -0.995865609999921, 0.0 ], [ 100.336894094000101, -0.995829818999891, 0.0 ], [ 100.33686717000009, -0.995776582999927, 0.0 ], [ 100.336860301000058, -0.995721964999937, 0.0 ], [ 100.336863921000088, -0.995652652999976, 0.0 ], [ 100.336873465000082, -0.995565428999953, 0.0 ], [ 100.336886662000012, -0.995492440999953, 0.0 ], [ 100.33700622800005, -0.995388766999902, 0.0 ], [ 100.337153373000064, -0.995289936999896, 0.0 ], [ 100.33726183800006, -0.995199670999977, 0.0 ], [ 100.337314624000072, -0.995078086999953, 0.0 ], [ 100.337325907000036, -0.994980262999942, 0.0 ], [ 100.337306037000076, -0.994839714999948, 0.0 ], [ 100.337270098000033, -0.994625096999865, 0.0 ], [ 100.33722001600006, -0.994434225999971, 0.0 ], [ 100.33714724, -0.994118954999909, 0.0 ], [ 100.337110361000057, -0.993912882999911, 0.0 ], [ 100.337092384000073, -0.993786578999941, 0.0 ], [ 100.337028118, -0.993515939999931, 0.0 ], [ 100.337012997000073, -0.993454214999886, 0.0 ], [ 100.3369714170001, -0.993288033999903, 0.0 ], [ 100.336949667000084, -0.993164581, 0.0 ], [ 100.336939646000047, -0.992760490999952, 0.0 ], [ 100.336930582, -0.992629904999895, 0.0 ], [ 100.336931460000088, -0.992467504999958, 0.0 ], [ 100.336932337000064, -0.992300356999984, 0.0 ], [ 100.336930395000081, -0.992165498999928, 0.0 ], [ 100.33691053400004, -0.992043945, 0.0 ], [ 100.33686143900006, -0.991961341999911, 0.0 ], [ 100.336790646000068, -0.991883493999953, 0.0 ], [ 100.33676891600004, -0.991808476999964, 0.0 ], [ 100.33677453500006, -0.991706855999904, 0.0 ], [ 100.336818453000063, -0.991451448999911, 0.0 ], [ 100.336859667000098, -0.991378169999976, 0.0 ], [ 100.33689279, -0.991290239999895, 0.0 ], [ 100.336918626000084, -0.991184404999931, 0.0 ], [ 100.337004149000052, -0.990686181999919, 0.0 ], [ 100.337021106000037, -0.990621866999927, 0.0 ], [ 100.337050190000042, -0.99055021999995, 0.0 ], [ 100.33708331800004, -0.990475314999969, 0.0 ], [ 100.337251592000101, -0.990163734999946, 0.0 ], [ 100.337286957000103, -0.990111721999906, 0.0 ], [ 100.337315245000042, -0.990071822999891, 0.0 ], [ 100.337347782000066, -0.990050436999987, 0.0 ], [ 100.337390945, -0.99003902299993, 0.0 ], [ 100.337462414000044, -0.990033295999989, 0.0 ], [ 100.337517600000083, -0.990024725999902, 0.0 ], [ 100.337569253000098, -0.990011173999935, 0.0 ], [ 100.337780077000048, -0.989909234999939, 0.0 ], [ 100.33785648900006, -0.989880711999888, 0.0 ], [ 100.337947766000056, -0.989860731999922, 0.0 ], [ 100.338044710000091, -0.98985712799989, 0.0 ], [ 100.338131749000098, -0.989868489999942, 0.0 ], [ 100.338216676000016, -0.989899795999957, 0.0 ], [ 100.33829170700001, -0.989948199999965, 0.0 ], [ 100.338354708000068, -0.990021536999905, 0.0 ], [ 100.338382343000049, -0.990101300999932, 0.0 ], [ 100.338402905000066, -0.990218820999885, 0.0 ], [ 100.338410747000083, -0.990345606999895, 0.0 ], [ 100.338419973000057, -0.99043036299998, 0.0 ], [ 100.338448316, -0.990527220999912, 0.0 ], [ 100.338479477000092, -0.990592022999945, 0.0 ], [ 100.338568154000058, -0.9906784289999, 0.0 ] ] ] ] } },
{ "type": "Feature", "properties": { "NAMOBJ": "PADANG SELATAN", "REMARK": "Wilayah Administrasi Kecamatan", "WADMKK": "KOTA PADANG", "WADMPR": "SUMATERA BARAT", "Shape_Leng": 0.00765400406, "Shape_Area": 2.33321e-06 }, "geometry": { "type": "MultiPolygon", "coordinates": [ [ [ [ 100.353509109000115, -0.991582545999922, 0.0 ], [ 100.353304262000037, -0.991661779999905, 0.0 ], [ 100.353141482000069, -0.99171145799993, 0.0 ], [ 100.352979801000103, -0.991723780999973, 0.0 ], [ 100.352856307000096, -0.9917132399999, 0.0 ], [ 100.352608211000089, -0.991657046999869, 0.0 ], [ 100.352465339000076, -0.991629799999924, 0.0 ], [ 100.352395566000084, -0.99162926799988, 0.0 ], [ 100.352312515000051, -0.991637107999907, 0.0 ], [ 100.352253819000069, -0.991652733999956, 0.0 ], [ 100.352182955000075, -0.991687322999887, 0.0 ], [ 100.352137562000053, -0.991714656999928, 0.0 ], [ 100.352077223000023, -0.991756486999925, 0.0 ], [ 100.352016314000053, -0.991765980999912, 0.0 ], [ 100.351967034000054, -0.991760990999943, 0.0 ], [ 100.351931026000017, -0.99173090499994, 0.0 ], [ 100.351933773000056, -0.991680180999918, 0.0 ], [ 100.351949811000054, -0.991632236999948, 0.0 ], [ 100.351974714000079, -0.991597115999973, 0.0 ], [ 100.352005717000068, -0.991583725999931, 0.0 ], [ 100.352043924000029, -0.991582596999926, 0.0 ], [ 100.35210095900004, -0.991569195999883, 0.0 ], [ 100.352155764000045, -0.9915318279999, 0.0 ], [ 100.352214990000064, -0.991471049999934, 0.0 ], [ 100.352258145000079, -0.99139801399993, 0.0 ], [ 100.35229355000007, -0.991313276999936, 0.0 ], [ 100.352321731000103, -0.991163882999921, 0.0 ], [ 100.352364816000019, -0.990896881999944, 0.0 ], [ 100.352398530000059, -0.990741352999954, 0.0 ], [ 100.352423977000029, -0.990676129999887, 0.0 ], [ 100.352469351000053, -0.990600306999919, 0.0 ], [ 100.352524145000061, -0.990533397999979, 0.0 ], [ 100.352580608000025, -0.990484885999873, 0.0 ], [ 100.352650362000105, -0.990459215999969, 0.0 ], [ 100.352729550000092, -0.990455284999911, 0.0 ], [ 100.352822577000055, -0.990455245999907, 0.0 ], [ 100.353140971000116, -0.990453441999936, 0.0 ], [ 100.353350274000022, -0.990437745999881, 0.0 ], [ 100.353458803000123, -0.990419312999954, 0.0 ], [ 100.353553483000056, -0.990395865999968, 0.0 ], [ 100.353631551000021, -0.990375763, 0.0 ], [ 100.353694663000098, -0.990347870999905, 0.0 ], [ 100.353766075000053, -0.990292098999909, 0.0 ], [ 100.353833599000041, -0.990218500999948, 0.0 ], [ 100.353902773000087, -0.990117027999901, 0.0 ], [ 100.354235410000072, -0.989721146999919, 0.0 ], [ 100.354275267000091, -0.989689915999911, 0.0 ], [ 100.354317340000108, -0.989674296999951, 0.0 ], [ 100.354373264000017, -0.989669253999978, 0.0 ], [ 100.354419227, -0.989673694, 0.0 ], [ 100.354469080000044, -0.989696529999925, 0.0 ], [ 100.354501755000086, -0.989728280999888, 0.0 ], [ 100.354516168000032, -0.989752243999916, 0.0 ], [ 100.354527262000062, -0.989810207999916, 0.0 ], [ 100.354528955000021, -0.989884897999968, 0.0 ], [ 100.354528429000069, -0.989961813999937, 0.0 ], [ 100.354513458000071, -0.990025032999927, 0.0 ], [ 100.354510740000123, -0.9900365129999, 0.0 ], [ 100.354489731000072, -0.990101182999922, 0.0 ], [ 100.354445464000051, -0.990180903999946, 0.0 ], [ 100.354371860000086, -0.990284604999911, 0.0 ], [ 100.354101756000034, -0.990575666999923, 0.0 ], [ 100.354014314000082, -0.990699443999951, 0.0 ], [ 100.353983880000044, -0.990766903999937, 0.0 ], [ 100.353968418000093, -0.990860549999958, 0.0 ], [ 100.353967892000057, -0.990936905999881, 0.0 ], [ 100.353968006000059, -0.990951115999902, 0.0 ], [ 100.353968479000017, -0.991009923999972, 0.0 ], [ 100.353963526000044, -0.991093535999873, 0.0 ], [ 100.353948596000052, -0.991147610999906, 0.0 ], [ 100.353917067000026, -0.991216734999941, 0.0 ], [ 100.353864487000024, -0.991290886999948, 0.0 ], [ 100.353697878, -0.991449807999953, 0.0 ], [ 100.353509109000115, -0.991582545999922, 0.0 ] ] ] ] } },
{ "type": "Feature", "properties": { "NAMOBJ": "BUNGUSTELUKKABUNG", "REMARK": "Wilayah Administrasi Kecamatan", "WADMKK": "KOTA PADANG", "WADMPR": "SUMATERA BARAT", "Shape_Leng": 0.75460407985, "Shape_Area": 0.00804582542 }, "geometry": { "type": "MultiPolygon", "coordinates": [ [ [ [ 100.397142615000092, -1.04245627999989, 0.0 ], [ 100.397098586000098, -1.04245629999998, 0.0 ], [ 100.396975922000067, -1.042431028999932, 0.0 ], [ 100.396903564000027, -1.042374080999927, 0.0 ], [ 100.396897254000038, -1.042329765, 0.0 ], [ 100.396919240000088, -1.042263278999908, 0.0 ], [ 100.396985241000039, -1.042168279999952, 0.0 ], [ 100.397085842000109, -1.042082764999982, 0.0 ], [ 100.397189599000072, -1.042025737999882, 0.0 ], [ 100.397280792000075, -1.042000370999915, 0.0 ], [ 100.39739085600003, -1.041981329999938, 0.0 ], [ 100.397466337000054, -1.041987625999926, 0.0 ], [ 100.397541827000083, -1.042012917999887, 0.0 ], [ 100.397579589000017, -1.042066716999898, 0.0 ], [ 100.39757961, -1.042114200999919, 0.0 ], [ 100.397567065000047, -1.042193344999895, 0.0 ], [ 100.397529354000113, -1.042256673999894, 0.0 ], [ 100.397325002000088, -1.042411880999946, 0.0 ], [ 100.397218088000031, -1.042443584999905, 0.0 ], [ 100.397142615000092, -1.04245627999989, 0.0 ] ] ], [ [ [ 100.430909567000043, -0.985536065999945, 0.0 ], [ 100.431000707000038, -0.98555246199988, 0.0 ], [ 100.431083238000028, -0.985548965999946, 0.0 ], [ 100.431187257000019, -0.985529889999967, 0.0 ], [ 100.431412380000083, -0.985432824999929, 0.0 ], [ 100.431467909000048, -0.985414282999905, 0.0 ], [ 100.431530077000048, -0.985412237999913, 0.0 ], [ 100.431576209000042, -0.985422307999947, 0.0 ], [ 100.431650422000061, -0.985450523999884, 0.0 ], [ 100.43185365300009, -0.985515763999953, 0.0 ], [ 100.431952083000056, -0.985536066999945, 0.0 ], [ 100.432046456000052, -0.985534669999918, 0.0 ], [ 100.432123300000015, -0.985521071999859, 0.0 ], [ 100.432231126000048, -0.985474865999944, 0.0 ], [ 100.432318324000079, -0.985453191999927, 0.0 ], [ 100.432382827000083, -0.985441143999907, 0.0 ], [ 100.432567989000034, -0.985431447999904, 0.0 ], [ 100.432675499000055, -0.985424767999973, 0.0 ], [ 100.432782046000071, -0.985411321999926, 0.0 ], [ 100.432862691000082, -0.985385229999899, 0.0 ], [ 100.433025330000035, -0.985313756999936, 0.0 ], [ 100.43317618800009, -0.985242777999925, 0.0 ], [ 100.433257226000038, -0.985212784999931, 0.0 ], [ 100.433342405000076, -0.985194440999923, 0.0 ], [ 100.433406913000084, -0.985189420999951, 0.0 ], [ 100.433853048000046, -0.985141725999913, 0.0 ], [ 100.434396638000081, -0.984987405999934, 0.0 ], [ 100.43472584900006, -0.98487940699988, 0.0 ], [ 100.435033267000094, -0.984758811999939, 0.0 ], [ 100.43539366300007, -0.984601178999952, 0.0 ], [ 100.43556437900007, -0.984534295999925, 0.0 ], [ 100.435810971000038, -0.984443521999875, 0.0 ], [ 100.435957986000034, -0.984405280999908, 0.0 ], [ 100.436171393000023, -0.984347922999959, 0.0 ], [ 100.436789840000031, -0.984228535999939, 0.0 ], [ 100.437100692000087, -0.98417296999996, 0.0 ], [ 100.437452937, -0.984153862999978, 0.0 ], [ 100.437767719000121, -0.984147966999934, 0.0 ], [ 100.43854595300003, -0.984239382999949, 0.0 ], [ 100.43926982300006, -0.984315066999905, 0.0 ], [ 100.440130370000119, -0.984470265999956, 0.0 ], [ 100.441309240000052, -0.984684235999897, 0.0 ], [ 100.44280774800005, -0.985001989999898, 0.0 ], [ 100.443638743000051, -0.985239196999895, 0.0 ], [ 100.444276321000046, -0.985436652999979, 0.0 ], [ 100.444875648000078, -0.985666248999969, 0.0 ], [ 100.445488464000064, -0.98591493999994, 0.0 ], [ 100.446364190000054, -0.986400820999908, 0.0 ], [ 100.447239918000037, -0.986886704999964, 0.0 ], [ 100.448181345000037, -0.987323616999966, 0.0 ], [ 100.449122773000042, -0.987760529999878, 0.0 ], [ 100.45051101100006, -0.988299753, 0.0 ], [ 100.451875851000096, -0.988674689999932, 0.0 ], [ 100.45307990600007, -0.988845174999916, 0.0 ], [ 100.45462869400005, -0.989075976999917, 0.0 ], [ 100.45542608200013, -0.989139747999953, 0.0 ], [ 100.456217503000062, -0.989203041999861, 0.0 ], [ 100.456682644000082, -0.989225663999957, 0.0 ], [ 100.456869832000038, -0.98922558199995, 0.0 ], [ 100.45716479, -0.989219743999911, 0.0 ], [ 100.457368984000126, -0.989196825999969, 0.0 ], [ 100.457847230000084, -0.989089894999914, 0.0 ], [ 100.458082308000073, -0.989019387999942, 0.0 ], [ 100.458216625, -0.988951741999941, 0.0 ], [ 100.458333364000069, -0.988890680999862, 0.0 ], [ 100.459264912000052, -0.988751895999926, 0.0 ], [ 100.460196427000113, -0.988613126999901, 0.0 ], [ 100.461308361000107, -0.988463815999982, 0.0 ], [ 100.462420297000094, -0.988314503999973, 0.0 ], [ 100.46353223300008, -0.988165191999876, 0.0 ], [ 100.46464416600007, -0.988015878999867, 0.0 ], [ 100.466001663000029, -0.987672117999935, 0.0 ], [ 100.467289475000086, -0.987373732999938, 0.0 ], [ 100.46781681500002, -0.987221077999919, 0.0 ], [ 100.468277988000082, -0.987184618999922, 0.0 ], [ 100.469107311000045, -0.987216729999915, 0.0 ], [ 100.469637768000055, -0.987187248999874, 0.0 ], [ 100.470480638000069, -0.987040647999912, 0.0 ], [ 100.47100882000008, -0.987014561999974, 0.0 ], [ 100.472715922000106, -0.987045213999934, 0.0 ], [ 100.473806095000072, -0.987033534999945, 0.0 ], [ 100.474818389000063, -0.986999505999972, 0.0 ], [ 100.475515605000027, -0.986869028999923, 0.0 ], [ 100.475750777000115, -0.98681664199994, 0.0 ], [ 100.476169208000016, -0.986810952999914, 0.0 ], [ 100.476388290000017, -0.986811166999932, 0.0 ], [ 100.476868405000047, -0.986679081999927, 0.0 ], [ 100.477098693000087, -0.986617555999899, 0.0 ], [ 100.477304031000031, -0.986611880999874, 0.0 ], [ 100.47746775300007, -0.986622974999904, 0.0 ], [ 100.477614825000074, -0.986628493999916, 0.0 ], [ 100.477824321000085, -0.986602370999886, 0.0 ], [ 100.478305784000042, -0.98655281299996, 0.0 ], [ 100.478573277000066, -0.98655269399995, 0.0 ], [ 100.478733804000029, -0.986624391999932, 0.0 ], [ 100.479005825000058, -0.986781264999944, 0.0 ], [ 100.479375920000038, -0.986924637999905, 0.0 ], [ 100.479767200000083, -0.986944406999942, 0.0 ], [ 100.480033533000011, -0.98688354099988, 0.0 ], [ 100.480193346000078, -0.986876322999905, 0.0 ], [ 100.480381596000115, -0.986926264999951, 0.0 ], [ 100.480523691000059, -0.987004812999878, 0.0 ], [ 100.480890011000085, -0.987151327999921, 0.0 ], [ 100.481383512000065, -0.987267165999913, 0.0 ], [ 100.481966713000091, -0.987337828999898, 0.0 ], [ 100.482517873000035, -0.987414955999885, 0.0 ], [ 100.483401989000086, -0.987649210999905, 0.0 ], [ 100.484593246000074, -0.988197909999919, 0.0 ], [ 100.485267487000073, -0.988785216999929, 0.0 ], [ 100.485829067000097, -0.989556402999877, 0.0 ], [ 100.486390650000018, -0.990327585999914, 0.0 ], [ 100.486952232000121, -0.991098769999951, 0.0 ], [ 100.488006566000053, -0.992478712, 0.0 ], [ 100.489074401000025, -0.99384857999992, 0.0 ], [ 100.489867146000066, -0.995442004999955, 0.0 ], [ 100.490375817000057, -0.996719806999987, 0.0 ], [ 100.490585427000084, -0.997599299999926, 0.0 ], [ 100.490795040000108, -0.998478792999954, 0.0 ], [ 100.491089811586534, -1.000000000865583, 0.0 ], [ 100.491113545000076, -1.000524446999925, 0.0 ], [ 100.490934623000015, -1.000727115999908, 0.0 ], [ 100.490472220000044, -1.000847381999911, 0.0 ], [ 100.48999437300003, -1.001220913999909, 0.0 ], [ 100.489651903000023, -1.001584755999904, 0.0 ], [ 100.488427552000061, -1.00141248299995, 0.0 ], [ 100.486961467000086, -1.001547056999893, 0.0 ], [ 100.485300675000076, -1.001838257999918, 0.0 ], [ 100.484153058000061, -1.002013687999955, 0.0 ], [ 100.482155042000031, -1.002528710999936, 0.0 ], [ 100.481202966000041, -1.002720687999922, 0.0 ], [ 100.479817231000055, -1.003074599999895, 0.0 ], [ 100.478482392, -1.003801059999962, 0.0 ], [ 100.477616648000051, -1.004491013999939, 0.0 ], [ 100.476823254000038, -1.005580154999905, 0.0 ], [ 100.476102097000052, -1.006814432999889, 0.0 ], [ 100.475236548000026, -1.007939899999929, 0.0 ], [ 100.47429351500007, -1.008978837999916, 0.0 ], [ 100.473424783000041, -1.009918123999917, 0.0 ], [ 100.472813624000111, -1.010954419999951, 0.0 ], [ 100.472106139000104, -1.012541144999876, 0.0 ], [ 100.470972662000108, -1.014329935999911, 0.0 ], [ 100.469785277000099, -1.015442783999973, 0.0 ], [ 100.468556894000059, -1.016473257999969, 0.0 ], [ 100.467082982000065, -1.018039401999879, 0.0 ], [ 100.465951357000037, -1.019275521999926, 0.0 ], [ 100.46549540500007, -1.020160886999907, 0.0 ], [ 100.465428325000019, -1.020927374999911, 0.0 ], [ 100.465492602000012, -1.021698943999979, 0.0 ], [ 100.465812549000105, -1.022406094999958, 0.0 ], [ 100.466196508000081, -1.023273962999912, 0.0 ], [ 100.466293160000077, -1.024945710999944, 0.0 ], [ 100.465750376000116, -1.026264100999871, 0.0 ], [ 100.465400664000043, -1.02688155999989, 0.0 ], [ 100.464920477000106, -1.027580456999896, 0.0 ], [ 100.463699762, -1.028288069999913, 0.0 ], [ 100.462590031000019, -1.028958419999956, 0.0 ], [ 100.460555339000067, -1.029778049999916, 0.0 ], [ 100.459815619000054, -1.030448228999944, 0.0 ], [ 100.459482828000048, -1.030932154999928, 0.0 ], [ 100.459298398000072, -1.032197491, 0.0 ], [ 100.459335926000065, -1.033351083999964, 0.0 ], [ 100.459336146000084, -1.033834856999935, 0.0 ], [ 100.459026376000025, -1.034566336999884, 0.0 ], [ 100.458485728000056, -1.035174926999968, 0.0 ], [ 100.457782906, -1.035621811999906, 0.0 ], [ 100.456969217000079, -1.036366454999968, 0.0 ], [ 100.456192665000046, -1.037408785999968, 0.0 ], [ 100.454594321000044, -1.039338252999919, 0.0 ], [ 100.452764297000073, -1.041521563999911, 0.0 ], [ 100.451309569000045, -1.042986119999942, 0.0 ], [ 100.449534744000019, -1.044527276999915, 0.0 ], [ 100.448176388000064, -1.045662602999883, 0.0 ], [ 100.446779744000068, -1.047184780999885, 0.0 ], [ 100.446177734000074, -1.048293969999911, 0.0 ], [ 100.44561499200006, -1.050052110999896, 0.0 ], [ 100.4451818510001, -1.051704485999924, 0.0 ], [ 100.444754448000083, -1.052554927999946, 0.0 ], [ 100.444405789000101, -1.053048969999967, 0.0 ], [ 100.443850394000066, -1.053549612999912, 0.0 ], [ 100.443221649000094, -1.053784596999904, 0.0 ], [ 100.442541271000024, -1.053917014999936, 0.0 ], [ 100.44201646300003, -1.054025071999906, 0.0 ], [ 100.441540728000106, -1.054161834999942, 0.0 ], [ 100.441180823000082, -1.054599804999942, 0.0 ], [ 100.440874262000122, -1.054842308999934, 0.0 ], [ 100.440582369000126, -1.055021556999932, 0.0 ], [ 100.440372704000097, -1.055125328999903, 0.0 ], [ 100.440120275000083, -1.055249469999961, 0.0 ], [ 100.439951797000091, -1.055344737999938, 0.0 ], [ 100.439591207, -1.055532162999903, 0.0 ], [ 100.439342343000106, -1.05557758099993, 0.0 ], [ 100.43906666600013, -1.055586425999952, 0.0 ], [ 100.438861996000071, -1.055605465999928, 0.0 ], [ 100.438694221000034, -1.055639078999956, 0.0 ], [ 100.438277857000045, -1.055716932999914, 0.0 ], [ 100.437957734000037, -1.055765539999939, 0.0 ], [ 100.437733542000046, -1.055828983999948, 0.0 ], [ 100.437471418000115, -1.05596867999996, 0.0 ], [ 100.437231803, -1.056125190999943, 0.0 ], [ 100.436897372000047, -1.056337038999974, 0.0 ], [ 100.436642471000098, -1.056475640999896, 0.0 ], [ 100.436512155000059, -1.056521963999909, 0.0 ], [ 100.436389972000072, -1.056562701999905, 0.0 ], [ 100.436343985000093, -1.056613968999972, 0.0 ], [ 100.436304582000034, -1.056677728999919, 0.0 ], [ 100.436282644000073, -1.056741688999971, 0.0 ], [ 100.436270617000062, -1.056806346999903, 0.0 ], [ 100.436266003000028, -1.056880831999937, 0.0 ], [ 100.436275043000066, -1.056979713999947, 0.0 ], [ 100.436330930000082, -1.057082274999907, 0.0 ], [ 100.436426931000113, -1.057252676999884, 0.0 ], [ 100.43647033600007, -1.057425855999913, 0.0 ], [ 100.436488560000058, -1.057574328999941, 0.0 ], [ 100.436517096000031, -1.057725760999947, 0.0 ], [ 100.43659259500005, -1.057883641999954, 0.0 ], [ 100.436696747000056, -1.058035674999921, 0.0 ], [ 100.436753258000024, -1.058159524999954, 0.0 ], [ 100.436814288, -1.058256596, 0.0 ], [ 100.436891630000019, -1.058420748999897, 0.0 ], [ 100.436933893000045, -1.058632943999957, 0.0 ], [ 100.436943633000055, -1.058748723999944, 0.0 ], [ 100.436941471000054, -1.059058652999919, 0.0 ], [ 100.436914452000039, -1.059242179999917, 0.0 ], [ 100.436839342000042, -1.059422299999898, 0.0 ], [ 100.436687905000042, -1.059586128999953, 0.0 ], [ 100.436527531000095, -1.059713625999933, 0.0 ], [ 100.436358193000018, -1.059770138999902, 0.0 ], [ 100.436173036000071, -1.059869227999929, 0.0 ], [ 100.43604766, -1.059959741999869, 0.0 ], [ 100.435950290000022, -1.060090208999917, 0.0 ], [ 100.435868676000027, -1.060222218999915, 0.0 ], [ 100.435786052000111, -1.060368172999912, 0.0 ], [ 100.435767927000128, -1.060450012999933, 0.0 ], [ 100.43576888100003, -1.060522273999872, 0.0 ], [ 100.435782367000073, -1.060638753999918, 0.0 ], [ 100.43581846500004, -1.060804162999926, 0.0 ], [ 100.435828229000052, -1.060929944999941, 0.0 ], [ 100.435827054000043, -1.061034569999894, 0.0 ], [ 100.435816287000037, -1.061119171999966, 0.0 ], [ 100.435800333000046, -1.061227646999971, 0.0 ], [ 100.435798375000061, -1.061325515999897, 0.0 ], [ 100.435809420000098, -1.061443194999864, 0.0 ], [ 100.435848856000064, -1.061581377999929, 0.0 ], [ 100.435904741000073, -1.061706353999966, 0.0 ], [ 100.435935300000025, -1.061848295999898, 0.0 ], [ 100.435939184000077, -1.061982945999937, 0.0 ], [ 100.435910696000036, -1.062161506999878, 0.0 ], [ 100.435860380000051, -1.062381065999926, 0.0 ], [ 100.435847805000066, -1.062545650999954, 0.0 ], [ 100.435877745000056, -1.062644047999925, 0.0 ], [ 100.435977164000022, -1.062746828999902, 0.0 ], [ 100.436106698000088, -1.062845824999922, 0.0 ], [ 100.43625453100006, -1.062932133999869, 0.0 ], [ 100.436419903000072, -1.063139026999934, 0.0 ], [ 100.436463458000034, -1.063341483999988, 0.0 ], [ 100.436501733000085, -1.063517380999887, 0.0 ], [ 100.436513868000119, -1.063705345999896, 0.0 ], [ 100.436497689000106, -1.063872752999892, 0.0 ], [ 100.43644659000006, -1.064018702999888, 0.0 ], [ 100.436254417000058, -1.064491826999866, 0.0 ], [ 100.436188210000083, -1.064723589999947, 0.0 ], [ 100.436153095000108, -1.064874457999906, 0.0 ], [ 100.436091485000077, -1.065062108999889, 0.0 ], [ 100.436016851000019, -1.065295766999949, 0.0 ], [ 100.435856199000057, -1.065663379999901, 0.0 ], [ 100.435776497000035, -1.065806004999889, 0.0 ], [ 100.435632927000057, -1.065998874999948, 0.0 ], [ 100.43534909100002, -1.066263853999935, 0.0 ], [ 100.435202434000047, -1.066426504999892, 0.0 ], [ 100.435094698000015, -1.066583167999976, 0.0 ], [ 100.434971522000041, -1.066799753999867, 0.0 ], [ 100.434835231000051, -1.067068071999863, 0.0 ], [ 100.43473157600009, -1.067324153999913, 0.0 ], [ 100.434592804000062, -1.067692348999913, 0.0 ], [ 100.434495708000014, -1.067856765999927, 0.0 ], [ 100.434435993000051, -1.067953853999878, 0.0 ], [ 100.434325107000021, -1.068095916999908, 0.0 ], [ 100.434127384000092, -1.068292392999911, 0.0 ], [ 100.433938807000033, -1.068422684999945, 0.0 ], [ 100.433664259000054, -1.068594391999941, 0.0 ], [ 100.433511199000094, -1.068711459999946, 0.0 ], [ 100.433408080000092, -1.068923976999944, 0.0 ], [ 100.433356324000073, -1.069124675999941, 0.0 ], [ 100.433312788000109, -1.069393477999888, 0.0 ], [ 100.43329800500004, -1.069636161999895, 0.0 ], [ 100.433297429000078, -1.069898677999944, 0.0 ], [ 100.433313221000063, -1.070043231999914, 0.0 ], [ 100.433316050000116, -1.070129206999923, 0.0 ], [ 100.433310280000086, -1.070243453999961, 0.0 ], [ 100.433300203000044, -1.070330013999929, 0.0 ], [ 100.433268581, -1.070423984999888, 0.0 ], [ 100.433211134000047, -1.070544660999925, 0.0 ], [ 100.433172033000105, -1.070617708999929, 0.0 ], [ 100.433109949000112, -1.070714767999966, 0.0 ], [ 100.433047878000039, -1.070826278999956, 0.0 ], [ 100.433005867000119, -1.070965452999925, 0.0 ], [ 100.432995643000069, -1.071122275999933, 0.0 ], [ 100.433021250000053, -1.071284012, 0.0 ], [ 100.43310218, -1.07145965199987, 0.0 ], [ 100.433279185000089, -1.071770709999939, 0.0 ], [ 100.433294513000106, -1.071845406999902, 0.0 ], [ 100.433217623000047, -1.071949022999949, 0.0 ], [ 100.433167511000079, -1.072005050999966, 0.0 ], [ 100.432971963000071, -1.072061242999908, 0.0 ], [ 100.432634487000115, -1.072343481999901, 0.0 ], [ 100.432515840000079, -1.072437620999963, 0.0 ], [ 100.432393620000084, -1.072523496999963, 0.0 ], [ 100.432230801000031, -1.07266753799998, 0.0 ], [ 100.432137192000098, -1.072864986999885, 0.0 ], [ 100.432103851000093, -1.0730648279999, 0.0 ], [ 100.432128196000065, -1.073264165999962, 0.0 ], [ 100.432190216000038, -1.07344018299996, 0.0 ], [ 100.43227166100003, -1.073622828999884, 0.0 ], [ 100.432319392000068, -1.073753661999962, 0.0 ], [ 100.432357848000052, -1.073877869999937, 0.0 ], [ 100.432389486, -1.074078073999893, 0.0 ], [ 100.432389555000015, -1.074224174999902, 0.0 ], [ 100.432377851000027, -1.074411122999916, 0.0 ], [ 100.432353591000066, -1.074621055999966, 0.0 ], [ 100.432378760000105, -1.075252892999931, 0.0 ], [ 100.432427369000038, -1.075529168999875, 0.0 ], [ 100.432581590000012, -1.076346888999943, 0.0 ], [ 100.432669848000032, -1.077098333999945, 0.0 ], [ 100.432670250000058, -1.077960333999947, 0.0 ], [ 100.43229733500003, -1.079441380999921, 0.0 ], [ 100.43212205800009, -1.0805907959999, 0.0 ], [ 100.431902754000063, -1.081585514999958, 0.0 ], [ 100.431791187000073, -1.081907286999936, 0.0 ], [ 100.431621905, -1.082170008999913, 0.0 ], [ 100.431420406000115, -1.08227648299993, 0.0 ], [ 100.431038728000075, -1.082490877999906, 0.0 ], [ 100.430843277000065, -1.082591349999959, 0.0 ], [ 100.43061618900002, -1.082693521999886, 0.0 ], [ 100.430438835000089, -1.082731958999958, 0.0 ], [ 100.430296234000096, -1.082783125999928, 0.0 ], [ 100.430121629000041, -1.082864522999913, 0.0 ], [ 100.430065099000075, -1.082912654999987, 0.0 ], [ 100.430042036000032, -1.083062970999901, 0.0 ], [ 100.430019952000066, -1.083216434999898, 0.0 ], [ 100.429978402000089, -1.083431662999942, 0.0 ], [ 100.429861846000037, -1.083651014999884, 0.0 ], [ 100.42979384600001, -1.0837413859999, 0.0 ], [ 100.429640280000086, -1.083901883999946, 0.0 ], [ 100.429466789000031, -1.083980073999932, 0.0 ], [ 100.429211469000052, -1.084101544999946, 0.0 ], [ 100.428823345000083, -1.08425854199988, 0.0 ], [ 100.4284842040001, -1.084455796999947, 0.0 ], [ 100.428192039000081, -1.084688316999912, 0.0 ], [ 100.428078166000077, -1.084841696999902, 0.0 ], [ 100.427975926000045, -1.084995597999935, 0.0 ], [ 100.427892927000116, -1.085165350999947, 0.0 ], [ 100.427818765000012, -1.085362543999921, 0.0 ], [ 100.427726059000065, -1.085567076999968, 0.0 ], [ 100.427673308000053, -1.085797255999918, 0.0 ], [ 100.427642099000053, -1.085971809999883, 0.0 ], [ 100.427595848000038, -1.086137962999953, 0.0 ], [ 100.427494857000042, -1.086288005999933, 0.0 ], [ 100.427314050000092, -1.086350400999944, 0.0 ], [ 100.427042185000062, -1.086380505999948, 0.0 ], [ 100.426770927000092, -1.086465129999933, 0.0 ], [ 100.426511080000083, -1.086601695999953, 0.0 ], [ 100.426274831000072, -1.086742477999966, 0.0 ], [ 100.426054656000062, -1.086883535999913, 0.0 ], [ 100.425814582000015, -1.087050314999946, 0.0 ], [ 100.425600208000034, -1.0872290259999, 0.0 ], [ 100.425318134000051, -1.087449916999969, 0.0 ], [ 100.425137930000062, -1.087526924999946, 0.0 ], [ 100.424930364000033, -1.087569092999971, 0.0 ], [ 100.424758858000061, -1.087577326999941, 0.0 ], [ 100.424611595000044, -1.087580822999875, 0.0 ], [ 100.424478617000048, -1.087652078999909, 0.0 ], [ 100.42431456000007, -1.087806659999909, 0.0 ], [ 100.424207892000126, -1.087954441999969, 0.0 ], [ 100.424080578000073, -1.088155289999978, 0.0 ], [ 100.423909843000061, -1.088394568999881, 0.0 ], [ 100.42379747600009, -1.088579495, 0.0 ], [ 100.423674076000097, -1.088821673999959, 0.0 ], [ 100.423408615000071, -1.089209044999947, 0.0 ], [ 100.423258920000123, -1.089413544999903, 0.0 ], [ 100.423159290000044, -1.089588635999913, 0.0 ], [ 100.423090441000028, -1.089767087999935, 0.0 ], [ 100.423020305000094, -1.089977867999966, 0.0 ], [ 100.422860677000031, -1.090341156999916, 0.0 ], [ 100.422783902000077, -1.090569660999904, 0.0 ], [ 100.422756154000083, -1.090801352999978, 0.0 ], [ 100.422756271000097, -1.091049479999903, 0.0 ], [ 100.42276028600007, -1.09134989499989, 0.0 ], [ 100.422753981000085, -1.091686841999881, 0.0 ], [ 100.422751515000058, -1.091921319999919, 0.0 ], [ 100.422747788, -1.092197030999905, 0.0 ], [ 100.422747909000023, -1.092453556999903, 0.0 ], [ 100.422745508, -1.092736338999941, 0.0 ], [ 100.422766699000064, -1.092923925999919, 0.0 ], [ 100.422835977000034, -1.093087590999961, 0.0 ], [ 100.423011049000038, -1.093362004999928, 0.0 ], [ 100.423126429, -1.093626543999967, 0.0 ], [ 100.423383952000066, -1.094060638999913, 0.0 ], [ 100.423574451000022, -1.094311816999912, 0.0 ], [ 100.423767204000072, -1.09454652399997, 0.0 ], [ 100.423951979, -1.094857984999983, 0.0 ], [ 100.424014185, -1.095073115999931, 0.0 ], [ 100.424015749000034, -1.095319713, 0.0 ], [ 100.423947311000049, -1.095549727999931, 0.0 ], [ 100.423832336000046, -1.095756604999906, 0.0 ], [ 100.42370623300009, -1.095941301999911, 0.0 ], [ 100.423590235000091, -1.09612830899993, 0.0 ], [ 100.423524123000036, -1.096317531999954, 0.0 ], [ 100.423486163000092, -1.096552407999937, 0.0 ], [ 100.423464903000109, -1.096818358999915, 0.0 ], [ 100.423460043000063, -1.097062717999972, 0.0 ], [ 100.423486757000049, -1.097310960999906, 0.0 ], [ 100.42357697900006, -1.097567052999956, 0.0 ], [ 100.423727055000128, -1.097875164999959, 0.0 ], [ 100.423885703000025, -1.098159721999878, 0.0 ], [ 100.424060227000069, -1.098433302999954, 0.0 ], [ 100.424100307000103, -1.09895351999992, 0.0 ], [ 100.424090271000068, -1.099131808999928, 0.0 ], [ 100.424078307000059, -1.099310111999937, 0.0 ], [ 100.424076001000046, -1.099503946999899, 0.0 ], [ 100.424078479000073, -1.099688728999912, 0.0 ], [ 100.424093871000096, -1.09988420499992, 0.0 ], [ 100.424122233000048, -1.100053775999918, 0.0 ], [ 100.424129948000072, -1.100226605999918, 0.0 ], [ 100.424132608000022, -1.100624863999919, 0.0 ], [ 100.424114012000075, -1.100853349, 0.0 ], [ 100.424087883000055, -1.101093481999968, 0.0 ], [ 100.424096121000019, -1.101337668999921, 0.0 ], [ 100.424112249000117, -1.101438226999893, 0.0 ], [ 100.424159078000073, -1.101710338999936, 0.0 ], [ 100.424190053000061, -1.101994635999922, 0.0 ], [ 100.424228671000066, -1.102399514999938, 0.0 ], [ 100.424281604, -1.102614528999876, 0.0 ], [ 100.42432998000001, -1.102731672999887, 0.0 ], [ 100.424438300000091, -1.102909379999936, 0.0 ], [ 100.424620687000086, -1.103121173999963, 0.0 ], [ 100.424775723000025, -1.103280617999921, 0.0 ], [ 100.424938980000036, -1.103410446999916, 0.0 ], [ 100.42508187600005, -1.10343195799992, 0.0 ], [ 100.425245678000095, -1.103441298999893, 0.0 ], [ 100.42554072500009, -1.1034403019999, 0.0 ], [ 100.425831528000074, -1.103451063999902, 0.0 ], [ 100.42605049400008, -1.103502693999911, 0.0 ], [ 100.426283821000112, -1.103619986999934, 0.0 ], [ 100.426490579000074, -1.10378190099992, 0.0 ], [ 100.426689511000106, -1.103966009999965, 0.0 ], [ 100.426880127000061, -1.10413601799991, 0.0 ], [ 100.427091290000035, -1.104240607999948, 0.0 ], [ 100.427309154000042, -1.104261303999973, 0.0 ], [ 100.427558557000069, -1.104261182999963, 0.0 ], [ 100.427773981000129, -1.10422465299996, 0.0 ], [ 100.428000538000049, -1.104213414999919, 0.0 ], [ 100.42823981500004, -1.104239853999974, 0.0 ], [ 100.428425411000021, -1.104309307999859, 0.0 ], [ 100.428665635000101, -1.104484471999964, 0.0 ], [ 100.428901906000107, -1.10467919399991, 0.0 ], [ 100.429122847000087, -1.104890698999913, 0.0 ], [ 100.429365556, -1.105134760999945, 0.0 ], [ 100.429600556000096, -1.105395393999927, 0.0 ], [ 100.42981477000005, -1.105585361999925, 0.0 ], [ 100.430032924000074, -1.105744438999942, 0.0 ], [ 100.430245544000073, -1.105847358999931, 0.0 ], [ 100.430402878000038, -1.105859582999877, 0.0 ], [ 100.430674135000103, -1.105849085999985, 0.0 ], [ 100.430921649000069, -1.105847195999917, 0.0 ], [ 100.431160985000062, -1.105848866999967, 0.0 ], [ 100.431504232000037, -1.105879442999921, 0.0 ], [ 100.431797992000014, -1.105953657999933, 0.0 ], [ 100.432203275000063, -1.106017961999925, 0.0 ], [ 100.432507960000038, -1.106079501999954, 0.0 ], [ 100.432749224000105, -1.106180053999925, 0.0 ], [ 100.432907154000034, -1.106358179999919, 0.0 ], [ 100.432954165000098, -1.106563473999941, 0.0 ], [ 100.432966657000065, -1.106782586999952, 0.0 ], [ 100.432999416000115, -1.10700441299992, 0.0 ], [ 100.433079142000054, -1.107202302999951, 0.0 ], [ 100.433192352, -1.107419592999989, 0.0 ], [ 100.433291515000036, -1.107615478999943, 0.0 ], [ 100.433428925000044, -1.107874059999933, 0.0 ], [ 100.433542333, -1.108143182999907, 0.0 ], [ 100.433559765000027, -1.108339000999944, 0.0 ], [ 100.433554546000039, -1.108704769999921, 0.0 ], [ 100.433492434000058, -1.109066659999932, 0.0 ], [ 100.433428476000088, -1.109399828999877, 0.0 ], [ 100.433391749000066, -1.109670115999947, 0.0 ], [ 100.433335980000081, -1.10990058599992, 0.0 ], [ 100.433246333000028, -1.11017704999988, 0.0 ], [ 100.433158830000067, -1.110452074999898, 0.0 ], [ 100.433102607000038, -1.110692715999914, 0.0 ], [ 100.433055971, -1.110920990999883, 0.0 ], [ 100.432996697000064, -1.111213031999977, 0.0 ], [ 100.432926995000074, -1.111515373999946, 0.0 ], [ 100.432861684, -1.111806642999976, 0.0 ], [ 100.432817816000096, -1.112086622999872, 0.0 ], [ 100.432748910000086, -1.112318205999937, 0.0 ], [ 100.432699067000044, -1.11252099499993, 0.0 ], [ 100.432677331000022, -1.112793577999923, 0.0 ], [ 100.43267069800001, -1.113008860999972, 0.0 ], [ 100.432682265000082, -1.113152712999973, 0.0 ], [ 100.432742386000072, -1.113528836999919, 0.0 ], [ 100.432733474000045, -1.113918953999868, 0.0 ], [ 100.432670119000051, -1.114214816999922, 0.0 ], [ 100.432590093, -1.114481990999913, 0.0 ], [ 100.432496079000032, -1.114739991999944, 0.0 ], [ 100.432413934000081, -1.115006067999932, 0.0 ], [ 100.432303342000083, -1.115281028999945, 0.0 ], [ 100.432109574000037, -1.115526951999865, 0.0 ], [ 100.431907074000065, -1.115709118999927, 0.0 ], [ 100.431732612000104, -1.115849368999896, 0.0 ], [ 100.431489138000032, -1.115959047999912, 0.0 ], [ 100.431227862000085, -1.116052330999903, 0.0 ], [ 100.430924225000098, -1.116104929999903, 0.0 ], [ 100.430663599000027, -1.116138735999858, 0.0 ], [ 100.430314455000101, -1.11617526499986, 0.0 ], [ 100.430053529000091, -1.116234864999907, 0.0 ], [ 100.429849776000111, -1.116337528999964, 0.0 ], [ 100.429646555, -1.116480194999955, 0.0 ], [ 100.429388835000069, -1.116703503999869, 0.0 ], [ 100.429179334000054, -1.116883444999925, 0.0 ], [ 100.428931058000032, -1.117137059999948, 0.0 ], [ 100.428665920000029, -1.117400681999911, 0.0 ], [ 100.428394695000065, -1.11766688799991, 0.0 ], [ 100.428032183000084, -1.1179952509999, 0.0 ], [ 100.42761336500007, -1.11839301499986, 0.0 ], [ 100.427511125000052, -1.118525237999965, 0.0 ], [ 100.427463977000059, -1.118678960999894, 0.0 ], [ 100.427407386000084, -1.118870888999876, 0.0 ], [ 100.427294764000095, -1.119335660999962, 0.0 ], [ 100.427111721000045, -1.119742771999896, 0.0 ], [ 100.426883786000104, -1.12004829399995, 0.0 ], [ 100.426694696000084, -1.120265731999911, 0.0 ], [ 100.426473209000065, -1.120500836999913, 0.0 ], [ 100.426326230000072, -1.120730988999949, 0.0 ], [ 100.426130429000025, -1.120983750999901, 0.0 ], [ 100.425916097000055, -1.121270301999985, 0.0 ], [ 100.425598062000034, -1.121565433999891, 0.0 ], [ 100.425263927000103, -1.12178919399993, 0.0 ], [ 100.424949856000055, -1.121962747999902, 0.0 ], [ 100.424687201000083, -1.12212791599989, 0.0 ], [ 100.424398965000123, -1.122351157999976, 0.0 ], [ 100.424234232000074, -1.122520992999906, 0.0 ], [ 100.424044227000081, -1.122781512999968, 0.0 ], [ 100.42384193600013, -1.12310845799993, 0.0 ], [ 100.423693547000113, -1.123341947999975, 0.0 ], [ 100.423551939000021, -1.123549682999933, 0.0 ], [ 100.423345872000112, -1.123776373999949, 0.0 ], [ 100.423147718000067, -1.123943471999919, 0.0 ], [ 100.422861551000011, -1.124089778999945, 0.0 ], [ 100.422297948, -1.124335863999878, 0.0 ], [ 100.42179593000013, -1.124529234999891, 0.0 ], [ 100.421325215000081, -1.124666901999912, 0.0 ], [ 100.420918550000096, -1.12477875599993, 0.0 ], [ 100.420358565000043, -1.124849487999921, 0.0 ], [ 100.419969492000092, -1.124860041, 0.0 ], [ 100.419644766000047, -1.124847120999902, 0.0 ], [ 100.419390433000046, -1.124722675999909, 0.0 ], [ 100.41917121000003, -1.124545041999955, 0.0 ], [ 100.418976210000054, -1.124354898999943, 0.0 ], [ 100.418713671, -1.124202469999943, 0.0 ], [ 100.418421455000072, -1.1241579369999, 0.0 ], [ 100.418149343000039, -1.124179, 0.0 ], [ 100.417903450000026, -1.124246278999927, 0.0 ], [ 100.417613803000037, -1.124373872999914, 0.0 ], [ 100.417251121000049, -1.124642508999937, 0.0 ], [ 100.416909434000033, -1.124938167999975, 0.0 ], [ 100.416743357000058, -1.125072871999929, 0.0 ], [ 100.416580924000115, -1.125204625999906, 0.0 ], [ 100.416278788000071, -1.12536890499991, 0.0 ], [ 100.415928763000068, -1.125418140999898, 0.0 ], [ 100.415678375000041, -1.125393033999952, 0.0 ], [ 100.415310972000015, -1.125339917999909, 0.0 ], [ 100.415056648000117, -1.125361358999907, 0.0 ], [ 100.414820007000074, -1.12542187499994, 0.0 ], [ 100.414651579000079, -1.12552492199994, 0.0 ], [ 100.414369179000076, -1.125819330999963, 0.0 ], [ 100.414078184000076, -1.125967879999909, 0.0 ], [ 100.41378264500004, -1.126097390999966, 0.0 ], [ 100.413468796000103, -1.12621991299989, 0.0 ], [ 100.413247045000048, -1.126312893999945, 0.0 ], [ 100.413053959000052, -1.126413850999949, 0.0 ], [ 100.412897843000025, -1.126473798999935, 0.0 ], [ 100.412715330000111, -1.126547750999926, 0.0 ], [ 100.412555638000043, -1.126618699999934, 0.0 ], [ 100.412384811000024, -1.126734588999931, 0.0 ], [ 100.412237992000044, -1.126868590999916, 0.0 ], [ 100.412037917000106, -1.12707750099997, 0.0 ], [ 100.411872547000101, -1.127218924999948, 0.0 ], [ 100.411695841000039, -1.127320874999945, 0.0 ], [ 100.411422023000029, -1.127321007999956, 0.0 ], [ 100.410341159000041, -1.127104151999955, 0.0 ], [ 100.408773746000023, -1.126452766999883, 0.0 ], [ 100.407638817000091, -1.126181588999916, 0.0 ], [ 100.405801526000047, -1.126182481999901, 0.0 ], [ 100.404530588000043, -1.126339624999936, 0.0 ], [ 100.403252107000043, -1.127307071999958, 0.0 ], [ 100.401966149000046, -1.128955986999877, 0.0 ], [ 100.401015231000059, -1.130273318999983, 0.0 ], [ 100.400021003000049, -1.131607847999913, 0.0 ], [ 100.39893604100007, -1.132336035999945, 0.0 ], [ 100.397911227000094, -1.132761002999935, 0.0 ], [ 100.396916445000031, -1.132943402999928, 0.0 ], [ 100.39589144200005, -1.132974218999902, 0.0 ], [ 100.394836263000045, -1.132944410999922, 0.0 ], [ 100.39375065900002, -1.132338550999975, 0.0 ], [ 100.392423786, -1.131550890999907, 0.0 ], [ 100.39163983300007, -1.131308713999942, 0.0 ], [ 100.391187634000048, -1.131339250999893, 0.0 ], [ 100.391002001000061, -1.131371170999959, 0.0 ], [ 100.390938730000059, -1.131429844999928, 0.0 ], [ 100.390902956000033, -1.131523697999967, 0.0 ], [ 100.390894713000066, -1.131619336999975, 0.0 ], [ 100.390926284, -1.131700485999939, 0.0 ], [ 100.390958257000079, -1.13183371399986, 0.0 ], [ 100.390979276000039, -1.131984122999871, 0.0 ], [ 100.390990637000087, -1.132129036999959, 0.0 ], [ 100.390993651000073, -1.132255578999949, 0.0 ], [ 100.391029152000087, -1.132578734999864, 0.0 ], [ 100.391036394000054, -1.132676197999935, 0.0 ], [ 100.391031541000103, -1.132710070999895, 0.0 ], [ 100.391007584000079, -1.132764696999974, 0.0 ], [ 100.390884670000034, -1.132985042999909, 0.0 ], [ 100.390565281000065, -1.133520433999887, 0.0 ], [ 100.390516273000102, -1.133609182999948, 0.0 ], [ 100.390450768, -1.133704523999931, 0.0 ], [ 100.390362003000035, -1.133795890999941, 0.0 ], [ 100.390274998000038, -1.133853505999912, 0.0 ], [ 100.39018733000006, -1.133889738999891, 0.0 ], [ 100.390087771000083, -1.133915012999939, 0.0 ], [ 100.389871653000057, -1.133945887999918, 0.0 ], [ 100.389733650000011, -1.133961048999929, 0.0 ], [ 100.38960938000011, -1.133988819999917, 0.0 ], [ 100.389469643000012, -1.13403357799989, 0.0 ], [ 100.389347015000084, -1.134114010999884, 0.0 ], [ 100.389245861000063, -1.134194769999905, 0.0 ], [ 100.389187870000058, -1.134249341999979, 0.0 ], [ 100.389142508000035, -1.134291437999909, 0.0 ], [ 100.389065473000059, -1.134328491999955, 0.0 ], [ 100.388958602000088, -1.13435795, 0.0 ], [ 100.388778890000054, -1.13439390699995, 0.0 ], [ 100.388629691000062, -1.134459592999967, 0.0 ], [ 100.388514660000041, -1.134562606999964, 0.0 ], [ 100.388394146000024, -1.134714376999909, 0.0 ], [ 100.388067830000111, -1.135182181999891, 0.0 ], [ 100.38791744400001, -1.135366960999903, 0.0 ], [ 100.387791799000098, -1.135554987999917, 0.0 ], [ 100.38766798000006, -1.135737038999881, 0.0 ], [ 100.387505195000102, -1.135945715999917, 0.0 ], [ 100.387358459000041, -1.136146984999872, 0.0 ], [ 100.387197915000073, -1.136339381999893, 0.0 ], [ 100.387022822000063, -1.136504491999965, 0.0 ], [ 100.38680743, -1.136665793999899, 0.0 ], [ 100.386651027000127, -1.136805514999914, 0.0 ], [ 100.386540476000036, -1.136939645999909, 0.0 ], [ 100.386430703000102, -1.137098089999874, 0.0 ], [ 100.386306749000056, -1.137269530999937, 0.0 ], [ 100.386230559000055, -1.137383624999874, 0.0 ], [ 100.386122407000087, -1.1374966479999, 0.0 ], [ 100.386066831, -1.137541368999958, 0.0 ], [ 100.385807733000064, -1.137359568999926, 0.0 ], [ 100.385673252000046, -1.137246877999928, 0.0 ], [ 100.385551903000035, -1.137156629999922, 0.0 ], [ 100.385415416000029, -1.137048348999933, 0.0 ], [ 100.385183196000085, -1.136873555999948, 0.0 ], [ 100.385030533000062, -1.136823427999975, 0.0 ], [ 100.384857535000052, -1.13681691999988, 0.0 ], [ 100.384671465000025, -1.136788741999947, 0.0 ], [ 100.384550925, -1.136746509999917, 0.0 ], [ 100.384424793000036, -1.136672437999916, 0.0 ], [ 100.384153523000066, -1.136425927999948, 0.0 ], [ 100.383982077, -1.136310105999957, 0.0 ], [ 100.3837750040001, -1.136211576999887, 0.0 ], [ 100.383490962000053, -1.136175299999906, 0.0 ], [ 100.383153327000088, -1.136163657999919, 0.0 ], [ 100.382729823000048, -1.136233201999989, 0.0 ], [ 100.382543485000085, -1.136257959999906, 0.0 ], [ 100.382398532000082, -1.136233177999898, 0.0 ], [ 100.382299932000095, -1.136189608999935, 0.0 ], [ 100.382137285000042, -1.136090731999925, 0.0 ], [ 100.382000048000052, -1.136033843999925, 0.0 ], [ 100.381822591000031, -1.136003470999899, 0.0 ], [ 100.381679965000046, -1.135998221999909, 0.0 ], [ 100.381529808000053, -1.135997118, 0.0 ], [ 100.381378488000053, -1.135951403999943, 0.0 ], [ 100.38123815200008, -1.135843731999916, 0.0 ], [ 100.381153581, -1.135680316999984, 0.0 ], [ 100.380977932000036, -1.1351908819999, 0.0 ], [ 100.380956160000011, -1.134860935999956, 0.0 ], [ 100.380948521, -1.134580109999902, 0.0 ], [ 100.380935980000032, -1.134348154999895, 0.0 ], [ 100.380836464000055, -1.134184639999955, 0.0 ], [ 100.380704483000059, -1.134042779999941, 0.0 ], [ 100.380562847000064, -1.133956876999939, 0.0 ], [ 100.380362392000094, -1.133860229999936, 0.0 ], [ 100.380192856000093, -1.133771223999943, 0.0 ], [ 100.380068514000115, -1.133653880999915, 0.0 ], [ 100.379545104000059, -1.133216971999914, 0.0 ], [ 100.379373014000038, -1.133055852999906, 0.0 ], [ 100.379070365000032, -1.132739367999921, 0.0 ], [ 100.378731911000017, -1.132631245999946, 0.0 ], [ 100.378472197000107, -1.132644345999964, 0.0 ], [ 100.37785526200004, -1.13264810499992, 0.0 ], [ 100.376863998, -1.132518005999902, 0.0 ], [ 100.376455004, -1.1324288859999, 0.0 ], [ 100.376051451000095, -1.132333514999914, 0.0 ], [ 100.375779925000103, -1.132310869999905, 0.0 ], [ 100.375494016000076, -1.132335156999961, 0.0 ], [ 100.374803181000019, -1.132387452999936, 0.0 ], [ 100.374040357000055, -1.132273604999931, 0.0 ], [ 100.373319245000076, -1.132123011999905, 0.0 ], [ 100.373070003000052, -1.132068462999921, 0.0 ], [ 100.372798730000085, -1.132007559999945, 0.0 ], [ 100.37221964000004, -1.131866158999969, 0.0 ], [ 100.371744655, -1.131873593999963, 0.0 ], [ 100.371187593000087, -1.132003830999903, 0.0 ], [ 100.370204920000049, -1.132389444999923, 0.0 ], [ 100.368903284000098, -1.133057650999877, 0.0 ], [ 100.367583420000045, -1.133777922999965, 0.0 ], [ 100.365719746000124, -1.13460930999992, 0.0 ], [ 100.365609152000033, -1.134448140999908, 0.0 ], [ 100.365516987000035, -1.134322435999898, 0.0 ], [ 100.365436853000077, -1.134214453999935, 0.0 ], [ 100.365391957, -1.134112098999903, 0.0 ], [ 100.365358259000047, -1.133976686999979, 0.0 ], [ 100.365282880000038, -1.133773588999873, 0.0 ], [ 100.365233180000089, -1.133681708999909, 0.0 ], [ 100.365186706000074, -1.133626919999905, 0.0 ], [ 100.365145842000061, -1.133576153999968, 0.0 ], [ 100.365115377000023, -1.133511678999962, 0.0 ], [ 100.36509852000006, -1.133435911999911, 0.0 ], [ 100.365059227000089, -1.133328722999924, 0.0 ], [ 100.365006315000059, -1.133207024999891, 0.0 ], [ 100.364991863000029, -1.133123196999971, 0.0 ], [ 100.364996640000058, -1.1330772469999, 0.0 ], [ 100.36502544700005, -1.13301676999987, 0.0 ], [ 100.36517274600007, -1.132886111999895, 0.0 ], [ 100.365176585000114, -1.132881245999936, 0.0 ], [ 100.365179802000029, -1.132877168999865, 0.0 ], [ 100.365222373000094, -1.13282320999993, 0.0 ], [ 100.365260784000071, -1.132758702999922, 0.0 ], [ 100.365284760000094, -1.13266599299989, 0.0 ], [ 100.365311136000059, -1.132553120999876, 0.0 ], [ 100.36532072100006, -1.132491855999959, 0.0 ], [ 100.365307894000054, -1.132463642999934, 0.0 ], [ 100.365268650000104, -1.132458025999913, 0.0 ], [ 100.365152553000087, -1.132519340999924, 0.0 ], [ 100.36511891800005, -1.132533059999904, 0.0 ], [ 100.365094097000039, -1.13253146199995, 0.0 ], [ 100.365040420000042, -1.132504886999882, 0.0 ], [ 100.364975084000051, -1.132451750999927, 0.0 ], [ 100.364951481000062, -1.132432554999937, 0.0 ], [ 100.364948289000054, -1.132429958999989, 0.0 ], [ 100.364866557000042, -1.132341322999938, 0.0 ], [ 100.364715928000109, -1.132193070999929, 0.0 ], [ 100.364480398000069, -1.132040832999945, 0.0 ], [ 100.36422327000011, -1.131933738999965, 0.0 ], [ 100.363904487000028, -1.131861343999926, 0.0 ], [ 100.363735489000078, -1.131822729999929, 0.0 ], [ 100.363651369000038, -1.131805674999939, 0.0 ], [ 100.36356889200006, -1.131788953999887, 0.0 ], [ 100.363560952000029, -1.131788088999905, 0.0 ], [ 100.363458359000063, -1.131776913999957, 0.0 ], [ 100.363363556000124, -1.131780231999876, 0.0 ], [ 100.363351393000087, -1.131780657999911, 0.0 ], [ 100.363318208000095, -1.131781818999919, 0.0 ], [ 100.363162847000041, -1.131793975999859, 0.0 ], [ 100.362932383000057, -1.131816224999923, 0.0 ], [ 100.362897169000078, -1.131819624999938, 0.0 ], [ 100.362550214000066, -1.131853119999956, 0.0 ], [ 100.362337983, -1.131869338999877, 0.0 ], [ 100.362229070000041, -1.131881481999905, 0.0 ], [ 100.362148204000022, -1.131916984999911, 0.0 ], [ 100.362045729000059, -1.131993613999946, 0.0 ], [ 100.361923245000057, -1.132096853999872, 0.0 ], [ 100.361761417000082, -1.132237061999927, 0.0 ], [ 100.36172188400009, -1.132271312999919, 0.0 ], [ 100.361637446000032, -1.132344470999932, 0.0 ], [ 100.361432501000039, -1.132512238999869, 0.0 ], [ 100.361253984000101, -1.132683213999893, 0.0 ], [ 100.361196557000056, -1.132746047999941, 0.0 ], [ 100.361176706, -1.132767767999962, 0.0 ], [ 100.361105100000046, -1.132846115999872, 0.0 ], [ 100.36099474600006, -1.132953965999913, 0.0 ], [ 100.360987313000066, -1.132961229999982, 0.0 ], [ 100.360944999000111, -1.133002583999939, 0.0 ], [ 100.36084253000007, -1.133091297999908, 0.0 ], [ 100.360814223000048, -1.133107655999929, 0.0 ], [ 100.360811884000029, -1.133109006999952, 0.0 ], [ 100.360728034000019, -1.133157458999964, 0.0 ], [ 100.360618330000094, -1.133188951999905, 0.0 ], [ 100.360503015000049, -1.133212376999889, 0.0 ], [ 100.360390896000098, -1.13322693799994, 0.0 ], [ 100.360287588000077, -1.133235053999901, 0.0 ], [ 100.360235522000039, -1.133212503999989, 0.0 ], [ 100.360220285000111, -1.133162528999939, 0.0 ], [ 100.360223451000095, -1.133090785999954, 0.0 ], [ 100.360266150000086, -1.13299197799995, 0.0 ], [ 100.360266654000029, -1.132990811999942, 0.0 ], [ 100.360269202000069, -1.132985579999954, 0.0 ], [ 100.360308264000096, -1.132905346999976, 0.0 ], [ 100.360317005000027, -1.13286565899989, 0.0 ], [ 100.360318080000027, -1.13286077899993, 0.0 ], [ 100.360330636000086, -1.13280376499992, 0.0 ], [ 100.360328205000059, -1.132735241999935, 0.0 ], [ 100.360311679000034, -1.13263761999994, 0.0 ], [ 100.360305892000085, -1.132603436999954, 0.0 ], [ 100.360292865000076, -1.132526479999981, 0.0 ], [ 100.36022459900002, -1.132101691999917, 0.0 ], [ 100.360197710000108, -1.131861224999916, 0.0 ], [ 100.360194438000093, -1.131831958999893, 0.0 ], [ 100.360193232000086, -1.131821174999978, 0.0 ], [ 100.360191552000032, -1.131668021999918, 0.0 ], [ 100.360194703000033, -1.131543067999882, 0.0 ], [ 100.360212262000061, -1.131409251999912, 0.0 ], [ 100.360233841000067, -1.131322981999968, 0.0 ], [ 100.360280243, -1.131220583999934, 0.0 ], [ 100.360329855000018, -1.131128665999878, 0.0 ], [ 100.36036282, -1.13109482399992, 0.0 ], [ 100.360370017000065, -1.13108743599993, 0.0 ], [ 100.360456335, -1.13099882299997, 0.0 ], [ 100.36054599700006, -1.130922198999937, 0.0 ], [ 100.360637541000074, -1.130853219999914, 0.0 ], [ 100.360638062000035, -1.130852827999881, 0.0 ], [ 100.360643180000096, -1.130846649999903, 0.0 ], [ 100.360722904000042, -1.130750410999934, 0.0 ], [ 100.36076609900006, -1.13063431199992, 0.0 ], [ 100.360782864000029, -1.130511773999906, 0.0 ], [ 100.360798767000091, -1.130273972999948, 0.0 ], [ 100.360823010000061, -1.129832785999948, 0.0 ], [ 100.360824205000071, -1.129811040999925, 0.0 ], [ 100.360831325000035, -1.129681464999951, 0.0 ], [ 100.360827184000044, -1.129376749999963, 0.0 ], [ 100.360826316000072, -1.129230046, 0.0 ], [ 100.360844691000082, -1.12912765999987, 0.0 ], [ 100.360895892000045, -1.129011556999945, 0.0 ], [ 100.360972713000095, -1.128876897999906, 0.0 ], [ 100.361004091000027, -1.128811866999943, 0.0 ], [ 100.361006038000099, -1.128807832999875, 0.0 ], [ 100.361029512000087, -1.128759182999936, 0.0 ], [ 100.361075118000045, -1.128649529999922, 0.0 ], [ 100.361111092, -1.12851972999993, 0.0 ], [ 100.36113987700007, -1.128409270999938, 0.0 ], [ 100.361140359000032, -1.128402563999916, 0.0 ], [ 100.361142967000063, -1.128366289999935, 0.0 ], [ 100.361148627, -1.128287551999904, 0.0 ], [ 100.361154956000078, -1.128093028999974, 0.0 ], [ 100.361155068000087, -1.128089589999956, 0.0 ], [ 100.361157308000102, -1.128020719999942, 0.0 ], [ 100.361179687000089, -1.127913502999952, 0.0 ], [ 100.361233289000083, -1.12779981299996, 0.0 ], [ 100.361332546000114, -1.127679651999877, 0.0 ], [ 100.361395785000113, -1.127612719999934, 0.0 ], [ 100.361456605000086, -1.127521600999945, 0.0 ], [ 100.36149020400002, -1.127448222999913, 0.0 ], [ 100.361530221000038, -1.127376461999926, 0.0 ], [ 100.361621455000048, -1.127240187999931, 0.0 ], [ 100.361660216000047, -1.127191068999952, 0.0 ], [ 100.361674217000058, -1.127173327, 0.0 ], [ 100.362006445000105, -1.126752316999887, 0.0 ], [ 100.362477117000054, -1.126226506999902, 0.0 ], [ 100.362852491000027, -1.125735409999947, 0.0 ], [ 100.362889874000103, -1.125689327999954, 0.0 ], [ 100.362897110000077, -1.125680408999926, 0.0 ], [ 100.363260704000055, -1.125232206999968, 0.0 ], [ 100.363500812000026, -1.124914488999881, 0.0 ], [ 100.363602476, -1.124812064999933, 0.0 ], [ 100.363700955000056, -1.124739469999966, 0.0 ], [ 100.36384666500004, -1.124649922999929, 0.0 ], [ 100.363967569000096, -1.124589401999984, 0.0 ], [ 100.36410128600005, -1.124527273999906, 0.0 ], [ 100.364415977000064, -1.124421519999949, 0.0 ], [ 100.3644195830001, -1.12442021399993, 0.0 ], [ 100.364429823000066, -1.124416504999889, 0.0 ], [ 100.364600948, -1.124354529999913, 0.0 ], [ 100.364686292000059, -1.124345018999925, 0.0 ], [ 100.364820359000049, -1.12437930899992, 0.0 ], [ 100.364850984, -1.124393614999949, 0.0 ], [ 100.364868684000044, -1.124401882999923, 0.0 ], [ 100.364941039000087, -1.124435680999966, 0.0 ], [ 100.365067398000051, -1.124470376, 0.0 ], [ 100.365123872000112, -1.124485882999945, 0.0 ], [ 100.365240233000051, -1.124493205999929, 0.0 ], [ 100.365278649000032, -1.124495623999952, 0.0 ], [ 100.365430983000024, -1.124485738999933, 0.0 ], [ 100.36551994200002, -1.124463618999879, 0.0 ], [ 100.365675315, -1.124368957999952, 0.0 ], [ 100.365677115000054, -1.12436786099995, 0.0 ], [ 100.365689245000084, -1.124362451999946, 0.0 ], [ 100.36581479600008, -1.124306463999933, 0.0 ], [ 100.366003683000073, -1.1242781659999, 0.0 ], [ 100.366118248000049, -1.124285463999971, 0.0 ], [ 100.366209680000068, -1.124344302999866, 0.0 ], [ 100.366211463000042, -1.124347073999918, 0.0 ], [ 100.366221445000065, -1.124362587999958, 0.0 ], [ 100.366263337000063, -1.124427696999927, 0.0 ], [ 100.366287769000039, -1.124539313999925, 0.0 ], [ 100.366312191000105, -1.124653382999949, 0.0 ], [ 100.366330513000023, -1.124681628999888, 0.0 ], [ 100.366334377000086, -1.124687585999936, 0.0 ], [ 100.366385371000035, -1.124766198999957, 0.0 ], [ 100.366492661000038, -1.12485938199994, 0.0 ], [ 100.36662675700002, -1.124935375999922, 0.0 ], [ 100.366925407000039, -1.125078754999883, 0.0 ], [ 100.367137505000102, -1.125182922999887, 0.0 ], [ 100.36727770800006, -1.125292025999943, 0.0 ], [ 100.367380149000013, -1.125428145999926, 0.0 ], [ 100.367472842000041, -1.125590019999908, 0.0 ], [ 100.367569197000108, -1.12574330799989, 0.0 ], [ 100.367675274000092, -1.125854888999886, 0.0 ], [ 100.367822769000043, -1.12591738, 0.0 ], [ 100.367984859000046, -1.125919755999924, 0.0 ], [ 100.368200564000034, -1.125917202999979, 0.0 ], [ 100.368323651000097, -1.125896295999937, 0.0 ], [ 100.368462563000037, -1.125854515999944, 0.0 ], [ 100.368610011000072, -1.1258335979999, 0.0 ], [ 100.368723360000033, -1.125832315999972, 0.0 ], [ 100.368864718000012, -1.125818752999916, 0.0 ], [ 100.368984128000122, -1.125769629999937, 0.0 ], [ 100.369119381000033, -1.125708233999919, 0.0 ], [ 100.369235145000019, -1.125687321999965, 0.0 ], [ 100.369370413000112, -1.125674992999922, 0.0 ], [ 100.369459376000094, -1.125660235999945, 0.0 ], [ 100.369688463000045, -1.125586521999885, 0.0 ], [ 100.37005794600006, -1.125412707999892, 0.0 ], [ 100.370492526000049, -1.12515685399995, 0.0 ], [ 100.37074718500007, -1.124961096999918, 0.0 ], [ 100.370870755000084, -1.12489455999992, 0.0 ], [ 100.370983029000044, -1.124885960999919, 0.0 ], [ 100.371073611000071, -1.124894464999912, 0.0 ], [ 100.371149112000111, -1.124937164999892, 0.0 ], [ 100.371233113000045, -1.124995055999886, 0.0 ], [ 100.371335961000028, -1.125006403999937, 0.0 ], [ 100.371442575000046, -1.124998755999925, 0.0 ], [ 100.371500117000011, -1.124971188999954, 0.0 ], [ 100.371577450000103, -1.12489612599996, 0.0 ], [ 100.371692530000033, -1.124835290999901, 0.0 ], [ 100.371834034000116, -1.124782990999925, 0.0 ], [ 100.371973660000023, -1.124750635999913, 0.0 ], [ 100.372047242000079, -1.12472495999992, 0.0 ], [ 100.372079280000065, -1.124636622999894, 0.0 ], [ 100.372108478000087, -1.124527393999916, 0.0 ], [ 100.372145240000108, -1.124453300999914, 0.0 ], [ 100.372217871000075, -1.124409581999938, 0.0 ], [ 100.372323528000024, -1.124374392999869, 0.0 ], [ 100.372424448000018, -1.124297419999895, 0.0 ], [ 100.372474438000069, -1.124260358999937, 0.0 ], [ 100.372524436000035, -1.124243239999942, 0.0 ], [ 100.372695208000039, -1.12423366299986, 0.0 ], [ 100.37285371900002, -1.124234536999932, 0.0 ], [ 100.372971663, -1.124243977999914, 0.0 ], [ 100.37301696900002, -1.124281943999947, 0.0 ], [ 100.373046269000042, -1.124387346999875, 0.0 ], [ 100.373044451000069, -1.124537398999944, 0.0 ], [ 100.373050184000107, -1.124691245999884, 0.0 ], [ 100.373084191, -1.124776700999938, 0.0 ], [ 100.373121001000101, -1.124804224999906, 0.0 ], [ 100.373267264000035, -1.124844041999914, 0.0 ], [ 100.373373920000063, -1.124923766999938, 0.0 ], [ 100.373402257000109, -1.12499402899989, 0.0 ], [ 100.373409840000107, -1.12506810199989, 0.0 ], [ 100.373463633000114, -1.125093718999967, 0.0 ], [ 100.373581571000017, -1.125091761999894, 0.0 ], [ 100.37359946400008, -1.125020527999951, 0.0 ], [ 100.373597507000099, -1.12486952799998, 0.0 ], [ 100.37360124600005, -1.124792600999921, 0.0 ], [ 100.373650281000025, -1.124735595999912, 0.0 ], [ 100.373745548000088, -1.124674770999942, 0.0 ], [ 100.373785142000074, -1.124603525999909, 0.0 ], [ 100.373786043000067, -1.124513304999905, 0.0 ], [ 100.373755821000046, -1.12445063899996, 0.0 ], [ 100.373688771, -1.124320563999945, 0.0 ], [ 100.373680241000017, -1.124236994999869, 0.0 ], [ 100.373688701000091, -1.124171461999953, 0.0 ], [ 100.37371833800006, -1.124154869999913, 0.0 ], [ 100.373722659000052, -1.124152452999979, 0.0 ], [ 100.373825493000041, -1.124132460999924, 0.0 ], [ 100.373952872000103, -1.124139048999936, 0.0 ], [ 100.374011382000049, -1.124167510999893, 0.0 ], [ 100.374066121000055, -1.124199773999987, 0.0 ], [ 100.374116130000019, -1.124204498999934, 0.0 ], [ 100.374160464000042, -1.124181685999911, 0.0 ], [ 100.374285006000051, -1.124175927999879, 0.0 ], [ 100.374442575000032, -1.124178702999931, 0.0 ], [ 100.374509553000067, -1.124153979999928, 0.0 ], [ 100.37450765300008, -1.124128337999938, 0.0 ], [ 100.374505755000101, -1.124102697999948, 0.0 ], [ 100.374460439000089, -1.124045738999943, 0.0 ], [ 100.374428330000086, -1.12398117399993, 0.0 ], [ 100.37444057600004, -1.123942231999905, 0.0 ], [ 100.374498129000088, -1.123935555999886, 0.0 ], [ 100.374660417000115, -1.123945926999944, 0.0 ], [ 100.374792507000024, -1.123940164999912, 0.0 ], [ 100.374838723000025, -1.123906904999913, 0.0 ], [ 100.374843417000065, -1.123853719999953, 0.0 ], [ 100.374801877, -1.123800555999907, 0.0 ], [ 100.374550816000095, -1.123617385999939, 0.0 ], [ 100.374151597000022, -1.123378252999959, 0.0 ], [ 100.373906189000053, -1.123177033999919, 0.0 ], [ 100.373632478000061, -1.122982477999898, 0.0 ], [ 100.373593777000053, -1.122946407999933, 0.0 ], [ 100.373564509000033, -1.122903685999951, 0.0 ], [ 100.373539, -1.122832470999921, 0.0 ], [ 100.373529527000059, -1.122747952999944, 0.0 ], [ 100.373532318000031, -1.122666277999937, 0.0 ], [ 100.373559646000075, -1.122593139999925, 0.0 ], [ 100.373608666000038, -1.122501945999929, 0.0 ], [ 100.373636926000074, -1.122404114999917, 0.0 ], [ 100.373649159000109, -1.122331932999895, 0.0 ], [ 100.373694406000112, -1.122241689999889, 0.0 ], [ 100.37378775800002, -1.122124834999902, 0.0 ], [ 100.373863204000045, -1.122047873999929, 0.0 ], [ 100.373930136000084, -1.121923433999935, 0.0 ], [ 100.373969724000077, -1.121839841999947, 0.0 ], [ 100.37398383900009, -1.121760060999918, 0.0 ], [ 100.373992309000073, -1.121713522999887, 0.0 ], [ 100.374036608000011, -1.121612834999905, 0.0 ], [ 100.374080919000036, -1.12154158699996, 0.0 ], [ 100.374149768000052, -1.121482672999882, 0.0 ], [ 100.374266716000037, -1.121377201999948, 0.0 ], [ 100.374378018000101, -1.121307822999892, 0.0 ], [ 100.374439323000018, -1.121257460999988, 0.0 ], [ 100.374470426000116, -1.121187167999945, 0.0 ], [ 100.37447412800006, -1.121030467999947, 0.0 ], [ 100.374473164000065, -1.121013983999916, 0.0 ], [ 100.374472072000074, -1.120995309999969, 0.0 ], [ 100.374466518000048, -1.12090036399993, 0.0 ], [ 100.374446970000037, -1.120783571999947, 0.0 ], [ 100.37444665000001, -1.120781661999967, 0.0 ], [ 100.374444075000056, -1.120772242999987, 0.0 ], [ 100.374409789000069, -1.120646823999913, 0.0 ], [ 100.374388505000084, -1.120600972999938, 0.0 ], [ 100.374384502000012, -1.120592348999935, 0.0 ], [ 100.374337065000091, -1.120490159999918, 0.0 ], [ 100.374337029000088, -1.120489920999898, 0.0 ], [ 100.374335440000038, -1.120479438999919, 0.0 ], [ 100.374312462, -1.120327869999901, 0.0 ], [ 100.374312458000091, -1.120327774999982, 0.0 ], [ 100.374309597000035, -1.120252845999911, 0.0 ], [ 100.374312233000083, -1.120182176999926, 0.0 ], [ 100.37431263400002, -1.120171429999925, 0.0 ], [ 100.374313320000084, -1.120153030999912, 0.0 ], [ 100.374334992000101, -1.120088441999897, 0.0 ], [ 100.374395330000112, -1.119987745999914, 0.0 ], [ 100.374481167000027, -1.119940221999979, 0.0 ], [ 100.374604764000125, -1.119934465999947, 0.0 ], [ 100.374709327000076, -1.119956778999928, 0.0 ], [ 100.374719397000021, -1.119958927999928, 0.0 ], [ 100.374755742, -1.119966683999948, 0.0 ], [ 100.37491428800007, -1.120042582999922, 0.0 ], [ 100.374979567000054, -1.120085092999886, 0.0 ], [ 100.37500766900007, -1.12010339299998, 0.0 ], [ 100.375100628000027, -1.120163927999926, 0.0 ], [ 100.375121987000014, -1.120177836999922, 0.0 ], [ 100.375314465000045, -1.120303178999901, 0.0 ], [ 100.375341887, -1.120321036999957, 0.0 ], [ 100.375492838000056, -1.120419335999919, 0.0 ], [ 100.375840134000015, -1.120596764999945, 0.0 ], [ 100.376090222000101, -1.120719155999947, 0.0 ], [ 100.376336553000058, -1.120878586999904, 0.0 ], [ 100.376522490000085, -1.121016203999922, 0.0 ], [ 100.37654617200009, -1.121035191999983, 0.0 ], [ 100.376557822000066, -1.121044532999957, 0.0 ], [ 100.376736748000042, -1.121187995999925, 0.0 ], [ 100.376934005000024, -1.121322757999973, 0.0 ], [ 100.377130302000097, -1.121418583999908, 0.0 ], [ 100.377358676000071, -1.121513443999941, 0.0 ], [ 100.377487746000014, -1.121574700999947, 0.0 ], [ 100.377506153000112, -1.121583436999959, 0.0 ], [ 100.377764477000085, -1.121706038999889, 0.0 ], [ 100.378215605, -1.121981234999922, 0.0 ], [ 100.378458165000012, -1.122147315999896, 0.0 ], [ 100.378643166000046, -1.122302026999908, 0.0 ], [ 100.378791382000045, -1.12248049699993, 0.0 ], [ 100.378887585000101, -1.122626741999952, 0.0 ], [ 100.378893712000078, -1.122636055999923, 0.0 ], [ 100.378911293000016, -1.122662780999914, 0.0 ], [ 100.379037822000015, -1.122872601999955, 0.0 ], [ 100.379234184, -1.123106130999915, 0.0 ], [ 100.379399392, -1.123307385999958, 0.0 ], [ 100.37958631, -1.123525725, 0.0 ], [ 100.379735464000092, -1.123694698999941, 0.0 ], [ 100.379925185000062, -1.123854156999901, 0.0 ], [ 100.380080909000071, -1.123948101999947, 0.0 ], [ 100.380314182000106, -1.124077467999903, 0.0 ], [ 100.380318737000039, -1.124079993999935, 0.0 ], [ 100.380321941000034, -1.124082061999928, 0.0 ], [ 100.380621697000052, -1.124275485999945, 0.0 ], [ 100.380749116000032, -1.124372292999961, 0.0 ], [ 100.380874670000111, -1.124512786999951, 0.0 ], [ 100.380965318000065, -1.124665643999897, 0.0 ], [ 100.381038993000033, -1.124836551999916, 0.0 ], [ 100.38107379700007, -1.124967290999898, 0.0 ], [ 100.381074039000083, -1.124968200999884, 0.0 ], [ 100.38108247100007, -1.12499987799993, 0.0 ], [ 100.381083102000034, -1.1250027449999, 0.0 ], [ 100.381117456000041, -1.125159408999895, 0.0 ], [ 100.381193008000068, -1.125310371999952, 0.0 ], [ 100.38124495800011, -1.125430957999892, 0.0 ], [ 100.381251625000033, -1.125560112999921, 0.0 ], [ 100.381230928, -1.12569022899994, 0.0 ], [ 100.381214009000033, -1.125825092999907, 0.0 ], [ 100.381212167000058, -1.125923860999908, 0.0 ], [ 100.381216934000093, -1.126027374999946, 0.0 ], [ 100.381267046000076, -1.126252426999915, 0.0 ], [ 100.381301058000048, -1.126348327999946, 0.0 ], [ 100.381322772000061, -1.126377757999894, 0.0 ], [ 100.381395448000035, -1.12642900599996, 0.0 ], [ 100.38154079300007, -1.126523905999907, 0.0 ], [ 100.38170125800012, -1.126669130999932, 0.0 ], [ 100.381819268000115, -1.126818174999919, 0.0 ], [ 100.381896691000037, -1.126934, 0.0 ], [ 100.381958091000044, -1.127086869999946, 0.0 ], [ 100.381996863000055, -1.127272989999891, 0.0 ], [ 100.382028070000061, -1.12742302699996, 0.0 ], [ 100.382069641000044, -1.127540766999932, 0.0 ], [ 100.382157446000022, -1.127666084999909, 0.0 ], [ 100.38228487, -1.127773336999901, 0.0 ], [ 100.382288794000061, -1.127776775999919, 0.0 ], [ 100.382417017000094, -1.127889135999979, 0.0 ], [ 100.382500105000048, -1.128014454999956, 0.0 ], [ 100.382524040000064, -1.128081952999946, 0.0 ], [ 100.382563405000042, -1.128192964999894, 0.0 ], [ 100.382585202000072, -1.128396187999922, 0.0 ], [ 100.382586256000067, -1.1286288599999, 0.0 ], [ 100.382586349000078, -1.128827344999891, 0.0 ], [ 100.382589247000041, -1.128969795999954, 0.0 ], [ 100.382623250000023, -1.129044804999943, 0.0 ], [ 100.382675154000054, -1.129068522999951, 0.0 ], [ 100.382709121000019, -1.12906850699995, 0.0 ], [ 100.382755347000028, -1.129057087999982, 0.0 ], [ 100.382821362000072, -1.128992477999876, 0.0 ], [ 100.382939241000045, -1.128864213999922, 0.0 ], [ 100.383055239000058, -1.128749246999913, 0.0 ], [ 100.383218404000061, -1.128616211999919, 0.0 ], [ 100.383386285000086, -1.128480325999867, 0.0 ], [ 100.383417744000027, -1.128465914999918, 0.0 ], [ 100.383583436000066, -1.128390012999944, 0.0 ], [ 100.383811752000028, -1.128359512999907, 0.0 ], [ 100.384027814000063, -1.128350861999902, 0.0 ], [ 100.384188212000097, -1.128354584999943, 0.0 ], [ 100.384349553000035, -1.128355456999927, 0.0 ], [ 100.384488261000058, -1.128378181999942, 0.0 ], [ 100.38461757, -1.128480685999897, 0.0 ], [ 100.384778048000044, -1.128652502999902, 0.0 ], [ 100.384909251000067, -1.128766401999911, 0.0 ], [ 100.385001735000088, -1.128806244999922, 0.0 ], [ 100.38505362600003, -1.12880526999993, 0.0 ], [ 100.385098913000036, -1.12880049999989, 0.0 ], [ 100.385133786, -1.12872165899994, 0.0 ], [ 100.38514787600009, -1.128589646999941, 0.0 ], [ 100.385175138000037, -1.128377852999915, 0.0 ], [ 100.385194875000082, -1.128217346999957, 0.0 ], [ 100.385265570000058, -1.128069161999953, 0.0 ], [ 100.385347596000102, -1.127946614999939, 0.0 ], [ 100.385526622000086, -1.127759377999901, 0.0 ], [ 100.385630087000024, -1.127648620999885, 0.0 ], [ 100.385721167000014, -1.127570432999899, 0.0 ], [ 100.385799851000044, -1.127504730999881, 0.0 ], [ 100.385839192, -1.127469979999937, 0.0 ], [ 100.385907639000081, -1.127416764999975, 0.0 ], [ 100.386006827000116, -1.127383613999896, 0.0 ], [ 100.386093629000101, -1.127379774999934, 0.0 ], [ 100.386145931000073, -1.12738843199994, 0.0 ], [ 100.386378961000077, -1.127638493999935, 0.0 ], [ 100.386442068000065, -1.127693274999938, 0.0 ], [ 100.386480348000035, -1.127695425999939, 0.0 ], [ 100.386527238, -1.127659587999904, 0.0 ], [ 100.386548223000048, -1.127571662999912, 0.0 ], [ 100.386606955000033, -1.127497288999976, 0.0 ], [ 100.386710454000067, -1.127457623999891, 0.0 ], [ 100.386817730000061, -1.127427724999905, 0.0 ], [ 100.386899134000046, -1.127411405999975, 0.0 ], [ 100.386994536000032, -1.127355464999876, 0.0 ], [ 100.387070535000106, -1.127308215999964, 0.0 ], [ 100.387158923000044, -1.127242508999945, 0.0 ], [ 100.387244627000115, -1.1271968829999, 0.0 ], [ 100.387294742000094, -1.127141505999937, 0.0 ], [ 100.387321137000058, -1.127091024999935, 0.0 ], [ 100.387342135000011, -1.127030234999967, 0.0 ], [ 100.387354497000061, -1.126950996999895, 0.0 ], [ 100.387350680000011, -1.126860372999946, 0.0 ], [ 100.387352256000057, -1.126772458999955, 0.0 ], [ 100.387357611000056, -1.126694852999929, 0.0 ], [ 100.387371598000058, -1.12663080999987, 0.0 ], [ 100.387392604000112, -1.126584672999961, 0.0 ], [ 100.387420623000111, -1.126551012999929, 0.0 ], [ 100.387487458000052, -1.126508109999932, 0.0 ], [ 100.387526811000015, -1.126498864999967, 0.0 ], [ 100.38760321200003, -1.126500750999945, 0.0 ], [ 100.387613076000051, -1.126500994999965, 0.0 ], [ 100.387739134000086, -1.126530102999887, 0.0 ], [ 100.387818404000072, -1.126564253999959, 0.0 ], [ 100.387893625000089, -1.126584568999863, 0.0 ], [ 100.387921123000055, -1.126586996999887, 0.0 ], [ 100.387941332000125, -1.126567450999957, 0.0 ], [ 100.387950199000059, -1.126507209999946, 0.0 ], [ 100.387950156000059, -1.12641278399995, 0.0 ], [ 100.387958190000091, -1.126302074999938, 0.0 ], [ 100.388020378000093, -1.126125402999886, 0.0 ], [ 100.388057534000055, -1.126027703999974, 0.0 ], [ 100.388122152000079, -1.125861612999909, 0.0 ], [ 100.388148746000056, -1.12566053999997, 0.0 ], [ 100.388170507000083, -1.125505052999895, 0.0 ], [ 100.388184162000059, -1.125308867999916, 0.0 ], [ 100.388183302000073, -1.125198975999972, 0.0 ], [ 100.388176779000062, -1.125084203999979, 0.0 ], [ 100.388170952000024, -1.125002713999898, 0.0 ], [ 100.388167822000028, -1.12495884999991, 0.0 ], [ 100.388178261000093, -1.124797669999896, 0.0 ], [ 100.388200842000103, -1.124666602999977, 0.0 ], [ 100.388263872000081, -1.124559936999944, 0.0 ], [ 100.388331781, -1.124510248999918, 0.0 ], [ 100.388375426000067, -1.124454061999888, 0.0 ], [ 100.388379430000043, -1.124371028999946, 0.0 ], [ 100.388339764000051, -1.124288833999984, 0.0 ], [ 100.38828310500007, -1.124186293999937, 0.0 ], [ 100.388223232000087, -1.124129342999932, 0.0 ], [ 100.388110799000017, -1.124085438999941, 0.0 ], [ 100.387935280000065, -1.124027727999874, 0.0 ], [ 100.387601313000062, -1.123876535999887, 0.0 ], [ 100.387381536000078, -1.123720620999954, 0.0 ], [ 100.387242661000045, -1.123627074999941, 0.0 ], [ 100.387072788000026, -1.123537614999911, 0.0 ], [ 100.386924480000104, -1.123450856999927, 0.0 ], [ 100.386812581000072, -1.123395285999948, 0.0 ], [ 100.386737078000053, -1.12334783799993, 0.0 ], [ 100.386660256000084, -1.123362797999924, 0.0 ], [ 100.38656728600003, -1.123432034999968, 0.0 ], [ 100.386505326000062, -1.123522962999942, 0.0 ], [ 100.386386044000048, -1.123584676999897, 0.0 ], [ 100.386244656000073, -1.123597162999953, 0.0 ], [ 100.386208717000031, -1.123606224999904, 0.0 ], [ 100.386154802000092, -1.123606249999906, 0.0 ], [ 100.386116451000035, -1.123602573999957, 0.0 ], [ 100.386056534000048, -1.123595422999898, 0.0 ], [ 100.386008023000031, -1.123573908999894, 0.0 ], [ 100.385966079000028, -1.123561116999902, 0.0 ], [ 100.385948094000042, -1.123533991999967, 0.0 ], [ 100.385921124000035, -1.123506870999943, 0.0 ], [ 100.385903135000063, -1.12347070099997, 0.0 ], [ 100.3858671710001, -1.123425494999871, 0.0 ], [ 100.385849186000129, -1.123398369999936, 0.0 ], [ 100.385831189000058, -1.123344110999888, 0.0 ], [ 100.385768254000084, -1.123271783999943, 0.0 ], [ 100.385705307000123, -1.123172322999885, 0.0 ], [ 100.385642359000059, -1.123072862999916, 0.0 ], [ 100.38560637800002, -1.122991477999932, 0.0 ], [ 100.385597383000075, -1.122973392999945, 0.0 ], [ 100.385552378000085, -1.122810611999977, 0.0 ], [ 100.385534376000095, -1.122747307999891, 0.0 ], [ 100.385489426000021, -1.12270210599997, 0.0 ], [ 100.385462434, -1.122629761999935, 0.0 ], [ 100.385417471000025, -1.122557426999901, 0.0 ], [ 100.385381507000062, -1.12251222099998, 0.0 ], [ 100.385318559000012, -1.122412759999921, 0.0 ], [ 100.385237614000062, -1.122259039999904, 0.0 ], [ 100.385183636000036, -1.122123396999871, 0.0 ], [ 100.385158552000092, -1.12208200199991, 0.0 ], [ 100.385075759000074, -1.122023956999904, 0.0 ], [ 100.385021785000049, -1.121897357999909, 0.0 ], [ 100.384967827000125, -1.121806937999978, 0.0 ], [ 100.384940827000023, -1.121716503999956, 0.0 ], [ 100.384913848000096, -1.121671293999945, 0.0 ], [ 100.384859895000076, -1.121589917999874, 0.0 ], [ 100.384832904000064, -1.121517573999927, 0.0 ], [ 100.384796856, -1.121409723999886, 0.0 ], [ 100.384780164000048, -1.121304437999878, 0.0 ], [ 100.384778853000029, -1.121228171999963, 0.0 ], [ 100.384787800000055, -1.121146765999889, 0.0 ], [ 100.384777675000109, -1.121067525999905, 0.0 ], [ 100.384796697000084, -1.120956824999894, 0.0 ], [ 100.384823637000096, -1.120920633999919, 0.0 ], [ 100.384832602000031, -1.120875405999907, 0.0 ], [ 100.384886483000045, -1.120803023999958, 0.0 ], [ 100.384913419000057, -1.120757787999946, 0.0 ], [ 100.384967317000076, -1.12072158399997, 0.0 ], [ 100.38503917400007, -1.12065823699988, 0.0 ], [ 100.385084073000058, -1.12059490299988, 0.0 ], [ 100.385155892000043, -1.120450154999894, 0.0 ], [ 100.385209764000066, -1.120359682999958, 0.0 ], [ 100.385299554000127, -1.120214926999882, 0.0 ], [ 100.385362391000086, -1.120079227999934, 0.0 ], [ 100.385443208000112, -1.119961608999972, 0.0 ], [ 100.385470131000019, -1.119889238999935, 0.0 ], [ 100.385479075000049, -1.119798788999912, 0.0 ], [ 100.385581504000086, -1.119530656999931, 0.0 ], [ 100.38558412600004, -1.119375992999924, 0.0 ], [ 100.385580030000057, -1.119262031999909, 0.0 ], [ 100.385561098, -1.119131798999881, 0.0 ], [ 100.385519265000099, -1.119028709999967, 0.0 ], [ 100.385470715000068, -1.118971752999872, 0.0 ], [ 100.385408694, -1.118931080999971, 0.0 ], [ 100.38536151000001, -1.118913466999935, 0.0 ], [ 100.385333145000061, -1.118862206999957, 0.0 ], [ 100.385323133000028, -1.118819744999907, 0.0 ], [ 100.385257421000105, -1.118796342999925, 0.0 ], [ 100.385201980000048, -1.118765588999956, 0.0 ], [ 100.38516178, -1.118630942999918, 0.0 ], [ 100.385199891000042, -1.11846936299996, 0.0 ], [ 100.385307614000084, -1.118243195999987, 0.0 ], [ 100.385361398, -1.117962786999968, 0.0 ], [ 100.385478082000063, -1.117682348999946, 0.0 ], [ 100.385525078000043, -1.117396772999943, 0.0 ], [ 100.385528400000055, -1.117385824999925, 0.0 ], [ 100.385643664999989, -1.117238217999969, 0.0 ], [ 100.385855223000092, -1.117121402999896, 0.0 ], [ 100.385862238000044, -1.116903085999951, 0.0 ], [ 100.385783099000079, -1.116614938999913, 0.0 ], [ 100.385701905000104, -1.115927586999884, 0.0 ], [ 100.38565687000002, -1.115701491999918, 0.0 ], [ 100.385432010000073, -1.115240322999952, 0.0 ], [ 100.385314991000072, -1.114806236999918, 0.0 ], [ 100.385126142000075, -1.114489764999934, 0.0 ], [ 100.384919384000014, -1.114308969999986, 0.0 ], [ 100.384640774000061, -1.114200566999898, 0.0 ], [ 100.384451992000066, -1.114028807999897, 0.0 ], [ 100.384236227000073, -1.113802794999938, 0.0 ], [ 100.38403835000004, -1.113395879999931, 0.0 ], [ 100.383958557000099, -1.113301632999949, 0.0 ], [ 100.383912481000024, -1.113251225999864, 0.0 ], [ 100.383759617000067, -1.113025181999902, 0.0 ], [ 100.383642718, -1.112844344999861, 0.0 ], [ 100.38352580100009, -1.112627328999935, 0.0 ], [ 100.383363981000016, -1.112464601999882, 0.0 ], [ 100.383310012, -1.112347047999926, 0.0 ], [ 100.383265007, -1.112184264999957, 0.0 ], [ 100.383229013000047, -1.112075746999949, 0.0 ], [ 100.383201997000029, -1.111949134999954, 0.0 ], [ 100.383085106000038, -1.111786386999899, 0.0 ], [ 100.382995185000055, -1.111650759999957, 0.0 ], [ 100.38294335300013, -1.111503964999891, 0.0 ], [ 100.382927640000062, -1.111457068999918, 0.0 ], [ 100.382914207000027, -1.111424681999903, 0.0 ], [ 100.382889102000078, -1.111408746999917, 0.0 ], [ 100.382806344000073, -1.11135237599996, 0.0 ], [ 100.382530981000016, -1.111197175999909, 0.0 ], [ 100.382386570000065, -1.111104404999871, 0.0 ], [ 100.38218851900011, -1.110977174999913, 0.0 ], [ 100.381937206, -1.110802192999913, 0.0 ], [ 100.381883234000071, -1.110679210999951, 0.0 ], [ 100.381825685000109, -1.110592409999875, 0.0 ], [ 100.381791504000034, -1.110518260999868, 0.0 ], [ 100.381643705000059, -1.110099937999895, 0.0 ], [ 100.381634946000048, -1.110075145999886, 0.0 ], [ 100.381439997000086, -1.109545574999945, 0.0 ], [ 100.381393495000054, -1.10945008599986, 0.0 ], [ 100.381336121000103, -1.10935360699996, 0.0 ], [ 100.381173942, -1.109192507999953, 0.0 ], [ 100.381020663000115, -1.109037373999907, 0.0 ], [ 100.380836721, -1.108838477999882, 0.0 ], [ 100.380707177000019, -1.108712184999913, 0.0 ], [ 100.380593479000112, -1.108652543999952, 0.0 ], [ 100.380472877000088, -1.108623748999879, 0.0 ], [ 100.380311760000083, -1.108619843999911, 0.0 ], [ 100.380152618000054, -1.108610963999975, 0.0 ], [ 100.380020159000111, -1.108592123999927, 0.0 ], [ 100.379919323000109, -1.108561327999954, 0.0 ], [ 100.379811547000074, -1.108482780999939, 0.0 ], [ 100.379712664000067, -1.108397264999969, 0.0 ], [ 100.379620693, -1.108297816999912, 0.0 ], [ 100.37952675300005, -1.108215282999922, 0.0 ], [ 100.379435785000069, -1.108145681999936, 0.0 ], [ 100.379258784000086, -1.107991554999973, 0.0 ], [ 100.378998720000055, -1.107766826999942, 0.0 ], [ 100.378541881, -1.107377035999932, 0.0 ], [ 100.378262025000126, -1.107098590999897, 0.0 ], [ 100.378093884000066, -1.106868845999895, 0.0 ], [ 100.377788282000012, -1.106488933, 0.0 ], [ 100.377666630000064, -1.1063268189999, 0.0 ], [ 100.377449009, -1.105971735999919, 0.0 ], [ 100.377293681000111, -1.105660402999916, 0.0 ], [ 100.377074056000069, -1.105245625999881, 0.0 ], [ 100.376942497000101, -1.105034765999932, 0.0 ], [ 100.376835695000054, -1.10492537699994, 0.0 ], [ 100.376714075000038, -1.104831910999934, 0.0 ], [ 100.376598409000053, -1.104791172999938, 0.0 ], [ 100.376504504000096, -1.104785247999892, 0.0 ], [ 100.376393802000095, -1.104788284999877, 0.0 ], [ 100.376279132000022, -1.104764459999949, 0.0 ], [ 100.376165438000029, -1.104712777999936, 0.0 ], [ 100.3760675730001, -1.104693919999885, 0.0 ], [ 100.375937100000044, -1.10469696599996, 0.0 ], [ 100.375912113000112, -1.104698893999942, 0.0 ], [ 100.375911520000059, -1.104698939999945, 0.0 ], [ 100.37583331900008, -1.104704973999912, 0.0 ], [ 100.375725574000043, -1.104696068999885, 0.0 ], [ 100.375620792000078, -1.104680198999905, 0.0 ], [ 100.37549127600002, -1.104612605999908, 0.0 ], [ 100.375348887000058, -1.104494276999976, 0.0 ], [ 100.375204526000104, -1.10438589999989, 0.0 ], [ 100.375152114000031, -1.104333193999882, 0.0 ], [ 100.375096723000055, -1.104250640999979, 0.0 ], [ 100.375045272000065, -1.104135255999935, 0.0 ], [ 100.374991113000121, -1.103966621999927, 0.0 ], [ 100.37498489000005, -1.103947244999922, 0.0 ], [ 100.374971071000061, -1.103904712999956, 0.0 ], [ 100.374921540000045, -1.103752271999955, 0.0 ], [ 100.374872066000037, -1.103638873999898, 0.0 ], [ 100.374795906000131, -1.103528473999912, 0.0 ], [ 100.374602610000039, -1.103346007999914, 0.0 ], [ 100.374582716000077, -1.103327228999959, 0.0 ], [ 100.374537812000085, -1.103284840999915, 0.0 ], [ 100.374315413000076, -1.103088900999957, 0.0 ], [ 100.374113689000083, -1.102925978999977, 0.0 ], [ 100.374108486000097, -1.102921776999896, 0.0 ], [ 100.374092798000035, -1.102909105999913, 0.0 ], [ 100.373806526000067, -1.102749918999976, 0.0 ], [ 100.373512103000039, -1.102643644999887, 0.0 ], [ 100.373135855, -1.10242100399994, 0.0 ], [ 100.372881703000104, -1.102247101999939, 0.0 ], [ 100.372609475000061, -1.102144344999875, 0.0 ], [ 100.372520107000028, -1.102133803999891, 0.0 ], [ 100.372454107000081, -1.102136774999959, 0.0 ], [ 100.372380519000032, -1.102149742999877, 0.0 ], [ 100.372291769000057, -1.102213276999983, 0.0 ], [ 100.372190769000056, -1.102312092999899, 0.0 ], [ 100.37209874300008, -1.102399262999917, 0.0 ], [ 100.372083344000046, -1.102413849999881, 0.0 ], [ 100.372021503000084, -1.10245475499989, 0.0 ], [ 100.372006853000116, -1.102464444999892, 0.0 ], [ 100.37192217700003, -1.102495642999898, 0.0 ], [ 100.371847418000058, -1.102503319999911, 0.0 ], [ 100.3718123740001, -1.10250568799993, 0.0 ], [ 100.37177849800004, -1.102503940999963, 0.0 ], [ 100.371756299000069, -1.102495130999944, 0.0 ], [ 100.37174227400007, -1.102481027999932, 0.0 ], [ 100.371728243000064, -1.102451051999939, 0.0 ], [ 100.371717714000084, -1.102416369999911, 0.0 ], [ 100.371713601000096, -1.102366399999951, 0.0 ], [ 100.371721759000053, -1.102321715999896, 0.0 ], [ 100.371732248000043, -1.102270562999927, 0.0 ], [ 100.371837879000068, -1.102078857999963, 0.0 ], [ 100.371866322000031, -1.102034173999908, 0.0 ], [ 100.371866699000066, -1.102033581999947, 0.0 ], [ 100.371914023000073, -1.101959234999924, 0.0 ], [ 100.371978235000057, -1.101879610999909, 0.0 ], [ 100.372022673000089, -1.101785073999903, 0.0 ], [ 100.37204832500008, -1.101683579999943, 0.0 ], [ 100.372057151, -1.101529364999973, 0.0 ], [ 100.372074879000053, -1.101390068999905, 0.0 ], [ 100.372103489000025, -1.101271660999878, 0.0 ], [ 100.372219017000077, -1.101007954999908, 0.0 ], [ 100.37240666600006, -1.100672581999959, 0.0 ], [ 100.372567634000063, -1.100352145999913, 0.0 ], [ 100.372587379, -1.100299406, 0.0 ], [ 100.372608105000026, -1.100230746999905, 0.0 ], [ 100.372607079000034, -1.100148169999912, 0.0 ], [ 100.372608019000026, -1.100043702999884, 0.0 ], [ 100.372586592000033, -1.099495255999891, 0.0 ], [ 100.37258633800009, -1.099488757999886, 0.0 ], [ 100.372582016000095, -1.09937811899988, 0.0 ], [ 100.372575959000031, -1.09910153499991, 0.0 ], [ 100.37257591200003, -1.098999058999869, 0.0 ], [ 100.372604536, -1.098907514999933, 0.0 ], [ 100.372628232000096, -1.098849797999954, 0.0 ], [ 100.372663792000111, -1.098798045999935, 0.0 ], [ 100.37270500700005, -1.098764133999971, 0.0 ], [ 100.37271045100006, -1.098759654999956, 0.0 ], [ 100.372723075000039, -1.098749267999896, 0.0 ], [ 100.372819866000057, -1.098701150999911, 0.0 ], [ 100.372876368000021, -1.098659609999938, 0.0 ], [ 100.372935918000067, -1.098602690999936, 0.0 ], [ 100.37297559600006, -1.098516566999916, 0.0 ], [ 100.373006098000104, -1.098407383999941, 0.0 ], [ 100.373030493000073, -1.098307428999931, 0.0 ], [ 100.373097519000027, -1.097895323999939, 0.0 ], [ 100.3731188040001, -1.097673899999915, 0.0 ], [ 100.373117189000055, -1.097480164999961, 0.0 ], [ 100.373114060000063, -1.097320255999875, 0.0 ], [ 100.373088017000043, -1.09715881999993, 0.0 ], [ 100.373037488000122, -1.096897453999887, 0.0 ], [ 100.372990059000102, -1.096736026999942, 0.0 ], [ 100.372918185000017, -1.096565387999945, 0.0 ], [ 100.372821883000043, -1.09642243599993, 0.0 ], [ 100.372653747000072, -1.096199562999963, 0.0 ], [ 100.372427572000021, -1.095996704999965, 0.0 ], [ 100.372123503000083, -1.095820020999913, 0.0 ], [ 100.371761385000056, -1.095641827999913, 0.0 ], [ 100.371686593000078, -1.095615377999945, 0.0 ], [ 100.371686512000068, -1.095615348999942, 0.0 ], [ 100.371228602000116, -1.095453409999955, 0.0 ], [ 100.371146195000037, -1.095416436999916, 0.0 ], [ 100.371012659000101, -1.095319032999939, 0.0 ], [ 100.370933645000036, -1.09523673599988, 0.0 ], [ 100.370859323000019, -1.095117543999965, 0.0 ], [ 100.370824492000068, -1.095012513999979, 0.0 ], [ 100.37081597100007, -1.094888551999937, 0.0 ], [ 100.370829080000092, -1.094770259999919, 0.0 ], [ 100.370869969000097, -1.094638708999959, 0.0 ], [ 100.370870532000055, -1.094636897999987, 0.0 ], [ 100.370937040000058, -1.094422921999957, 0.0 ], [ 100.370954809000111, -1.094235544999908, 0.0 ], [ 100.370950047000065, -1.094096438999944, 0.0 ], [ 100.370906741000042, -1.093950731999879, 0.0 ], [ 100.370843709000056, -1.093858965999924, 0.0 ], [ 100.370701690000033, -1.09374358499997, 0.0 ], [ 100.370453384000101, -1.093502396999909, 0.0 ], [ 100.370118509000093, -1.093079547999917, 0.0 ], [ 100.369685826000094, -1.092605651999964, 0.0 ], [ 100.369535705000018, -1.092482371999889, 0.0 ], [ 100.369526526000058, -1.092474833999976, 0.0 ], [ 100.369119234000024, -1.092140363999924, 0.0 ], [ 100.36908390000012, -1.092111347999921, 0.0 ], [ 100.369029367000039, -1.092066564999858, 0.0 ], [ 100.368584518, -1.091711908999912, 0.0 ], [ 100.368442524000073, -1.091632481999913, 0.0 ], [ 100.368337231000069, -1.091636318999964, 0.0 ], [ 100.368261100000069, -1.09168839699992, 0.0 ], [ 100.368227886000071, -1.09172059699992, 0.0 ], [ 100.368223965000112, -1.091724398999879, 0.0 ], [ 100.368211295000037, -1.091736681999919, 0.0 ], [ 100.368140801000067, -1.091774566999945, 0.0 ], [ 100.368041161000079, -1.0918030029999, 0.0 ], [ 100.367933047000108, -1.09180778299994, 0.0 ], [ 100.367914205000062, -1.091805108999896, 0.0 ], [ 100.367912252000067, -1.091804831999962, 0.0 ], [ 100.367839966000048, -1.091794575999913, 0.0 ], [ 100.367763797000052, -1.091742566999873, 0.0 ], [ 100.367761100000095, -1.091738516999893, 0.0 ], [ 100.367761027000086, -1.091738407999973, 0.0 ], [ 100.367691358000087, -1.091633773999931, 0.0 ], [ 100.367603861000049, -1.091507957999912, 0.0 ], [ 100.367320750000076, -1.091219461999934, 0.0 ], [ 100.367050582, -1.090970244999919, 0.0 ], [ 100.367016841000066, -1.09093912099992, 0.0 ], [ 100.366934190000066, -1.090862879999918, 0.0 ], [ 100.366828878000049, -1.09082318699992, 0.0 ], [ 100.366803076000053, -1.09082713599998, 0.0 ], [ 100.366786439000094, -1.090829681999924, 0.0 ], [ 100.366735817000077, -1.090837429999944, 0.0 ], [ 100.366638990000055, -1.090864914999909, 0.0 ], [ 100.366525248000059, -1.090885777999947, 0.0 ], [ 100.366387985000074, -1.090892471999968, 0.0 ], [ 100.366278927000025, -1.090879269999942, 0.0 ], [ 100.36620369500011, -1.090831991999938, 0.0 ], [ 100.366173584000094, -1.090775222999948, 0.0 ], [ 100.366168846000065, -1.090689111999929, 0.0 ], [ 100.36621017100002, -1.090607717999944, 0.0 ], [ 100.36624488300005, -1.090534716999944, 0.0 ], [ 100.366253378000039, -1.090516851999887, 0.0 ], [ 100.366248801000012, -1.090433901999951, 0.0 ], [ 100.366246747000019, -1.090396669999979, 0.0 ], [ 100.366202413000082, -1.090305880999928, 0.0 ], [ 100.366195930000089, -1.090292605999895, 0.0 ], [ 100.366146704000101, -1.090221302999947, 0.0 ], [ 100.36611690200003, -1.090178135999928, 0.0 ], [ 100.366045419000059, -1.090094894999879, 0.0 ], [ 100.366028471000078, -1.090033388999942, 0.0 ], [ 100.366043484000087, -1.089968088999957, 0.0 ], [ 100.36607074100003, -1.089955775999915, 0.0 ], [ 100.366157242000085, -1.08998506799994, 0.0 ], [ 100.366219941000026, -1.089980370999907, 0.0 ], [ 100.366220343000066, -1.089980340999904, 0.0 ], [ 100.36623339500008, -1.089979362999912, 0.0 ], [ 100.366323608000073, -1.089892256999988, 0.0 ], [ 100.36653037400005, -1.089755895999897, 0.0 ], [ 100.366608375000013, -1.089687725999941, 0.0 ], [ 100.366657210000056, -1.089562796999907, 0.0 ], [ 100.366736816000071, -1.088884262999898, 0.0 ], [ 100.366864240000041, -1.087921814999934, 0.0 ], [ 100.366866543000057, -1.087545625999894, 0.0 ], [ 100.366865888000092, -1.087409864999941, 0.0 ], [ 100.366863955000028, -1.087286849999888, 0.0 ], [ 100.366854498000038, -1.087158156999987, 0.0 ], [ 100.36674519400006, -1.086617867999959, 0.0 ], [ 100.366572855000101, -1.085955530999957, 0.0 ], [ 100.366532395000036, -1.085882684999881, 0.0 ], [ 100.366483481000074, -1.085829715999939, 0.0 ], [ 100.366415777000071, -1.085800413999912, 0.0 ], [ 100.366216675000018, -1.085789210999963, 0.0 ], [ 100.366215523000022, -1.085789145999957, 0.0 ], [ 100.366214639000034, -1.085789133999867, 0.0 ], [ 100.366085787000031, -1.085787312999983, 0.0 ], [ 100.365956970000028, -1.085757089999969, 0.0 ], [ 100.365922649000126, -1.085740979999969, 0.0 ], [ 100.365921991000064, -1.085740670999943, 0.0 ], [ 100.3657012, -1.085637030999983, 0.0 ], [ 100.36566772, -1.085600653999904, 0.0 ], [ 100.365657028000086, -1.08558903799992, 0.0 ], [ 100.365595853000087, -1.085522571999928, 0.0 ], [ 100.365572318, -1.085442147999935, 0.0 ], [ 100.365582628000055, -1.085366438999888, 0.0 ], [ 100.365601741000035, -1.085317798999949, 0.0 ], [ 100.365612640000052, -1.085290061999963, 0.0 ], [ 100.365620190000058, -1.085270846999883, 0.0 ], [ 100.365623908, -1.085185670999941, 0.0 ], [ 100.365640790000072, -1.085101448999989, 0.0 ], [ 100.365694355000059, -1.085042750999929, 0.0 ], [ 100.365747, -1.085037046999901, 0.0 ], [ 100.365782442000068, -1.085056309999985, 0.0 ], [ 100.365785460000055, -1.085057950999943, 0.0 ], [ 100.365816585000047, -1.085074867999921, 0.0 ], [ 100.365890865000068, -1.085081463999934, 0.0 ], [ 100.365983816000025, -1.085035561999955, 0.0 ], [ 100.365984853000029, -1.085035049999913, 0.0 ], [ 100.365986900000024, -1.08503298799992, 0.0 ], [ 100.366100438000089, -1.084918600999959, 0.0 ], [ 100.366182169000098, -1.084789865999877, 0.0 ], [ 100.366215961000051, -1.084662103999964, 0.0 ], [ 100.366214012000071, -1.084504065999944, 0.0 ], [ 100.366202670000021, -1.084379164999913, 0.0 ], [ 100.366063243000028, -1.083728171999962, 0.0 ], [ 100.365976595000049, -1.083389433999912, 0.0 ], [ 100.365965677000034, -1.083306903999922, 0.0 ], [ 100.36596515800008, -1.083302983999953, 0.0 ], [ 100.365937915000046, -1.083097044999878, 0.0 ], [ 100.365916168000027, -1.082815059999906, 0.0 ], [ 100.365910421000081, -1.082583218999908, 0.0 ], [ 100.365913072000041, -1.082199967999905, 0.0 ], [ 100.365937386000013, -1.081917010999941, 0.0 ], [ 100.365947202000115, -1.081804312999942, 0.0 ], [ 100.365947815000069, -1.081797279999893, 0.0 ], [ 100.365956097000051, -1.08170219099993, 0.0 ], [ 100.366001118000042, -1.081467487999873, 0.0 ], [ 100.366047102000024, -1.081272527999907, 0.0 ], [ 100.366060185000038, -1.081111651999919, 0.0 ], [ 100.366089245000055, -1.080909128999949, 0.0 ], [ 100.366095732000048, -1.080707563999969, 0.0 ], [ 100.366113483, -1.080457732999903, 0.0 ], [ 100.366105854000097, -1.080213592999954, 0.0 ], [ 100.366071898000129, -1.079976084999931, 0.0 ], [ 100.365969198000059, -1.07946701499991, 0.0 ], [ 100.36591912900009, -1.078923867999912, 0.0 ], [ 100.365873866000086, -1.078616340999869, 0.0 ], [ 100.365759352000026, -1.07831746599992, 0.0 ], [ 100.365696628000066, -1.078209192999932, 0.0 ], [ 100.365584274000099, -1.078076756999899, 0.0 ], [ 100.36554436100009, -1.07804052099992, 0.0 ], [ 100.365455213000075, -1.077959586999885, 0.0 ], [ 100.365436086, -1.077947108999918, 0.0 ], [ 100.365309450000012, -1.077864492999922, 0.0 ], [ 100.36521124000005, -1.077814592999967, 0.0 ], [ 100.365111979000105, -1.077765742999922, 0.0 ], [ 100.365030460000114, -1.077685343999931, 0.0 ], [ 100.36498708200007, -1.077615448999921, 0.0 ], [ 100.364920179000038, -1.077507701999888, 0.0 ], [ 100.364853825000054, -1.077458312999976, 0.0 ], [ 100.36481358200011, -1.077387356999967, 0.0 ], [ 100.364812493000017, -1.077302191999937, 0.0 ], [ 100.364838049000085, -1.077223853999939, 0.0 ], [ 100.364872487000099, -1.077132358999918, 0.0 ], [ 100.364873674000108, -1.077127286999943, 0.0 ], [ 100.364878561000069, -1.077106410999903, 0.0 ], [ 100.364890210000056, -1.07705664699996, 0.0 ], [ 100.364896442000116, -1.076988826999944, 0.0 ], [ 100.364867170000096, -1.076936787999902, 0.0 ], [ 100.364835815000077, -1.076900861999949, 0.0 ], [ 100.364816116000043, -1.076878292999947, 0.0 ], [ 100.364803419000069, -1.076863744999986, 0.0 ], [ 100.364698916000037, -1.076765484999939, 0.0 ], [ 100.364627860000013, -1.076709259999905, 0.0 ], [ 100.364544800000075, -1.076680380999914, 0.0 ], [ 100.364476897000046, -1.076667268999895, 0.0 ], [ 100.364415798000053, -1.076693056999897, 0.0 ], [ 100.364347417, -1.076776153999933, 0.0 ], [ 100.364338568000065, -1.076794073999906, 0.0 ], [ 100.364331769000032, -1.076807841999891, 0.0 ], [ 100.364292105000033, -1.076888160999875, 0.0 ], [ 100.364225293000104, -1.076983865999978, 0.0 ], [ 100.364165238000012, -1.077013866999884, 0.0 ], [ 100.36411089800005, -1.077011817999892, 0.0 ], [ 100.364099582000094, -1.077011390999946, 0.0 ], [ 100.364096297000088, -1.077011266999936, 0.0 ], [ 100.364044054000033, -1.076991833999926, 0.0 ], [ 100.364009564000099, -1.076944011999966, 0.0 ], [ 100.364005876000064, -1.076877246999949, 0.0 ], [ 100.364026278000068, -1.076798043999879, 0.0 ], [ 100.364026733000017, -1.076796278999911, 0.0 ], [ 100.364029861000091, -1.076786702999918, 0.0 ], [ 100.364110459000102, -1.07653995099993, 0.0 ], [ 100.364125316000084, -1.076494465999897, 0.0 ], [ 100.36414552800008, -1.076450919999935, 0.0 ], [ 100.364155578000108, -1.07642926799992, 0.0 ], [ 100.364203613000086, -1.07638298199991, 0.0 ], [ 100.364251139000018, -1.076383484999951, 0.0 ], [ 100.364300768000035, -1.076403966999958, 0.0 ], [ 100.364361362000082, -1.07643022399991, 0.0 ], [ 100.36442509500003, -1.076445434999926, 0.0 ], [ 100.364475228000089, -1.076428064999909, 0.0 ], [ 100.364534223000078, -1.076374945999866, 0.0 ], [ 100.36461096900004, -1.076312873999882, 0.0 ], [ 100.364676755000062, -1.076255537999934, 0.0 ], [ 100.364707542000033, -1.076195068999905, 0.0 ], [ 100.364703851000087, -1.076122521999942, 0.0 ], [ 100.36466360700004, -1.076049458999936, 0.0 ], [ 100.364588363000038, -1.075973263999938, 0.0 ], [ 100.364523570000088, -1.075919667999944, 0.0 ], [ 100.364518637000032, -1.075915005999914, 0.0 ], [ 100.364503394000025, -1.075900598999965, 0.0 ], [ 100.364454081000119, -1.075853988999928, 0.0 ], [ 100.364448488, -1.075845051999988, 0.0 ], [ 100.364438424000056, -1.0758289689999, 0.0 ], [ 100.364415927000067, -1.075793017999946, 0.0 ], [ 100.36441015100003, -1.075736246999956, 0.0 ], [ 100.364423704000089, -1.07568261599987, 0.0 ], [ 100.364479049000053, -1.075622660999972, 0.0 ], [ 100.364570430000057, -1.075575306999962, 0.0 ], [ 100.364653463000096, -1.075564224999933, 0.0 ], [ 100.364689490000046, -1.0755638279999, 0.0 ], [ 100.364706572000046, -1.075563639999885, 0.0 ], [ 100.364752701000043, -1.075563131999932, 0.0 ], [ 100.364854362000102, -1.075560099999947, 0.0 ], [ 100.36485719500007, -1.07556001599994, 0.0 ], [ 100.364878051000019, -1.075559393999889, 0.0 ], [ 100.365038392000059, -1.075536708999966, 0.0 ], [ 100.365185138000029, -1.075495643999943, 0.0 ], [ 100.365328219000048, -1.075438271999904, 0.0 ], [ 100.365476520000072, -1.075378275999913, 0.0 ], [ 100.365591937000019, -1.075347199999918, 0.0 ], [ 100.365695354000053, -1.075345054999918, 0.0 ], [ 100.365793548000099, -1.075362357999929, 0.0 ], [ 100.365864594000115, -1.075391767999964, 0.0 ], [ 100.365927298000059, -1.075455873999939, 0.0 ], [ 100.365980089000075, -1.075535760999976, 0.0 ], [ 100.366010412, -1.075609352999937, 0.0 ], [ 100.366038137, -1.075696611999962, 0.0 ], [ 100.366096159000094, -1.075799098999916, 0.0 ], [ 100.366156025000066, -1.075885315999944, 0.0 ], [ 100.366157334, -1.075887201999922, 0.0 ], [ 100.366180822000075, -1.075921028999968, 0.0 ], [ 100.366282211000026, -1.07606871099993, 0.0 ], [ 100.366382536000074, -1.076166970999978, 0.0 ], [ 100.366513683000079, -1.076267850999887, 0.0 ], [ 100.366612942000032, -1.0763356329999, 0.0 ], [ 100.366693570000052, -1.076391636999915, 0.0 ], [ 100.36672109200002, -1.076410753999898, 0.0 ], [ 100.366827172000086, -1.07651848299993, 0.0 ], [ 100.366903997000051, -1.07663095499991, 0.0 ], [ 100.36697507500007, -1.07673186199991, 0.0 ], [ 100.367084791000082, -1.076811721999945, 0.0 ], [ 100.367174118000023, -1.076832709999906, 0.0 ], [ 100.36727178400011, -1.076834764999898, 0.0 ], [ 100.367508393000051, -1.076845700999915, 0.0 ], [ 100.367682833000103, -1.07684194199987, 0.0 ], [ 100.36788651600007, -1.076810311999918, 0.0 ], [ 100.368134586000082, -1.076770764999932, 0.0 ], [ 100.368503309000033, -1.076714347999882, 0.0 ], [ 100.368540912000043, -1.07670801899998, 0.0 ], [ 100.368545596000075, -1.076674369999949, 0.0 ], [ 100.368534609000051, -1.076639678999921, 0.0 ], [ 100.368515797, -1.076610247999884, 0.0 ], [ 100.36826086400005, -1.07649260199992, 0.0 ], [ 100.368234217000065, -1.076484201999936, 0.0 ], [ 100.368216969000059, -1.076453194999946, 0.0 ], [ 100.368219044000057, -1.076411660999884, 0.0 ], [ 100.368233133000061, -1.076389576999922, 0.0 ], [ 100.36825506400001, -1.076382203999934, 0.0 ], [ 100.36847707200009, -1.076454125999934, 0.0 ], [ 100.368535572000042, -1.076461987999963, 0.0 ], [ 100.368572136000054, -1.076465126999956, 0.0 ], [ 100.368700303000082, -1.076452099999944, 0.0 ], [ 100.36874479500004, -1.076440719999891, 0.0 ], [ 100.36878678000005, -1.076407894999928, 0.0 ], [ 100.368822471000072, -1.07634731599989, 0.0 ], [ 100.368840625000061, -1.076294313999945, 0.0 ], [ 100.368843743000056, -1.076253937999979, 0.0 ], [ 100.368838715000081, -1.076219243999951, 0.0 ], [ 100.368821148000052, -1.076178877999897, 0.0 ], [ 100.368804833000027, -1.076147344999864, 0.0 ], [ 100.368669315, -1.075835121999877, 0.0 ], [ 100.368630417000077, -1.075739246999937, 0.0 ], [ 100.368593411000035, -1.075671762999949, 0.0 ], [ 100.368545742, -1.075591666999983, 0.0 ], [ 100.368499955000033, -1.075522286999927, 0.0 ], [ 100.368478002000074, -1.075478141999916, 0.0 ], [ 100.368464821000046, -1.075439029999878, 0.0 ], [ 100.36845978000008, -1.075380367, 0.0 ], [ 100.368435848000047, -1.075137957999925, 0.0 ], [ 100.368435809000047, -1.075137563999892, 0.0 ], [ 100.368403346000022, -1.074808749999864, 0.0 ], [ 100.368401432000041, -1.074745664999973, 0.0 ], [ 100.368419586000044, -1.074693921999955, 0.0 ], [ 100.368451537000013, -1.074668047999946, 0.0 ], [ 100.368499172000057, -1.074671173999938, 0.0 ], [ 100.368546821000081, -1.074705856999966, 0.0 ], [ 100.36859888500004, -1.074788474999874, 0.0 ], [ 100.368620225000114, -1.074867324999914, 0.0 ], [ 100.368640953000053, -1.074961941999927, 0.0 ], [ 100.368648587000067, -1.075010609999868, 0.0 ], [ 100.368648836, -1.075012197999911, 0.0 ], [ 100.368706952000096, -1.075382697999924, 0.0 ], [ 100.368884613000063, -1.07603746199992, 0.0 ], [ 100.368910967000019, -1.076115043999945, 0.0 ], [ 100.368929159000103, -1.076144060999948, 0.0 ], [ 100.368963012000066, -1.076152872999966, 0.0 ], [ 100.369316466000086, -1.076073851999912, 0.0 ], [ 100.369343404000091, -1.076051762999949, 0.0 ], [ 100.369343398000098, -1.07603662099994, 0.0 ], [ 100.369153648000022, -1.07499262599989, 0.0 ], [ 100.369107232, -1.074742433999972, 0.0 ], [ 100.369106728000048, -1.074739715999925, 0.0 ], [ 100.369027373000051, -1.074311978999972, 0.0 ], [ 100.369026063000035, -1.074296395999927, 0.0 ], [ 100.369024232000058, -1.074274626, 0.0 ], [ 100.369022333, -1.074252042999898, 0.0 ], [ 100.369027324000058, -1.074200946999934, 0.0 ], [ 100.369044221000124, -1.074149202999916, 0.0 ], [ 100.369268453000103, -1.073972317999935, 0.0 ], [ 100.369268776000041, -1.073972062999914, 0.0 ], [ 100.369324280000015, -1.073928278999933, 0.0 ], [ 100.369368772000058, -1.073913740999973, 0.0 ], [ 100.369397560000039, -1.073913155999925, 0.0 ], [ 100.369400113000083, -1.073913103999921, 0.0 ], [ 100.369400930000054, -1.073913514999955, 0.0 ], [ 100.369430204000082, -1.073928230999929, 0.0 ], [ 100.369446507000092, -1.073952191999958, 0.0 ], [ 100.369454044000094, -1.073991306999908, 0.0 ], [ 100.369453449000048, -1.074046822999883, 0.0 ], [ 100.369448457, -1.074097294999884, 0.0 ], [ 100.369419034000046, -1.074155039999955, 0.0 ], [ 100.369418933000034, -1.074155238999882, 0.0 ], [ 100.369244937000119, -1.074496718999981, 0.0 ], [ 100.369241842000037, -1.074586307999933, 0.0 ], [ 100.369251794000064, -1.07465735999995, 0.0 ], [ 100.369251852000062, -1.074657770999984, 0.0 ], [ 100.369252533000036, -1.074662638999943, 0.0 ], [ 100.369395710000063, -1.075284604999979, 0.0 ], [ 100.369551496999989, -1.076074379999955, 0.0 ], [ 100.36955965600005, -1.076094562999938, 0.0 ], [ 100.369570938, -1.076102128999942, 0.0 ], [ 100.369584730000071, -1.076102755999905, 0.0 ], [ 100.36971603900011, -1.076201844999932, 0.0 ], [ 100.369814878000028, -1.07619275499998, 0.0 ], [ 100.369922699000057, -1.0761746169999, 0.0 ], [ 100.370021526000073, -1.076138393999923, 0.0 ], [ 100.370111359000035, -1.07608408499987, 0.0 ], [ 100.37018322000003, -1.076029784999907, 0.0 ], [ 100.370264076000069, -1.07599356899993, 0.0 ], [ 100.370282023000044, -1.075939292999969, 0.0 ], [ 100.370344915, -1.07592117499998, 0.0 ], [ 100.370416789000089, -1.075894008999953, 0.0 ], [ 100.370668349000113, -1.07580344799992, 0.0 ], [ 100.370830068, -1.075749106999954, 0.0 ], [ 100.370928899, -1.075721927999925, 0.0 ], [ 100.371018740000068, -1.075685708999949, 0.0 ], [ 100.371117555000069, -1.075622351999858, 0.0 ], [ 100.371207388000045, -1.075568042999983, 0.0 ], [ 100.371297221000106, -1.07551373399993, 0.0 ], [ 100.371396040000022, -1.075459421999877, 0.0 ], [ 100.371485873000083, -1.075405112999913, 0.0 ], [ 100.371575710000059, -1.075359848999899, 0.0 ], [ 100.37166554700012, -1.075314584999884, 0.0 ], [ 100.371690784000066, -1.075233350999913, 0.0 ], [ 100.371528968000092, -1.074941760999945, 0.0 ], [ 100.371388678000031, -1.074687849999986, 0.0 ], [ 100.371032074000098, -1.074119889999977, 0.0 ], [ 100.371031875000085, -1.074119572999951, 0.0 ], [ 100.370866145000051, -1.07385561499996, 0.0 ], [ 100.370854435000055, -1.073790949999939, 0.0 ], [ 100.370856744000079, -1.073729807999943, 0.0 ], [ 100.370861159000086, -1.073719, 0.0 ], [ 100.370861176000091, -1.073718958999933, 0.0 ], [ 100.370864912000044, -1.073709813999887, 0.0 ], [ 100.370909283000074, -1.073668640999944, 0.0 ], [ 100.371017901000087, -1.073623910999974, 0.0 ], [ 100.371058785000088, -1.073622716999964, 0.0 ], [ 100.371105519000054, -1.073639156999903, 0.0 ], [ 100.371111659000022, -1.073643229999973, 0.0 ], [ 100.371112265000079, -1.073643631999918, 0.0 ], [ 100.371160437000071, -1.073675582999897, 0.0 ], [ 100.371381696000071, -1.074033770999957, 0.0 ], [ 100.371382514000061, -1.074035094999889, 0.0 ], [ 100.371819747000089, -1.074742917999924, 0.0 ], [ 100.371864171000112, -1.074820501999948, 0.0 ], [ 100.371930774000035, -1.074860448999967, 0.0 ], [ 100.371968161000012, -1.074876893999907, 0.0 ], [ 100.371968792000075, -1.074881443999928, 0.0 ], [ 100.372050829000017, -1.074913712999933, 0.0 ], [ 100.372186541000062, -1.074916383999888, 0.0 ], [ 100.372303344000045, -1.074889196999948, 0.0 ], [ 100.372456049000064, -1.074771546999894, 0.0 ], [ 100.37254588600004, -1.074726282999968, 0.0 ], [ 100.372707592, -1.074644807999977, 0.0 ], [ 100.372851327, -1.074563340999898, 0.0 ], [ 100.372950130000092, -1.07447284899996, 0.0 ], [ 100.373048949000093, -1.074418536999907, 0.0 ], [ 100.373102818000021, -1.074319020999933, 0.0 ], [ 100.373192647000081, -1.074255667999932, 0.0 ], [ 100.373282480000057, -1.074201358999968, 0.0 ], [ 100.373372313000019, -1.074147049999915, 0.0 ], [ 100.373471156000036, -1.074147005999912, 0.0 ], [ 100.373569979000038, -1.074101737999985, 0.0 ], [ 100.373641836000033, -1.074038391999984, 0.0 ], [ 100.373713698000117, -1.073984091999932, 0.0 ], [ 100.373785539000025, -1.073884567999869, 0.0 ], [ 100.373839409000126, -1.073785051999895, 0.0 ], [ 100.373875291000076, -1.073649365999859, 0.0 ], [ 100.373956130000096, -1.073576971999909, 0.0 ], [ 100.374045959000071, -1.073513618999907, 0.0 ], [ 100.374090868000053, -1.073468374999894, 0.0 ], [ 100.374171691000086, -1.07335980299997, 0.0 ], [ 100.374234562000041, -1.07329646199997, 0.0 ], [ 100.374306420000039, -1.073233116999969, 0.0 ], [ 100.374378273000033, -1.07316072699993, 0.0 ], [ 100.374495023000108, -1.073015958999942, 0.0 ], [ 100.374683630000078, -1.072807846999954, 0.0 ], [ 100.374782404000072, -1.072654042999929, 0.0 ], [ 100.374881182000081, -1.072509283999942, 0.0 ], [ 100.374979952000075, -1.072346434999879, 0.0 ], [ 100.375096682000063, -1.072156444999969, 0.0 ], [ 100.375213415000033, -1.071975498999919, 0.0 ], [ 100.375258255000105, -1.071776495999885, 0.0 ], [ 100.375366019000055, -1.071631731999897, 0.0 ], [ 100.375419901000072, -1.071559350999948, 0.0 ], [ 100.375437820000045, -1.0714417619999, 0.0 ], [ 100.375446745000062, -1.071306087999954, 0.0 ], [ 100.375446688000068, -1.071179462999957, 0.0 ], [ 100.375482591, -1.071089, 0.0 ], [ 100.375527483, -1.071007577999946, 0.0 ], [ 100.375491516000039, -1.070953325999898, 0.0 ], [ 100.37540163900006, -1.07090814399989, 0.0 ], [ 100.375302784000056, -1.070881053999869, 0.0 ], [ 100.37520392100005, -1.070835875999951, 0.0 ], [ 100.375105062000046, -1.070799741999981, 0.0 ], [ 100.375015185000066, -1.070754558999973, 0.0 ], [ 100.374925312000087, -1.070718420999913, 0.0 ], [ 100.374835443000023, -1.070691326999981, 0.0 ], [ 100.374727594000078, -1.070646152999885, 0.0 ], [ 100.374628735000059, -1.070610018999915, 0.0 ], [ 100.374637693000096, -1.070546701999916, 0.0 ], [ 100.374673608000052, -1.070483372999917, 0.0 ], [ 100.374700545000053, -1.070438137999904, 0.0 ], [ 100.374709514000088, -1.07040195499993, 0.0 ], [ 100.374727465000063, -1.070356723999918, 0.0 ], [ 100.374718468000111, -1.070329593999894, 0.0 ], [ 100.374653301000052, -1.070310178999886, 0.0 ], [ 100.374636616, -1.07021446399996, 0.0 ], [ 100.374655609000072, -1.070154628999894, 0.0 ], [ 100.374774472000041, -1.070130643999953, 0.0 ], [ 100.374833925000075, -1.070168906999921, 0.0 ], [ 100.374948108000112, -1.070312438999895, 0.0 ], [ 100.375059969000034, -1.070428930999942, 0.0 ], [ 100.37510491700003, -1.070474133999952, 0.0 ], [ 100.375167845000078, -1.070537417999947, 0.0 ], [ 100.375275702000039, -1.070600681999942, 0.0 ], [ 100.37538355000008, -1.070645856999949, 0.0 ], [ 100.375482409000085, -1.070681990999919, 0.0 ], [ 100.37558126, -1.070700034999902, 0.0 ], [ 100.375653113000084, -1.070627645999952, 0.0 ], [ 100.375715977000056, -1.070546214999965, 0.0 ], [ 100.375787822000049, -1.070455735999939, 0.0 ], [ 100.375832710000026, -1.070365268999915, 0.0 ], [ 100.375877603, -1.070283846999928, 0.0 ], [ 100.375922495000083, -1.070202424999941, 0.0 ], [ 100.3759763730001, -1.070120998999865, 0.0 ], [ 100.376030242000027, -1.070021482999891, 0.0 ], [ 100.376044474000054, -1.069935295999866, 0.0 ], [ 100.376048166, -1.069912938999881, 0.0 ], [ 100.376057103000036, -1.06980439899996, 0.0 ], [ 100.376093001000072, -1.069704891999898, 0.0 ], [ 100.376146875000089, -1.069614420999873, 0.0 ], [ 100.376209735000046, -1.069523945999936, 0.0 ], [ 100.376299543000101, -1.069415369999923, 0.0 ], [ 100.376443242, -1.069252500999948, 0.0 ], [ 100.376479144000044, -1.069162037999924, 0.0 ], [ 100.376542004, -1.069071562999898, 0.0 ], [ 100.376577906000051, -1.068981100999963, 0.0 ], [ 100.376685650000084, -1.068791113999964, 0.0 ], [ 100.376811329000091, -1.068519717999891, 0.0 ], [ 100.376883085000074, -1.068230256999922, 0.0 ], [ 100.376972813000037, -1.067940786999952, 0.0 ], [ 100.377044618000028, -1.067759861999903, 0.0 ], [ 100.377053524000047, -1.067578964999946, 0.0 ], [ 100.37706395100011, -1.067406297999959, 0.0 ], [ 100.377099551000043, -1.067267483999931, 0.0 ], [ 100.377137536000077, -1.067145419999957, 0.0 ], [ 100.377134161000058, -1.067054337999881, 0.0 ], [ 100.377082797000071, -1.067016218999925, 0.0 ], [ 100.377026293000114, -1.066963939999951, 0.0 ], [ 100.376981332000028, -1.066891602999917, 0.0 ], [ 100.376927366000089, -1.06677404699996, 0.0 ], [ 100.376882401000017, -1.066692665999888, 0.0 ], [ 100.376882361000099, -1.066602218999954, 0.0 ], [ 100.376855356000092, -1.066493694999945, 0.0 ], [ 100.376882265000091, -1.066385146999934, 0.0 ], [ 100.37688216800008, -1.066168075999915, 0.0 ], [ 100.376891110000116, -1.066068580999943, 0.0 ], [ 100.376873050000043, -1.065869605999911, 0.0 ], [ 100.376962859000102, -1.065761029999987, 0.0 ], [ 100.376980762000073, -1.065607262999965, 0.0 ], [ 100.377043597000025, -1.06546251999989, 0.0 ], [ 100.377088457000099, -1.065308740999956, 0.0 ], [ 100.377115354000111, -1.065173058999921, 0.0 ], [ 100.377169228000028, -1.065082587999896, 0.0 ], [ 100.37723207900008, -1.064974023999973, 0.0 ], [ 100.377276952000059, -1.064847378999975, 0.0 ], [ 100.377294895000034, -1.064784057999887, 0.0 ], [ 100.377303877000074, -1.064775008999938, 0.0 ], [ 100.377357758000088, -1.0647026279999, 0.0 ], [ 100.377366700000024, -1.064603132999927, 0.0 ], [ 100.377401719, -1.064573708999891, 0.0 ], [ 100.37744755500006, -1.064566917999951, 0.0 ], [ 100.377515824000028, -1.064544940999909, 0.0 ], [ 100.377537380000035, -1.064494519999911, 0.0 ], [ 100.377553815000056, -1.064434842999948, 0.0 ], [ 100.377564292000031, -1.064395016999939, 0.0 ], [ 100.377618186000049, -1.064349768999925, 0.0 ], [ 100.377665512000064, -1.064336676999908, 0.0 ], [ 100.377779912000022, -1.064313517999945, 0.0 ], [ 100.377842804000082, -1.064295400999868, 0.0 ], [ 100.377923655000103, -1.064250140999942, 0.0 ], [ 100.378022481000116, -1.064213917999965, 0.0 ], [ 100.378103348000053, -1.064204836999924, 0.0 ], [ 100.378193193000115, -1.064177661999896, 0.0 ], [ 100.378318984000046, -1.064159516999904, 0.0 ], [ 100.37841782700005, -1.064159471999989, 0.0 ], [ 100.378498694000072, -1.064150390999949, 0.0 ], [ 100.378597536000086, -1.064150346999945, 0.0 ], [ 100.378660432000046, -1.064141273999905, 0.0 ], [ 100.378840153000084, -1.064159281999885, 0.0 ], [ 100.379019863000039, -1.064150156999929, 0.0 ], [ 100.379136652000014, -1.064095835999964, 0.0 ], [ 100.379199532000072, -1.064050584999951, 0.0 ], [ 100.379307348000012, -1.064023401999922, 0.0 ], [ 100.379433143000128, -1.064014300999879, 0.0 ], [ 100.379522987000101, -1.06398712699994, 0.0 ], [ 100.379603842000037, -1.063950911999875, 0.0 ], [ 100.379709954000106, -1.063938507999914, 0.0 ], [ 100.37976556800001, -1.063914659999984, 0.0 ], [ 100.379936288000096, -1.063896493999902, 0.0 ], [ 100.380098010000069, -1.063851197999885, 0.0 ], [ 100.38029566600008, -1.063787796999968, 0.0 ], [ 100.380394492000079, -1.063751574, 0.0 ], [ 100.380511290000072, -1.063715341999924, 0.0 ], [ 100.380670341000084, -1.063696374999953, 0.0 ], [ 100.380861714000019, -1.063679005999937, 0.0 ], [ 100.380969526000058, -1.063642778999959, 0.0 ], [ 100.381086328000038, -1.06361559199993, 0.0 ], [ 100.381185162000051, -1.06359745899994, 0.0 ], [ 100.381274998000023, -1.063552194999925, 0.0 ], [ 100.381355861000046, -1.063534068999935, 0.0 ], [ 100.381436740000083, -1.063552121999919, 0.0 ], [ 100.381508633000081, -1.063570178999903, 0.0 ], [ 100.381562571000103, -1.06362442199995, 0.0 ], [ 100.381634481, -1.063678657999908, 0.0 ], [ 100.381688399000026, -1.063687677999944, 0.0 ], [ 100.381724366000071, -1.063741929999903, 0.0 ], [ 100.381769322000068, -1.0638052219999, 0.0 ], [ 100.381715448000051, -1.063895692999925, 0.0 ], [ 100.381598671000063, -1.063977146999914, 0.0 ], [ 100.381526818000069, -1.064049535999953, 0.0 ], [ 100.381490916000033, -1.064139998999977, 0.0 ], [ 100.381437050000017, -1.0642485589999, 0.0 ], [ 100.381392166000026, -1.064348069999873, 0.0 ], [ 100.381365257000112, -1.064456617999884, 0.0 ], [ 100.381329355000076, -1.064547079999908, 0.0 ], [ 100.381293469000042, -1.064673721999906, 0.0 ], [ 100.381262826000082, -1.064816062999959, 0.0 ], [ 100.38118574500001, -1.064908930999916, 0.0 ], [ 100.381131872000083, -1.064999400999941, 0.0 ], [ 100.381006197000076, -1.065279841999875, 0.0 ], [ 100.380939752000074, -1.065400116999967, 0.0 ], [ 100.380898462000033, -1.06548791699986, 0.0 ], [ 100.380916469000013, -1.065569310999933, 0.0 ], [ 100.381015364000035, -1.065686846999888, 0.0 ], [ 100.381114231000041, -1.065741069999934, 0.0 ], [ 100.38118614400004, -1.065804349999929, 0.0 ], [ 100.381267051000066, -1.065885714999911, 0.0 ], [ 100.381365914000085, -1.065930892999919, 0.0 ], [ 100.381554673000068, -1.066066477999858, 0.0 ], [ 100.38176139200003, -1.066174919999948, 0.0 ], [ 100.381887215000049, -1.066229130999904, 0.0 ], [ 100.381986082000054, -1.06628335399995, 0.0 ], [ 100.38208494000007, -1.06631948799992, 0.0 ], [ 100.382228731000055, -1.066364645999926, 0.0 ], [ 100.382291651000031, -1.066409840999935, 0.0 ], [ 100.382390505000032, -1.066436929999956, 0.0 ], [ 100.382489359000047, -1.066464018999977, 0.0 ], [ 100.382687060000052, -1.066500107999943, 0.0 ], [ 100.382776913000029, -1.066491022999902, 0.0 ], [ 100.382923050000045, -1.066511995999949, 0.0 ], [ 100.383127386000069, -1.066563221999925, 0.0 ], [ 100.383226224000083, -1.066554131999972, 0.0 ], [ 100.383414923000061, -1.066554046999965, 0.0 ], [ 100.383594644000098, -1.066572054999945, 0.0 ], [ 100.383684504000072, -1.066581058999891, 0.0 ], [ 100.383792328000112, -1.066571964999937, 0.0 ], [ 100.383837269000097, -1.06659907899996, 0.0 ], [ 100.38387173400011, -1.06668386699987, 0.0 ], [ 100.383873268000059, -1.066725687999956, 0.0 ], [ 100.383931204000064, -1.066760417999898, 0.0 ], [ 100.383990106000041, -1.066779901999912, 0.0 ], [ 100.38411592500006, -1.066825068999918, 0.0 ], [ 100.384205798000039, -1.066861205999889, 0.0 ], [ 100.384286697000078, -1.066924481999884, 0.0 ], [ 100.384358623000068, -1.067014895999904, 0.0 ], [ 100.384457481000084, -1.067051028999963, 0.0 ], [ 100.384556319000083, -1.067041939999921, 0.0 ], [ 100.384655165000098, -1.067050939999955, 0.0 ], [ 100.384771987000079, -1.067068975999938, 0.0 ], [ 100.384852878000018, -1.067114162999946, 0.0 ], [ 100.384888833000062, -1.067141279999881, 0.0 ], [ 100.384951753000038, -1.067186474999978, 0.0 ], [ 100.38505960100008, -1.067231648999897, 0.0 ], [ 100.385221395000045, -1.067349155999938, 0.0 ], [ 100.385279483000062, -1.06733892799998, 0.0 ], [ 100.385356168000015, -1.067321960999909, 0.0 ], [ 100.385463995000052, -1.067321911999905, 0.0 ], [ 100.385562850000056, -1.067349000999926, 0.0 ], [ 100.385742559, -1.06733987499997, 0.0 ], [ 100.385940251000108, -1.06735787399986, 0.0 ], [ 100.386137952000041, -1.067393962999915, 0.0 ], [ 100.386326670000102, -1.06743910099992, 0.0 ], [ 100.386533340000071, -1.067439006999912, 0.0 ], [ 100.386722047000049, -1.067457009999892, 0.0 ], [ 100.386901748000085, -1.067429794999949, 0.0 ], [ 100.386982611000022, -1.067411668999959, 0.0 ], [ 100.387072479, -1.067438761999892, 0.0 ], [ 100.387171333000097, -1.067465850999913, 0.0 ], [ 100.387270180000101, -1.067474850999947, 0.0 ], [ 100.387395505000086, -1.067529412999932, 0.0 ], [ 100.387494861000036, -1.067565194999872, 0.0 ], [ 100.387540539, -1.067548490999911, 0.0 ], [ 100.387593679000048, -1.067510881999908, 0.0 ], [ 100.387683539000108, -1.067519885999943, 0.0 ], [ 100.387773388000085, -1.067501755999952, 0.0 ], [ 100.387816296000082, -1.067486145999904, 0.0 ], [ 100.387863248000059, -1.067510759999898, 0.0 ], [ 100.387878139000051, -1.067550730999919, 0.0 ], [ 100.387863281000065, -1.067583116999934, 0.0 ], [ 100.387845342000091, -1.067655481999971, 0.0 ], [ 100.387818421000077, -1.067736895999868, 0.0 ], [ 100.387755538000121, -1.067773102999933, 0.0 ], [ 100.387683681000027, -1.067836447999934, 0.0 ], [ 100.387674728, -1.06790880899997, 0.0 ], [ 100.387674826000094, -1.068125878999989, 0.0 ], [ 100.387665893000076, -1.068243462999948, 0.0 ], [ 100.387665994000074, -1.068469577999917, 0.0 ], [ 100.387666055000082, -1.068605247999862, 0.0 ], [ 100.387639147000073, -1.068713794999962, 0.0 ], [ 100.387657175000058, -1.068840411999869, 0.0 ], [ 100.387675203000043, -1.068967027999953, 0.0 ], [ 100.387693227000028, -1.069084599999911, 0.0 ], [ 100.387720237000039, -1.069202166999958, 0.0 ], [ 100.387720294000047, -1.069328791999954, 0.0 ], [ 100.387729332000077, -1.069446367999912, 0.0 ], [ 100.387738375000112, -1.069572987999909, 0.0 ], [ 100.387738407000114, -1.069645344999945, 0.0 ], [ 100.387729438000093, -1.069681527999919, 0.0 ], [ 100.387729479000086, -1.069771973999941, 0.0 ], [ 100.387774447000083, -1.069862398999874, 0.0 ], [ 100.387846373000087, -1.069952812999894, 0.0 ], [ 100.387909309000051, -1.070034185999877, 0.0 ], [ 100.387972250000104, -1.070124602999897, 0.0 ], [ 100.388008237000065, -1.070224076999956, 0.0 ], [ 100.388062188000092, -1.070305453999939, 0.0 ], [ 100.388152072000068, -1.070368725999934, 0.0 ], [ 100.388241953000033, -1.070422951999891, 0.0 ], [ 100.388340812000052, -1.07045908599995, 0.0 ], [ 100.388430685000017, -1.07049522299992, 0.0 ], [ 100.388511572000056, -1.070531364999979, 0.0 ], [ 100.388574500000018, -1.070594647999886, 0.0 ], [ 100.388592512000088, -1.070685085999909, 0.0 ], [ 100.388574581000029, -1.070775540999932, 0.0 ], [ 100.388538679000078, -1.070866002999868, 0.0 ], [ 100.388493796, -1.07096551399993, 0.0 ], [ 100.388466880000081, -1.071055972999954, 0.0 ], [ 100.388439963000081, -1.071146430999889, 0.0 ], [ 100.388413047000071, -1.071236888999913, 0.0 ], [ 100.388359166000058, -1.071309270999951, 0.0 ], [ 100.38830528400004, -1.0713816519999, 0.0 ], [ 100.38828735400007, -1.071472105999923, 0.0 ], [ 100.38826043800006, -1.071562564999947, 0.0 ], [ 100.388269472, -1.071671095999868, 0.0 ], [ 100.388260531000071, -1.071770590999929, 0.0 ], [ 100.38831022300009, -1.072014599999868, 0.0 ], [ 100.388297991000059, -1.072089630999859, 0.0 ], [ 100.388220669000049, -1.072186534999972, 0.0 ], [ 100.388134844000064, -1.072259697999897, 0.0 ], [ 100.388077337000098, -1.072360391999968, 0.0 ], [ 100.388081153000059, -1.072453458999941, 0.0 ], [ 100.388155708000099, -1.072498061, 0.0 ], [ 100.388277422000044, -1.072505602, 0.0 ], [ 100.388408567000056, -1.072504591999909, 0.0 ], [ 100.388498207000012, -1.072522594999889, 0.0 ], [ 100.38859547000007, -1.072704889999962, 0.0 ], [ 100.388572852000067, -1.07276283099996, 0.0 ], [ 100.388483264000016, -1.072861638999875, 0.0 ], [ 100.388488973000051, -1.072968001999882, 0.0 ], [ 100.388561654000029, -1.073038244999921, 0.0 ], [ 100.388635264000072, -1.073076197999953, 0.0 ], [ 100.388686243000024, -1.073143601999934, 0.0 ], [ 100.388720257, -1.07325185099992, 0.0 ], [ 100.388722201000078, -1.073377207999901, 0.0 ], [ 100.388730743000067, -1.073490217999925, 0.0 ], [ 100.388800622000076, -1.07362124099993, 0.0 ], [ 100.388886545000076, -1.073765553999969, 0.0 ], [ 100.388913015000057, -1.073884252999932, 0.0 ], [ 100.388931949000025, -1.074024796999925, 0.0 ], [ 100.388973514000085, -1.07413683999987, 0.0 ], [ 100.389086840000047, -1.074374208999881, 0.0 ], [ 100.389161457000085, -1.074551765999917, 0.0 ], [ 100.389179441000067, -1.074679015999966, 0.0 ], [ 100.389186085000091, -1.074770181999959, 0.0 ], [ 100.389186136, -1.074881294999916, 0.0 ], [ 100.389182419000051, -1.075006654999896, 0.0 ], [ 100.389161746000028, -1.075193752999922, 0.0 ], [ 100.389121252000052, -1.075359964999908, 0.0 ], [ 100.389057169000083, -1.075525241, 0.0 ], [ 100.388988338000061, -1.075624988999898, 0.0 ], [ 100.38896291800009, -1.075744660999941, 0.0 ], [ 100.388836587000029, -1.07596124599992, 0.0 ], [ 100.388698900000094, -1.07610091199993, 0.0 ], [ 100.388634804000034, -1.076237696999968, 0.0 ], [ 100.388613157000023, -1.076353567999963, 0.0 ], [ 100.388637738000014, -1.076465618999908, 0.0 ], [ 100.388783453000073, -1.076690483999862, 0.0 ], [ 100.388828457000074, -1.076759932999924, 0.0 ], [ 100.388958758000015, -1.076977350999883, 0.0 ], [ 100.389038048, -1.077056138999918, 0.0 ], [ 100.389132405000083, -1.077074139999986, 0.0 ], [ 100.389177692000018, -1.077071269999927, 0.0 ], [ 100.389190867000039, -1.076997187999925, 0.0 ], [ 100.389170967000084, -1.076805360999952, 0.0 ], [ 100.389189810000033, -1.076747422999954, 0.0 ], [ 100.389233202000071, -1.076726509999911, 0.0 ], [ 100.389293588000015, -1.076732179999937, 0.0 ], [ 100.389435171000088, -1.076863170999939, 0.0 ], [ 100.389489927000085, -1.076935321999958, 0.0 ], [ 100.38950035600007, -1.077044529999934, 0.0 ], [ 100.389497564000095, -1.077130952999891, 0.0 ], [ 100.389518338000045, -1.077170830999904, 0.0 ], [ 100.389556094000056, -1.077205001999978, 0.0 ], [ 100.389598555000106, -1.077212579999983, 0.0 ], [ 100.389647613000079, -1.077203061, 0.0 ], [ 100.389688155000059, -1.077141311999949, 0.0 ], [ 100.389781486000061, -1.07697697499994, 0.0 ], [ 100.389881409000068, -1.076784142999884, 0.0 ], [ 100.389984154000032, -1.076574215999923, 0.0 ], [ 100.390148224000114, -1.076357611999942, 0.0 ], [ 100.390276473000071, -1.076209402999936, 0.0 ], [ 100.390349082000029, -1.076122948999977, 0.0 ], [ 100.390417943000045, -1.076091577999868, 0.0 ], [ 100.390509446000067, -1.076054496999909, 0.0 ], [ 100.390605641000036, -1.075961383999932, 0.0 ], [ 100.390649017000072, -1.07591008099995, 0.0 ], [ 100.390717189000028, -1.075845407999928, 0.0 ], [ 100.390761201000032, -1.075706797999917, 0.0 ], [ 100.390976149000053, -1.075334423999927, 0.0 ], [ 100.391048706, -1.075132107999885, 0.0 ], [ 100.391118457000104, -1.074982027, 0.0 ], [ 100.391189175000093, -1.074885126999966, 0.0 ], [ 100.391343843000101, -1.074738803999939, 0.0 ], [ 100.391378739000046, -1.074710296999978, 0.0 ], [ 100.391416442000065, -1.074630505999949, 0.0 ], [ 100.391450357000025, -1.074517478999923, 0.0 ], [ 100.391566128000107, -1.074287716999919, 0.0 ], [ 100.391573843000032, -1.074272404999896, 0.0 ], [ 100.391682256000124, -1.074076719999869, 0.0 ], [ 100.391794440000069, -1.073873436999925, 0.0 ], [ 100.39191702300009, -1.073716682999923, 0.0 ], [ 100.392050921000063, -1.073541879999937, 0.0 ], [ 100.392132001000022, -1.073409836999936, 0.0 ], [ 100.392181950000079, -1.073283505999875, 0.0 ], [ 100.392254537000042, -1.073146718999926, 0.0 ], [ 100.392374267, -1.072943430999892, 0.0 ], [ 100.392463845000037, -1.072823730999936, 0.0 ], [ 100.392494901000035, -1.072648024999964, 0.0 ], [ 100.392561838000063, -1.072535930999926, 0.0 ], [ 100.392686303000062, -1.072364931999989, 0.0 ], [ 100.39283246400008, -1.072190122999913, 0.0 ], [ 100.392989953000054, -1.072022906999933, 0.0 ], [ 100.393086121000096, -1.071872813999949, 0.0 ], [ 100.39317756100003, -1.071699929999944, 0.0 ], [ 100.393338784000051, -1.071447239999909, 0.0 ], [ 100.393444379000073, -1.071279098999941, 0.0 ], [ 100.393530173000073, -1.071139454999933, 0.0 ], [ 100.393598044, -1.071002669999896, 0.0 ], [ 100.39362159000008, -1.070911490999901, 0.0 ], [ 100.393624371000044, -1.070801324999934, 0.0 ], [ 100.393616761000047, -1.070666474999879, 0.0 ], [ 100.39361858700002, -1.070529718999932, 0.0 ], [ 100.393633616000017, -1.07038346199991, 0.0 ], [ 100.393690168000077, -1.070255227999958, 0.0 ], [ 100.393712742000076, -1.070101368999929, 0.0 ], [ 100.393720227000074, -1.069962712999914, 0.0 ], [ 100.393723928000028, -1.069800314999888, 0.0 ], [ 100.393724833000107, -1.069712943999942, 0.0 ], [ 100.393722914000122, -1.06964361799989, 0.0 ], [ 100.39373608700005, -1.069562889999872, 0.0 ], [ 100.393766240000062, -1.069478354999895, 0.0 ], [ 100.393805836000055, -1.069411858999899, 0.0 ], [ 100.394081178000093, -1.069062249999927, 0.0 ], [ 100.394411259000051, -1.068750603999899, 0.0 ], [ 100.394780976000092, -1.068460781999899, 0.0 ], [ 100.394976227000086, -1.068346729999966, 0.0 ], [ 100.395164889000057, -1.068263071999972, 0.0 ], [ 100.395389368000068, -1.068107221999956, 0.0 ], [ 100.396022251000034, -1.067666280999976, 0.0 ], [ 100.39619201000005, -1.067511403999951, 0.0 ], [ 100.396309901000024, -1.067411633999956, 0.0 ], [ 100.396452328000095, -1.067325147999906, 0.0 ], [ 100.39659097900001, -1.067232965999917, 0.0 ], [ 100.396704163000052, -1.067155989999943, 0.0 ], [ 100.39677300600006, -1.067084731999909, 0.0 ], [ 100.396964406000095, -1.066801639999934, 0.0 ], [ 100.397168027000063, -1.066417875999889, 0.0 ], [ 100.397231266000063, -1.066334506999919, 0.0 ], [ 100.397232021000036, -1.066333511999925, 0.0 ], [ 100.397256662000117, -1.066301025999902, 0.0 ], [ 100.397354747000065, -1.066214558999942, 0.0 ], [ 100.397454729000074, -1.066156583999941, 0.0 ], [ 100.397565112000052, -1.066143237999903, 0.0 ], [ 100.397673612000062, -1.066140338999929, 0.0 ], [ 100.397783062000059, -1.066152633999881, 0.0 ], [ 100.39794913800003, -1.066202890999865, 0.0 ], [ 100.398061433000095, -1.066244625999943, 0.0 ], [ 100.398270001000029, -1.066374636999953, 0.0 ], [ 100.398346469000046, -1.066474317999941, 0.0 ], [ 100.398409757000039, -1.066638583999943, 0.0 ], [ 100.398418303000042, -1.066757289999906, 0.0 ], [ 100.398417403000053, -1.066855106999917, 0.0 ], [ 100.398396254, -1.066993232999888, 0.0 ], [ 100.398392587000046, -1.067017183999916, 0.0 ], [ 100.398387301000056, -1.06705170599993, 0.0 ], [ 100.398345884, -1.067267301999916, 0.0 ], [ 100.398304479000032, -1.067506639999912, 0.0 ], [ 100.398235720000031, -1.067762134999914, 0.0 ], [ 100.398178588000107, -1.06829488699994, 0.0 ], [ 100.398165177000052, -1.06844480599991, 0.0 ], [ 100.398142322000027, -1.068575736999907, 0.0 ], [ 100.398083757000066, -1.068719572999907, 0.0 ], [ 100.398017778000025, -1.068864090999963, 0.0 ], [ 100.397995605000062, -1.069014013999933, 0.0 ], [ 100.397992291000051, -1.069135439999943, 0.0 ], [ 100.398003112000055, -1.069219547999975, 0.0 ], [ 100.398045619000115, -1.069329419999917, 0.0 ], [ 100.398073274000097, -1.069382998, 0.0 ], [ 100.398095388000058, -1.069461534999924, 0.0 ], [ 100.398112425000051, -1.069522038999867, 0.0 ], [ 100.39812863800006, -1.069608180999978, 0.0 ], [ 100.398127989, -1.069665161999986, 0.0 ], [ 100.398094331000053, -1.069747935999906, 0.0 ], [ 100.398031018000054, -1.069826651999936, 0.0 ], [ 100.397957585000114, -1.069882309999922, 0.0 ], [ 100.397900995000043, -1.06992439299994, 0.0 ], [ 100.397825566000023, -1.07003364199992, 0.0 ], [ 100.397784508000086, -1.070147621999936, 0.0 ], [ 100.397727300000071, -1.070312484999899, 0.0 ], [ 100.397673450000056, -1.070454284999908, 0.0 ], [ 100.397562336000092, -1.070637487999878, 0.0 ], [ 100.39747480000004, -1.070803051999988, 0.0 ], [ 100.397453968, -1.070933982999986, 0.0 ], [ 100.397487036000086, -1.071035717999965, 0.0 ], [ 100.397550399000082, -1.071065535999946, 0.0 ], [ 100.397633285000012, -1.071053287999909, 0.0 ], [ 100.397704706000056, -1.07102001699991, 0.0 ], [ 100.397714809, -1.071007122999909, 0.0 ], [ 100.3977222, -1.070956243999962, 0.0 ], [ 100.39772754500008, -1.070855846999915, 0.0 ], [ 100.397739642000019, -1.070783258999949, 0.0 ], [ 100.397761187000029, -1.07073507699987, 0.0 ], [ 100.397951144000018, -1.070541661999943, 0.0 ], [ 100.398055574000054, -1.070477171999936, 0.0 ], [ 100.398155978, -1.070454740999946, 0.0 ], [ 100.398259085000106, -1.07044858899997, 0.0 ], [ 100.398407347000017, -1.070448519999964, 0.0 ], [ 100.398528662000018, -1.070470849999946, 0.0 ], [ 100.398653351000036, -1.070499283999901, 0.0 ], [ 100.39870593300013, -1.070534532999886, 0.0 ], [ 100.398768651000069, -1.070632184999972, 0.0 ], [ 100.398855647000076, -1.070763073999967, 0.0 ], [ 100.39889612500005, -1.070858023999918, 0.0 ], [ 100.398927162000049, -1.070936697999944, 0.0 ], [ 100.398957507000063, -1.070977383999935, 0.0 ], [ 100.399028287000064, -1.071018051999925, 0.0 ], [ 100.399100401000084, -1.071028193999965, 0.0 ], [ 100.39917250900001, -1.071025446999915, 0.0 ], [ 100.399205526000074, -1.071014578999904, 0.0 ], [ 100.39927493200004, -1.070997588999919, 0.0 ], [ 100.399342999000083, -1.070999592999907, 0.0 ], [ 100.399385463000044, -1.071014495999986, 0.0 ], [ 100.399415813000061, -1.071065358999931, 0.0 ], [ 100.399438095000036, -1.071160993999939, 0.0 ], [ 100.399444198000097, -1.071244427999915, 0.0 ], [ 100.399475899000066, -1.071302750999944, 0.0 ], [ 100.399520392000014, -1.071333932999949, 0.0 ], [ 100.39955074200013, -1.071384795999894, 0.0 ], [ 100.399547409000022, -1.071468232999958, 0.0 ], [ 100.3994935300001, -1.071542875999917, 0.0 ], [ 100.399438971000023, -1.071605986999899, 0.0 ], [ 100.399426200000036, -1.071679253999921, 0.0 ], [ 100.39944914700007, -1.071755894999956, 0.0 ], [ 100.399536797000039, -1.071844039999966, 0.0 ], [ 100.399618348000033, -1.071858246999899, 0.0 ], [ 100.399697195000073, -1.071854140999914, 0.0 ], [ 100.399792873000081, -1.071812718999951, 0.0 ], [ 100.399892591000082, -1.071762474999968, 0.0 ], [ 100.400003784000035, -1.071753604999945, 0.0 ], [ 100.400089374000018, -1.071758992999946, 0.0 ], [ 100.40012577600001, -1.071782039999899, 0.0 ], [ 100.400131199000015, -1.071850548999972, 0.0 ], [ 100.400126512000071, -1.071917028999966, 0.0 ], [ 100.400146744000054, -1.071950257999962, 0.0 ], [ 100.400199984000025, -1.071948876999937, 0.0 ], [ 100.400276120000015, -1.071913568999946, 0.0 ], [ 100.400339445000014, -1.071861306999885, 0.0 ], [ 100.400399394, -1.071795479999945, 0.0 ], [ 100.400457333000091, -1.071756788999942, 0.0 ], [ 100.400530118000063, -1.071758788999929, 0.0 ], [ 100.400603585000013, -1.071779105999923, 0.0 ], [ 100.400655494000048, -1.071817068999955, 0.0 ], [ 100.400761997000075, -1.071869931999977, 0.0 ], [ 100.400870501000071, -1.071875986999945, 0.0 ], [ 100.401010007000068, -1.071884062999903, 0.0 ], [ 100.401211524000047, -1.071917207999892, 0.0 ], [ 100.40131330100003, -1.071951756999908, 0.0 ], [ 100.401414428000052, -1.072034466999913, 0.0 ], [ 100.401473101000107, -1.072129407999952, 0.0 ], [ 100.401502120000018, -1.072218257999932, 0.0 ], [ 100.401546611000057, -1.072246048999922, 0.0 ], [ 100.401588396000051, -1.072248743999968, 0.0 ], [ 100.401611973000058, -1.072227703999914, 0.0 ], [ 100.401622730000057, -1.072170717999906, 0.0 ], [ 100.401645596, -1.072066920999934, 0.0 ], [ 100.401688698, -1.072001780999873, 0.0 ], [ 100.401751349000037, -1.071951554999892, 0.0 ], [ 100.401832216000074, -1.071941341999935, 0.0 ], [ 100.401885456000031, -1.071944030999891, 0.0 ], [ 100.401927225000023, -1.071910772999892, 0.0 ], [ 100.401965607000093, -1.071844277999897, 0.0 ], [ 100.401987774000062, -1.071683500999917, 0.0 ], [ 100.402016024, -1.071562064, 0.0 ], [ 100.402040255000045, -1.071498288999958, 0.0 ], [ 100.402117045000097, -1.071414817999891, 0.0 ], [ 100.402158483000065, -1.071383019999924, 0.0 ], [ 100.402348791000094, -1.071236985999921, 0.0 ], [ 100.402741562000074, -1.070962753999879, 0.0 ], [ 100.403141756000068, -1.070750556999908, 0.0 ], [ 100.403227324000042, -1.070666085999935, 0.0 ], [ 100.403279211000068, -1.070657243999914, 0.0 ], [ 100.403365473000093, -1.070657882999967, 0.0 ], [ 100.403440290000077, -1.070684302999933, 0.0 ], [ 100.403503643000079, -1.070694449999973, 0.0 ], [ 100.403546776, -1.070699856999976, 0.0 ], [ 100.403574405000072, -1.07069441699997, 0.0 ], [ 100.403601346000073, -1.070661165999972, 0.0 ], [ 100.403630279000069, -1.070558043999878, 0.0 ], [ 100.403672015000055, -1.070456951999951, 0.0 ], [ 100.403699611000036, -1.070399308999889, 0.0 ], [ 100.403703675000102, -1.070390819999897, 0.0 ], [ 100.403709045000099, -1.070379603999857, 0.0 ], [ 100.403751473000057, -1.070314463999974, 0.0 ], [ 100.403815471000115, -1.07026084599989, 0.0 ], [ 100.403912506000069, -1.070241806999913, 0.0 ], [ 100.404014271000051, -1.070247186999914, 0.0 ], [ 100.404079653000039, -1.07027361199988, 0.0 ], [ 100.404135632000049, -1.07036855399992, 0.0 ], [ 100.404140564000016, -1.070394507999936, 0.0 ], [ 100.404152226000093, -1.070455886999952, 0.0 ], [ 100.404155222000071, -1.070471653999924, 0.0 ], [ 100.40416065000008, -1.070551694999885, 0.0 ], [ 100.404195062000085, -1.070645967999958, 0.0 ], [ 100.404257768000036, -1.070713094999917, 0.0 ], [ 100.404388442000098, -1.070766171999868, 0.0 ], [ 100.404503829000049, -1.070792166999976, 0.0 ], [ 100.404675307000034, -1.070865890999858, 0.0 ], [ 100.404843564, -1.070965664999942, 0.0 ], [ 100.405015061000071, -1.071081718999952, 0.0 ], [ 100.405158524000043, -1.071198869999876, 0.0 ], [ 100.405257780000085, -1.07131712599989, 0.0 ], [ 100.405394835000052, -1.071569948999937, 0.0 ], [ 100.405472593000098, -1.071837459999866, 0.0 ], [ 100.405528574000101, -1.071938506999967, 0.0 ], [ 100.405598713000046, -1.072053112999857, 0.0 ], [ 100.405695814000083, -1.072173812999896, 0.0 ], [ 100.405758534000128, -1.072274857999908, 0.0 ], [ 100.405777428000093, -1.072329114999956, 0.0 ], [ 100.405787597000042, -1.072458673999929, 0.0 ], [ 100.405774851000061, -1.072589598999926, 0.0 ], [ 100.405734484000092, -1.072736138999971, 0.0 ], [ 100.405706219000066, -1.072826371999888, 0.0 ], [ 100.40565167700008, -1.07292611299988, 0.0 ], [ 100.405580283000035, -1.073012973999873, 0.0 ], [ 100.405483286000091, -1.073118160999961, 0.0 ], [ 100.40541189800004, -1.073224693999983, 0.0 ], [ 100.405376224000022, -1.073318321999913, 0.0 ], [ 100.405367512000012, -1.073426859999923, 0.0 ], [ 100.405370926000032, -1.073524539999923, 0.0 ], [ 100.405420172000021, -1.073633730999987, 0.0 ], [ 100.405461337000048, -1.07375648999993, 0.0 ], [ 100.405456655000108, -1.073833144999966, 0.0 ], [ 100.405434461000041, -1.073933549999925, 0.0 ], [ 100.40543855200012, -1.074037334999897, 0.0 ], [ 100.405497216000086, -1.074105818999968, 0.0 ], [ 100.405594267000126, -1.074123410999913, 0.0 ], [ 100.405658283, -1.074107779999952, 0.0 ], [ 100.405760008000073, -1.074028367999954, 0.0 ], [ 100.405820648000116, -1.07400052699996, 0.0 ], [ 100.405883323000054, -1.074001853999892, 0.0 ], [ 100.406496048000037, -1.074291221999943, 0.0 ], [ 100.406626156000058, -1.074380023999918, 0.0 ], [ 100.406697623000113, -1.074447824999933, 0.0 ], [ 100.406734048000018, -1.074523782999911, 0.0 ], [ 100.40675160000005, -1.074589573999937, 0.0 ], [ 100.406757021000047, -1.074654691999907, 0.0 ], [ 100.406782659000044, -1.074717765999885, 0.0 ], [ 100.406837251000027, -1.074726557999902, 0.0 ], [ 100.406976757000024, -1.074738025999963, 0.0 ], [ 100.40706369400003, -1.07474002099995, 0.0 ], [ 100.40709873200008, -1.074725758999925, 0.0 ], [ 100.407158709000072, -1.074720982999974, 0.0 ], [ 100.407264515000037, -1.074724325999984, 0.0 ], [ 100.407451874000074, -1.07474526699994, 0.0 ], [ 100.407559040000066, -1.074774386999952, 0.0 ], [ 100.407634546000097, -1.074831330999867, 0.0 ], [ 100.407691211999989, -1.074957475999913, 0.0 ], [ 100.407710779000098, -1.075009020999914, 0.0 ], [ 100.407730338000121, -1.07504021599992, 0.0 ], [ 100.407772127000015, -1.075053763999975, 0.0 ], [ 100.407863104000086, -1.075048971999934, 0.0 ], [ 100.407954747000034, -1.075027900999878, 0.0 ], [ 100.408065928999989, -1.074996646999956, 0.0 ], [ 100.408222255000055, -1.074946375999971, 0.0 ], [ 100.408417682000049, -1.074923899999888, 0.0 ], [ 100.408561219000035, -1.0749068749999, 0.0 ], [ 100.408680837000063, -1.074892230999932, 0.0 ], [ 100.408740165, -1.074863451999949, 0.0 ], [ 100.40882101900003, -1.074827235999972, 0.0 ], [ 100.408892895000022, -1.074809113999894, 0.0 ], [ 100.409009691, -1.074772880999916, 0.0 ], [ 100.409126479000079, -1.074718559999951, 0.0 ], [ 100.409225275, -1.074619023999976, 0.0 ], [ 100.409333421000056, -1.074541988999908, 0.0 ], [ 100.409468875000073, -1.074410308999937, 0.0 ], [ 100.409548627000021, -1.074338493999946, 0.0 ], [ 100.409593522000094, -1.074266115999908, 0.0 ], [ 100.40962045, -1.074202791999909, 0.0 ], [ 100.40966535700008, -1.074157548999896, 0.0 ], [ 100.409710260000068, -1.074103260999934, 0.0 ], [ 100.409746169000101, -1.074030887999896, 0.0 ], [ 100.40980004500004, -1.073949461999909, 0.0 ], [ 100.409835954000073, -1.073877088999961, 0.0 ], [ 100.409844932000013, -1.073858995999974, 0.0 ], [ 100.409889412000055, -1.073821426999885, 0.0 ], [ 100.409988664000096, -1.073777528999894, 0.0 ], [ 100.410033600000091, -1.073795596999968, 0.0 ], [ 100.410112883000068, -1.073804571999911, 0.0 ], [ 100.410159402000019, -1.073804582999912, 0.0 ], [ 100.410204338000085, -1.073822650999897, 0.0 ], [ 100.410276219000082, -1.073813572999946, 0.0 ], [ 100.410321138000072, -1.073795462999957, 0.0 ], [ 100.410321130000071, -1.07377737399997, 0.0 ], [ 100.410303155000094, -1.073768337999933, 0.0 ], [ 100.410285163000111, -1.073723123999923, 0.0 ], [ 100.410276165000084, -1.073695993999898, 0.0 ], [ 100.41027615600008, -1.073677904999911, 0.0 ], [ 100.410330049, -1.073632657999898, 0.0 ], [ 100.410482738000027, -1.073487873999909, 0.0 ], [ 100.410554606000034, -1.073451662999933, 0.0 ], [ 100.410626482000026, -1.073433539999943, 0.0 ], [ 100.410689368000078, -1.073406377999916, 0.0 ], [ 100.410770214000109, -1.073352072999953, 0.0 ], [ 100.410821451000075, -1.073326256999948, 0.0 ], [ 100.410842082000016, -1.073315861999976, 0.0 ], [ 100.410904968000068, -1.073288698999949, 0.0 ], [ 100.41097683600006, -1.073252486999884, 0.0 ], [ 100.411059758000079, -1.073196787999894, 0.0 ], [ 100.41108463000009, -1.073180080999933, 0.0 ], [ 100.411144761000102, -1.073177954999935, 0.0 ], [ 100.411183471000101, -1.073180034999929, 0.0 ], [ 100.411199673000027, -1.073163571999899, 0.0 ], [ 100.411238162000103, -1.073107556999972, 0.0 ], [ 100.411273801000021, -1.073059439999899, 0.0 ], [ 100.411327166, -1.073017166999865, 0.0 ], [ 100.411416996000057, -1.072962857999901, 0.0 ], [ 100.41145292600001, -1.072935707999875, 0.0 ], [ 100.411551726000113, -1.072845216999937, 0.0 ], [ 100.411587623000059, -1.072745709999875, 0.0 ], [ 100.411605565000031, -1.072682390999876, 0.0 ], [ 100.41161450900006, -1.072591940999942, 0.0 ], [ 100.411632463000032, -1.072555754999879, 0.0 ], [ 100.41165041, -1.072501478999918, 0.0 ], [ 100.411677329000014, -1.072420065999932, 0.0 ], [ 100.411686265000043, -1.072311527999922, 0.0 ], [ 100.411695230000078, -1.07226630099991, 0.0 ], [ 100.411740129000066, -1.07220296899991, 0.0 ], [ 100.411767048000073, -1.072121554999924, 0.0 ], [ 100.411835730000064, -1.072068821999913, 0.0 ], [ 100.411910776000056, -1.072031042999896, 0.0 ], [ 100.412018582000101, -1.071985770999969, 0.0 ], [ 100.412054520000055, -1.07197670999993, 0.0 ], [ 100.412180297000063, -1.071931428999914, 0.0 ], [ 100.412243175000029, -1.0718861769999, 0.0 ], [ 100.412306041000079, -1.071813791999951, 0.0 ], [ 100.412386886000021, -1.071759486999898, 0.0 ], [ 100.412431793000096, -1.071714242999974, 0.0 ], [ 100.412458737000108, -1.071687096999948, 0.0 ], [ 100.41249465100006, -1.07162376899986, 0.0 ], [ 100.412512589000031, -1.071551404999912, 0.0 ], [ 100.412548506000064, -1.07149712099995, 0.0 ], [ 100.412620353000065, -1.071415686999963, 0.0 ], [ 100.412656271000017, -1.071361402999912, 0.0 ], [ 100.41273709500004, -1.071261875999937, 0.0 ], [ 100.412764035000052, -1.071225684999963, 0.0 ], [ 100.412781994000028, -1.071198543999937, 0.0 ], [ 100.412826888000012, -1.0711261669999, 0.0 ], [ 100.412871775000085, -1.071035700999964, 0.0 ], [ 100.412907692000033, -1.070981416999913, 0.0 ], [ 100.412916674000073, -1.070972367999964, 0.0 ], [ 100.412970537, -1.070863808999952, 0.0 ], [ 100.412997457000088, -1.070782395999966, 0.0 ], [ 100.413051312000022, -1.070655747999968, 0.0 ], [ 100.413060273000042, -1.070601475999919, 0.0 ], [ 100.413087171000058, -1.070474840999921, 0.0 ], [ 100.413087117000046, -1.070357261999963, 0.0 ], [ 100.413087093000044, -1.070302994999913, 0.0 ], [ 100.413131971000027, -1.070194439999902, 0.0 ], [ 100.413158886000033, -1.070103981999967, 0.0 ], [ 100.413176799000013, -1.06997735099997, 0.0 ], [ 100.413212716000046, -1.06992306699992, 0.0 ], [ 100.413221643999989, -1.069796439999923, 0.0 ], [ 100.413221619000069, -1.069742172999963, 0.0 ], [ 100.413230580000018, -1.069687901999913, 0.0 ], [ 100.413230518, -1.069552233999968, 0.0 ], [ 100.413275388000088, -1.06942558999997, 0.0 ], [ 100.413284328000017, -1.069326095999909, 0.0 ], [ 100.413275284000079, -1.069199476999913, 0.0 ], [ 100.413272120000073, -1.069179126999916, 0.0 ], [ 100.413253081, -1.069136060999906, 0.0 ], [ 100.413215492000106, -1.069079125, 0.0 ], [ 100.413194344000033, -1.069045757999895, 0.0 ], [ 100.413082948000053, -1.068826361999861, 0.0 ], [ 100.412608402000046, -1.068290558999937, 0.0 ], [ 100.412301326000048, -1.067910965999882, 0.0 ], [ 100.411217943000025, -1.067626972999921, 0.0 ], [ 100.411150001000081, -1.067601361999934, 0.0 ], [ 100.411126955000043, -1.067606256999984, 0.0 ], [ 100.411095431, -1.067640458999971, 0.0 ], [ 100.411034704000045, -1.067794261999907, 0.0 ], [ 100.411026847000116, -1.067814160999955, 0.0 ], [ 100.411000922000099, -1.06787982099997, 0.0 ], [ 100.410985167000035, -1.06791035399992, 0.0 ], [ 100.410930581000045, -1.06791404199987, 0.0 ], [ 100.410892960000041, -1.06787742899995, 0.0 ], [ 100.410869887, -1.067821272999922, 0.0 ], [ 100.410815158, -1.067512383999944, 0.0 ], [ 100.410827264000034, -1.067457431999927, 0.0 ], [ 100.410846648000032, -1.067403697999922, 0.0 ], [ 100.410886665000064, -1.067373153999881, 0.0 ], [ 100.410919416000098, -1.067370697999944, 0.0 ], [ 100.410943612000068, -1.067377492999974, 0.0 ], [ 100.410986797000078, -1.067389620999911, 0.0 ], [ 100.41239952700009, -1.067786377999877, 0.0 ], [ 100.41242984900002, -1.067777817999968, 0.0 ], [ 100.412450458000038, -1.067750945999876, 0.0 ], [ 100.412451648000044, -1.067700882999908, 0.0 ], [ 100.412433035000021, -1.067671994999916, 0.0 ], [ 100.412394204000094, -1.067642708999891, 0.0 ], [ 100.412346482000046, -1.067624821999921, 0.0 ], [ 100.41227125100005, -1.067573574999944, 0.0 ], [ 100.412179040000055, -1.067531288999909, 0.0 ], [ 100.412082797, -1.067515866999877, 0.0 ], [ 100.412009202000036, -1.067507761999916, 0.0 ], [ 100.41192429000003, -1.067510242999944, 0.0 ], [ 100.411864439000041, -1.067496431999867, 0.0 ], [ 100.411798916000038, -1.067455761999966, 0.0 ], [ 100.411768176000081, -1.067413781999957, 0.0 ], [ 100.411759176000047, -1.067384391999923, 0.0 ], [ 100.411758012000035, -1.067295078999905, 0.0 ], [ 100.411780436000114, -1.067205753999886, 0.0 ], [ 100.411814130000053, -1.067128650999901, 0.0 ], [ 100.411875807000101, -1.066987509999947, 0.0 ], [ 100.411950969000017, -1.066783973999982, 0.0 ], [ 100.412017169000066, -1.066634707999889, 0.0 ], [ 100.412060923000055, -1.066523891999957, 0.0 ], [ 100.41208109800003, -1.066430045999919, 0.0 ], [ 100.412083296000034, -1.066323772999919, 0.0 ], [ 100.412080991000025, -1.066193757999908, 0.0 ], [ 100.412094421000063, -1.066089739999917, 0.0 ], [ 100.412140416000057, -1.065968748999943, 0.0 ], [ 100.412174082, -1.065903160999934, 0.0 ], [ 100.412224601, -1.065847738999878, 0.0 ], [ 100.412262751000057, -1.065760668999868, 0.0 ], [ 100.412286297000051, -1.065672473999943, 0.0 ], [ 100.412326697000097, -1.065597836999896, 0.0 ], [ 100.412398539, -1.06550283799994, 0.0 ], [ 100.412483869000056, -1.06543270299991, 0.0 ], [ 100.412590641000094, -1.065383008999973, 0.0 ], [ 100.412653507000059, -1.065310622999935, 0.0 ], [ 100.412680455000057, -1.065292521999947, 0.0 ], [ 100.412752298000058, -1.065202043999921, 0.0 ], [ 100.412878042000074, -1.065084406999958, 0.0 ], [ 100.413012780000116, -1.064984854999981, 0.0 ], [ 100.413129555000097, -1.064903400999903, 0.0 ], [ 100.413220092000032, -1.064828768999945, 0.0 ], [ 100.413228359000101, -1.064821953999914, 0.0 ], [ 100.413318189000066, -1.06476764599995, 0.0 ], [ 100.413363088000054, -1.06470431299995, 0.0 ], [ 100.413461880000057, -1.064595733999937, 0.0 ], [ 100.413505271000091, -1.064499125999937, 0.0 ], [ 100.413515702000069, -1.064396729999903, 0.0 ], [ 100.413552695000106, -1.064279159999945, 0.0 ], [ 100.413569533000086, -1.064215814999944, 0.0 ], [ 100.413569529000085, -1.064206769999906, 0.0 ], [ 100.413569475000074, -1.064089190999947, 0.0 ], [ 100.413560457000045, -1.064016838999912, 0.0 ], [ 100.413560416000038, -1.063926393999978, 0.0 ], [ 100.413533410000028, -1.063817872999881, 0.0 ], [ 100.413515385000039, -1.063700301999923, 0.0 ], [ 100.413479377000087, -1.063555606999941, 0.0 ], [ 100.413461377000019, -1.063492302999943, 0.0 ], [ 100.413425402000058, -1.063419963999909, 0.0 ], [ 100.41342475400009, -1.063403474999966, 0.0 ], [ 100.413422944000033, -1.063357423999886, 0.0 ], [ 100.413443316000027, -1.063293331999912, 0.0 ], [ 100.413451414000079, -1.063227229999949, 0.0 ], [ 100.413443250000029, -1.063148619999929, 0.0 ], [ 100.413443242000113, -1.063130530999942, 0.0 ], [ 100.413479151000061, -1.063058159, 0.0 ], [ 100.413550977000057, -1.062931501999905, 0.0 ], [ 100.413586883, -1.062850084999919, 0.0 ], [ 100.413631765000076, -1.062750574999946, 0.0 ], [ 100.413649724000052, -1.06272343299992, 0.0 ], [ 100.413685604000094, -1.062587748999885, 0.0 ], [ 100.413739443000026, -1.062424922999913, 0.0 ], [ 100.413793274000028, -1.062244007999954, 0.0 ], [ 100.413865084000022, -1.062081173999893, 0.0 ], [ 100.413945892000044, -1.061945468999944, 0.0 ], [ 100.413975248999989, -1.061853388999964, 0.0 ], [ 100.414008688000095, -1.061719326999885, 0.0 ], [ 100.414053579000083, -1.061637905999898, 0.0 ], [ 100.414152383000086, -1.06155645999991, 0.0 ], [ 100.414260156000026, -1.061438830999947, 0.0 ], [ 100.414367945000066, -1.061357380999869, 0.0 ], [ 100.41446674900007, -1.061275934999969, 0.0 ], [ 100.414493689000082, -1.061239744999906, 0.0 ], [ 100.41451461100003, -1.06116394699994, 0.0 ], [ 100.414538493000052, -1.060968388999925, 0.0 ], [ 100.414570480000037, -1.060887789999917, 0.0 ], [ 100.414610295000045, -1.060787465999965, 0.0 ], [ 100.414646172000076, -1.060642736999981, 0.0 ], [ 100.414655054000022, -1.060416619999923, 0.0 ], [ 100.414672951000071, -1.060253810999953, 0.0 ], [ 100.414663925000042, -1.06016336999993, 0.0 ], [ 100.414672861000071, -1.060054831999921, 0.0 ], [ 100.4146817970001, -1.059946292999911, 0.0 ], [ 100.414699695000067, -1.05978348399994, 0.0 ], [ 100.414690643000114, -1.059638775999868, 0.0 ], [ 100.414681633000086, -1.059584512999908, 0.0 ], [ 100.414685696000063, -1.059525479999909, 0.0 ], [ 100.414690565000029, -1.059466929999861, 0.0 ], [ 100.414688502000033, -1.059422817999941, 0.0 ], [ 100.414681543000071, -1.059385533999876, 0.0 ], [ 100.414654517000059, -1.059231789999945, 0.0 ], [ 100.414618509, -1.059087093999963, 0.0 ], [ 100.414555532000037, -1.058915276999869, 0.0 ], [ 100.414501570000112, -1.05880676799995, 0.0 ], [ 100.414402660000093, -1.058653056999933, 0.0 ], [ 100.414339716000129, -1.058553595999964, 0.0 ], [ 100.414249783000059, -1.05838179199996, 0.0 ], [ 100.414159875000081, -1.058264253999916, 0.0 ], [ 100.414096935000018, -1.058173837999895, 0.0 ], [ 100.414034, -1.058092465999913, 0.0 ], [ 100.41393511800004, -1.058002066999894, 0.0 ], [ 100.413845230000064, -1.05792975199995, 0.0 ], [ 100.413827214, -1.05783026999989, 0.0 ], [ 100.413818204000052, -1.05777600799993, 0.0 ], [ 100.413782184000098, -1.057604177999924, 0.0 ], [ 100.413773154000054, -1.057504692999952, 0.0 ], [ 100.413782078000082, -1.057369020999918, 0.0 ], [ 100.413797160000087, -1.057252463999866, 0.0 ], [ 100.413803043000044, -1.057117852999919, 0.0 ], [ 100.413776248000048, -1.057010178999981, 0.0 ], [ 100.413703172000041, -1.056944995999917, 0.0 ], [ 100.413476345, -1.056871712999982, 0.0 ], [ 100.413422416000074, -1.056835559999922, 0.0 ], [ 100.413309434000055, -1.056693536999894, 0.0 ], [ 100.413278566000074, -1.056654734999881, 0.0 ], [ 100.413246365000077, -1.056517264999965, 0.0 ], [ 100.413242554000121, -1.056500994999951, 0.0 ], [ 100.413215532, -1.05635629499988, 0.0 ], [ 100.413206482000064, -1.056211586999897, 0.0 ], [ 100.413188466000079, -1.056112105999926, 0.0 ], [ 100.41317045000001, -1.056012623999955, 0.0 ], [ 100.41315243400004, -1.055913142999895, 0.0 ], [ 100.413125440000016, -1.055831754999911, 0.0 ], [ 100.41308947000006, -1.055768458999914, 0.0 ], [ 100.413071478000091, -1.055723244999903, 0.0 ], [ 100.413053479000013, -1.055659942, 0.0 ], [ 100.413016692000085, -1.055598441999969, 0.0 ], [ 100.413008490000024, -1.055524294999874, 0.0 ], [ 100.412963521000037, -1.055433869999941, 0.0 ], [ 100.412891597000041, -1.055343457999921, 0.0 ], [ 100.412828657000063, -1.055253040999901, 0.0 ], [ 100.412671752000051, -1.055124779999947, 0.0 ], [ 100.412594940000091, -1.055045123999928, 0.0 ], [ 100.412523023000091, -1.054972800999895, 0.0 ], [ 100.412460092000032, -1.05490047399995, 0.0 ], [ 100.412415148000051, -1.054864315999978, 0.0 ], [ 100.412397161000072, -1.054828145999917, 0.0 ], [ 100.412361182000026, -1.054746761999933, 0.0 ], [ 100.412307232, -1.05466538599995, 0.0 ], [ 100.412226306000051, -1.054538799999868, 0.0 ], [ 100.412190335, -1.05447550499996, 0.0 ], [ 100.412163350000085, -1.054412204999963, 0.0 ], [ 100.412163330000084, -1.054366982999952, 0.0 ], [ 100.412145334000016, -1.054312723999903, 0.0 ], [ 100.412100374000033, -1.054240387999869, 0.0 ], [ 100.412055414000037, -1.054168051999923, 0.0 ], [ 100.411992466000072, -1.054059546999916, 0.0 ], [ 100.411929523000097, -1.053960085999947, 0.0 ], [ 100.411848605000074, -1.05385158899994, 0.0 ], [ 100.41178565700001, -1.053743082999933, 0.0 ], [ 100.411704747000073, -1.053652674999913, 0.0 ], [ 100.411632810000071, -1.053535128999957, 0.0 ], [ 100.411578868000049, -1.053471841999961, 0.0 ], [ 100.411515933, -1.05339046999989, 0.0 ], [ 100.411479967000034, -1.053336218999931, 0.0 ], [ 100.411417035000071, -1.053263891999897, 0.0 ], [ 100.411383070000099, -1.053211538999918, 0.0 ], [ 100.411369387000036, -1.053182230999891, 0.0 ], [ 100.41134510200007, -1.053155389999979, 0.0 ], [ 100.411324198000017, -1.053142167999951, 0.0 ], [ 100.411280799000068, -1.053117658999966, 0.0 ], [ 100.411237248000106, -1.053092127999896, 0.0 ], [ 100.411129389000067, -1.053019820999953, 0.0 ], [ 100.411012541000076, -1.052938472999884, 0.0 ], [ 100.410904690000038, -1.052884254999928, 0.0 ], [ 100.410823813, -1.052866202999944, 0.0 ], [ 100.410733941000032, -1.052830065999974, 0.0 ], [ 100.410617117000044, -1.052802985999953, 0.0 ], [ 100.410547654000069, -1.052771002999972, 0.0 ], [ 100.410509271000095, -1.052757811999857, 0.0 ], [ 100.410491271000026, -1.052694508999949, 0.0 ], [ 100.41045963500008, -1.052648997999913, 0.0 ], [ 100.410410369, -1.052622188999916, 0.0 ], [ 100.410354997000027, -1.052579647999949, 0.0 ], [ 100.410284544000064, -1.052558934999922, 0.0 ], [ 100.410226610000066, -1.05256534799992, 0.0 ], [ 100.410158763000055, -1.052595169999901, 0.0 ], [ 100.410095860000084, -1.052586153999865, 0.0 ], [ 100.410086871000047, -1.052577113999916, 0.0 ], [ 100.410041923000065, -1.052531911999907, 0.0 ], [ 100.410059877000037, -1.052495724999932, 0.0 ], [ 100.410100560000032, -1.052462504999937, 0.0 ], [ 100.410140715000068, -1.052423331999893, 0.0 ], [ 100.410136191000049, -1.052395483999899, 0.0 ], [ 100.410095779000073, -1.052405263999908, 0.0 ], [ 100.410038717000063, -1.052395528, 0.0 ], [ 100.40998794100004, -1.052378178999977, 0.0 ], [ 100.409880122000089, -1.052396316999879, 0.0 ], [ 100.409745336000043, -1.052387333999935, 0.0 ], [ 100.409691431000013, -1.052405447999924, 0.0 ], [ 100.409664478000096, -1.052414503999962, 0.0 ], [ 100.409601612000046, -1.052486888999912, 0.0 ], [ 100.409538738, -1.052541184999875, 0.0 ], [ 100.409468212000021, -1.052565692999949, 0.0 ], [ 100.409412961000072, -1.052586464999891, 0.0 ], [ 100.409368033000078, -1.052586484999892, 0.0 ], [ 100.409332087000038, -1.052577456999945, 0.0 ], [ 100.409274692000082, -1.052570806999928, 0.0 ], [ 100.409196231000081, -1.052557201999957, 0.0 ], [ 100.409152361000096, -1.052541360999889, 0.0 ], [ 100.409117768000073, -1.052539289999984, 0.0 ], [ 100.40905643300006, -1.052544342999958, 0.0 ], [ 100.409008596, -1.052550470999932, 0.0 ], [ 100.408927739000063, -1.05257764099996, 0.0 ], [ 100.408855871000071, -1.052613851999936, 0.0 ], [ 100.408801974000056, -1.052650054999912, 0.0 ], [ 100.408730106000064, -1.052686264999977, 0.0 ], [ 100.408658226000057, -1.052695342999929, 0.0 ], [ 100.408619516000059, -1.052664193999927, 0.0 ], [ 100.408604272000034, -1.052604921999908, 0.0 ], [ 100.40853238000004, -1.052586864999924, 0.0 ], [ 100.408469498000073, -1.0526230719999, 0.0 ], [ 100.408361688000042, -1.052659298999966, 0.0 ], [ 100.408307791000112, -1.052695501999942, 0.0 ], [ 100.40822693700008, -1.052731716999919, 0.0 ], [ 100.408182110000013, -1.052752934999898, 0.0 ], [ 100.408146080000051, -1.052758886999857, 0.0 ], [ 100.408101148000071, -1.05274986299991, 0.0 ], [ 100.408056110000075, -1.052760171999964, 0.0 ], [ 100.408029276000065, -1.052777028999937, 0.0 ], [ 100.407966402000014, -1.0528313249999, 0.0 ], [ 100.407903503000057, -1.052831354, 0.0 ], [ 100.407831615000063, -1.052822341999956, 0.0 ], [ 100.40775075300003, -1.052840467999946, 0.0 ], [ 100.407678894000028, -1.052894767999909, 0.0 ], [ 100.407580061000033, -1.0529129019999, 0.0 ], [ 100.407481244000024, -1.052967213999953, 0.0 ], [ 100.407419060000024, -1.052983013999928, 0.0 ], [ 100.407346470000064, -1.052985363999944, 0.0 ], [ 100.40730154200007, -1.052985383999946, 0.0 ], [ 100.407238647000028, -1.052994457999898, 0.0 ], [ 100.407202693000073, -1.052967339999963, 0.0 ], [ 100.407157753, -1.05294022699994, 0.0 ], [ 100.407067886000021, -1.052913133999919, 0.0 ], [ 100.406987020000074, -1.05292221599996, 0.0 ], [ 100.406897173000104, -1.05294034599995, 0.0 ], [ 100.406870225, -1.052958446999938, 0.0 ], [ 100.406843264000088, -1.052949414999901, 0.0 ], [ 100.406807318000034, -1.052940385999865, 0.0 ], [ 100.406774743000099, -1.052906728999922, 0.0 ], [ 100.406762279000048, -1.052895084999935, 0.0 ], [ 100.40671618500005, -1.05279900699998, 0.0 ], [ 100.406651035000081, -1.052785468999925, 0.0 ], [ 100.406528616000074, -1.052804743999921, 0.0 ], [ 100.406401719000058, -1.052859069999887, 0.0 ], [ 100.406314140000092, -1.052924682999897, 0.0 ], [ 100.40614685300001, -1.053078514999925, 0.0 ], [ 100.406032576000058, -1.053144031999928, 0.0 ], [ 100.406031647000077, -1.053144563999972, 0.0 ], [ 100.406016597000075, -1.053153192999975, 0.0 ], [ 100.405873988000081, -1.053235787999881, 0.0 ], [ 100.405795386000065, -1.0532821779999, 0.0 ], [ 100.405733625000025, -1.053314991999951, 0.0 ], [ 100.405655004, -1.053321810999893, 0.0 ], [ 100.405594350000044, -1.053316184999961, 0.0 ], [ 100.405556154000081, -1.053301505999901, 0.0 ], [ 100.405508969, -1.053275523999972, 0.0 ], [ 100.405473011000041, -1.053242753999925, 0.0 ], [ 100.405453895000051, -1.053194148999989, 0.0 ], [ 100.40545050700004, -1.053150056999893, 0.0 ], [ 100.405471810000023, -1.053066384999898, 0.0 ], [ 100.405545861000022, -1.052892243999967, 0.0 ], [ 100.405636790000088, -1.05278027699994, 0.0 ], [ 100.405715384000104, -1.05271240799992, 0.0 ], [ 100.405787259000107, -1.052693154999925, 0.0 ], [ 100.40585465400008, -1.052699907999951, 0.0 ], [ 100.405944520000062, -1.052724738999874, 0.0 ], [ 100.405992829000056, -1.052750719999892, 0.0 ], [ 100.405995291000082, -1.052752341999938, 0.0 ], [ 100.406010060000071, -1.052762072999943, 0.0 ], [ 100.406025411000087, -1.052772185999981, 0.0 ], [ 100.406097297000088, -1.052776676999908, 0.0 ], [ 100.406155694000034, -1.05275629999991, 0.0 ], [ 100.40621071200006, -1.05271670399992, 0.0 ], [ 100.406323014000023, -1.052678213999933, 0.0 ], [ 100.406436449000083, -1.052661204999946, 0.0 ], [ 100.406522930000051, -1.052652119999905, 0.0 ], [ 100.40662064600005, -1.052646422999878, 0.0 ], [ 100.406670064000053, -1.052639616999937, 0.0 ], [ 100.406724138000087, -1.052638312999918, 0.0 ], [ 100.406782621000033, -1.052633978999914, 0.0 ], [ 100.406831832000108, -1.052630366999882, 0.0 ], [ 100.406893168000039, -1.052626031999967, 0.0 ], [ 100.406915002000062, -1.05262377899987, 0.0 ], [ 100.406933814000027, -1.052610219, 0.0 ], [ 100.406950928000114, -1.052587583999983, 0.0 ], [ 100.406990618000108, -1.05257166499991, 0.0 ], [ 100.407040054000021, -1.052541011999949, 0.0 ], [ 100.407085666000071, -1.052488032999918, 0.0 ], [ 100.407103593000045, -1.052388534999945, 0.0 ], [ 100.407129352000041, -1.052332298999911, 0.0 ], [ 100.407166439, -1.052270926999896, 0.0 ], [ 100.407256266000061, -1.052207574999894, 0.0 ], [ 100.407319128000026, -1.052126144999907, 0.0 ], [ 100.407381986000075, -1.052035671999882, 0.0 ], [ 100.407462823000103, -1.051963278999931, 0.0 ], [ 100.407543661000034, -1.051890885999981, 0.0 ], [ 100.407570573000044, -1.051791382999919, 0.0 ], [ 100.407615464000031, -1.051709961999933, 0.0 ], [ 100.40770528600008, -1.051637564999982, 0.0 ], [ 100.407813068000038, -1.051538025999918, 0.0 ], [ 100.407893909000066, -1.051474677999916, 0.0 ], [ 100.407935374000033, -1.051437892999893, 0.0 ], [ 100.407971504000088, -1.051424475999937, 0.0 ], [ 100.408010705000038, -1.051438446999938, 0.0 ], [ 100.408072323000084, -1.051458889999942, 0.0 ], [ 100.408118547000086, -1.051474575999908, 0.0 ], [ 100.408190444000084, -1.05150167699993, 0.0 ], [ 100.408271305000113, -1.05148355099994, 0.0 ], [ 100.408334192000069, -1.051456388999913, 0.0 ], [ 100.408415057000099, -1.051447307999961, 0.0 ], [ 100.408450979000051, -1.051402068999948, 0.0 ], [ 100.408511633000018, -1.051376369999954, 0.0 ], [ 100.408585729, -1.051329650999907, 0.0 ], [ 100.408738459000034, -1.051275314999941, 0.0 ], [ 100.408823474000059, -1.051203929999897, 0.0 ], [ 100.408909115000128, -1.051121479999914, 0.0 ], [ 100.40903488400005, -1.051058110999911, 0.0 ], [ 100.409151667000032, -1.050994745999908, 0.0 ], [ 100.4092737550001, -1.050932354999897, 0.0 ], [ 100.409340306, -1.050868036999905, 0.0 ], [ 100.40943911, -1.050786591999916, 0.0 ], [ 100.409510966000099, -1.050723246999915, 0.0 ], [ 100.40962775300008, -1.050668926999951, 0.0 ], [ 100.409753510000087, -1.050578424999923, 0.0 ], [ 100.409888256000045, -1.050496962999933, 0.0 ], [ 100.410058932000055, -1.050388350999917, 0.0 ], [ 100.410139769000082, -1.050315957999878, 0.0 ], [ 100.410193654000096, -1.050252621999967, 0.0 ], [ 100.410310416000073, -1.050144034999953, 0.0 ], [ 100.410339966000038, -1.050129305999977, 0.0 ], [ 100.410379189000082, -1.050120672999974, 0.0 ], [ 100.410418230000019, -1.050116851999924, 0.0 ], [ 100.410466191000083, -1.050094070999904, 0.0 ], [ 100.410544632, -1.050064600999953, 0.0 ], [ 100.410597904000056, -1.050035369999932, 0.0 ], [ 100.410649262000049, -1.049983489999903, 0.0 ], [ 100.410687690000032, -1.049881571999908, 0.0 ], [ 100.410738344000038, -1.049824909999927, 0.0 ], [ 100.410804457000012, -1.049782028999932, 0.0 ], [ 100.410921228000078, -1.049691530999905, 0.0 ], [ 100.411029005000017, -1.04958294799998, 0.0 ], [ 100.411145776000097, -1.049492448999953, 0.0 ], [ 100.411208651000052, -1.049438154, 0.0 ], [ 100.411307442000052, -1.049329574999888, 0.0 ], [ 100.411397265000033, -1.049257177999937, 0.0 ], [ 100.411451137000043, -1.049166707999913, 0.0 ], [ 100.411567884000107, -1.049021942999925, 0.0 ], [ 100.411612771000094, -1.048931476999901, 0.0 ], [ 100.411675625000058, -1.048831958999926, 0.0 ], [ 100.41170256100007, -1.048786723999914, 0.0 ], [ 100.411747456000043, -1.048714346999876, 0.0 ], [ 100.411810322000093, -1.048641962999927, 0.0 ], [ 100.411825461000021, -1.048592003999879, 0.0 ], [ 100.411846216000043, -1.048533411999916, 0.0 ], [ 100.411837210000016, -1.048488193999905, 0.0 ], [ 100.411828180000072, -1.048388707999933, 0.0 ], [ 100.411855088000067, -1.048280161999923, 0.0 ], [ 100.411855063000075, -1.048225893999874, 0.0 ], [ 100.41186063, -1.048201932999934, 0.0 ], [ 100.41187582900001, -1.048165551999944, 0.0 ], [ 100.411893882000086, -1.048131562999973, 0.0 ], [ 100.411899942000048, -1.048117339999951, 0.0 ], [ 100.411899938000047, -1.048108294999913, 0.0 ], [ 100.411899934000047, -1.048099250999876, 0.0 ], [ 100.411890880000016, -1.047945497999944, 0.0 ], [ 100.41190879800007, -1.047827910999896, 0.0 ], [ 100.411935686000078, -1.047674141999963, 0.0 ], [ 100.411953604000047, -1.047556554999915, 0.0 ], [ 100.411926615000041, -1.04748421099988, 0.0 ], [ 100.411899622000121, -1.047402822999985, 0.0 ], [ 100.411908583000056, -1.047348551999935, 0.0 ], [ 100.411935516000071, -1.047294271999885, 0.0 ], [ 100.411944473000091, -1.047230956999886, 0.0 ], [ 100.411971405000102, -1.047176676999925, 0.0 ], [ 100.412034291000069, -1.047149514999898, 0.0 ], [ 100.412079211000048, -1.04713140599991, 0.0 ], [ 100.412160060000076, -1.047086146999895, 0.0 ], [ 100.412213924000099, -1.046977587999883, 0.0 ], [ 100.41224084000001, -1.046887130999949, 0.0 ], [ 100.412312671, -1.046769518999898, 0.0 ], [ 100.412348573000045, -1.046679057999874, 0.0 ], [ 100.412384499, -1.046642862999899, 0.0 ], [ 100.412411431000095, -1.046588583999938, 0.0 ], [ 100.412429905000025, -1.046545139999985, 0.0 ], [ 100.412438359000106, -1.046525259999939, 0.0 ], [ 100.412457502000095, -1.046479864999913, 0.0 ], [ 100.41245629000008, -1.046434806999915, 0.0 ], [ 100.412429321000062, -1.046407685999892, 0.0 ], [ 100.412429313000061, -1.046389596999905, 0.0 ], [ 100.412465239000113, -1.04635340199993, 0.0 ], [ 100.412501164000062, -1.046317207999955, 0.0 ], [ 100.412537074000014, -1.046244835999918, 0.0 ], [ 100.41256400600011, -1.046190555999956, 0.0 ], [ 100.412572967000045, -1.046136284999907, 0.0 ], [ 100.41259091400012, -1.046082009999946, 0.0 ], [ 100.412611105000011, -1.046064812999944, 0.0 ], [ 100.412639626000058, -1.046045416999938, 0.0 ], [ 100.412674561000102, -1.04601668499987, 0.0 ], [ 100.412692385000071, -1.046001600999954, 0.0 ], [ 100.4127076810001, -1.045982466999881, 0.0 ], [ 100.412707673000099, -1.045964377999894, 0.0 ], [ 100.412716630000034, -1.045901061999896, 0.0 ], [ 100.412725603000069, -1.04587392499996, 0.0 ], [ 100.412725559000066, -1.045774434999899, 0.0 ], [ 100.412754320000047, -1.045678063999919, 0.0 ], [ 100.412788380000023, -1.045602560999889, 0.0 ], [ 100.412824258000057, -1.045457831999904, 0.0 ], [ 100.412815228000028, -1.045358346999933, 0.0 ], [ 100.412842123000118, -1.045222666999898, 0.0 ], [ 100.41285105200005, -1.04509604, 0.0 ], [ 100.412833013000068, -1.044942290999881, 0.0 ], [ 100.412832944000073, -1.044788533999949, 0.0 ], [ 100.412823898000028, -1.044652870999915, 0.0 ], [ 100.412841816000096, -1.044535283999956, 0.0 ], [ 100.412841764000092, -1.044417704999908, 0.0 ], [ 100.412823740000107, -1.044300134999951, 0.0 ], [ 100.412796711000084, -1.044137344999982, 0.0 ], [ 100.412769698000076, -1.044010733999897, 0.0 ], [ 100.412769654000073, -1.043911244999926, 0.0 ], [ 100.412751659, -1.043856985999966, 0.0 ], [ 100.412733667000026, -1.043811770999955, 0.0 ], [ 100.412719717000115, -1.043754080999978, 0.0 ], [ 100.412706667000094, -1.043712293999896, 0.0 ], [ 100.412692573000086, -1.043660286999945, 0.0 ], [ 100.412670672000047, -1.043594730999938, 0.0 ], [ 100.412661634000102, -1.043477156999892, 0.0 ], [ 100.412652625000064, -1.043422893999931, 0.0 ], [ 100.412643603000035, -1.043341496999947, 0.0 ], [ 100.412634581000091, -1.043260100999873, 0.0 ], [ 100.412643522000025, -1.043160606999901, 0.0 ], [ 100.412625531000046, -1.043115391999891, 0.0 ], [ 100.41261346200011, -1.043024851999949, 0.0 ], [ 100.412598514000123, -1.042979736999946, 0.0 ], [ 100.41257154100002, -1.042943570999974, 0.0 ], [ 100.412526594000028, -1.042898368999875, 0.0 ], [ 100.412526550000024, -1.042798879, 0.0 ], [ 100.412490551000076, -1.042672271999908, 0.0 ], [ 100.412445547000075, -1.042500446999902, 0.0 ], [ 100.412400559000091, -1.04236479899987, 0.0 ], [ 100.41239153000005, -1.042265312999987, 0.0 ], [ 100.412364517000029, -1.042138701999903, 0.0 ], [ 100.412346489000058, -1.042012086999907, 0.0 ], [ 100.412301518000064, -1.041912617999937, 0.0 ], [ 100.412247548000039, -1.041786018999943, 0.0 ], [ 100.412231910000074, -1.041740084999962, 0.0 ], [ 100.412203343000016, -1.041655863999921, 0.0 ], [ 100.412190950000067, -1.041587906999894, 0.0 ], [ 100.412194735000114, -1.041545787999961, 0.0 ], [ 100.412184525000058, -1.041505666999928, 0.0 ], [ 100.412166526000078, -1.041442363999931, 0.0 ], [ 100.412112565000058, -1.041333853999923, 0.0 ], [ 100.412085580000053, -1.041270553999926, 0.0 ], [ 100.412022626000081, -1.041143959999932, 0.0 ], [ 100.411923697000063, -1.040945024999903, 0.0 ], [ 100.411824748000043, -1.040700866999952, 0.0 ], [ 100.411788766000086, -1.040610437999931, 0.0 ], [ 100.411752772000042, -1.040492875999973, 0.0 ], [ 100.411680836000045, -1.040375328999929, 0.0 ], [ 100.411644854000087, -1.040284899999907, 0.0 ], [ 100.411518985000058, -1.040122155999942, 0.0 ], [ 100.411474021000075, -1.040040774999959, 0.0 ], [ 100.411429058000081, -1.039959394999887, 0.0 ], [ 100.411393080000039, -1.039878009999903, 0.0 ], [ 100.411375069000059, -1.03978757299997, 0.0 ], [ 100.411330105000062, -1.039706192999986, 0.0 ], [ 100.411267171000105, -1.039624819999915, 0.0 ], [ 100.411213230000072, -1.039561532999919, 0.0 ], [ 100.41117617700003, -1.039504748999928, 0.0 ], [ 100.41116827000009, -1.039489196999973, 0.0 ], [ 100.411159277000053, -1.039471111999898, 0.0 ], [ 100.411123319000097, -1.039434949999926, 0.0 ], [ 100.411105336000034, -1.039407823999902, 0.0 ], [ 100.411087349000056, -1.039371653999929, 0.0 ], [ 100.411087329000054, -1.039326431999918, 0.0 ], [ 100.411096302, -1.039299293999893, 0.0 ], [ 100.411123246, -1.039272148999956, 0.0 ], [ 100.411186125000057, -1.039226897999942, 0.0 ], [ 100.411177107000114, -1.039154545999907, 0.0 ], [ 100.411137723000053, -1.039103932999982, 0.0 ], [ 100.411078231, -1.039073188999925, 0.0 ], [ 100.410988356000033, -1.039028006999917, 0.0 ], [ 100.410956393000049, -1.038987353999929, 0.0 ], [ 100.410907439000084, -1.038919508999911, 0.0 ], [ 100.410880486000082, -1.038928565999861, 0.0 ], [ 100.410835567, -1.038946674999938, 0.0 ], [ 100.410799637000054, -1.038973824999964, 0.0 ], [ 100.41077267700004, -1.038964791999927, 0.0 ], [ 100.410745688000119, -1.038892447999892, 0.0 ], [ 100.410700733000041, -1.038829156999896, 0.0 ], [ 100.410727657000052, -1.038756788999947, 0.0 ], [ 100.410718651000096, -1.038711569999936, 0.0 ], [ 100.41062874900004, -1.03860307599993, 0.0 ], [ 100.410565830000067, -1.038557881999921, 0.0 ], [ 100.410466954000057, -1.03847652499994, 0.0 ], [ 100.410409358, -1.03846711499996, 0.0 ], [ 100.41035913600011, -1.038494662999931, 0.0 ], [ 100.410296206000055, -1.038422334999897, 0.0 ], [ 100.410179351000068, -1.038322897999929, 0.0 ], [ 100.410098441000031, -1.03823248899991, 0.0 ], [ 100.409927649000025, -1.038078807999984, 0.0 ], [ 100.409873716000092, -1.038033609999975, 0.0 ], [ 100.409810814000039, -1.038024593999939, 0.0 ], [ 100.409609599000092, -1.037855, 0.0 ], [ 100.409357940000049, -1.037708138999957, 0.0 ], [ 100.408992964000049, -1.037636045999943, 0.0 ], [ 100.408894115000038, -1.037618000999959, 0.0 ], [ 100.408777296000054, -1.037599963999977, 0.0 ], [ 100.40861555, -1.037581947999907, 0.0 ], [ 100.408516705000082, -1.037572946999962, 0.0 ], [ 100.408399910000099, -1.03760917799994, 0.0 ], [ 100.408354999000025, -1.037645375999915, 0.0 ], [ 100.408274137, -1.037663501999905, 0.0 ], [ 100.408229202000086, -1.03764543299992, 0.0 ], [ 100.408058454000084, -1.037591241999966, 0.0 ], [ 100.408013523000093, -1.03758221699993, 0.0 ], [ 100.408022500000044, -1.037564123999942, 0.0 ], [ 100.408040439000018, -1.037491759999906, 0.0 ], [ 100.407968535000109, -1.037446569999897, 0.0 ], [ 100.407887634000076, -1.037374249999953, 0.0 ], [ 100.407761801000049, -1.037292904999973, 0.0 ], [ 100.407644962000063, -1.03722964599989, 0.0 ], [ 100.407537116000029, -1.037184470999883, 0.0 ], [ 100.407447249000057, -1.03715737799995, 0.0 ], [ 100.407357371000074, -1.037103150999904, 0.0 ], [ 100.407312431, -1.03707603699997, 0.0 ], [ 100.407258498000061, -1.037030838999961, 0.0 ], [ 100.40718659100007, -1.036976603999914, 0.0 ], [ 100.407114687000075, -1.036931412999905, 0.0 ], [ 100.407056720000071, -1.03689784299997, 0.0 ], [ 100.407024808000088, -1.036877185999948, 0.0 ], [ 100.406931687000025, -1.036874311999888, 0.0 ], [ 100.406881028000015, -1.036850116999929, 0.0 ], [ 100.406818122000047, -1.036832055999945, 0.0 ], [ 100.406746226000053, -1.036804953999923, 0.0 ], [ 100.406638372, -1.036741690999929, 0.0 ], [ 100.406620397000026, -1.036732653999891, 0.0 ], [ 100.406557499000058, -1.036732682999983, 0.0 ], [ 100.40653055100006, -1.036750783999882, 0.0 ], [ 100.406503610000044, -1.036786973999945, 0.0 ], [ 100.406449709000029, -1.036814131999972, 0.0 ], [ 100.40637781700012, -1.036796074999899, 0.0 ], [ 100.406332886000044, -1.036787049999862, 0.0 ], [ 100.406296936000089, -1.036768976999966, 0.0 ], [ 100.406189110000042, -1.03676902499997, 0.0 ], [ 100.406072299000058, -1.036769077999974, 0.0 ], [ 100.405955476000074, -1.036741995999865, 0.0 ], [ 100.405901559000057, -1.036732975999918, 0.0 ], [ 100.405802710000046, -1.036714930999935, 0.0 ], [ 100.405712828000077, -1.03665165899994, 0.0 ], [ 100.405676874000036, -1.036624541999917, 0.0 ], [ 100.405587015000052, -1.036615536999882, 0.0 ], [ 100.405488167000044, -1.036597491999899, 0.0 ], [ 100.405407305000026, -1.036615617999889, 0.0 ], [ 100.405353392000094, -1.036615641999891, 0.0 ], [ 100.405272515000064, -1.036597588999907, 0.0 ], [ 100.405227599000071, -1.036624741999933, 0.0 ], [ 100.405164705000018, -1.036633814999973, 0.0 ], [ 100.405101815000052, -1.036651931999874, 0.0 ], [ 100.405047902000035, -1.036651955999965, 0.0 ], [ 100.404967024000101, -1.036633902999892, 0.0 ], [ 100.404904126000048, -1.036633930999894, 0.0 ], [ 100.404860962000029, -1.036656473999894, 0.0 ], [ 100.404823276000016, -1.036679189999909, 0.0 ], [ 100.404778353000026, -1.036688254999948, 0.0 ], [ 100.404760382000049, -1.036688262999949, 0.0 ], [ 100.404751396000023, -1.036688266999949, 0.0 ], [ 100.404679512000115, -1.036688298999952, 0.0 ], [ 100.404598647000086, -1.036697379999904, 0.0 ], [ 100.4045087840001, -1.03667933099992, 0.0 ], [ 100.404445886000047, -1.036679358999923, 0.0 ], [ 100.404391969000031, -1.036670337999976, 0.0 ], [ 100.404356019, -1.036652264999901, 0.0 ], [ 100.40422124100003, -1.036661369999944, 0.0 ], [ 100.404032537000049, -1.036643364999964, 0.0 ], [ 100.403951672000019, -1.036652445999916, 0.0 ], [ 100.403834848000116, -1.036625363999985, 0.0 ], [ 100.403744997000061, -1.036634448999937, 0.0 ], [ 100.403682099, -1.036634476999939, 0.0 ], [ 100.403603190000055, -1.036612564999903, 0.0 ], [ 100.403547305000046, -1.03660740399992, 0.0 ], [ 100.403475425000053, -1.03661647999996, 0.0 ], [ 100.403448468000036, -1.036616491999961, 0.0 ], [ 100.403367607000092, -1.036634616999951, 0.0 ], [ 100.403322683000027, -1.036643682, 0.0 ], [ 100.403223847000021, -1.036652770999943, 0.0 ], [ 100.403125010000011, -1.036661858999896, 0.0 ], [ 100.40308007900002, -1.03665283499986, 0.0 ], [ 100.403044133000066, -1.036643805999912, 0.0 ], [ 100.403008191000112, -1.036643821999913, 0.0 ], [ 100.402954270000095, -1.036625756999928, 0.0 ], [ 100.402909335000018, -1.036607687999943, 0.0 ], [ 100.40282846100007, -1.036598679999909, 0.0 ], [ 100.402783542000094, -1.036616788999897, 0.0 ], [ 100.402720655000039, -1.036643949999924, 0.0 ], [ 100.402693695000025, -1.036634917999887, 0.0 ], [ 100.402639778, -1.03662589699994, 0.0 ], [ 100.402594842000013, -1.036607827999955, 0.0 ], [ 100.402540917000081, -1.036580718999932, 0.0 ], [ 100.402495970000103, -1.036535515999923, 0.0 ], [ 100.402442037000071, -1.036490316999913, 0.0 ], [ 100.402388100000053, -1.036436073999955, 0.0 ], [ 100.402271253000066, -1.036354724999974, 0.0 ], [ 100.402145420000053, -1.036273379999905, 0.0 ], [ 100.402046552000044, -1.03621011199991, 0.0 ], [ 100.402010598000089, -1.036182993999887, 0.0 ], [ 100.402001592000047, -1.036137775999965, 0.0 ], [ 100.401992563000107, -1.036038289999905, 0.0 ], [ 100.402001513000044, -1.035956884999919, 0.0 ], [ 100.402019448000019, -1.035875475999934, 0.0 ], [ 100.402037371000077, -1.035766932999923, 0.0 ], [ 100.402055311000055, -1.035694567999887, 0.0 ], [ 100.402082231000065, -1.035613154999901, 0.0 ], [ 100.402127119000042, -1.035522689999876, 0.0 ], [ 100.402127103000041, -1.035486512, 0.0 ], [ 100.402100139000126, -1.035468433999917, 0.0 ], [ 100.402046222000095, -1.035459413999881, 0.0 ], [ 100.401983319000053, -1.035450396999934, 0.0 ], [ 100.401929406000122, -1.035450420999936, 0.0 ], [ 100.401830566000015, -1.03545046499994, 0.0 ], [ 100.401704765, -1.035441476999907, 0.0 ], [ 100.401560993, -1.035432495999874, 0.0 ], [ 100.401516054000112, -1.03540538299994, 0.0 ], [ 100.401471106000116, -1.03536017999993, 0.0 ], [ 100.401417169000098, -1.035305935999883, 0.0 ], [ 100.401372222000106, -1.035260733999962, 0.0 ], [ 100.401345250000105, -1.035224566999901, 0.0 ], [ 100.401318269000086, -1.035170311999941, 0.0 ], [ 100.401309260000048, -1.035116048999893, 0.0 ], [ 100.401318222000086, -1.035061776999932, 0.0 ], [ 100.401345154000097, -1.03500749799997, 0.0 ], [ 100.401399059000113, -1.034989384999893, 0.0 ], [ 100.401443979000092, -1.034971275999904, 0.0 ], [ 100.401488883000084, -1.034916987999942, 0.0 ], [ 100.401542780000014, -1.034880785999967, 0.0 ], [ 100.401605678000067, -1.034880757999876, 0.0 ], [ 100.401650610000047, -1.034889782999912, 0.0 ], [ 100.401713488000013, -1.034844531999898, 0.0 ], [ 100.401740413000113, -1.03477216299995, 0.0 ], [ 100.401795533000055, -1.034746795999983, 0.0 ], [ 100.401848223000059, -1.034735936999883, 0.0 ], [ 100.401866194000036, -1.034735928999972, 0.0 ], [ 100.401884165000098, -1.034735920999882, 0.0 ], [ 100.401920107000052, -1.034735904999881, 0.0 ], [ 100.401924596000072, -1.034726857999932, 0.0 ], [ 100.402003833000052, -1.034685698999901, 0.0 ], [ 100.402015869000081, -1.03467912199989, 0.0 ], [ 100.402112197000051, -1.034640324999877, 0.0 ], [ 100.402143530000075, -1.034627722999989, 0.0 ], [ 100.402186606000086, -1.034612348999872, 0.0 ], [ 100.402252042000072, -1.034600450999953, 0.0 ], [ 100.402320451000051, -1.034588553999857, 0.0 ], [ 100.402427527000029, -1.034558810999972, 0.0 ], [ 100.402504859000032, -1.034499323999935, 0.0 ], [ 100.402598439000045, -1.034388198999977, 0.0 ], [ 100.402600038000088, -1.034386299999909, 0.0 ], [ 100.402036781000035, -1.034282273999917, 0.0 ], [ 100.402032317000106, -1.034277077999931, 0.0 ], [ 100.402027853000092, -1.034271882999946, 0.0 ], [ 100.402009996000032, -1.034251100999914, 0.0 ], [ 100.40200074200007, -1.034202239999956, 0.0 ], [ 100.40198272, -1.034084669, 0.0 ], [ 100.402009593000088, -1.033894720999914, 0.0 ], [ 100.402018495000021, -1.033704781999919, 0.0 ], [ 100.402009450000079, -1.033569116999974, 0.0 ], [ 100.401991411000012, -1.033415367999954, 0.0 ], [ 100.401955414000042, -1.033288759999959, 0.0 ], [ 100.401937407000062, -1.033207366999886, 0.0 ], [ 100.401919365000083, -1.033044572999916, 0.0 ], [ 100.401928335000022, -1.033008390999942, 0.0 ], [ 100.40191928600008, -1.032863681999959, 0.0 ], [ 100.401919222000075, -1.032718968999976, 0.0 ], [ 100.401910193000035, -1.032619482999916, 0.0 ], [ 100.401883161000015, -1.032447647999909, 0.0 ], [ 100.401842053000081, -1.032401591999918, 0.0 ], [ 100.401784262, -1.032312023999967, 0.0 ], [ 100.401730289000071, -1.032176378999935, 0.0 ], [ 100.401721276000032, -1.032113070999937, 0.0 ], [ 100.401705203000034, -1.032063634999933, 0.0 ], [ 100.401658322000074, -1.031986474999943, 0.0 ], [ 100.40157739700004, -1.03185988699995, 0.0 ], [ 100.401505470000032, -1.031760428999981, 0.0 ], [ 100.40146052300004, -1.031715225999971, 0.0 ], [ 100.401334678000026, -1.031606746999966, 0.0 ], [ 100.401244772000041, -1.031489207999922, 0.0 ], [ 100.401109942000076, -1.031380732999917, 0.0 ], [ 100.400984106000067, -1.031290342999899, 0.0 ], [ 100.400840302000063, -1.031209005999919, 0.0 ], [ 100.400795355000071, -1.03116380299991, 0.0 ], [ 100.400723444000079, -1.031100522999914, 0.0 ], [ 100.400597615000052, -1.031028221999971, 0.0 ], [ 100.400516730000021, -1.030992078999912, 0.0 ], [ 100.400480776000066, -1.030964961999889, 0.0 ], [ 100.400417850000011, -1.030901676999981, 0.0 ], [ 100.400386545000089, -1.030886885999912, 0.0 ], [ 100.40036086500001, -1.030879, 0.0 ], [ 100.400345958000017, -1.030883619999909, 0.0 ], [ 100.40033697700008, -1.030892668999947, 0.0 ], [ 100.40032799500004, -1.030901716999896, 0.0 ], [ 100.400292065000087, -1.030928866999922, 0.0 ], [ 100.400202230000033, -1.030974128999937, 0.0 ], [ 100.400157318000041, -1.031010327999912, 0.0 ], [ 100.400103417000111, -1.031037484999938, 0.0 ], [ 100.399995595000078, -1.031046576999891, 0.0 ], [ 100.399950676000088, -1.031064686999969, 0.0 ], [ 100.399902344000083, -1.031101471999904, 0.0 ], [ 100.399842877000054, -1.031128045999882, 0.0 ], [ 100.39982493400008, -1.03119136599997, 0.0 ], [ 100.399833934000114, -1.031237905999912, 0.0 ], [ 100.399838226000014, -1.03126662099989, 0.0 ], [ 100.399815409, -1.031279553999983, 0.0 ], [ 100.399789012000028, -1.031236604999894, 0.0 ], [ 100.399762036000112, -1.031191393999972, 0.0 ], [ 100.3997565210001, -1.031173028999962, 0.0 ], [ 100.399752056000082, -1.031155381999923, 0.0 ], [ 100.399741649000106, -1.031142523999925, 0.0 ], [ 100.399735051, -1.031128093999886, 0.0 ], [ 100.39972606200007, -1.031119052999937, 0.0 ], [ 100.399708083000093, -1.031100971999951, 0.0 ], [ 100.399690084000014, -1.031037667999954, 0.0 ], [ 100.39965410300006, -1.030947237999932, 0.0 ], [ 100.39959116900009, -1.030865864999949, 0.0 ], [ 100.399564189000088, -1.030811609999901, 0.0 ], [ 100.399528223000033, -1.030757357999942, 0.0 ], [ 100.399510236000054, -1.030721187999969, 0.0 ], [ 100.399523312000071, -1.030664669999911, 0.0 ], [ 100.399564106000071, -1.030621673999907, 0.0 ], [ 100.399528116000027, -1.030513154999898, 0.0 ], [ 100.39947415200001, -1.030395598999942, 0.0 ], [ 100.399411238000042, -1.030359448999882, 0.0 ], [ 100.399321391000072, -1.03037757799996, 0.0 ], [ 100.399276573000094, -1.030476325999871, 0.0 ], [ 100.399151809000074, -1.030593042999936, 0.0 ], [ 100.399038963000052, -1.030778553999919, 0.0 ], [ 100.398973642000072, -1.030910199999887, 0.0 ], [ 100.398911317000071, -1.031098679999939, 0.0 ], [ 100.398872727000068, -1.031197410999937, 0.0 ], [ 100.398854934000013, -1.031284165999921, 0.0 ], [ 100.398831183000098, -1.031338020999936, 0.0 ], [ 100.398764725000021, -1.031372726999965, 0.0 ], [ 100.398706386000072, -1.031376962999961, 0.0 ], [ 100.39864990300002, -1.03133211799998, 0.0 ], [ 100.398614207, -1.031254359999942, 0.0 ], [ 100.398614142000085, -1.031104793999912, 0.0 ], [ 100.398602164000067, -1.030895407999907, 0.0 ], [ 100.398688268000086, -1.030718882999956, 0.0 ], [ 100.398786282000017, -1.030593203999949, 0.0 ], [ 100.39888431200005, -1.030506412999962, 0.0 ], [ 100.398994235, -1.030431581999899, 0.0 ], [ 100.399160601000091, -1.030308863999959, 0.0 ], [ 100.39923784700008, -1.030263960999886, 0.0 ], [ 100.399276365000077, -1.030151482999905, 0.0 ], [ 100.39918643900009, -1.029988720999938, 0.0 ], [ 100.399087555000079, -1.02988927399997, 0.0 ], [ 100.399033615000064, -1.029825985999885, 0.0 ], [ 100.39897965800013, -1.029726519999915, 0.0 ], [ 100.398907727000037, -1.029618016999908, 0.0 ], [ 100.398844781000065, -1.029509509999901, 0.0 ], [ 100.39881780100005, -1.029455253999942, 0.0 ], [ 100.398823802000024, -1.029403842999951, 0.0 ], [ 100.398871659000065, -1.029328605999943, 0.0 ], [ 100.398908162000069, -1.029316458999915, 0.0 ], [ 100.398961502000049, -1.029301432999915, 0.0 ], [ 100.399042359000077, -1.029274262999888, 0.0 ], [ 100.399114224000073, -1.029229008999963, 0.0 ], [ 100.399275935000034, -1.029165624999958, 0.0 ], [ 100.399374752000043, -1.029111314, 0.0 ], [ 100.399410686000081, -1.029093208999917, 0.0 ], [ 100.399491543000025, -1.029066039999979, 0.0 ], [ 100.399581378000079, -1.029020776999964, 0.0 ], [ 100.399608307000094, -1.028957453999965, 0.0 ], [ 100.399662204000023, -1.0289212509999, 0.0 ], [ 100.39975202400008, -1.028839810999912, 0.0 ], [ 100.39988675900004, -1.028731215999898, 0.0 ], [ 100.400075383000015, -1.028568330999921, 0.0 ], [ 100.400228073000036, -1.028423549999932, 0.0 ], [ 100.40033586400007, -1.028342101999943, 0.0 ], [ 100.400407736000062, -1.028314935999916, 0.0 ], [ 100.400470602000027, -1.028242551999877, 0.0 ], [ 100.400452608000052, -1.028188291999918, 0.0 ], [ 100.400389666000081, -1.028088829999948, 0.0 ], [ 100.400362686000065, -1.0280345749999, 0.0 ], [ 100.400299776000011, -1.028007468999878, 0.0 ], [ 100.400218883000079, -1.02795323699992, 0.0 ], [ 100.400146975000069, -1.027899000999962, 0.0 ], [ 100.400039126000124, -1.027844780999917, 0.0 ], [ 100.399904320000076, -1.027790573999873, 0.0 ], [ 100.399805428000064, -1.027673037999918, 0.0 ], [ 100.39969758300002, -1.02762786299991, 0.0 ], [ 100.399607705000037, -1.027573634999953, 0.0 ], [ 100.399490881000062, -1.027546552999933, 0.0 ], [ 100.399419064000071, -1.027700341999957, 0.0 ], [ 100.399356194000106, -1.027763681999957, 0.0 ], [ 100.399293327000052, -1.027836065999907, 0.0 ], [ 100.399212501000122, -1.027935591999881, 0.0 ], [ 100.399149653000066, -1.028053198999931, 0.0 ], [ 100.399086802000014, -1.028161761999943, 0.0 ], [ 100.399041910000037, -1.02824318299993, 0.0 ], [ 100.398997014000045, -1.028315558999967, 0.0 ], [ 100.398961100000093, -1.028378886999967, 0.0 ], [ 100.398898237000054, -1.028460315999954, 0.0 ], [ 100.398844371000038, -1.028568873999966, 0.0 ], [ 100.398799460000049, -1.028605071999941, 0.0 ], [ 100.398736581, -1.028650322999955, 0.0 ], [ 100.398664713000088, -1.028686532999931, 0.0 ], [ 100.398586359, -1.02872671499988, 0.0 ], [ 100.398520961000102, -1.02872277499991, 0.0 ], [ 100.398458074000047, -1.028749935999937, 0.0 ], [ 100.398350248, -1.028749983999941, 0.0 ], [ 100.398296331000068, -1.028740962999905, 0.0 ], [ 100.398251392000091, -1.028713848999882, 0.0 ], [ 100.398233397000112, -1.028659589999922, 0.0 ], [ 100.398197436000061, -1.028614381999912, 0.0 ], [ 100.398179457000083, -1.028596300999926, 0.0 ], [ 100.398179433000081, -1.028542033999877, 0.0 ], [ 100.398179402000082, -1.028469676999929, 0.0 ], [ 100.398170393000044, -1.02841541399988, 0.0 ], [ 100.398152398000065, -1.028361153999921, 0.0 ], [ 100.398125410000048, -1.028288809999886, 0.0 ], [ 100.398107415000069, -1.028234549999926, 0.0 ], [ 100.398044513000016, -1.02822553299989, 0.0 ], [ 100.397981619000063, -1.028234605999931, 0.0 ], [ 100.397963655000083, -1.028252702999918, 0.0 ], [ 100.3978833, -1.028279508999915, 0.0 ], [ 100.397882814000056, -1.028316049999919, 0.0 ], [ 100.397882861000056, -1.028424584999929, 0.0 ], [ 100.397909857000073, -1.028515018999951, 0.0 ], [ 100.397954831000064, -1.028623533999959, 0.0 ], [ 100.397972842000044, -1.028713971999892, 0.0 ], [ 100.39801284300006, -1.028807733999923, 0.0 ], [ 100.398017832000036, -1.028858664999962, 0.0 ], [ 100.398053813000075, -1.028949094999984, 0.0 ], [ 100.398062823000032, -1.029003358999944, 0.0 ], [ 100.398089811000034, -1.02907570299989, 0.0 ], [ 100.398098824000073, -1.029139010999888, 0.0 ], [ 100.398080912000097, -1.029274687999923, 0.0 ], [ 100.398062976000034, -1.029356096999908, 0.0 ], [ 100.398063, -1.029410363999958, 0.0 ], [ 100.398054042000098, -1.029473679999956, 0.0 ], [ 100.398027117000098, -1.029546049, 0.0 ], [ 100.398009170000122, -1.029600323999954, 0.0 ], [ 100.397991218000058, -1.029645554999878, 0.0 ], [ 100.397982272000021, -1.029736004999901, 0.0 ], [ 100.39795538700011, -1.029898818999872, 0.0 ], [ 100.397946425000072, -1.029953089999921, 0.0 ], [ 100.397928478000011, -1.030007365999882, 0.0 ], [ 100.397921261000036, -1.030055150999928, 0.0 ], [ 100.397719179000021, -1.030052248999954, 0.0 ], [ 100.397721760000053, -1.029889876999931, 0.0 ], [ 100.397694799000035, -1.029880844999983, 0.0 ], [ 100.397586966000091, -1.029862802999912, 0.0 ], [ 100.397461161000066, -1.029844769999929, 0.0 ], [ 100.397416237000087, -1.02985383399988, 0.0 ], [ 100.397398278000111, -1.029880975999905, 0.0 ], [ 100.397371404000111, -1.030070924, 0.0 ], [ 100.397356717000051, -1.030267782999935, 0.0 ], [ 100.39736578100009, -1.030608788999906, 0.0 ], [ 100.397276626000078, -1.030605836999928, 0.0 ], [ 100.39726785700006, -1.030940866999938, 0.0 ], [ 100.397175730000086, -1.03093492499989, 0.0 ], [ 100.397178364000027, -1.030160174999914, 0.0 ], [ 100.397270485000021, -1.030151159999878, 0.0 ], [ 100.397267374000108, -1.029831090999952, 0.0 ], [ 100.397227530000109, -1.029826783999951, 0.0 ], [ 100.397029833, -1.029790691999896, 0.0 ], [ 100.396895039000043, -1.029763617999965, 0.0 ], [ 100.396715321, -1.029745607999896, 0.0 ], [ 100.396598498000017, -1.029718525999964, 0.0 ], [ 100.396427765000013, -1.029700511999984, 0.0 ], [ 100.39628398500011, -1.029673441999876, 0.0 ], [ 100.396248039000056, -1.029664412999928, 0.0 ], [ 100.396131212000071, -1.02962828599987, 0.0 ], [ 100.396068282000016, -1.029555956999925, 0.0 ], [ 100.39596042900007, -1.029492692999931, 0.0 ], [ 100.395879583000038, -1.029546995999983, 0.0 ], [ 100.39582569300002, -1.029601286999945, 0.0 ], [ 100.395717903000076, -1.029682735999934, 0.0 ], [ 100.395601134000088, -1.02978227799991, 0.0 ], [ 100.39557419000009, -1.029809423999936, 0.0 ], [ 100.395583195000114, -1.029854641999947, 0.0 ], [ 100.39556524700005, -1.029908917999908, 0.0 ], [ 100.395520343000072, -1.029963204999959, 0.0 ], [ 100.395466446000057, -1.029999406999934, 0.0 ], [ 100.395412549000028, -1.03003560899991, 0.0 ], [ 100.395322733000057, -1.030126094999936, 0.0 ], [ 100.395232933, -1.030252758999936, 0.0 ], [ 100.395161084, -1.030334191999923, 0.0 ], [ 100.395080258000078, -1.030433717999898, 0.0 ], [ 100.395017383000024, -1.03048801299995, 0.0 ], [ 100.395053341000065, -1.030524174999922, 0.0 ], [ 100.395143228000038, -1.030596491999955, 0.0 ], [ 100.395233110000021, -1.03065976499995, 0.0 ], [ 100.395202373000046, -1.030711447999963, 0.0 ], [ 100.395152256000074, -1.030695978999926, 0.0 ], [ 100.395107321000097, -1.030677909999941, 0.0 ], [ 100.395062374000105, -1.030632705999931, 0.0 ], [ 100.395035401000086, -1.030596539999959, 0.0 ], [ 100.394990454, -1.030551336999949, 0.0 ], [ 100.394963513, -1.030587526999923, 0.0 ], [ 100.394927587000055, -1.030623720999898, 0.0 ], [ 100.394855727000063, -1.030678019999861, 0.0 ], [ 100.394783870000069, -1.030741363999951, 0.0 ], [ 100.394783898000071, -1.030804675999949, 0.0 ], [ 100.394855821000064, -1.030895090999881, 0.0 ], [ 100.394954709000075, -1.031003581999887, 0.0 ], [ 100.395018236000098, -1.030971772999919, 0.0 ], [ 100.395015179000012, -1.030774347999927, 0.0 ], [ 100.395220234000107, -1.03078023999997, 0.0 ], [ 100.395260161000039, -1.030876822999968, 0.0 ], [ 100.395278148000017, -1.030912992999941, 0.0 ], [ 100.395215281000048, -1.030985377999979, 0.0 ], [ 100.39517036500007, -1.031012530999917, 0.0 ], [ 100.395039125000039, -1.031169190999911, 0.0 ], [ 100.394527823000018, -1.030810458999895, 0.0 ], [ 100.394483654000098, -1.030824036999952, 0.0 ], [ 100.394370627000072, -1.030949571999948, 0.0 ], [ 100.394334717000021, -1.031021943999985, 0.0 ], [ 100.394226969000087, -1.031202883999857, 0.0 ], [ 100.394155136000094, -1.031320494999907, 0.0 ], [ 100.394101270000078, -1.031429053999918, 0.0 ], [ 100.394038431000027, -1.031564750999955, 0.0 ], [ 100.393795995000033, -1.03196281899994, 0.0 ], [ 100.393787021, -1.031989956999965, 0.0 ], [ 100.393822975000049, -1.032017074999899, 0.0 ], [ 100.393975753000078, -1.032071274999943, 0.0 ], [ 100.39410157, -1.03211644299995, 0.0 ], [ 100.394218393000088, -1.03214352499997, 0.0 ], [ 100.394191480000075, -1.032243026999943, 0.0 ], [ 100.394155561000034, -1.032297311, 0.0 ], [ 100.394119671000084, -1.032414905999865, 0.0 ], [ 100.394182569000051, -1.032414877999951, 0.0 ], [ 100.394353306000056, -1.032441936999881, 0.0 ], [ 100.394425222000052, -1.032514261999914, 0.0 ], [ 100.394524058000059, -1.032505173999873, 0.0 ], [ 100.39463192, -1.032586526999943, 0.0 ], [ 100.394694807000064, -1.032559365999916, 0.0 ], [ 100.394757697000031, -1.032541248999927, 0.0 ], [ 100.394784630000032, -1.032486968999876, 0.0 ], [ 100.394847517000088, -1.032459807999938, 0.0 ], [ 100.394865492000065, -1.032468843999887, 0.0 ], [ 100.39485846700002, -1.032593136999868, 0.0 ], [ 100.394775716000098, -1.032649775999936, 0.0 ], [ 100.394760467000083, -1.032751718999933, 0.0 ], [ 100.394712892000058, -1.032821650999946, 0.0 ], [ 100.394632113000029, -1.03302971199993, 0.0 ], [ 100.394578192000012, -1.033011646999945, 0.0 ], [ 100.394579270000094, -1.032937260999919, 0.0 ], [ 100.394578113000094, -1.0328307549999, 0.0 ], [ 100.394362429000097, -1.03275849299996, 0.0 ], [ 100.394353420000058, -1.032704229999911, 0.0 ], [ 100.394155727000054, -1.032677182999983, 0.0 ], [ 100.394011947000052, -1.032650112999875, 0.0 ], [ 100.393958014000034, -1.032604913999865, 0.0 ], [ 100.393904101000018, -1.032604937999956, 0.0 ], [ 100.393841194000046, -1.032586875999883, 0.0 ], [ 100.393670446000044, -1.032532683999928, 0.0 ], [ 100.393634492000089, -1.032505565999905, 0.0 ], [ 100.393517704000018, -1.032559884999959, 0.0 ], [ 100.393472831000039, -1.032686528999868, 0.0 ], [ 100.393409980000072, -1.032795091999969, 0.0 ], [ 100.393338135000079, -1.032885569999905, 0.0 ], [ 100.393266271000087, -1.032930824999919, 0.0 ], [ 100.393230348000046, -1.032976062999932, 0.0 ], [ 100.393140560000077, -1.033129860999956, 0.0 ], [ 100.393095695000099, -1.033274593999941, 0.0 ], [ 100.393014893000071, -1.033428387999965, 0.0 ], [ 100.392961035000056, -1.033555035999875, 0.0 ], [ 100.392862261000047, -1.0337088379999, 0.0 ], [ 100.392817388000068, -1.033835481999986, 0.0 ], [ 100.392790503000072, -1.033998296999869, 0.0 ], [ 100.392718666000079, -1.03410686399997, 0.0 ], [ 100.392664219000011, -1.034221281999933, 0.0 ], [ 100.392566026000054, -1.034369223999917, 0.0 ], [ 100.392564459000099, -1.034431914999953, 0.0 ], [ 100.39257506300001, -1.034486799999964, 0.0 ], [ 100.392682933000046, -1.034586242999932, 0.0 ], [ 100.392718907000088, -1.034658583999878, 0.0 ], [ 100.392723591000035, -1.034710195999885, 0.0 ], [ 100.392727935000039, -1.034758069999938, 0.0 ], [ 100.392754931000056, -1.03484850399996, 0.0 ], [ 100.392745978000022, -1.034920864999908, 0.0 ], [ 100.392692084, -1.034966111999921, 0.0 ], [ 100.39268516500006, -1.034971090999889, 0.0 ], [ 100.392629205000048, -1.035011362999935, 0.0 ], [ 100.39262922500005, -1.035056585999946, 0.0 ], [ 100.392602312000037, -1.035156087999919, 0.0 ], [ 100.392566393, -1.035210370999881, 0.0 ], [ 100.392575410000035, -1.035282723999916, 0.0 ], [ 100.392611372, -1.035327930999927, 0.0 ], [ 100.392593433000016, -1.035400295999963, 0.0 ], [ 100.392566551000101, -1.035572154999972, 0.0 ], [ 100.392548619000038, -1.035662608999907, 0.0 ], [ 100.392530692000065, -1.035762107999968, 0.0 ], [ 100.392521758000029, -1.035879690999927, 0.0 ], [ 100.392557743000083, -1.035979165999898, 0.0 ], [ 100.392647595000057, -1.035970081999945, 0.0 ], [ 100.392701520000074, -1.035997190999968, 0.0 ], [ 100.392710525000027, -1.03604240999989, 0.0 ], [ 100.39272851200009, -1.036078580999952, 0.0 ], [ 100.392746487000068, -1.0360876179999, 0.0 ], [ 100.392764470000046, -1.036114742999924, 0.0 ], [ 100.392764482000047, -1.036141876999949, 0.0 ], [ 100.392773479000084, -1.036169006999973, 0.0 ], [ 100.392764505000045, -1.036196144999909, 0.0 ], [ 100.392755532000109, -1.036223281999934, 0.0 ], [ 100.39274656200007, -1.036259464999908, 0.0 ], [ 100.392719613000068, -1.036277565999985, 0.0 ], [ 100.392692657000055, -1.036277577999897, 0.0 ], [ 100.392683671000015, -1.036277581999986, 0.0 ], [ 100.392656710000011, -1.036268548999949, 0.0 ], [ 100.39264772100006, -1.036259508999912, 0.0 ], [ 100.392638728000037, -1.036241422999925, 0.0 ], [ 100.392611486000092, -1.036232048999949, 0.0 ], [ 100.392593788000042, -1.036214308999902, 0.0 ], [ 100.392557826000086, -1.036169101999981, 0.0 ], [ 100.392503909000069, -1.036160081999945, 0.0 ], [ 100.392458985000076, -1.036169145999896, 0.0 ], [ 100.39236913400002, -1.036178229999937, 0.0 ], [ 100.392270317000012, -1.036232541999901, 0.0 ], [ 100.392198468000018, -1.036313974999889, 0.0 ], [ 100.392072698, -1.03637734299998, 0.0 ], [ 100.391803179000092, -1.036485996999911, 0.0 ], [ 100.391731315000087, -1.036531251999925, 0.0 ], [ 100.391641467000028, -1.036549380999915, 0.0 ], [ 100.391524679000042, -1.03660369999988, 0.0 ], [ 100.391407898000068, -1.03667610899992, 0.0 ], [ 100.391210280000053, -1.036820909999911, 0.0 ], [ 100.391048576000088, -1.036902382999902, 0.0 ], [ 100.390868904000058, -1.036992907999931, 0.0 ], [ 100.390779064000085, -1.037029125999908, 0.0 ], [ 100.390716189000031, -1.037083421999959, 0.0 ], [ 100.390563479, -1.037182979999937, 0.0 ], [ 100.390446690000033, -1.037237298999901, 0.0 ], [ 100.39041076400008, -1.037273492999876, 0.0 ], [ 100.390329921000045, -1.037336840999966, 0.0 ], [ 100.390177199000021, -1.037409265999919, 0.0 ], [ 100.390078373000023, -1.037445487999896, 0.0 ], [ 100.38998853400004, -1.037481705999873, 0.0 ], [ 100.389799837000069, -1.037481788999969, 0.0 ], [ 100.389745983000054, -1.037617481999916, 0.0 ], [ 100.389692101000037, -1.037689862999954, 0.0 ], [ 100.38961125100009, -1.037735121999969, 0.0 ], [ 100.38949446300002, -1.037789440999934, 0.0 ], [ 100.389449559000042, -1.037843728999984, 0.0 ], [ 100.389368708000092, -1.03788898699991, 0.0 ], [ 100.389260913000058, -1.03796139199995, 0.0 ], [ 100.38916210400005, -1.038033792999901, 0.0 ], [ 100.389063290000053, -1.038097147999903, 0.0 ], [ 100.388964485000045, -1.038178593999891, 0.0 ], [ 100.38888365000011, -1.038260030999879, 0.0 ], [ 100.388730943, -1.038368633999895, 0.0 ], [ 100.388641131000028, -1.03846816399987, 0.0 ], [ 100.388470485000113, -1.038649131999922, 0.0 ], [ 100.388362674000078, -1.038685357999899, 0.0 ], [ 100.388200965000024, -1.038757785999941, 0.0 ], [ 100.388021286000082, -1.038830222999895, 0.0 ], [ 100.387976385000087, -1.038893554999895, 0.0 ], [ 100.387895555000071, -1.038984036999921, 0.0 ], [ 100.387814705000039, -1.039029295999935, 0.0 ], [ 100.387760819000022, -1.039092631999935, 0.0 ], [ 100.387679980000087, -1.039165023999885, 0.0 ], [ 100.387644062000035, -1.039219307999936, 0.0 ], [ 100.387554230000063, -1.0392736149999, 0.0 ], [ 100.387518311000022, -1.03932789899995, 0.0 ], [ 100.387455452000069, -1.039418372999886, 0.0 ], [ 100.387419533000028, -1.039472655999937, 0.0 ], [ 100.387329772000058, -1.03968976699996, 0.0 ], [ 100.387283555000053, -1.039802572999967, 0.0 ], [ 100.387239988, -1.039852609999933, 0.0 ], [ 100.387240015, -1.039915921999931, 0.0 ], [ 100.387195151000114, -1.040060655999916, 0.0 ], [ 100.387173765000028, -1.040182519999963, 0.0 ], [ 100.387150298000037, -1.040232522999926, 0.0 ], [ 100.387078445000043, -1.040304911999964, 0.0 ], [ 100.38700660800005, -1.040413478999888, 0.0 ], [ 100.386916788000079, -1.040494919999965, 0.0 ], [ 100.386611357000035, -1.040675947999933, 0.0 ], [ 100.386620379000078, -1.040757345999918, 0.0 ], [ 100.386593481000062, -1.040893026999864, 0.0 ], [ 100.386530602000022, -1.040938277999878, 0.0 ], [ 100.386422838000072, -1.041083038999954, 0.0 ], [ 100.386315039000038, -1.041146398999956, 0.0 ], [ 100.386252160000069, -1.04119164999997, 0.0 ], [ 100.386198274000051, -1.04125498599997, 0.0 ], [ 100.38617133700005, -1.041300220999982, 0.0 ], [ 100.386171353000051, -1.041336399999956, 0.0 ], [ 100.386225278000069, -1.04136350999989, 0.0 ], [ 100.386225302000071, -1.041417777999939, 0.0 ], [ 100.386216340000033, -1.0414720489999, 0.0 ], [ 100.386162442000014, -1.041508251999964, 0.0 ], [ 100.386117526000035, -1.041535404999902, 0.0 ], [ 100.38609058900002, -1.041580639999914, 0.0 ], [ 100.386000805000052, -1.041743482999888, 0.0 ], [ 100.385893100000033, -1.042023913999909, 0.0 ], [ 100.385857194000081, -1.042105331999895, 0.0 ], [ 100.385812321000088, -1.042231975999893, 0.0 ], [ 100.385722552000033, -1.042430997999929, 0.0 ], [ 100.385688890000011, -1.042525384999923, 0.0 ], [ 100.385607092000072, -1.042680515999969, 0.0 ], [ 100.385575117000101, -1.042741156999924, 0.0 ], [ 100.385480828000112, -1.042877953999962, 0.0 ], [ 100.385322387000059, -1.043026174999969, 0.0 ], [ 100.385140038000074, -1.043159210999875, 0.0 ], [ 100.385004204000026, -1.043221317999951, 0.0 ], [ 100.384889735000058, -1.043240361999928, 0.0 ], [ 100.384743814000061, -1.043250556999972, 0.0 ], [ 100.384518637000085, -1.043255721999955, 0.0 ], [ 100.384382778000116, -1.043256786999954, 0.0 ], [ 100.384381549000111, -1.043256796999955, 0.0 ], [ 100.384347552000051, -1.043257063999889, 0.0 ], [ 100.384061992000042, -1.043260988999947, 0.0 ], [ 100.383791528000046, -1.043267439999948, 0.0 ], [ 100.383417919000038, -1.043294195999941, 0.0 ], [ 100.383253133, -1.043315795999952, 0.0 ], [ 100.383025474000078, -1.043398202999931, 0.0 ], [ 100.382719816000105, -1.043471779999891, 0.0 ], [ 100.382470745, -1.043493417, 0.0 ], [ 100.382241796000073, -1.043503648999952, 0.0 ], [ 100.381870681000095, -1.043479752999929, 0.0 ], [ 100.381758727000076, -1.043494997999947, 0.0 ], [ 100.381650555000093, -1.043526701999905, 0.0 ], [ 100.38152452900006, -1.043574335999939, 0.0 ], [ 100.38151974500002, -1.04357614399991, 0.0 ], [ 100.381504664000019, -1.043582995999945, 0.0 ], [ 100.381504125000063, -1.043583240999965, 0.0 ], [ 100.381366303000021, -1.043645855999905, 0.0 ], [ 100.381196487000096, -1.043662388999941, 0.0 ], [ 100.380992689000024, -1.043666279999908, 0.0 ], [ 100.380809015000096, -1.04364483499991, 0.0 ], [ 100.380611499000011, -1.043618330999937, 0.0 ], [ 100.380546691000063, -1.043615767999903, 0.0 ], [ 100.380495647000018, -1.043613748999913, 0.0 ], [ 100.380421540000015, -1.043610817999937, 0.0 ], [ 100.380314613000053, -1.043612130999957, 0.0 ], [ 100.380235357000061, -1.043607100999896, 0.0 ], [ 100.380064248000025, -1.043555259999959, 0.0 ], [ 100.379802529000045, -1.043418620999933, 0.0 ], [ 100.379733305000087, -1.043340143999924, 0.0 ], [ 100.381423841000071, -1.041118854999986, 0.0 ], [ 100.382240095000029, -1.040196637999887, 0.0 ], [ 100.382504702000062, -1.039770329999964, 0.0 ], [ 100.382643747000031, -1.03945623099991, 0.0 ], [ 100.382680841000081, -1.039342552999919, 0.0 ], [ 100.382719647, -1.039182477999908, 0.0 ], [ 100.382768180000113, -1.038870370999931, 0.0 ], [ 100.382775695000106, -1.038767580999952, 0.0 ], [ 100.382824066000026, -1.03853925299989, 0.0 ], [ 100.38289933400003, -1.038311617999973, 0.0 ], [ 100.383034363000021, -1.038029627999911, 0.0 ], [ 100.383205160000031, -1.037833540999941, 0.0 ], [ 100.383391791000108, -1.037671248999924, 0.0 ], [ 100.383647660000051, -1.037524761999972, 0.0 ], [ 100.383899679000109, -1.037418314999957, 0.0 ], [ 100.384067870000081, -1.03732781699993, 0.0 ], [ 100.384098566000048, -1.037285435999888, 0.0 ], [ 100.384146865000048, -1.037159174999921, 0.0 ], [ 100.384141797000069, -1.036958591999934, 0.0 ], [ 100.384135387000072, -1.036905526999895, 0.0 ], [ 100.38410200400007, -1.036746735999902, 0.0 ], [ 100.384062116000052, -1.036621455999928, 0.0 ], [ 100.384059493, -1.036567010999864, 0.0 ], [ 100.384074841000043, -1.036527227999947, 0.0 ], [ 100.384472693000092, -1.036033694999968, 0.0 ], [ 100.384703146000064, -1.035833603999933, 0.0 ], [ 100.384932057000086, -1.035709981999918, 0.0 ], [ 100.385255789000055, -1.035554028999982, 0.0 ], [ 100.385441172000029, -1.035443645999909, 0.0 ], [ 100.385714715000105, -1.035284524999888, 0.0 ], [ 100.385886236, -1.035161286999905, 0.0 ], [ 100.386071853000075, -1.03494128499991, 0.0 ], [ 100.38627268900008, -1.034681950999857, 0.0 ], [ 100.386451829000066, -1.034439837999987, 0.0 ], [ 100.386626715000062, -1.034268091999898, 0.0 ], [ 100.386778462, -1.034119341999936, 0.0 ], [ 100.3869018, -1.033934362999908, 0.0 ], [ 100.387083204000092, -1.033722355999952, 0.0 ], [ 100.387391616000031, -1.03335006899988, 0.0 ], [ 100.387568600000108, -1.033124684999972, 0.0 ], [ 100.387676391000056, -1.032980837999972, 0.0 ], [ 100.387817384000087, -1.032769863999924, 0.0 ], [ 100.387914301000109, -1.032600603999864, 0.0 ], [ 100.387934525, -1.032463691999904, 0.0 ], [ 100.387922360000061, -1.03229737, 0.0 ], [ 100.387903578000106, -1.032068877999922, 0.0 ], [ 100.387896200000029, -1.031888064999972, 0.0 ], [ 100.38789904300009, -1.031511613999911, 0.0 ], [ 100.387998706000076, -1.031250911999923, 0.0 ], [ 100.388074350000025, -1.031091158999939, 0.0 ], [ 100.388142507000069, -1.030924123999974, 0.0 ], [ 100.388211077000065, -1.030711194999942, 0.0 ], [ 100.388280579000039, -1.030497753999956, 0.0 ], [ 100.388360647000084, -1.030286760999907, 0.0 ], [ 100.388488932000044, -1.03006160999993, 0.0 ], [ 100.388609200000047, -1.029917247999887, 0.0 ], [ 100.388799146000039, -1.029722705999955, 0.0 ], [ 100.388963015000016, -1.029483630999891, 0.0 ], [ 100.389064651000069, -1.02931663399993, 0.0 ], [ 100.389218788000036, -1.029033876999893, 0.0 ], [ 100.389327029000114, -1.028814960999899, 0.0 ], [ 100.389403122000019, -1.028607005999923, 0.0 ], [ 100.389554914000044, -1.028207928999944, 0.0 ], [ 100.389678218000128, -1.0279068309999, 0.0 ], [ 100.38976275600001, -1.02760889199994, 0.0 ], [ 100.389812884000079, -1.027450678999905, 0.0 ], [ 100.389861178000075, -1.027327621999937, 0.0 ], [ 100.389957916000085, -1.02720313499994, 0.0 ], [ 100.39008706200012, -1.027109558999925, 0.0 ], [ 100.390177416000043, -1.027050923999958, 0.0 ], [ 100.390410916000093, -1.026839446999869, 0.0 ], [ 100.390671034000022, -1.026619062999931, 0.0 ], [ 100.390828712000101, -1.026461766999883, 0.0 ], [ 100.390929888000045, -1.026339600999901, 0.0 ], [ 100.391020547000082, -1.026181469999873, 0.0 ], [ 100.391114557000037, -1.026004853999915, 0.0 ], [ 100.391179762000021, -1.025885925999933, 0.0 ], [ 100.391335639000033, -1.025648214999894, 0.0 ], [ 100.391536884000075, -1.025282742999941, 0.0 ], [ 100.391669074, -1.025031004999896, 0.0 ], [ 100.391754247000037, -1.024866603999971, 0.0 ], [ 100.39181134500005, -1.024739540999938, 0.0 ], [ 100.391909949000038, -1.024510050999869, 0.0 ], [ 100.39195992, -1.0242850029999, 0.0 ], [ 100.391991816000058, -1.024099028999967, 0.0 ], [ 100.392012018000045, -1.023893524999927, 0.0 ], [ 100.392032483000051, -1.023624230999939, 0.0 ], [ 100.392044976000108, -1.023408834999881, 0.0 ], [ 100.392103138000039, -1.023156350999951, 0.0 ], [ 100.392175175000048, -1.022899624999937, 0.0 ], [ 100.392269494000033, -1.022637881999952, 0.0 ], [ 100.392401079000081, -1.022456101999921, 0.0 ], [ 100.392588465000046, -1.022291585999898, 0.0 ], [ 100.392771695000107, -1.022203282999964, 0.0 ], [ 100.392922379000055, -1.022148508999962, 0.0 ], [ 100.393029728000059, -1.022103012999928, 0.0 ], [ 100.393158576000062, -1.022056630999909, 0.0 ], [ 100.393237143000079, -1.022005084999908, 0.0 ], [ 100.393308807000054, -1.021884740999898, 0.0 ], [ 100.393361057000021, -1.021719856999933, 0.0 ], [ 100.393426453000103, -1.021479745999962, 0.0 ], [ 100.393499454000022, -1.02129855099998, 0.0 ], [ 100.393667024000109, -1.021096217999936, 0.0 ], [ 100.393831860000077, -1.020956984999874, 0.0 ], [ 100.393992698000062, -1.020823752999952, 0.0 ], [ 100.394130021000052, -1.020680751999933, 0.0 ], [ 100.394243547000116, -1.020526697999976, 0.0 ], [ 100.394476871000066, -1.020144078999937, 0.0 ], [ 100.394654457000016, -1.019733293999877, 0.0 ], [ 100.394776669000095, -1.019383460999975, 0.0 ], [ 100.394863198000053, -1.019200079, 0.0 ], [ 100.395003135000081, -1.018960774999908, 0.0 ], [ 100.395150498000106, -1.018804214999921, 0.0 ], [ 100.395329069000056, -1.018679170999967, 0.0 ], [ 100.39554504700007, -1.018521030999938, 0.0 ], [ 100.395715502000058, -1.01834463799991, 0.0 ], [ 100.395833463000045, -1.018194024999971, 0.0 ], [ 100.395991338000044, -1.017956644999959, 0.0 ], [ 100.396187610000126, -1.017696649999941, 0.0 ], [ 100.396307028000052, -1.017501435999954, 0.0 ], [ 100.396667479000129, -1.017027123999966, 0.0 ], [ 100.396889140000084, -1.016726545999965, 0.0 ], [ 100.397046653000061, -1.016447311999954, 0.0 ], [ 100.39717017600006, -1.016182170999954, 0.0 ], [ 100.397357982000059, -1.015911134999911, 0.0 ], [ 100.397562398, -1.015682029999873, 0.0 ], [ 100.397714850000014, -1.015566519999908, 0.0 ], [ 100.397881355000024, -1.015425569999881, 0.0 ], [ 100.398052096000029, -1.015207276999938, 0.0 ], [ 100.398209997000038, -1.015003081999918, 0.0 ], [ 100.398285961000013, -1.014854426999875, 0.0 ], [ 100.398341933000026, -1.01465149599996, 0.0 ], [ 100.398454029000064, -1.014364701999945, 0.0 ], [ 100.398542851000045, -1.014120540999905, 0.0 ], [ 100.398552724000055, -1.013953765999872, 0.0 ], [ 100.398547774000093, -1.013779430999925, 0.0 ], [ 100.39855974800011, -1.013588276999918, 0.0 ], [ 100.398743390000021, -1.013391134999949, 0.0 ], [ 100.399014949000019, -1.013274759999913, 0.0 ], [ 100.399262193000055, -1.013118133999921, 0.0 ], [ 100.399461566000028, -1.013039689999914, 0.0 ], [ 100.399665683000038, -1.013029064999923, 0.0 ], [ 100.399864430000051, -1.013016402999941, 0.0 ], [ 100.40005775700007, -1.012940311999952, 0.0 ], [ 100.400174693000054, -1.012895777999908, 0.0 ], [ 100.400300107000049, -1.012870204999924, 0.0 ], [ 100.400435342000037, -1.012854441999952, 0.0 ], [ 100.4005755270001, -1.012853094999929, 0.0 ], [ 100.400745304000026, -1.012856737999876, 0.0 ], [ 100.401104470000078, -1.012866126999942, 0.0 ], [ 100.40156811500006, -1.012770428999929, 0.0 ], [ 100.401943016000089, -1.01266846599993, 0.0 ], [ 100.402322833000071, -1.012630318999882, 0.0 ], [ 100.402637536, -1.01263018099996, 0.0 ], [ 100.402790257000021, -1.012632551999889, 0.0 ], [ 100.402880245000091, -1.012630837999925, 0.0 ], [ 100.40291410100005, -1.012591399999948, 0.0 ], [ 100.402925805000052, -1.012494874999955, 0.0 ], [ 100.403038457000036, -1.011943071999951, 0.0 ], [ 100.403228850000076, -1.011569659999964, 0.0 ], [ 100.403427889000028, -1.011299392999895, 0.0 ], [ 100.403577666000075, -1.011071248999937, 0.0 ], [ 100.403669716000053, -1.010874883999943, 0.0 ], [ 100.403824126000032, -1.010587349999955, 0.0 ], [ 100.403968713000012, -1.010346725999941, 0.0 ], [ 100.404105935000075, -1.010224321999939, 0.0 ], [ 100.404277452000059, -1.010145500999901, 0.0 ], [ 100.40458426800005, -1.009822547999914, 0.0 ], [ 100.404822082000095, -1.009287565999969, 0.0 ], [ 100.405131601000036, -1.008228837999944, 0.0 ], [ 100.405203494000034, -1.007405170999917, 0.0 ], [ 100.405308363000088, -1.006394822999898, 0.0 ], [ 100.405612101000088, -1.005492163999907, 0.0 ], [ 100.406265822000094, -1.004655687999975, 0.0 ], [ 100.406571202000038, -1.003784019999973, 0.0 ], [ 100.406561784000061, -1.002380676999945, 0.0 ], [ 100.40635260500008, -1.001495095999946, 0.0 ], [ 100.406231671000015, -1.000744024999975, 0.0 ], [ 100.406263447000072, -1.000111846999982, 0.0 ], [ 100.406327220520495, -1.000000001333209, 0.0 ], [ 100.406579869000055, -0.999556898999984, 0.0 ], [ 100.406683271000077, -0.99921595999993, 0.0 ], [ 100.406748893, -0.998581485999924, 0.0 ], [ 100.406861008000035, -0.997545759999937, 0.0 ], [ 100.40699003000006, -0.997188779999888, 0.0 ], [ 100.407149307000097, -0.996792361999951, 0.0 ], [ 100.40731175300003, -0.996420162999886, 0.0 ], [ 100.407536303000043, -0.996103634999898, 0.0 ], [ 100.407775831000066, -0.995779565999907, 0.0 ], [ 100.40821743300009, -0.995123909999926, 0.0 ], [ 100.408509264000088, -0.994513522999959, 0.0 ], [ 100.4087413190001, -0.994227126999888, 0.0 ], [ 100.408964337000072, -0.994033479999942, 0.0 ], [ 100.409351670000063, -0.993819710999929, 0.0 ], [ 100.409668533000072, -0.99364413699988, 0.0 ], [ 100.410244747000064, -0.993270068999927, 0.0 ], [ 100.410866500000083, -0.992979898999987, 0.0 ], [ 100.41123804100009, -0.992819529999952, 0.0 ], [ 100.411617083000095, -0.992468432999946, 0.0 ], [ 100.411776232000122, -0.992201349999963, 0.0 ], [ 100.412003553, -0.991743511999918, 0.0 ], [ 100.412114230000014, -0.991211269999933, 0.0 ], [ 100.412151047000052, -0.990471159999981, 0.0 ], [ 100.412282780000027, -0.990262733999877, 0.0 ], [ 100.41251159600003, -0.99006526899997, 0.0 ], [ 100.412874016, -0.989901177999982, 0.0 ], [ 100.413269137000015, -0.989769178999897, 0.0 ], [ 100.415213881000071, -0.986688073999961, 0.0 ], [ 100.416666666000097, -0.985699426999872, 0.0 ], [ 100.418391057000051, -0.985318174999946, 0.0 ], [ 100.419687330000016, -0.984771563999928, 0.0 ], [ 100.420365433000072, -0.984065954999899, 0.0 ], [ 100.421043536000042, -0.983360343999959, 0.0 ], [ 100.421324170000091, -0.982993536999984, 0.0 ], [ 100.421541223000105, -0.98277496699993, 0.0 ], [ 100.42169959800006, -0.982585944999922, 0.0 ], [ 100.421934260000029, -0.982379177999956, 0.0 ], [ 100.422239364000049, -0.982213714999943, 0.0 ], [ 100.422609046000076, -0.982101363999973, 0.0 ], [ 100.423354824000057, -0.981976490999944, 0.0 ], [ 100.423920202000033, -0.981984614999906, 0.0 ], [ 100.424477274000111, -0.982017836999901, 0.0 ], [ 100.424747763000113, -0.982063843999889, 0.0 ], [ 100.424967855000034, -0.982101279999878, 0.0 ], [ 100.425633115000011, -0.982377051999958, 0.0 ], [ 100.42673718100005, -0.983030591999942, 0.0 ], [ 100.427524013000053, -0.983709380999883, 0.0 ], [ 100.427725605000035, -0.983884980999935, 0.0 ], [ 100.427860781000021, -0.984061630999985, 0.0 ], [ 100.428002689000039, -0.984186171999898, 0.0 ], [ 100.428200884, -0.984299360999938, 0.0 ], [ 100.428363365000038, -0.984352516999895, 0.0 ], [ 100.428540408000032, -0.984399787999898, 0.0 ], [ 100.428764513000019, -0.984460563999953, 0.0 ], [ 100.428979665000057, -0.984546143999928, 0.0 ], [ 100.429441733, -0.984750068999926, 0.0 ], [ 100.429842972000074, -0.984905138999967, 0.0 ], [ 100.430088003, -0.984955408999951, 0.0 ], [ 100.43028338, -0.985013282999944, 0.0 ], [ 100.430403634000101, -0.985098905999923, 0.0 ], [ 100.430516732000044, -0.985229601999901, 0.0 ], [ 100.430625841, -0.985351481999949, 0.0 ], [ 100.430685863000093, -0.985412593999943, 0.0 ], [ 100.430754660000019, -0.985456865999875, 0.0 ], [ 100.430831143000034, -0.985502623999931, 0.0 ], [ 100.430909567000043, -0.985536065999945, 0.0 ] ] ] ] } },
{ "type": "Feature", "properties": { "NAMOBJ": "PADANG SELATAN", "REMARK": "Wilayah Administrasi Kecamatan", "WADMKK": "KOTA PADANG", "WADMPR": "SUMATERA BARAT", "Shape_Leng": 0.012130425, "Shape_Area": 1.128367e-05 }, "geometry": { "type": "MultiPolygon", "coordinates": [ [ [ [ 100.20916524700003, -0.985084818999912, 0.0 ], [ 100.208829411000039, -0.985131977, 0.0 ], [ 100.208524225000104, -0.985127673999905, 0.0 ], [ 100.20825114700007, -0.985101316999945, 0.0 ], [ 100.208035012000039, -0.985042600999972, 0.0 ], [ 100.207813018000053, -0.984938327999959, 0.0 ], [ 100.207230258000067, -0.984572540999981, 0.0 ], [ 100.207046211000019, -0.984412398999964, 0.0 ], [ 100.206900123000096, -0.984234593999908, 0.0 ], [ 100.206794921000011, -0.984055310999906, 0.0 ], [ 100.206729148000079, -0.983890710999965, 0.0 ], [ 100.206670666000036, -0.98369230599998, 0.0 ], [ 100.206638465000125, -0.983480658999966, 0.0 ], [ 100.206626723000042, -0.983314564999901, 0.0 ], [ 100.206623711000063, -0.983055871, 0.0 ], [ 100.206629482, -0.982861847999924, 0.0 ], [ 100.206662976000104, -0.982594321999905, 0.0 ], [ 100.206740272000019, -0.982340012999913, 0.0 ], [ 100.206824891000096, -0.982131262999872, 0.0 ], [ 100.206931420000032, -0.981928383999961, 0.0 ], [ 100.207030659000068, -0.981768128999935, 0.0 ], [ 100.207126992000042, -0.981653443999949, 0.0 ], [ 100.207262745, -0.981531402999977, 0.0 ], [ 100.207395597000058, -0.981432868999907, 0.0 ], [ 100.207556187000122, -0.981334333999925, 0.0 ], [ 100.207632105000087, -0.981296090999869, 0.0 ], [ 100.207786869000103, -0.981237239999885, 0.0 ], [ 100.207865720000058, -0.981234272999906, 0.0 ], [ 100.208046795000115, -0.981253309999882, 0.0 ], [ 100.208245403000035, -0.98129586799994, 0.0 ], [ 100.208467396000017, -0.981400142999952, 0.0 ], [ 100.209035536000044, -0.981717423999914, 0.0 ], [ 100.209261944000033, -0.981908423999908, 0.0 ], [ 100.209513166000036, -0.982080309999919, 0.0 ], [ 100.209717667000078, -0.982272780999946, 0.0 ], [ 100.209973297, -0.982531382999937, 0.0 ], [ 100.21006615900005, -0.982638293, 0.0 ], [ 100.210070832999989, -0.982643674, 0.0 ], [ 100.210215795000082, -0.982810566999945, 0.0 ], [ 100.210344369000069, -0.983013358999937, 0.0 ], [ 100.210448130000032, -0.983235273999913, 0.0 ], [ 100.210519741000013, -0.983414569999915, 0.0 ], [ 100.210528556000028, -0.983563017999941, 0.0 ], [ 100.210497171, -0.983676918999951, 0.0 ], [ 100.210489390000077, -0.983705157999978, 0.0 ], [ 100.210477520000069, -0.983748236999901, 0.0 ], [ 100.210395838000053, -0.984001082999949, 0.0 ], [ 100.210299561000085, -0.984275984999957, 0.0 ], [ 100.210166772000022, -0.984542072999947, 0.0 ], [ 100.210032504000111, -0.984744961999947, 0.0 ], [ 100.209871925000058, -0.984874367999907, 0.0 ], [ 100.209692353000023, -0.984962623999927, 0.0 ], [ 100.209458740000059, -0.985033262999909, 0.0 ], [ 100.20916524700003, -0.985084818999912, 0.0 ] ] ] ] } },
{ "type": "Feature", "properties": { "NAMOBJ": "KOTOSEBELASTARUSAN", "REMARK": "Wilayah Administrasi Kecamatan", "WADMKK": "PESISIR SELATAN", "WADMPR": "SUMATERA BARAT", "Shape_Leng": 1.35578859597, "Shape_Area": 0.03511510305 }, "geometry": { "type": "MultiPolygon", "coordinates": [ [ [ [ 100.174480521000078, -1.135881120999901, 0.0 ], [ 100.174548336, -1.13597748899997, 0.0 ], [ 100.174584028000112, -1.136052441999954, 0.0 ], [ 100.17459830500006, -1.136109548999972, 0.0 ], [ 100.174584028000112, -1.136148809999934, 0.0 ], [ 100.174534059000067, -1.136198778999894, 0.0 ], [ 100.174517929000061, -1.136208187999962, 0.0 ], [ 100.174448399000084, -1.136248747999943, 0.0 ], [ 100.174362738000099, -1.136284439999876, 0.0 ], [ 100.174237816000073, -1.136337976999865, 0.0 ], [ 100.174098618000102, -1.136377238999916, 0.0 ], [ 100.173941574000068, -1.136405791999881, 0.0 ], [ 100.173734560000085, -1.136491452999952, 0.0 ], [ 100.17367031500001, -1.136534282999943, 0.0 ], [ 100.173531117000039, -1.136609235999927, 0.0 ], [ 100.173245581000046, -1.136705603999907, 0.0 ], [ 100.173084968000069, -1.136766279999954, 0.0 ], [ 100.172770879000026, -1.136869786999902, 0.0 ], [ 100.172581712000095, -1.136930462999949, 0.0 ], [ 100.172453221000026, -1.136969723999911, 0.0 ], [ 100.172371129000069, -1.136998277999965, 0.0 ], [ 100.172267623000039, -1.137026830999929, 0.0 ], [ 100.172189101000114, -1.137037538999927, 0.0 ], [ 100.172110578000101, -1.137030400999958, 0.0 ], [ 100.172071317000047, -1.13701969299996, 0.0 ], [ 100.172035625000021, -1.136998277999965, 0.0 ], [ 100.172003503000028, -1.136966154999882, 0.0 ], [ 100.171974949000074, -1.136934031999889, 0.0 ], [ 100.17196067200004, -1.136905478999925, 0.0 ], [ 100.171949965000039, -1.136851940999936, 0.0 ], [ 100.171957103000096, -1.136816248999914, 0.0 ], [ 100.171996364000066, -1.136798402999947, 0.0 ], [ 100.172067748000103, -1.136805541999916, 0.0 ], [ 100.172128424000064, -1.13683409499988, 0.0 ], [ 100.172196239000087, -1.136884063999929, 0.0 ], [ 100.172256915000034, -1.136912616999894, 0.0 ], [ 100.172310453000122, -1.136912616999894, 0.0 ], [ 100.172510328000044, -1.136869786999902, 0.0 ], [ 100.172813709000096, -1.136780556999891, 0.0 ], [ 100.173359795000081, -1.136580681999874, 0.0 ], [ 100.173648900000018, -1.136445052999932, 0.0 ], [ 100.173930866000077, -1.136341546999983, 0.0 ], [ 100.174045080000027, -1.136291577999934, 0.0 ], [ 100.174162863000092, -1.136248747999943, 0.0 ], [ 100.174259232000068, -1.136209486999981, 0.0 ], [ 100.174391292000067, -1.13617022499993, 0.0 ], [ 100.174429191000101, -1.136149817999929, 0.0 ], [ 100.174437691, -1.136145240999905, 0.0 ], [ 100.174462676000118, -1.13612025699997, 0.0 ], [ 100.174466245000048, -1.136080995999919, 0.0 ], [ 100.174466245000048, -1.136041734999868, 0.0 ], [ 100.174455537000057, -1.135988196999968, 0.0 ], [ 100.174441260000023, -1.135970350999912, 0.0 ], [ 100.174416276, -1.135941796999948, 0.0 ], [ 100.174377015000047, -1.135913243999894, 0.0 ], [ 100.174316339000086, -1.135906104999926, 0.0 ], [ 100.174277078000031, -1.135913243999894, 0.0 ], [ 100.174216401000081, -1.135913243999894, 0.0 ], [ 100.174216401000081, -1.135870412999903, 0.0 ], [ 100.174234247000044, -1.135827582999912, 0.0 ], [ 100.174262801000097, -1.135802598999888, 0.0 ], [ 100.174291354000061, -1.135802598999888, 0.0 ], [ 100.174316339000086, -1.135799028999948, 0.0 ], [ 100.174373446000104, -1.135802598999888, 0.0 ], [ 100.174441260000023, -1.135845428999968, 0.0 ], [ 100.174480521000078, -1.135881120999901, 0.0 ] ] ], [ [ [ 100.172053471000083, -1.134896023999929, 0.0 ], [ 100.172049902000055, -1.134924577999893, 0.0 ], [ 100.172049902000055, -1.134970976999913, 0.0 ], [ 100.172032056, -1.135017376999933, 0.0 ], [ 100.172003503000028, -1.135028083999931, 0.0 ], [ 100.171996364000066, -1.135013806999904, 0.0 ], [ 100.171992795000037, -1.134992391999909, 0.0 ], [ 100.171982087000032, -1.134956699999975, 0.0 ], [ 100.171967811000101, -1.13493885399992, 0.0 ], [ 100.171928550000047, -1.134917438999924, 0.0 ], [ 100.171878581, -1.134910300999866, 0.0 ], [ 100.171803628000106, -1.134935284999891, 0.0 ], [ 100.171717967000035, -1.134970976999913, 0.0 ], [ 100.171685845000042, -1.135003099999906, 0.0 ], [ 100.171596615000027, -1.135120882999971, 0.0 ], [ 100.171575200000035, -1.135167282999902, 0.0 ], [ 100.171525231000075, -1.135292203999935, 0.0 ], [ 100.171500247000054, -1.135381433999946, 0.0 ], [ 100.17147526200003, -1.135459955999959, 0.0 ], [ 100.17147526200003, -1.135545616999941, 0.0 ], [ 100.171464555000028, -1.135631276999924, 0.0 ], [ 100.171453847000024, -1.135666968999946, 0.0 ], [ 100.171421724000126, -1.135731214999932, 0.0 ], [ 100.171357479000051, -1.135784752999921, 0.0 ], [ 100.17126468, -1.13583472099997, 0.0 ], [ 100.171204004000046, -1.135881120999901, 0.0 ], [ 100.171182589000054, -1.13593465899989, 0.0 ], [ 100.171164743000091, -1.135984626999939, 0.0 ], [ 100.171125481000033, -1.136031026999959, 0.0 ], [ 100.171039821000051, -1.136088133999976, 0.0 ], [ 100.170961299000041, -1.136109548999972, 0.0 ], [ 100.170889915, -1.136145240999905, 0.0 ], [ 100.170825669000095, -1.136195209999865, 0.0 ], [ 100.170811393000079, -1.136223762999919, 0.0 ], [ 100.170818531000037, -1.136280869999936, 0.0 ], [ 100.1708363770001, -1.136327269999867, 0.0 ], [ 100.170875638000055, -1.136405791999881, 0.0 ], [ 100.170922038000086, -1.136434345999934, 0.0 ], [ 100.171004129000039, -1.136452191999989, 0.0 ], [ 100.171025544000116, -1.136480744999954, 0.0 ], [ 100.171036252000121, -1.136523574999945, 0.0 ], [ 100.171039821000051, -1.136569974999876, 0.0 ], [ 100.170961299000041, -1.136602097999958, 0.0 ], [ 100.170904192000108, -1.136587820999932, 0.0 ], [ 100.170850654000034, -1.136534282999943, 0.0 ], [ 100.170811393000079, -1.136480744999954, 0.0 ], [ 100.170779270000082, -1.136423637999936, 0.0 ], [ 100.170779270000082, -1.13640936099991, 0.0 ], [ 100.170772131000021, -1.136352253999981, 0.0 ], [ 100.170757855, -1.136291577999934, 0.0 ], [ 100.170743578000057, -1.136198778999894, 0.0 ], [ 100.170750716000029, -1.136145240999905, 0.0 ], [ 100.170782839000111, -1.136088133999976, 0.0 ], [ 100.170864930000064, -1.136009611999963, 0.0 ], [ 100.17091489900011, -1.135970350999912, 0.0 ], [ 100.171007698000068, -1.135916812999923, 0.0 ], [ 100.171068374000114, -1.135863274999934, 0.0 ], [ 100.171171881000063, -1.13579189099989, 0.0 ], [ 100.171225419000052, -1.135738352999901, 0.0 ], [ 100.171275387, -1.135659830999888, 0.0 ], [ 100.171303941000062, -1.135595585999901, 0.0 ], [ 100.171321787000025, -1.135492078999953, 0.0 ], [ 100.171364617000023, -1.135374295999888, 0.0 ], [ 100.171457416000052, -1.135135159999908, 0.0 ], [ 100.171482401000077, -1.135067344999893, 0.0 ], [ 100.171532369000047, -1.134960268999915, 0.0 ], [ 100.171585907000036, -1.134885315999931, 0.0 ], [ 100.17161446100009, -1.134853193999938, 0.0 ], [ 100.171653722000045, -1.134831778999942, 0.0 ], [ 100.171710829000062, -1.134810362999946, 0.0 ], [ 100.171800059000077, -1.13479608699992, 0.0 ], [ 100.171871442000025, -1.13479608699992, 0.0 ], [ 100.171899996, -1.134806793999918, 0.0 ], [ 100.171942826000077, -1.134813932999975, 0.0 ], [ 100.171996364000066, -1.134821070999944, 0.0 ], [ 100.172024918000034, -1.134838916999911, 0.0 ], [ 100.172042764000082, -1.134846054999969, 0.0 ], [ 100.172053471000083, -1.134896023999929, 0.0 ] ] ] ] } },
{ "type": "Feature", "properties": { "NAMOBJ": "PADANG SELATAN", "REMARK": "Wilayah Administrasi Kecamatan", "WADMKK": "KOTA PADANG", "WADMPR": "SUMATERA BARAT", "Shape_Leng": 0.00603376296, "Shape_Area": 2.77932e-06 }, "geometry": { "type": "MultiPolygon", "coordinates": [ [ [ [ 100.230939654000068, -0.957044375999935, 0.0 ], [ 100.230786328000079, -0.957050310999893, 0.0 ], [ 100.23067097300013, -0.957038592999901, 0.0 ], [ 100.230517629000047, -0.956988673999945, 0.0 ], [ 100.230337998000024, -0.956907901999923, 0.0 ], [ 100.230181727000058, -0.956837405999952, 0.0 ], [ 100.230003536000055, -0.956712528999923, 0.0 ], [ 100.229874987000088, -0.956570004999943, 0.0 ], [ 100.229769803000082, -0.956431876999883, 0.0 ], [ 100.229718662000025, -0.956326067999921, 0.0 ], [ 100.229690864000034, -0.956186437999914, 0.0 ], [ 100.229682045000018, -0.956026232999893, 0.0 ], [ 100.229680528000074, -0.955852790999931, 0.0 ], [ 100.229693609, -0.955694043999941, 0.0 ], [ 100.229744643000046, -0.955473549, 0.0 ], [ 100.229816127, -0.955301545999884, 0.0 ], [ 100.229894945000041, -0.955208922999947, 0.0 ], [ 100.229978156000087, -0.955136865999936, 0.0 ], [ 100.230038005000068, -0.955094222999961, 0.0 ], [ 100.23016795400008, -0.955051546999893, 0.0 ], [ 100.230257021000071, -0.955048573999914, 0.0 ], [ 100.230375302000084, -0.955050005999944, 0.0 ], [ 100.230474599000047, -0.955055849999894, 0.0 ], [ 100.230619189000024, -0.95515133399989, 0.0 ], [ 100.231090935000054, -0.955415734999917, 0.0 ], [ 100.231216548000063, -0.955512698999947, 0.0 ], [ 100.231314414000082, -0.95561555299993, 0.0 ], [ 100.231393304000036, -0.955724292999957, 0.0 ], [ 100.231441530000026, -0.955824223999965, 0.0 ], [ 100.231456168000079, -0.955922703999942, 0.0 ], [ 100.23145915300006, -0.95610348799989, 0.0 ], [ 100.231459188000059, -0.956201972999956, 0.0 ], [ 100.231457786000036, -0.956376878999951, 0.0 ], [ 100.231446145000049, -0.956491530999934, 0.0 ], [ 100.231403862000022, -0.956656168999878, 0.0 ], [ 100.231344032000038, -0.956778192999938, 0.0 ], [ 100.231272521000079, -0.95687375399994, 0.0 ], [ 100.231167419000087, -0.956966395999878, 0.0 ], [ 100.231076902000055, -0.957013463999953, 0.0 ], [ 100.230939654000068, -0.957044375999935, 0.0 ] ] ] ] } },
{ "type": "Feature", "properties": { "NAMOBJ": "PADANG SELATAN", "REMARK": "Wilayah Administrasi Kecamatan", "WADMKK": "KOTA PADANG", "WADMPR": "SUMATERA BARAT", "Shape_Leng": 0.00247745924, "Shape_Area": 4.0426e-07 }, "geometry": { "type": "MultiPolygon", "coordinates": [ [ [ [ 100.235712305000078, -0.954901094999968, 0.0 ], [ 100.235620316, -0.954902594999915, 0.0 ], [ 100.235547305000097, -0.954901154999973, 0.0 ], [ 100.235500572000049, -0.95488059399996, 0.0 ], [ 100.235490335000094, -0.954849725999981, 0.0 ], [ 100.235453793, -0.954735091999911, 0.0 ], [ 100.235424505000069, -0.954501402999938, 0.0 ], [ 100.235377717000105, -0.954327977999977, 0.0 ], [ 100.235349930000027, -0.954219219999949, 0.0 ], [ 100.235348458, -0.954173650999909, 0.0 ], [ 100.235352822, -0.954141312999987, 0.0 ], [ 100.235412681000057, -0.954101609999899, 0.0 ], [ 100.2354871430001, -0.954091289999933, 0.0 ], [ 100.235558701000059, -0.954101557999895, 0.0 ], [ 100.235663855000055, -0.954152958999885, 0.0 ], [ 100.235792383000032, -0.954236697999885, 0.0 ], [ 100.235893161000021, -0.954317497999909, 0.0 ], [ 100.235985202000094, -0.954437991999932, 0.0 ], [ 100.236007147000038, -0.954570269999952, 0.0 ], [ 100.236030544000116, -0.954664330999918, 0.0 ], [ 100.236056865000066, -0.954768684999937, 0.0 ], [ 100.236051039000031, -0.954808367999934, 0.0 ], [ 100.236017465, -0.954826017999885, 0.0 ], [ 100.23592694400007, -0.954859860999932, 0.0 ], [ 100.235813058000062, -0.954889299999881, 0.0 ], [ 100.235712305000078, -0.954901094999968, 0.0 ] ] ] ] } },
{ "type": "Feature", "properties": { "NAMOBJ": "PADANG SELATAN", "REMARK": "Wilayah Administrasi Kecamatan", "WADMKK": "KOTA PADANG", "WADMPR": "SUMATERA BARAT", "Shape_Leng": 0.20015102492, "Shape_Area": 0.00105788281 }, "geometry": { "type": "MultiPolygon", "coordinates": [ [ [ [ 100.375618195000044, -1.000562646999889, 0.0 ], [ 100.375580878000065, -1.000575086999941, 0.0 ], [ 100.375560146000041, -1.000562646999889, 0.0 ], [ 100.37554356, -1.000537768999962, 0.0 ], [ 100.37554356, -1.000517036999934, 0.0 ], [ 100.375539414000102, -1.000479719999866, 0.0 ], [ 100.375539414000102, -1.000429963999924, 0.0 ], [ 100.375539414000102, -1.00040093899992, 0.0 ], [ 100.375572585, -1.000347035999901, 0.0 ], [ 100.375626488000108, -1.000284840999907, 0.0 ], [ 100.375651366000028, -1.000264108999879, 0.0 ], [ 100.375804782000031, -1.000214351999936, 0.0 ], [ 100.375891855000035, -1.000181180999945, 0.0 ], [ 100.375958197000017, -1.000148009999954, 0.0 ], [ 100.376024539000085, -1.000081667999883, 0.0 ], [ 100.376033002000085, -1.000071088999896, 0.0 ], [ 100.376057710000083, -1.000040204999916, 0.0 ], [ 100.376066513000097, -1.000022598999969, 0.0 ], [ 100.37607781263803, -0.999999999999876, 0.0 ], [ 100.376107467000026, -0.999940691999942, 0.0 ], [ 100.376111613, -0.999878495999948, 0.0 ], [ 100.376119906000071, -0.999770691, 0.0 ], [ 100.376128198000046, -0.999687762999887, 0.0 ], [ 100.376153077000069, -0.999596542999889, 0.0 ], [ 100.376182101000069, -0.99948873799994, 0.0 ], [ 100.376231858000011, -0.999426541999945, 0.0 ], [ 100.376385273000011, -0.999389224999966, 0.0 ], [ 100.376493079000042, -0.999389224999966, 0.0 ], [ 100.376563567000105, -0.999409956999905, 0.0 ], [ 100.376638202000066, -0.999463858999924, 0.0 ], [ 100.37667137300005, -0.99948873799994, 0.0 ], [ 100.37667137300005, -0.999550932999934, 0.0 ], [ 100.376675519000045, -0.999584103999926, 0.0 ], [ 100.376634056000071, -0.999642152999932, 0.0 ], [ 100.376584299000044, -0.999691909999964, 0.0 ], [ 100.376455762000063, -0.999799714999913, 0.0 ], [ 100.376372834000037, -0.999915813999927, 0.0 ], [ 100.376306492000055, -0.999969716999946, 0.0 ], [ 100.376265393531256, -0.999999999999876, 0.0 ], [ 100.376227711000027, -1.000027765999953, 0.0 ], [ 100.376143077000037, -1.000064562999977, 0.0 ], [ 100.376141395000076, -1.000065293999949, 0.0 ], [ 100.37613234500013, -1.000069228999919, 0.0 ], [ 100.376057710000083, -1.000118985999951, 0.0 ], [ 100.376004454000025, -1.000168691999889, 0.0 ], [ 100.375997433000066, -1.000175244999987, 0.0 ], [ 100.375995515000085, -1.000177034999957, 0.0 ], [ 100.375925026000033, -1.000235083999875, 0.0 ], [ 100.375883563000059, -1.000301425999947, 0.0 ], [ 100.375796489000052, -1.000405084999908, 0.0 ], [ 100.375779903000094, -1.000425816999936, 0.0 ], [ 100.37573429300005, -1.000467280999903, 0.0 ], [ 100.375713561000026, -1.000492158999919, 0.0 ], [ 100.375701122000066, -1.000512890999946, 0.0 ], [ 100.375688683000106, -1.00052532999991, 0.0 ], [ 100.375651366000028, -1.000554354999913, 0.0 ], [ 100.375618195000044, -1.000562646999889, 0.0 ] ] ], [ [ [ 100.370753327000045, -0.956964548, 0.0 ], [ 100.370794665000091, -0.956979843999925, 0.0 ], [ 100.370888938000078, -0.956977616999918, 0.0 ], [ 100.370980992000057, -0.956964833999926, 0.0 ], [ 100.371137416000025, -0.956939743999893, 0.0 ], [ 100.371414025, -0.956938731999987, 0.0 ], [ 100.37116603, -0.956385932999989, 0.0 ], [ 100.370912600000082, -0.955715913999885, 0.0 ], [ 100.37083202500007, -0.95518605499992, 0.0 ], [ 100.370836702000105, -0.954630427999955, 0.0 ], [ 100.370935229000082, -0.953818864999953, 0.0 ], [ 100.371131392000066, -0.953166201999952, 0.0 ], [ 100.371369983000079, -0.952694434999909, 0.0 ], [ 100.371715190000046, -0.952369945999973, 0.0 ], [ 100.37211949200011, -0.952155270999885, 0.0 ], [ 100.372519961000108, -0.951972905999984, 0.0 ], [ 100.372983339000086, -0.951815071999892, 0.0 ], [ 100.373347905000045, -0.95175160399997, 0.0 ], [ 100.373745903000028, -0.951819930999939, 0.0 ], [ 100.374416109000052, -0.952013497999879, 0.0 ], [ 100.374953401000099, -0.952314894999947, 0.0 ], [ 100.374999484000099, -0.952345017999953, 0.0 ], [ 100.374999996000057, -0.952345352999892, 0.0 ], [ 100.375003830000097, -0.952346900999931, 0.0 ], [ 100.375056011000069, -0.952373499999911, 0.0 ], [ 100.375115375000092, -0.952414709999946, 0.0 ], [ 100.375219335000082, -0.952502183999901, 0.0 ], [ 100.375279658000096, -0.952557938999984, 0.0 ], [ 100.375351972000047, -0.952626829999911, 0.0 ], [ 100.375429025000116, -0.952702032999916, 0.0 ], [ 100.37550360700007, -0.952776719999967, 0.0 ], [ 100.375568462000018, -0.952844049999943, 0.0 ], [ 100.375657970000049, -0.952945648999911, 0.0 ], [ 100.37573889, -0.953053609999873, 0.0 ], [ 100.375817752000032, -0.953179561999903, 0.0 ], [ 100.375861119000064, -0.953257408999949, 0.0 ], [ 100.375909109000048, -0.953347863999973, 0.0 ], [ 100.375958586000053, -0.953444576999981, 0.0 ], [ 100.376006381000096, -0.953541163999891, 0.0 ], [ 100.376049349000098, -0.953631257999973, 0.0 ], [ 100.376084341000066, -0.95370850399997, 0.0 ], [ 100.376152524000105, -0.953892381999907, 0.0 ], [ 100.376201022000032, -0.954082760999938, 0.0 ], [ 100.376219969, -0.954165502999945, 0.0 ], [ 100.376242418000089, -0.954263718999901, 0.0 ], [ 100.376267296, -0.954371475999935, 0.0 ], [ 100.37629355100006, -0.954482867999914, 0.0 ], [ 100.376320100000029, -0.954591962999881, 0.0 ], [ 100.376345884000031, -0.95469284699988, 0.0 ], [ 100.376377540000078, -0.954807311999936, 0.0 ], [ 100.376412026000082, -0.954921197999944, 0.0 ], [ 100.376448820000022, -0.955031518999924, 0.0 ], [ 100.376487391000111, -0.955135298999895, 0.0 ], [ 100.376527207000024, -0.955229565999968, 0.0 ], [ 100.376583302000043, -0.955343007999939, 0.0 ], [ 100.376646722000061, -0.955457107999965, 0.0 ], [ 100.376711109000055, -0.955564396999872, 0.0 ], [ 100.376770081000046, -0.955657405999929, 0.0 ], [ 100.376844875000103, -0.955768768999906, 0.0 ], [ 100.376928969000048, -0.955884317999963, 0.0 ], [ 100.377028505000027, -0.956009835999957, 0.0 ], [ 100.377089753000035, -0.956082818999956, 0.0 ], [ 100.377161534000024, -0.956166497999952, 0.0 ], [ 100.377239887000101, -0.956256578999945, 0.0 ], [ 100.37732084600006, -0.956348801999937, 0.0 ], [ 100.377400420000072, -0.956438871999929, 0.0 ], [ 100.377474655000086, -0.956522514999921, 0.0 ], [ 100.377560198000054, -0.95661862399988, 0.0 ], [ 100.377646406000082, -0.956715566999907, 0.0 ], [ 100.377730485000114, -0.956810628999957, 0.0 ], [ 100.377809655000092, -0.956901087999892, 0.0 ], [ 100.377881121000044, -0.956984233999933, 0.0 ], [ 100.377965966000048, -0.957085960999912, 0.0 ], [ 100.378050750000057, -0.957190862999887, 0.0 ], [ 100.378130967000033, -0.957293215999918, 0.0 ], [ 100.378202087000048, -0.957387286999975, 0.0 ], [ 100.378267987000086, -0.957478656999985, 0.0 ], [ 100.378333583000099, -0.957574023999882, 0.0 ], [ 100.378395907000098, -0.957669392999957, 0.0 ], [ 100.378452013000029, -0.957760766999968, 0.0 ], [ 100.378505163000085, -0.957854194999882, 0.0 ], [ 100.378557605000069, -0.957951972999979, 0.0 ], [ 100.37860481400007, -0.958044453999904, 0.0 ], [ 100.378642279000061, -0.958121987999924, 0.0 ], [ 100.378693012999989, -0.958240821999897, 0.0 ], [ 100.378726870000037, -0.958332968999972, 0.0 ], [ 100.378727006000048, -0.958333335999914, 0.0 ], [ 100.378894977000087, -0.95878210899992, 0.0 ], [ 100.3790044, -0.959339251999921, 0.0 ], [ 100.379050940000027, -0.959575504999929, 0.0 ], [ 100.37910131400011, -0.960007583999886, 0.0 ], [ 100.379127846000088, -0.960428312999969, 0.0 ], [ 100.37922713600004, -0.9607441389999, 0.0 ], [ 100.379285091000042, -0.961302567999919, 0.0 ], [ 100.379374493000071, -0.961992394999886, 0.0 ], [ 100.379487739000112, -0.962693570999903, 0.0 ], [ 100.379587185000076, -0.963396019999937, 0.0 ], [ 100.379712110000114, -0.96387625399997, 0.0 ], [ 100.379733691000027, -0.964106224, 0.0 ], [ 100.379727546000055, -0.964269335999987, 0.0 ], [ 100.379703319, -0.964416625999917, 0.0 ], [ 100.379671510000037, -0.964594436999974, 0.0 ], [ 100.379621138000047, -0.964787105999928, 0.0 ], [ 100.379554040000087, -0.965171206999912, 0.0 ], [ 100.379516119000058, -0.965439561999911, 0.0 ], [ 100.379495209000112, -0.96575489299989, 0.0 ], [ 100.379471561000017, -0.966162435999948, 0.0 ], [ 100.37945855000001, -0.966562331999906, 0.0 ], [ 100.379451296000028, -0.966807946999889, 0.0 ], [ 100.379455640000032, -0.967039785999887, 0.0 ], [ 100.379494983000086, -0.967642802999865, 0.0 ], [ 100.379554722000051, -0.968549989999875, 0.0 ], [ 100.37955982500003, -0.969019194999884, 0.0 ], [ 100.379556931000067, -0.969298333999976, 0.0 ], [ 100.379558226000086, -0.96941394299995, 0.0 ], [ 100.379557003000073, -0.969476486999884, 0.0 ], [ 100.379543853000044, -0.969551661999976, 0.0 ], [ 100.379489893000112, -0.969813618999979, 0.0 ], [ 100.379431403000069, -0.970142014999972, 0.0 ], [ 100.379399479000085, -0.970265088999941, 0.0 ], [ 100.380783564000041, -0.970446915999975, 0.0 ], [ 100.382019531000068, -0.970616516999886, 0.0 ], [ 100.384306099000085, -0.970934535999909, 0.0 ], [ 100.384773341000098, -0.970888860999949, 0.0 ], [ 100.385058197000049, -0.973055065999947, 0.0 ], [ 100.385301641000027, -0.975146909999921, 0.0 ], [ 100.385510939000113, -0.976943580999897, 0.0 ], [ 100.385790397000051, -0.97900261199991, 0.0 ], [ 100.386054007000013, -0.980913366999911, 0.0 ], [ 100.386120962000049, -0.981558906999943, 0.0 ], [ 100.386140664, -0.981737480999886, 0.0 ], [ 100.386179233000078, -0.981975769999973, 0.0 ], [ 100.386228707000086, -0.982150167999926, 0.0 ], [ 100.386312779000022, -0.982355862999892, 0.0 ], [ 100.386366638000041, -0.982546961999894, 0.0 ], [ 100.386417023000035, -0.982816547999906, 0.0 ], [ 100.386417130000041, -0.983077729999934, 0.0 ], [ 100.386401858000028, -0.983431079999949, 0.0 ], [ 100.386359943000016, -0.983686969999894, 0.0 ], [ 100.386291700000058, -0.983906538999943, 0.0 ], [ 100.386175671000046, -0.984069680999941, 0.0 ], [ 100.38599120700006, -0.984330928999885, 0.0 ], [ 100.385830144000053, -0.984582090999883, 0.0 ], [ 100.38501009900007, -0.985796481999909, 0.0 ], [ 100.383885297000077, -0.987542480999867, 0.0 ], [ 100.382757835000049, -0.989360709999939, 0.0 ], [ 100.382088134000057, -0.990517911999941, 0.0 ], [ 100.381873701000089, -0.990813796999909, 0.0 ], [ 100.381538388000052, -0.991193714999902, 0.0 ], [ 100.381112958000116, -0.991600048999949, 0.0 ], [ 100.380295497000063, -0.992411280999924, 0.0 ], [ 100.379022359000061, -0.993609351999932, 0.0 ], [ 100.378833611000076, -0.994526153999939, 0.0 ], [ 100.379064733000106, -0.995818780999954, 0.0 ], [ 100.377995024000057, -0.995975703999882, 0.0 ], [ 100.377250846000038, -0.996062311999943, 0.0 ], [ 100.37722166200011, -0.99606323699993, 0.0 ], [ 100.377176059000064, -0.996062342999945, 0.0 ], [ 100.377003659000096, -0.996005497999949, 0.0 ], [ 100.376652442000079, -0.995788989999888, 0.0 ], [ 100.376616842000075, -0.995723818999913, 0.0 ], [ 100.376147054000015, -0.995483492999924, 0.0 ], [ 100.376102354000039, -0.995471581999915, 0.0 ], [ 100.376068613000101, -0.995467923999968, 0.0 ], [ 100.376032134000098, -0.995472524999904, 0.0 ], [ 100.375983797000089, -0.995488155999954, 0.0 ], [ 100.374764623000033, -0.995973389999957, 0.0 ], [ 100.374016280000021, -0.996247602999908, 0.0 ], [ 100.37390381800013, -0.996335455999894, 0.0 ], [ 100.373958575000032, -0.996417133999902, 0.0 ], [ 100.372522702000069, -0.997526902999887, 0.0 ], [ 100.370873775000064, -0.998836450999882, 0.0 ], [ 100.37086465900002, -0.998850880999921, 0.0 ], [ 100.370859454000126, -0.998862685999921, 0.0 ], [ 100.370860760000056, -0.998871865999881, 0.0 ], [ 100.37087249700005, -0.998896777999899, 0.0 ], [ 100.371720493000041, -0.999999970999962, 0.0 ], [ 100.371720515792916, -1.000000000440679, 0.0 ], [ 100.371720541000045, -1.000000032999878, 0.0 ], [ 100.371729785000099, -1.000011650999951, 0.0 ], [ 100.371733916, -1.000016841999937, 0.0 ], [ 100.372523091000105, -1.001008608999928, 0.0 ], [ 100.372530171000065, -1.001017506999954, 0.0 ], [ 100.372744444000034, -1.001286787999941, 0.0 ], [ 100.372749573000107, -1.001303971999942, 0.0 ], [ 100.3727495830001, -1.001330606999925, 0.0 ], [ 100.372739353000057, -1.001358966999874, 0.0 ], [ 100.372725700000075, -1.00137443999991, 0.0 ], [ 100.372657862000068, -1.00144754599992, 0.0 ], [ 100.372657630000049, -1.00144779599994, 0.0 ], [ 100.372517549000094, -1.001598753999907, 0.0 ], [ 100.372293617000125, -1.001846711999907, 0.0 ], [ 100.372240268000056, -1.001903939999934, 0.0 ], [ 100.372230115000022, -1.001914830999947, 0.0 ], [ 100.372191565000023, -1.001956182999905, 0.0 ], [ 100.371762333000035, -1.002252033999959, 0.0 ], [ 100.37164856400004, -1.002310717999929, 0.0 ], [ 100.371560566000042, -1.002301212999942, 0.0 ], [ 100.37151998800006, -1.00228413599995, 0.0 ], [ 100.37149451900008, -1.002294592999927, 0.0 ], [ 100.371410578000066, -1.002364905999972, 0.0 ], [ 100.371286084000076, -1.002471323999895, 0.0 ], [ 100.37120872400007, -1.002485602999922, 0.0 ], [ 100.37118702100004, -1.002479912999895, 0.0 ], [ 100.371174752000101, -1.002470421999909, 0.0 ], [ 100.371168138000087, -1.00244478299992, 0.0 ], [ 100.371414301000115, -1.002241444999882, 0.0 ], [ 100.371452021000039, -1.00219299399987, 0.0 ], [ 100.371468030000116, -1.002123659999906, 0.0 ], [ 100.371447250000088, -1.002067637999978, 0.0 ], [ 100.371316025000056, -1.001871105999971, 0.0 ], [ 100.370747757000032, -1.001163825999893, 0.0 ], [ 100.370713778000052, -1.001132499999876, 0.0 ], [ 100.370685468000019, -1.001119215999932, 0.0 ], [ 100.370626967000064, -1.001106894999978, 0.0 ], [ 100.370520353000046, -1.001105039999914, 0.0 ], [ 100.370289199000098, -1.001102288999952, 0.0 ], [ 100.370090129000062, -1.001109020999888, 0.0 ], [ 100.369950499000055, -1.001122374999927, 0.0 ], [ 100.369839178000078, -1.001146163999941, 0.0 ], [ 100.369738256000076, -1.001220281999945, 0.0 ], [ 100.369682619000088, -1.001286784999941, 0.0 ], [ 100.369630775000061, -1.001400768999869, 0.0 ], [ 100.369533663000112, -1.001563206999897, 0.0 ], [ 100.36951103600002, -1.001603103999912, 0.0 ], [ 100.369480848000094, -1.00161166299991, 0.0 ], [ 100.369430835000045, -1.001589841999881, 0.0 ], [ 100.369271305000083, -1.001394271999953, 0.0 ], [ 100.369223981000076, -1.001379946999922, 0.0 ], [ 100.368544087000032, -1.001909346999938, 0.0 ], [ 100.368487491000067, -1.001939489999945, 0.0 ], [ 100.368443015000111, -1.001945206999885, 0.0 ], [ 100.368408236000079, -1.001934638999899, 0.0 ], [ 100.368253693999989, -1.001739338999904, 0.0 ], [ 100.368213239000013, -1.001692142999907, 0.0 ], [ 100.368189788000038, -1.001695407999911, 0.0 ], [ 100.368015157000059, -1.001809444999932, 0.0 ], [ 100.367999805000039, -1.001842011999873, 0.0 ], [ 100.368002253000057, -1.001893295999942, 0.0 ], [ 100.36825550100005, -1.002199259999944, 0.0 ], [ 100.368313743000073, -1.002235052999886, 0.0 ], [ 100.368397873000021, -1.002296068999961, 0.0 ], [ 100.368418106, -1.002335133999907, 0.0 ], [ 100.368418116, -1.002357111999949, 0.0 ], [ 100.368089894000022, -1.002619365999976, 0.0 ], [ 100.367064792000036, -1.003411026999931, 0.0 ], [ 100.36693220800008, -1.003513649999896, 0.0 ], [ 100.366868364000126, -1.003619498999949, 0.0 ], [ 100.366823928000088, -1.003718013999929, 0.0 ], [ 100.366783531000024, -1.00381164499986, 0.0 ], [ 100.366735848000076, -1.003884112, 0.0 ], [ 100.36656043900004, -1.004072225999927, 0.0 ], [ 100.366427068000021, -1.004228573999985, 0.0 ], [ 100.366351094000038, -1.004336056999907, 0.0 ], [ 100.366317171000077, -1.004433753999908, 0.0 ], [ 100.366272736000042, -1.004539594999873, 0.0 ], [ 100.36613130300006, -1.004756185999941, 0.0 ], [ 100.366027843000026, -1.004885658, 0.0 ], [ 100.365909829000032, -1.005018392999876, 0.0 ], [ 100.365829788999989, -1.005070524999926, 0.0 ], [ 100.365780468000082, -1.005094151999927, 0.0 ], [ 100.365694753000099, -1.005111282999923, 0.0 ], [ 100.365606607000089, -1.005117018999954, 0.0 ], [ 100.365528164000082, -1.00512030799996, 0.0 ], [ 100.365431931000018, -1.005126045999901, 0.0 ], [ 100.365354302000085, -1.005139103999916, 0.0 ], [ 100.365279917000052, -1.005178207999954, 0.0 ], [ 100.365209589000102, -1.005248243999976, 0.0 ], [ 100.365149760000037, -1.005282456999964, 0.0 ], [ 100.365090736000028, -1.00530934499988, 0.0 ], [ 100.365016351000094, -1.005343564999958, 0.0 ], [ 100.364947629000099, -1.005387550999956, 0.0 ], [ 100.364899132000076, -1.0054469949999, 0.0 ], [ 100.364870052000072, -1.005527596, 0.0 ], [ 100.364837737000059, -1.005608196999916, 0.0 ], [ 100.364793294000023, -1.005690432999881, 0.0 ], [ 100.3647383200001, -1.005736855999903, 0.0 ], [ 100.364697078000063, -1.005740942999974, 0.0 ], [ 100.364653403, -1.005727122999897, 0.0 ], [ 100.364608915000048, -1.005701906999942, 0.0 ], [ 100.364585447000053, -1.005667726999956, 0.0 ], [ 100.364574904000079, -1.005592841999889, 0.0 ], [ 100.364577304000093, -1.0055317899999, 0.0 ], [ 100.364593426000098, -1.005403979999894, 0.0 ], [ 100.36460146500005, -1.005288386999922, 0.0 ], [ 100.364602218000115, -1.005155700999957, 0.0 ], [ 100.364590839000059, -1.005020576999879, 0.0 ], [ 100.364578671000032, -1.004928596999907, 0.0 ], [ 100.364553539000084, -1.004776384999925, 0.0 ], [ 100.364518725000039, -1.004681972999929, 0.0 ], [ 100.364486339000024, -1.004588374999912, 0.0 ], [ 100.364415940000072, -1.004489092999957, 0.0 ], [ 100.364340674000061, -1.004353183, 0.0 ], [ 100.364199864000042, -1.004120430999919, 0.0 ], [ 100.36408720700004, -1.003846622999912, 0.0 ], [ 100.364059253000036, -1.003718426999963, 0.0 ], [ 100.36402888500001, -1.003615871999916, 0.0 ], [ 100.364015482000056, -1.003473016999909, 0.0 ], [ 100.364012997000032, -1.003332597999925, 0.0 ], [ 100.36400690300006, -1.003261780999928, 0.0 ], [ 100.363976553000043, -1.003201961999952, 0.0 ], [ 100.363917104000095, -1.003181229999925, 0.0 ], [ 100.36381276200008, -1.003133653999896, 0.0 ], [ 100.363730244000081, -1.003060425999877, 0.0 ], [ 100.363596733000051, -1.002876106, 0.0 ], [ 100.363531180000052, -1.002761355999912, 0.0 ], [ 100.363498377, -1.002636823999911, 0.0 ], [ 100.363488636000085, -1.00254891399992, 0.0 ], [ 100.363492220000111, -1.002418260999946, 0.0 ], [ 100.363482488000017, -1.002347444999948, 0.0 ], [ 100.363458198000046, -1.002279077999976, 0.0 ], [ 100.363357444000059, -1.002108174999869, 0.0 ], [ 100.363280950000032, -1.001934819999914, 0.0 ], [ 100.363188670000042, -1.001719954999899, 0.0 ], [ 100.363135224000061, -1.001546591999944, 0.0 ], [ 100.363123059000031, -1.001463565999913, 0.0 ], [ 100.363127859000073, -1.001339017999911, 0.0 ], [ 100.36313632600006, -1.001276740999909, 0.0 ], [ 100.363189661000035, -1.001182698999944, 0.0 ], [ 100.363221182000061, -1.00113995099996, 0.0 ], [ 100.363249073000063, -1.001116737999904, 0.0 ], [ 100.363304851000066, -1.001061768999886, 0.0 ], [ 100.363359419000048, -1.001016567999965, 0.0 ], [ 100.363674679000013, -1.000694082999928, 0.0 ], [ 100.364250244000033, -1.000000031999878, 0.0 ], [ 100.364250270870002, -1.000000000249898, 0.0 ], [ 100.364250299000034, -0.999999975999962, 0.0 ], [ 100.364330310000085, -0.999934242999942, 0.0 ], [ 100.364477570000105, -0.999837203999906, 0.0 ], [ 100.364578348000094, -0.999850538999944, 0.0 ], [ 100.364665847000055, -0.999866104999899, 0.0 ], [ 100.36471679, -0.999854938999864, 0.0 ], [ 100.364732250000031, -0.999757946999921, 0.0 ], [ 100.364708947000068, -0.999639786999914, 0.0 ], [ 100.364696705000114, -0.999501562999935, 0.0 ], [ 100.36468333100008, -0.999296452999928, 0.0 ], [ 100.364733089000111, -0.999113610999899, 0.0 ], [ 100.364828280000083, -0.99897646299992, 0.0 ], [ 100.364912418000117, -0.998903961999872, 0.0 ], [ 100.365024260000041, -0.998881619999977, 0.0 ], [ 100.365058567000034, -0.998818065999959, 0.0 ], [ 100.365004271000075, -0.998738938999896, 0.0 ], [ 100.364883524000035, -0.998673224999965, 0.0 ], [ 100.364791560000057, -0.998549521999944, 0.0 ], [ 100.36475382200004, -0.998356686999887, 0.0 ], [ 100.364752649000039, -0.998193928999921, 0.0 ], [ 100.364775950000094, -0.998073799999929, 0.0 ], [ 100.364782490000024, -0.998040083999982, 0.0 ], [ 100.364875448000078, -0.997875060999917, 0.0 ], [ 100.36496289800003, -0.997752523, 0.0 ], [ 100.365068033000014, -0.997605203999971, 0.0 ], [ 100.365086801000061, -0.997471423999915, 0.0 ], [ 100.365105555000099, -0.997275218999935, 0.0 ], [ 100.365139797000012, -0.997075660999943, 0.0 ], [ 100.365244929000085, -0.996883877999885, 0.0 ], [ 100.365377765000062, -0.996735561999959, 0.0 ], [ 100.365462975000099, -0.996582806999932, 0.0 ], [ 100.365527459000106, -0.99639898199991, 0.0 ], [ 100.365460407000072, -0.996352984999923, 0.0 ], [ 100.365305717000055, -0.996185375999911, 0.0 ], [ 100.365251770000029, -0.996103995999928, 0.0 ], [ 100.365170875, -0.996040716999932, 0.0 ], [ 100.365098972000098, -0.995995522999923, 0.0 ], [ 100.365036047000032, -0.995932236999927, 0.0 ], [ 100.364991082000046, -0.995841807999906, 0.0 ], [ 100.364928154000083, -0.995769476999961, 0.0 ], [ 100.364865214000119, -0.995670010999902, 0.0 ], [ 100.364793300000116, -0.995597683999957, 0.0 ], [ 100.364734310000031, -0.99543037099988, 0.0 ], [ 100.364559446000044, -0.99503700999993, 0.0 ], [ 100.36434368200004, -0.994765757999957, 0.0 ], [ 100.364406569, -0.99473859799993, 0.0 ], [ 100.364433518000013, -0.994720496999943, 0.0 ], [ 100.364460375000107, -0.994476278999986, 0.0 ], [ 100.364099004000039, -0.994131190999944, 0.0 ], [ 100.363353479000082, -0.993639721999958, 0.0 ], [ 100.362626744000082, -0.993057021999974, 0.0 ], [ 100.362161981, -0.992644693999964, 0.0 ], [ 100.361632815000092, -0.99218424399988, 0.0 ], [ 100.361174960000042, -0.991693850999983, 0.0 ], [ 100.360775063000091, -0.991438784999929, 0.0 ], [ 100.360425873000068, -0.991209560999881, 0.0 ], [ 100.360033475000108, -0.990910586999924, 0.0 ], [ 100.359664842000072, -0.99058767299994, 0.0 ], [ 100.359165448000041, -0.990258828999909, 0.0 ], [ 100.358878577000027, -0.990119038999978, 0.0 ], [ 100.358511561000029, -0.9900257729999, 0.0 ], [ 100.357899310000093, -0.989870473999929, 0.0 ], [ 100.35750103, -0.989721069999913, 0.0 ], [ 100.357316747000112, -0.989643370999879, 0.0 ], [ 100.35722756200002, -0.98956563199993, 0.0 ], [ 100.3572339440001, -0.989432316999913, 0.0 ], [ 100.357269867000056, -0.989387078999901, 0.0 ], [ 100.357429495000034, -0.989200602999926, 0.0 ], [ 100.357692008000086, -0.988943712999987, 0.0 ], [ 100.357790771000083, -0.9887537329999, 0.0 ], [ 100.357898521000024, -0.988563749, 0.0 ], [ 100.358042172000097, -0.98827425899993, 0.0 ], [ 100.358185823000085, -0.987984768999958, 0.0 ], [ 100.358293535000115, -0.987704337999936, 0.0 ], [ 100.35840124800005, -0.987423906999915, 0.0 ], [ 100.358491041000022, -0.987270108999891, 0.0 ], [ 100.358553851000067, -0.987053009999958, 0.0 ], [ 100.35860772400008, -0.986953495999895, 0.0 ], [ 100.358661604000105, -0.986872070999908, 0.0 ], [ 100.358679535000078, -0.986772571999936, 0.0 ], [ 100.358679494000071, -0.986673079999964, 0.0 ], [ 100.358715385000025, -0.986546438999877, 0.0 ], [ 100.358751276000064, -0.986419797999879, 0.0 ], [ 100.358778196000074, -0.986329339999944, 0.0 ], [ 100.358814105000107, -0.986247921999958, 0.0 ], [ 100.358867985000032, -0.986166497999882, 0.0 ], [ 100.358912876000019, -0.986076031999946, 0.0 ], [ 100.35893081400009, -0.985994621999961, 0.0 ], [ 100.358984679000102, -0.985877017999911, 0.0 ], [ 100.358993625000039, -0.985777522999939, 0.0 ], [ 100.359011559000109, -0.985687067999915, 0.0 ], [ 100.359038472000023, -0.985578519999905, 0.0 ], [ 100.359056406, -0.98548806599997, 0.0 ], [ 100.359101293000066, -0.985388554999908, 0.0 ], [ 100.359128209000076, -0.985289051999935, 0.0 ], [ 100.359083208000087, -0.985108175999891, 0.0 ], [ 100.359119107000126, -0.98499962499988, 0.0 ], [ 100.359155008000073, -0.984900117999906, 0.0 ], [ 100.359172939000047, -0.984800618999934, 0.0 ], [ 100.35918188400008, -0.984701122999962, 0.0 ], [ 100.359208801000079, -0.984601619999989, 0.0 ], [ 100.359217735000115, -0.984474989999903, 0.0 ], [ 100.359235666000089, -0.98437549099993, 0.0 ], [ 100.359244611000022, -0.984275994999958, 0.0 ], [ 100.359181679000059, -0.984194618999886, 0.0 ], [ 100.359073849000112, -0.984185617999941, 0.0 ], [ 100.358975009000105, -0.984185658999944, 0.0 ], [ 100.358930070000028, -0.984158542999921, 0.0 ], [ 100.358939023000048, -0.984077136999936, 0.0 ], [ 100.358956961000032, -0.98399572699995, 0.0 ], [ 100.358992870000066, -0.983914308999875, 0.0 ], [ 100.358992837000059, -0.983832906999979, 0.0 ], [ 100.359010771000044, -0.983742451999955, 0.0 ], [ 100.359010742000038, -0.983670094999919, 0.0 ], [ 100.359037669000045, -0.983597725999971, 0.0 ], [ 100.359055618000113, -0.983543449999921, 0.0 ], [ 100.35912749900011, -0.98353437599997, 0.0 ], [ 100.359199387000018, -0.983543390999916, 0.0 ], [ 100.359289238000073, -0.983534308999875, 0.0 ], [ 100.359370104000021, -0.983525231999923, 0.0 ], [ 100.359415032000086, -0.983525212999922, 0.0 ], [ 100.359441952000012, -0.983434754999898, 0.0 ], [ 100.359468875000019, -0.983353340999912, 0.0 ], [ 100.359495795000029, -0.983262882999888, 0.0 ], [ 100.359513722000088, -0.983154338999967, 0.0 ], [ 100.359531638000064, -0.983018660999932, 0.0 ], [ 100.359522602000112, -0.982892037999935, 0.0 ], [ 100.359531532000048, -0.982756363999901, 0.0 ], [ 100.359585413000062, -0.982674938999914, 0.0 ], [ 100.359630300000049, -0.98257542899994, 0.0 ], [ 100.359657231000057, -0.982512104999941, 0.0 ], [ 100.359648198000016, -0.982394526999894, 0.0 ], [ 100.35966612900009, -0.982295027999921, 0.0 ], [ 100.359675074000023, -0.982195531999949, 0.0 ], [ 100.359693005000082, -0.982096032999888, 0.0 ], [ 100.359692964, -0.981996540999916, 0.0 ], [ 100.359737852000066, -0.981897030999942, 0.0 ], [ 100.359746797000099, -0.981797534999881, 0.0 ], [ 100.359728753000027, -0.981616647999925, 0.0 ], [ 100.359728713000024, -0.981517155999953, 0.0 ], [ 100.359737655000046, -0.981408615999943, 0.0 ], [ 100.35975558200002, -0.981300070999932, 0.0 ], [ 100.359773513000093, -0.98120057199996, 0.0 ], [ 100.359791443000063, -0.981101072999898, 0.0 ], [ 100.359809374000037, -0.981001573999926, 0.0 ], [ 100.35982730100001, -0.980893029999915, 0.0 ], [ 100.359836247000032, -0.980793533999943, 0.0 ], [ 100.359846268000069, -0.980766275999908, 0.0 ], [ 100.359868366000029, -0.9807382669999, 0.0 ], [ 100.359886896000049, -0.98070308099992, 0.0 ], [ 100.359899102, -0.980684971999931, 0.0 ], [ 100.359889999000046, -0.980395543999965, 0.0 ], [ 100.359889955000043, -0.980287007999955, 0.0 ], [ 100.35991683500005, -0.980097056999959, 0.0 ], [ 100.359925784000069, -0.980006605999936, 0.0 ], [ 100.359943660000042, -0.979771435999929, 0.0 ], [ 100.359961548000015, -0.979563399999947, 0.0 ], [ 100.359988424000022, -0.979364405999913, 0.0 ], [ 100.35999731800004, -0.979138283999944, 0.0 ], [ 100.360042144000019, -0.97888501299995, 0.0 ], [ 100.359992871000031, -0.978717821999972, 0.0 ], [ 100.359963031000049, -0.978412715999951, 0.0 ], [ 100.359651792000051, -0.977867150999931, 0.0 ], [ 100.359499429000053, -0.977658353999974, 0.0 ], [ 100.359381719000083, -0.97750348399995, 0.0 ], [ 100.359318045000066, -0.977364418999901, 0.0 ], [ 100.359287223000081, -0.977249455999893, 0.0 ], [ 100.359195499000052, -0.97709044199997, 0.0 ], [ 100.359129097000064, -0.976958958999926, 0.0 ], [ 100.359089381000061, -0.976868083999868, 0.0 ], [ 100.359087291000066, -0.976766186999964, 0.0 ], [ 100.35913445100006, -0.976666332999962, 0.0 ], [ 100.359146054000036, -0.976604352999985, 0.0 ], [ 100.359129605000106, -0.976522432999957, 0.0 ], [ 100.359067327, -0.976457046999876, 0.0 ], [ 100.358926393000075, -0.97637516799994, 0.0 ], [ 100.35880868800011, -0.976256096999947, 0.0 ], [ 100.358727218000027, -0.976081936999925, 0.0 ], [ 100.358683375000041, -0.975916707999932, 0.0 ], [ 100.358638157000115, -0.975729444999892, 0.0 ], [ 100.358562168000049, -0.975575932999892, 0.0 ], [ 100.358443775000111, -0.975418992999963, 0.0 ], [ 100.358219332000019, -0.975210457999939, 0.0 ], [ 100.358083840000077, -0.975076939999905, 0.0 ], [ 100.357992129000039, -0.974950975999963, 0.0 ], [ 100.357925032000082, -0.974790576999926, 0.0 ], [ 100.357909236000026, -0.974631530999911, 0.0 ], [ 100.357877719000086, -0.974509674999954, 0.0 ], [ 100.357822967000075, -0.974431894999913, 0.0 ], [ 100.357734029000099, -0.974389926999905, 0.0 ], [ 100.357615001000013, -0.9743748349999, 0.0 ], [ 100.357492568000012, -0.974383141999965, 0.0 ], [ 100.357398181000107, -0.974395571999928, 0.0 ], [ 100.357293550000065, -0.974476862999904, 0.0 ], [ 100.357214226000067, -0.974523719999961, 0.0 ], [ 100.357121218000017, -0.974571259999898, 0.0 ], [ 100.357006307000105, -0.974578886999907, 0.0 ], [ 100.356877021000059, -0.974574117999957, 0.0 ], [ 100.356641699000036, -0.97452738899991, 0.0 ], [ 100.356373521000052, -0.974424910999957, 0.0 ], [ 100.356134767000114, -0.974334117999906, 0.0 ], [ 100.355838537000025, -0.9742116809999, 0.0 ], [ 100.355515631000046, -0.974089256999896, 0.0 ], [ 100.355198896000033, -0.974010885999984, 0.0 ], [ 100.354958111000101, -0.973985512999928, 0.0 ], [ 100.354778208000042, -0.973976630999903, 0.0 ], [ 100.354648923000099, -0.973971862999953, 0.0 ], [ 100.354533314000037, -0.973947126999949, 0.0 ], [ 100.354453260000071, -0.973898959999872, 0.0 ], [ 100.354409453000088, -0.973823236999912, 0.0 ], [ 100.354260227000083, -0.973541689999887, 0.0 ], [ 100.354147301000069, -0.973373041999878, 0.0 ], [ 100.354022059, -0.97320991599997, 0.0 ], [ 100.353652553000074, -0.972885078999916, 0.0 ], [ 100.353517064000059, -0.97275775599995, 0.0 ], [ 100.353428792000031, -0.972673096999873, 0.0 ], [ 100.353365149000098, -0.972584302999898, 0.0 ], [ 100.353285736000018, -0.972428728999905, 0.0 ], [ 100.353231637000064, -0.972280027999947, 0.0 ], [ 100.353206268000093, -0.972114790999953, 0.0 ], [ 100.353168602, -0.97200670299998, 0.0 ], [ 100.353128214000037, -0.971942003999956, 0.0 ], [ 100.353072793000067, -0.971900022999947, 0.0 ], [ 100.352955110000011, -0.97180917999998, 0.0 ], [ 100.35258696400011, -0.971449228999951, 0.0 ], [ 100.352503461000126, -0.971331527999894, 0.0 ], [ 100.352458286000029, -0.971251670999948, 0.0 ], [ 100.352430210000108, -0.971171129999945, 0.0 ], [ 100.352425382000064, -0.971075419999931, 0.0 ], [ 100.352431422000024, -0.970785550999928, 0.0 ], [ 100.352453895000025, -0.970650947999893, 0.0 ], [ 100.352425775000086, -0.970344893999883, 0.0 ], [ 100.352421600000099, -0.970171380999915, 0.0 ], [ 100.352407182000064, -0.970022663999956, 0.0 ], [ 100.352344149, -0.969773442999941, 0.0 ], [ 100.352328355000026, -0.969621279999963, 0.0 ], [ 100.352329667000049, -0.96946498599991, 0.0 ], [ 100.352326204000022, -0.969365151999909, 0.0 ], [ 100.352301554000022, -0.969288732999892, 0.0 ], [ 100.352247496000089, -0.969241930999928, 0.0 ], [ 100.352161303000059, -0.969230948999908, 0.0 ], [ 100.352107611000051, -0.969242678999901, 0.0 ], [ 100.352053918000053, -0.969254408999983, 0.0 ], [ 100.351948601000046, -0.969304712999882, 0.0 ], [ 100.351872707000069, -0.969390116999932, 0.0 ], [ 100.351820767000035, -0.969494106999921, 0.0 ], [ 100.351746921000057, -0.969576760999921, 0.0 ], [ 100.351666917, -0.96962981299987, 0.0 ], [ 100.351588250000077, -0.969631907999954, 0.0 ], [ 100.351525310000014, -0.969596133999925, 0.0 ], [ 100.351493817000076, -0.9695314219999, 0.0 ], [ 100.351491742000078, -0.969465323999938, 0.0 ], [ 100.351511546000026, -0.969397144999892, 0.0 ], [ 100.351537522000044, -0.969347560999964, 0.0 ], [ 100.351570996000063, -0.969242890999919, 0.0 ], [ 100.35158805500005, -0.96914235999995, 0.0 ], [ 100.351592797000094, -0.969023935999921, 0.0 ], [ 100.351587971000043, -0.968928224999907, 0.0 ], [ 100.351549626000079, -0.968829091999964, 0.0 ], [ 100.351534544000074, -0.968749919999897, 0.0 ], [ 100.351534517000061, -0.968681759999942, 0.0 ], [ 100.351544007000058, -0.968456603999876, 0.0 ], [ 100.351537819000072, -0.968374670999935, 0.0 ], [ 100.351520008000108, -0.968302381999905, 0.0 ], [ 100.35146320100003, -0.968231486, 0.0 ], [ 100.351361268000034, -0.968183326999913, 0.0 ], [ 100.351247031000085, -0.968172356999894, 0.0 ], [ 100.35115879500006, -0.968179961999901, 0.0 ], [ 100.351074661000027, -0.968194457999946, 0.0 ], [ 100.350976162000052, -0.968194497999949, 0.0 ], [ 100.350842077000067, -0.968139468999926, 0.0 ], [ 100.350712752000021, -0.968035551999943, 0.0 ], [ 100.350585493000054, -0.967951603999925, 0.0 ], [ 100.350459610000129, -0.967893812999939, 0.0 ], [ 100.35030980600007, -0.967877347999909, 0.0 ], [ 100.350198988000059, -0.967877392999913, 0.0 ], [ 100.350086821, -0.967898095999939, 0.0 ], [ 100.349994515, -0.967994531999924, 0.0 ], [ 100.349924110000046, -0.968122624999953, 0.0 ], [ 100.349880370000065, -0.96821490799995, 0.0 ], [ 100.349821569000085, -0.968286538999926, 0.0 ], [ 100.349726513000036, -0.968333392999984, 0.0 ], [ 100.349615710000108, -0.968350649999902, 0.0 ], [ 100.349498738000108, -0.968354142999925, 0.0 ], [ 100.349383145000047, -0.968370026999906, 0.0 ], [ 100.34928740200003, -0.968407247999966, 0.0 ], [ 100.349134215000063, -0.968494744999923, 0.0 ], [ 100.348961176000046, -0.968550593999925, 0.0 ], [ 100.348621928000043, -0.968616828999899, 0.0 ], [ 100.348255332000079, -0.968720247999929, 0.0 ], [ 100.348208454000115, -0.968740907999951, 0.0 ], [ 100.34785661500004, -0.968895984999904, 0.0 ], [ 100.347762242000059, -0.96894973099991, 0.0 ], [ 100.347701375000085, -0.968975233999977, 0.0 ], [ 100.347644607000092, -0.968981452999959, 0.0 ], [ 100.347606299000034, -0.968970449999937, 0.0 ], [ 100.347572756, -0.968928460999926, 0.0 ], [ 100.347555633000098, -0.968868563999944, 0.0 ], [ 100.347552184000079, -0.968779745999878, 0.0 ], [ 100.347596530000018, -0.968491235999988, 0.0 ], [ 100.347621779000065, -0.968354892999987, 0.0 ], [ 100.347678514000052, -0.968240572999942, 0.0 ], [ 100.347779028000019, -0.968156533999917, 0.0 ], [ 100.348052549, -0.967929897999905, 0.0 ], [ 100.348099712000092, -0.967833479999921, 0.0 ], [ 100.348103774000066, -0.967721937999929, 0.0 ], [ 100.348093466000108, -0.967604205999958, 0.0 ], [ 100.348055113000044, -0.967482351999912, 0.0 ], [ 100.348003084000084, -0.967385286999964, 0.0 ], [ 100.347931905000053, -0.967282720999915, 0.0 ], [ 100.347837459000061, -0.967149871999936, 0.0 ], [ 100.347749183000033, -0.967050071999939, 0.0 ], [ 100.347649292000128, -0.966986770999942, 0.0 ], [ 100.347588398000056, -0.966962689999903, 0.0 ], [ 100.347504247000117, -0.966914524999915, 0.0 ], [ 100.347299653000064, -0.966725263999887, 0.0 ], [ 100.347181251000038, -0.966566258999876, 0.0 ], [ 100.347104589000082, -0.96643546599989, 0.0 ], [ 100.347083338000104, -0.966319800999912, 0.0 ], [ 100.347081927000076, -0.966206198999927, 0.0 ], [ 100.347078454000055, -0.96608088499995, 0.0 ], [ 100.347030540000091, -0.965980380999895, 0.0 ], [ 100.34696826200009, -0.965914993999903, 0.0 ], [ 100.346937465000025, -0.96585854899994, 0.0 ], [ 100.346912809000031, -0.965794520999971, 0.0 ], [ 100.346899024000038, -0.965514292999966, 0.0 ], [ 100.346899580000084, -0.965191374999893, 0.0 ], [ 100.346905636000059, -0.964942803999932, 0.0 ], [ 100.346917895, -0.964811985999944, 0.0 ], [ 100.346961626000066, -0.964692848999945, 0.0 ], [ 100.347127081000082, -0.964499305999919, 0.0 ], [ 100.347269302000129, -0.964356721999934, 0.0 ], [ 100.347409481000085, -0.964233421999946, 0.0 ], [ 100.347585901000031, -0.964092198999897, 0.0 ], [ 100.347755497000023, -0.963986098999911, 0.0 ], [ 100.347957244000028, -0.96388411199991, 0.0 ], [ 100.348153540000013, -0.963832395999894, 0.0 ], [ 100.348361469000068, -0.963799263999906, 0.0 ], [ 100.34870140700005, -0.963748866999911, 0.0 ], [ 100.349166518000075, -0.963689465999881, 0.0 ], [ 100.349423668000028, -0.963583329999892, 0.0 ], [ 100.349572753000103, -0.963509591999919, 0.0 ], [ 100.349700663000036, -0.963488892999983, 0.0 ], [ 100.34980599900004, -0.963486091999929, 0.0 ], [ 100.349928453000047, -0.963529421999961, 0.0 ], [ 100.350063931000065, -0.963629891999926, 0.0 ], [ 100.35030753100007, -0.963844616999928, 0.0 ], [ 100.350548393000011, -0.964063474999918, 0.0 ], [ 100.350811858000043, -0.964363574999879, 0.0 ], [ 100.350958326000082, -0.964603121999982, 0.0 ], [ 100.350958397000099, -0.964603072999978, 0.0 ], [ 100.351157606000058, -0.964465099999931, 0.0 ], [ 100.351184794000091, -0.964591666999922, 0.0 ], [ 100.351190792000054, -0.96477519699992, 0.0 ], [ 100.351212950000019, -0.964889263999943, 0.0 ], [ 100.35121147100007, -0.965222674999907, 0.0 ], [ 100.351208023000055, -0.965384111999942, 0.0 ], [ 100.351158033, -0.965505969999899, 0.0 ], [ 100.351063094000054, -0.965623297999926, 0.0 ], [ 100.351026657000062, -0.965679534999872, 0.0 ], [ 100.351022756000091, -0.965701259999893, 0.0 ], [ 100.351024153000111, -0.965703690999916, 0.0 ], [ 100.351081741000087, -0.9657346219999, 0.0 ], [ 100.351202609000055, -0.965759421999909, 0.0 ], [ 100.351426914000044, -0.965869642999969, 0.0 ], [ 100.351712353000039, -0.966078872999962, 0.0 ], [ 100.351988892000094, -0.966309124999917, 0.0 ], [ 100.352331971000055, -0.966454046999917, 0.0 ], [ 100.352719960000101, -0.966651984999952, 0.0 ], [ 100.353201243000044, -0.96680760199995, 0.0 ], [ 100.35347721100004, -0.966876283999948, 0.0 ], [ 100.353613233000019, -0.966907032999917, 0.0 ], [ 100.353903386000042, -0.96691196999997, 0.0 ], [ 100.354127935000065, -0.966906323999947, 0.0 ], [ 100.354540924000034, -0.966886831999933, 0.0 ], [ 100.355052382000082, -0.966835432999943, 0.0 ], [ 100.355495029000025, -0.966812905999944, 0.0 ], [ 100.355790388000031, -0.966781860999951, 0.0 ], [ 100.355944787000027, -0.966746505999868, 0.0 ], [ 100.356556726000022, -0.966538994999929, 0.0 ], [ 100.357290756000012, -0.966263452999957, 0.0 ], [ 100.357338555000055, -0.966232526999885, 0.0 ], [ 100.357407799000015, -0.966080301999902, 0.0 ], [ 100.357448821000034, -0.966005886999874, 0.0 ], [ 100.357692928000063, -0.965892829999934, 0.0 ], [ 100.357774384000052, -0.965883684999888, 0.0 ], [ 100.357914192000081, -0.965916852999968, 0.0 ], [ 100.35889591800013, -0.96546148599986, 0.0 ], [ 100.359630660000079, -0.965166621999977, 0.0 ], [ 100.360581206000035, -0.964753352999889, 0.0 ], [ 100.361264229000057, -0.964445027999957, 0.0 ], [ 100.361958043000087, -0.964128894999913, 0.0 ], [ 100.36270269200007, -0.963774826999927, 0.0 ], [ 100.363045381000092, -0.963620654999961, 0.0 ], [ 100.362783441, -0.963052562999941, 0.0 ], [ 100.362374635, -0.962314453999976, 0.0 ], [ 100.363326726000096, -0.961360926999863, 0.0 ], [ 100.36325714500002, -0.961290331999972, 0.0 ], [ 100.362937104000096, -0.960804909999954, 0.0 ], [ 100.362805208000026, -0.960573029999953, 0.0 ], [ 100.362671486000053, -0.960197833999906, 0.0 ], [ 100.362446369000082, -0.959459432999918, 0.0 ], [ 100.362171227000061, -0.958761825999929, 0.0 ], [ 100.362022787000029, -0.958448233999917, 0.0 ], [ 100.361766346000039, -0.958071974999871, 0.0 ], [ 100.36136604000005, -0.95768516399993, 0.0 ], [ 100.361157393000013, -0.957482479999946, 0.0 ], [ 100.360952395000112, -0.957134750999952, 0.0 ], [ 100.360770392000063, -0.956693551999951, 0.0 ], [ 100.360413440000102, -0.955793361999898, 0.0 ], [ 100.360149575000023, -0.954935044999935, 0.0 ], [ 100.360129429000054, -0.954812856999951, 0.0 ], [ 100.360131785000064, -0.954653554999915, 0.0 ], [ 100.360265856000055, -0.954161404999962, 0.0 ], [ 100.360426542000113, -0.953518514999882, 0.0 ], [ 100.360416897000036, -0.952899739999932, 0.0 ], [ 100.360083127000038, -0.951540102999967, 0.0 ], [ 100.361524579000019, -0.951499871999925, 0.0 ], [ 100.362357896000049, -0.951483511999903, 0.0 ], [ 100.363566183000017, -0.951449, 0.0 ], [ 100.363847921000058, -0.951399794999904, 0.0 ], [ 100.365327120000046, -0.951123577999965, 0.0 ], [ 100.365470713000036, -0.951091596999895, 0.0 ], [ 100.366077364000049, -0.950989142999944, 0.0 ], [ 100.366608118000087, -0.950903311999948, 0.0 ], [ 100.367182129000057, -0.950800086999934, 0.0 ], [ 100.367788943000079, -0.950691466999917, 0.0 ], [ 100.367945960000014, -0.950688575999944, 0.0 ], [ 100.367921085, -0.951265247999963, 0.0 ], [ 100.367900704000093, -0.951406187999901, 0.0 ], [ 100.367838869000039, -0.951526189999882, 0.0 ], [ 100.367761743000059, -0.951644203999876, 0.0 ], [ 100.367670763000078, -0.951732063999952, 0.0 ], [ 100.367544743000039, -0.951821567999897, 0.0 ], [ 100.36747457300001, -0.951867694999983, 0.0 ], [ 100.367426118000083, -0.951917041999891, 0.0 ], [ 100.367372790000019, -0.951990555999934, 0.0 ], [ 100.36727154400009, -0.952197137999974, 0.0 ], [ 100.367223900000056, -0.95228809499995, 0.0 ], [ 100.367196102000065, -0.952359986999948, 0.0 ], [ 100.367190840000063, -0.952428668999946, 0.0 ], [ 100.367188350000035, -0.952550645999914, 0.0 ], [ 100.367187723000072, -0.952690358999927, 0.0 ], [ 100.367164284000097, -0.952861058999929, 0.0 ], [ 100.36712102900006, -0.952988093999959, 0.0 ], [ 100.367045817000061, -0.953121934999931, 0.0 ], [ 100.366974637000027, -0.953231126999906, 0.0 ], [ 100.366943792000058, -0.953292103999889, 0.0 ], [ 100.366920785000019, -0.953346680999964, 0.0 ], [ 100.366920307000072, -0.953414801999916, 0.0 ], [ 100.366921476000073, -0.953489439999874, 0.0 ], [ 100.366940996, -0.953574597999904, 0.0 ], [ 100.366999972000087, -0.953674758999931, 0.0 ], [ 100.367062639000025, -0.953755026999911, 0.0 ], [ 100.367183763000099, -0.953881758999916, 0.0 ], [ 100.367428477000018, -0.954061495999955, 0.0 ], [ 100.367824330000076, -0.954295272999936, 0.0 ], [ 100.367884676000102, -0.954348378999889, 0.0 ], [ 100.367933035000107, -0.954406395999982, 0.0 ], [ 100.367970132000067, -0.95446992999991, 0.0 ], [ 100.368042447, -0.954602462999951, 0.0 ], [ 100.368132813000031, -0.954758153999865, 0.0 ], [ 100.368231972000061, -0.954920738999906, 0.0 ], [ 100.368397286000061, -0.955113902999901, 0.0 ], [ 100.368824300000043, -0.955442276999982, 0.0 ], [ 100.368913363000033, -0.955504239999868, 0.0 ], [ 100.368976275000094, -0.955550321999951, 0.0 ], [ 100.369024168000053, -0.955588166999974, 0.0 ], [ 100.369600713000068, -0.955905493999939, 0.0 ], [ 100.369700358000046, -0.955962876999891, 0.0 ], [ 100.369813568, -0.956081493999935, 0.0 ], [ 100.370407269000012, -0.956572396999963, 0.0 ], [ 100.370452701000033, -0.956632142999933, 0.0 ], [ 100.370574235000063, -0.956775533999984, 0.0 ], [ 100.370676997000032, -0.956889669999924, 0.0 ], [ 100.370710806, -0.956940183999929, 0.0 ], [ 100.370753327000045, -0.956964548, 0.0 ] ] ] ] } },
{ "type": "Feature", "properties": { "NAMOBJ": "PADANG SELATAN", "REMARK": "Wilayah Administrasi Kecamatan", "WADMKK": "KOTA PADANG", "WADMPR": "SUMATERA BARAT", "Shape_Leng": 0.01291721425, "Shape_Area": 1.30346e-05 }, "geometry": { "type": "MultiPolygon", "coordinates": [ [ [ [ 100.139728645000091, -0.95140379899988, 0.0 ], [ 100.139560712000048, -0.951406793999951, 0.0 ], [ 100.139401548000109, -0.951403907999978, 0.0 ], [ 100.139258439000088, -0.951392196999898, 0.0 ], [ 100.139093412000108, -0.951354033999937, 0.0 ], [ 100.138951751000022, -0.951286465999942, 0.0 ], [ 100.138520908, -0.951095522999953, 0.0 ], [ 100.13838944900003, -0.950986794999928, 0.0 ], [ 100.138282818, -0.950872177999948, 0.0 ], [ 100.138176164000058, -0.950720810999947, 0.0 ], [ 100.138059278000071, -0.950518003999953, 0.0 ], [ 100.13797306900004, -0.95034311899996, 0.0 ], [ 100.137914598000094, -0.950153518, 0.0 ], [ 100.137891182000018, -0.949996251999949, 0.0 ], [ 100.137877955000079, -0.949749314999945, 0.0 ], [ 100.137876427000037, -0.94952883099991, 0.0 ], [ 100.13788073800005, -0.949331864999955, 0.0 ], [ 100.137895277, -0.949137833999888, 0.0 ], [ 100.137931730000091, -0.948961434999948, 0.0 ], [ 100.137988631, -0.948823244999971, 0.0 ], [ 100.13812144700006, -0.948602717999933, 0.0 ], [ 100.138254267000036, -0.948424812999956, 0.0 ], [ 100.138388561000056, -0.948271898999916, 0.0 ], [ 100.138540373000083, -0.948104280999903, 0.0 ], [ 100.138629424000086, -0.948014592999943, 0.0 ], [ 100.138814827000061, -0.947877826999907, 0.0 ], [ 100.138982732, -0.947791052999921, 0.0 ], [ 100.139190062000111, -0.947714548999897, 0.0 ], [ 100.139464561000082, -0.947626264999876, 0.0 ], [ 100.1397127810001, -0.947551213999883, 0.0 ], [ 100.139943485000103, -0.947504099999893, 0.0 ], [ 100.140130389000021, -0.947479054999953, 0.0 ], [ 100.140323140000064, -0.947470170999928, 0.0 ], [ 100.140527577000015, -0.947475983999876, 0.0 ], [ 100.140929217000036, -0.94753829599988, 0.0 ], [ 100.140964784000047, -0.947543813999982, 0.0 ], [ 100.141066435000113, -0.947559584999954, 0.0 ], [ 100.141189112000049, -0.947609518999911, 0.0 ], [ 100.141300114000074, -0.947677097999907, 0.0 ], [ 100.14137801400004, -0.947738671999939, 0.0 ], [ 100.141402357000104, -0.947757912999933, 0.0 ], [ 100.14149438700008, -0.947849015999921, 0.0 ], [ 100.141502694000053, -0.947862352999959, 0.0 ], [ 100.14157036000006, -0.947970986999977, 0.0 ], [ 100.141647801000076, -0.948126769999899, 0.0 ], [ 100.141706631000048, -0.948233761999958, 0.0 ], [ 100.141754467000013, -0.948320758999962, 0.0 ], [ 100.14177369300009, -0.948354648999924, 0.0 ], [ 100.141808003000094, -0.948415129999955, 0.0 ], [ 100.141869723000042, -0.948523927999897, 0.0 ], [ 100.141902034000054, -0.948580884999902, 0.0 ], [ 100.141970717000049, -0.948723437999885, 0.0 ], [ 100.142043782000059, -0.948882161999961, 0.0 ], [ 100.142075665000036, -0.948976617999961, 0.0 ], [ 100.142097858000099, -0.949042366999894, 0.0 ], [ 100.142102640000047, -0.949081165999907, 0.0 ], [ 100.142115429000043, -0.949184934999966, 0.0 ], [ 100.142115472000043, -0.949317224999898, 0.0 ], [ 100.142108222000061, -0.949461276999916, 0.0 ], [ 100.142081987000026, -0.94961268899992, 0.0 ], [ 100.14206133800009, -0.949678484999946, 0.0 ], [ 100.142055372000044, -0.949697494999921, 0.0 ], [ 100.142028010000089, -0.94978467999994, 0.0 ], [ 100.141959435, -0.949941984999899, 0.0 ], [ 100.141877713, -0.950100759999891, 0.0 ], [ 100.141793071, -0.950262475999949, 0.0 ], [ 100.141674838000085, -0.950422728999975, 0.0 ], [ 100.141514259000033, -0.950569772999884, 0.0 ], [ 100.141330313000097, -0.950709476999986, 0.0 ], [ 100.141120085000111, -0.950859475999962, 0.0 ], [ 100.140936133000068, -0.95098300899997, 0.0 ], [ 100.140782839000096, -0.951069778999955, 0.0 ], [ 100.140544860000034, -0.95121390699989, 0.0 ], [ 100.13988488300005, -0.951387573999959, 0.0 ], [ 100.139728645000091, -0.95140379899988, 0.0 ] ] ] ] } },
{ "type": "Feature", "properties": { "NAMOBJ": "LUBUKBEGALUNG", "REMARK": "Wilayah Administrasi Kecamatan", "WADMKK": "KOTA PADANG", "WADMPR": "SUMATERA BARAT", "Shape_Leng": 0.32580738679, "Shape_Area": 0.00224209383 }, "geometry": { "type": "MultiPolygon", "coordinates": [ [ [ [ 100.429329652000064, -0.947992243999959, 0.0 ], [ 100.429444948000096, -0.948146088999987, 0.0 ], [ 100.429470207000051, -0.9481654349999, 0.0 ], [ 100.429502074000112, -0.948173286999928, 0.0 ], [ 100.429559299000047, -0.948234631999942, 0.0 ], [ 100.429715850000036, -0.948477154999935, 0.0 ], [ 100.429901941000068, -0.948827690999895, 0.0 ], [ 100.429921659000016, -0.948842341999953, 0.0 ], [ 100.430069581000083, -0.948772100999914, 0.0 ], [ 100.430150530000034, -0.948794186999965, 0.0 ], [ 100.43022152100005, -0.948897714999916, 0.0 ], [ 100.430245231000058, -0.949057204999967, 0.0 ], [ 100.430326581000116, -0.949472640999879, 0.0 ], [ 100.430358182000077, -0.949610866999947, 0.0 ], [ 100.430485407000035, -0.950228232999958, 0.0 ], [ 100.430325118, -0.950268793999939, 0.0 ], [ 100.42947241800006, -0.950473651999925, 0.0 ], [ 100.428496883000079, -0.950713842999903, 0.0 ], [ 100.427847594000085, -0.950877191999918, 0.0 ], [ 100.427604950000088, -0.950940110999973, 0.0 ], [ 100.42708059900005, -0.951069561999937, 0.0 ], [ 100.426522376000037, -0.951206527999901, 0.0 ], [ 100.425943959000051, -0.951349383, 0.0 ], [ 100.425714483000078, -0.951407394999912, 0.0 ], [ 100.425483726000081, -0.951465184999897, 0.0 ], [ 100.425129402000067, -0.951551041999895, 0.0 ], [ 100.424901330000026, -0.951607059999912, 0.0 ], [ 100.424269788000089, -0.951756858999961, 0.0 ], [ 100.424031179000067, -0.951812364999935, 0.0 ], [ 100.423675955000078, -0.951885341999933, 0.0 ], [ 100.423314500000103, -0.951952530999897, 0.0 ], [ 100.423046610000043, -0.952000330999944, 0.0 ], [ 100.422527474000077, -0.952080377999906, 0.0 ], [ 100.421395119000096, -0.952252068999901, 0.0 ], [ 100.420873659000023, -0.952333982999928, 0.0 ], [ 100.420605588000043, -0.952372307999902, 0.0 ], [ 100.42037354700004, -0.952411352999935, 0.0 ], [ 100.419861489000127, -0.952485667999955, 0.0 ], [ 100.419901855, -0.9527469239999, 0.0 ], [ 100.419958119000029, -0.952963870999909, 0.0 ], [ 100.420012548, -0.953120650999914, 0.0 ], [ 100.420094863000074, -0.953308956999951, 0.0 ], [ 100.420620319000108, -0.954635039999982, 0.0 ], [ 100.420605665000053, -0.954768242999901, 0.0 ], [ 100.42062033800002, -0.955070755999884, 0.0 ], [ 100.420636279000107, -0.955477998999918, 0.0 ], [ 100.420700862000032, -0.955812502999883, 0.0 ], [ 100.420733147000036, -0.955945708999892, 0.0 ], [ 100.420818111000045, -0.956308738999908, 0.0 ], [ 100.420945199000087, -0.956345748999951, 0.0 ], [ 100.420944804000044, -0.956320432999988, 0.0 ], [ 100.421103220000106, -0.956276161999877, 0.0 ], [ 100.421231874000085, -0.956255712999962, 0.0 ], [ 100.421231909000085, -0.956338297999867, 0.0 ], [ 100.421409144, -0.956919570999911, 0.0 ], [ 100.421544324000095, -0.956887362999911, 0.0 ], [ 100.421652457000064, -0.956830433999908, 0.0 ], [ 100.421767964000125, -0.956773502999905, 0.0 ], [ 100.42199521900001, -0.956659210999863, 0.0 ], [ 100.422288402000021, -0.95650627299991, 0.0 ], [ 100.422545229000036, -0.956380526999897, 0.0 ], [ 100.422821593, -0.956260345, 0.0 ], [ 100.423014622000068, -0.956521175999899, 0.0 ], [ 100.423302916000026, -0.956977290999891, 0.0 ], [ 100.42336885400006, -0.957051737999922, 0.0 ], [ 100.423465926000105, -0.957202727999981, 0.0 ], [ 100.423548015000051, -0.957329038999951, 0.0 ], [ 100.42360285900007, -0.957426551999937, 0.0 ], [ 100.423622278000067, -0.957485546999933, 0.0 ], [ 100.423578467000084, -0.957522086999937, 0.0 ], [ 100.423582944000017, -0.957546550999918, 0.0 ], [ 100.423725736000023, -0.958164366999878, 0.0 ], [ 100.423731236000023, -0.95817787899993, 0.0 ], [ 100.423739367000081, -0.958191510999903, 0.0 ], [ 100.423766331000095, -0.958223565999891, 0.0 ], [ 100.42387480700009, -0.958333280999909, 0.0 ], [ 100.423854977000047, -0.958449988999973, 0.0 ], [ 100.42384374, -0.958519894999895, 0.0 ], [ 100.423842212000068, -0.958541262999976, 0.0 ], [ 100.42385469200012, -0.95856635099992, 0.0 ], [ 100.42394330900008, -0.958611875999956, 0.0 ], [ 100.423979954000089, -0.958631644999905, 0.0 ], [ 100.42400244, -0.958647790999908, 0.0 ], [ 100.424011162000099, -0.958660713999912, 0.0 ], [ 100.424011628000045, -0.958675482999979, 0.0 ], [ 100.424006594000076, -0.958706873999912, 0.0 ], [ 100.423982761000062, -0.958762737999916, 0.0 ], [ 100.423948174000031, -0.958852876999913, 0.0 ], [ 100.423948195000037, -0.958902624999943, 0.0 ], [ 100.424127339000023, -0.959479350999967, 0.0 ], [ 100.424317579000046, -0.95998259099995, 0.0 ], [ 100.424415551000067, -0.96026277299995, 0.0 ], [ 100.424442706, -0.960380203999897, 0.0 ], [ 100.424451891000061, -0.960431831999905, 0.0 ], [ 100.424452825000046, -0.960474243999951, 0.0 ], [ 100.424437729000047, -0.960509827999875, 0.0 ], [ 100.424415700000083, -0.960555563999929, 0.0 ], [ 100.424413002000037, -0.960563261999944, 0.0 ], [ 100.424411207000063, -0.960576843999913, 0.0 ], [ 100.424534938000093, -0.960760985999961, 0.0 ], [ 100.42454058600002, -0.960795362999875, 0.0 ], [ 100.424540394000104, -0.960880883999934, 0.0 ], [ 100.42453692800008, -0.960891857999954, 0.0 ], [ 100.424512656000019, -0.960930270999935, 0.0 ], [ 100.424506720000068, -0.96095620699986, 0.0 ], [ 100.424542731000116, -0.961059549999973, 0.0 ], [ 100.424546298000053, -0.961077611999958, 0.0 ], [ 100.424540327, -0.961136815999971, 0.0 ], [ 100.424542107000065, -0.961160558999893, 0.0 ], [ 100.42456277000008, -0.961200914999946, 0.0 ], [ 100.424560093000039, -0.961273375999902, 0.0 ], [ 100.424561421000064, -0.961297516999945, 0.0 ], [ 100.424567644000049, -0.961320676999907, 0.0 ], [ 100.424583673000129, -0.961354628999963, 0.0 ], [ 100.424584077000077, -0.961453587999891, 0.0 ], [ 100.424622212000116, -0.961462268999988, 0.0 ], [ 100.424676618, -0.961468638999982, 0.0 ], [ 100.424697172, -0.961467114999945, 0.0 ], [ 100.424749940000112, -0.961451335999882, 0.0 ], [ 100.424791078000055, -0.961443130999914, 0.0 ], [ 100.424835295000079, -0.961441805999893, 0.0 ], [ 100.424886515000054, -0.961444508999939, 0.0 ], [ 100.424930185000022, -0.961458669999956, 0.0 ], [ 100.425003140000015, -0.961499100999927, 0.0 ], [ 100.425076945000086, -0.961529102999922, 0.0 ], [ 100.425095722000037, -0.961545640999869, 0.0 ], [ 100.425123211000098, -0.961582850999928, 0.0 ], [ 100.42519650600012, -0.961610516999908, 0.0 ], [ 100.425253566000038, -0.961623740999936, 0.0 ], [ 100.425341681000049, -0.961658976999921, 0.0 ], [ 100.425424063000023, -0.961649557999941, 0.0 ], [ 100.425587408000041, -0.961570162999944, 0.0 ], [ 100.425679870000053, -0.961516499999945, 0.0 ], [ 100.425755932000044, -0.961448487999913, 0.0 ], [ 100.425779120000101, -0.961442952999899, 0.0 ], [ 100.425867907000068, -0.961444336999925, 0.0 ], [ 100.425948214000059, -0.961446111999983, 0.0 ], [ 100.426028907000074, -0.961441553999961, 0.0 ], [ 100.426030199000081, -0.961484525999875, 0.0 ], [ 100.426022600000081, -0.961504357999917, 0.0 ], [ 100.426005308000072, -0.961526597999981, 0.0 ], [ 100.425970299000099, -0.961555976999925, 0.0 ], [ 100.425966713000079, -0.961574122999917, 0.0 ], [ 100.425964274000052, -0.961663839999968, 0.0 ], [ 100.425966411000047, -0.961739685999937, 0.0 ], [ 100.425964987000015, -0.961752643999944, 0.0 ], [ 100.425953031000091, -0.961775824999908, 0.0 ], [ 100.425954366000028, -0.961779735999876, 0.0 ], [ 100.42598509700008, -0.961795033999987, 0.0 ], [ 100.425988439, -0.961797298999908, 0.0 ], [ 100.425990538000093, -0.961800502999907, 0.0 ], [ 100.425991781000022, -0.961803941999925, 0.0 ], [ 100.425992024000038, -0.961812667999936, 0.0 ], [ 100.425994404000051, -0.961824554999943, 0.0 ], [ 100.425998819000071, -0.961830724999921, 0.0 ], [ 100.426055724000065, -0.961865092999922, 0.0 ], [ 100.426060652000032, -0.96187079799995, 0.0 ], [ 100.426227197000046, -0.962168515999981, 0.0 ], [ 100.426190521000123, -0.962202920999985, 0.0 ], [ 100.426111961000103, -0.962251018999968, 0.0 ], [ 100.42587158000002, -0.96247443699998, 0.0 ], [ 100.425778108000017, -0.962542111999895, 0.0 ], [ 100.425963225000046, -0.96278514399993, 0.0 ], [ 100.425929805000038, -0.962825411999976, 0.0 ], [ 100.425928822000046, -0.962832171999914, 0.0 ], [ 100.425930972000046, -0.962844037999918, 0.0 ], [ 100.425936117000035, -0.962858791999896, 0.0 ], [ 100.425971237000098, -0.962916953999912, 0.0 ], [ 100.425975333000082, -0.962935567999942, 0.0 ], [ 100.425969643000045, -0.962955613999913, 0.0 ], [ 100.425929610000111, -0.963025459999919, 0.0 ], [ 100.425876792000096, -0.963095595999949, 0.0 ], [ 100.425787043000042, -0.963185390999918, 0.0 ], [ 100.425735325000019, -0.963242583999943, 0.0 ], [ 100.425691025000091, -0.963298881999894, 0.0 ], [ 100.425631370000033, -0.963400447999948, 0.0 ], [ 100.425590517000032, -0.963450445999911, 0.0 ], [ 100.425535097000065, -0.963508088999973, 0.0 ], [ 100.425573082000099, -0.963824963999901, 0.0 ], [ 100.425587599000053, -0.96387290899996, 0.0 ], [ 100.425586168000024, -0.963883515999949, 0.0 ], [ 100.425562406000012, -0.963911646999968, 0.0 ], [ 100.425480742, -0.963963809999932, 0.0 ], [ 100.425466986000032, -0.96398048399989, 0.0 ], [ 100.425437997000117, -0.964056168999935, 0.0 ], [ 100.425388528000013, -0.964107602999928, 0.0 ], [ 100.425365362000051, -0.964143819999904, 0.0 ], [ 100.425344162000073, -0.96419660499992, 0.0 ], [ 100.425403506000109, -0.964621583999911, 0.0 ], [ 100.425378799000015, -0.964784748999911, 0.0 ], [ 100.425345066000062, -0.964904861999901, 0.0 ], [ 100.425277573000074, -0.965081641999962, 0.0 ], [ 100.425388336000097, -0.965526282999981, 0.0 ], [ 100.425404384000089, -0.965751, 0.0 ], [ 100.425414006, -0.965876198999979, 0.0 ], [ 100.425513023000107, -0.966123350999911, 0.0 ], [ 100.425724891000044, -0.966479144999951, 0.0 ], [ 100.426091214000067, -0.96689741699992, 0.0 ], [ 100.426229911000092, -0.967058907999959, 0.0 ], [ 100.426456206000069, -0.967323985999954, 0.0 ], [ 100.426570344000098, -0.967472355999973, 0.0 ], [ 100.42709557300013, -0.968268127999913, 0.0 ], [ 100.427175327000072, -0.968407245999966, 0.0 ], [ 100.427221709, -0.968536182999976, 0.0 ], [ 100.42727381900005, -0.968770633999924, 0.0 ], [ 100.42722965800003, -0.96892886999996, 0.0 ], [ 100.427235320000051, -0.969033106999969, 0.0 ], [ 100.427266012000104, -0.969111924999918, 0.0 ], [ 100.42735590000008, -0.969194580999918, 0.0 ], [ 100.427437559000097, -0.969233456999937, 0.0 ], [ 100.427482588, -0.969278115999902, 0.0 ], [ 100.427521406000011, -0.969327320999977, 0.0 ], [ 100.427553488000086, -0.969401983999937, 0.0 ], [ 100.427593168, -0.969491072999936, 0.0 ], [ 100.427624766000037, -0.969543421999916, 0.0 ], [ 100.42767641500005, -0.969583180999919, 0.0 ], [ 100.427728987000052, -0.969604219999884, 0.0 ], [ 100.428525625000063, -0.970535843999873, 0.0 ], [ 100.428562397000078, -0.970625919999954, 0.0 ], [ 100.428564764000015, -0.970794554999873, 0.0 ], [ 100.428508269000048, -0.971298656999927, 0.0 ], [ 100.428613823000077, -0.971956531999915, 0.0 ], [ 100.428751261000073, -0.972559940999925, 0.0 ], [ 100.428791662000037, -0.972878323999979, 0.0 ], [ 100.428816643000062, -0.973041235999958, 0.0 ], [ 100.428822963000059, -0.973260552999896, 0.0 ], [ 100.428816808000079, -0.973432878999944, 0.0 ], [ 100.42877328400003, -0.973605219999904, 0.0 ], [ 100.428571296000101, -0.974379520999932, 0.0 ], [ 100.428517816000038, -0.974766356999965, 0.0 ], [ 100.428394161000099, -0.975318758999929, 0.0 ], [ 100.428228873000108, -0.976100387999942, 0.0 ], [ 100.428076163000085, -0.976653029999927, 0.0 ], [ 100.427692326000027, -0.977754173999909, 0.0 ], [ 100.427608305, -0.977945440999925, 0.0 ], [ 100.427564157000091, -0.978320312999944, 0.0 ], [ 100.427526149000045, -0.97844585199994, 0.0 ], [ 100.427496584, -0.978535219999962, 0.0 ], [ 100.427486055000102, -0.978641599999882, 0.0 ], [ 100.427411933000101, -0.978746171999919, 0.0 ], [ 100.42729592100001, -0.978931910999922, 0.0 ], [ 100.427211315000108, -0.979078940999919, 0.0 ], [ 100.427068908000052, -0.979306437999913, 0.0 ], [ 100.426918623000049, -0.979446132999925, 0.0 ], [ 100.426771638000062, -0.979575853999911, 0.0 ], [ 100.426599485000025, -0.979658031999961, 0.0 ], [ 100.426538339000032, -0.979812606999872, 0.0 ], [ 100.426423288000109, -0.980066921999953, 0.0 ], [ 100.426004571000092, -0.980875733999905, 0.0 ], [ 100.425684755000105, -0.981299189999948, 0.0 ], [ 100.425394520000069, -0.981609350999943, 0.0 ], [ 100.424747763000113, -0.982063843999889, 0.0 ], [ 100.424477274000111, -0.982017836999901, 0.0 ], [ 100.423920202000033, -0.981984614999906, 0.0 ], [ 100.423354824000057, -0.981976490999944, 0.0 ], [ 100.422609046000076, -0.982101363999973, 0.0 ], [ 100.422239364000049, -0.982213714999943, 0.0 ], [ 100.421934260000029, -0.982379177999956, 0.0 ], [ 100.42169959800006, -0.982585944999922, 0.0 ], [ 100.421541223000105, -0.98277496699993, 0.0 ], [ 100.421324170000091, -0.982993536999984, 0.0 ], [ 100.421043536000042, -0.983360343999959, 0.0 ], [ 100.420365433000072, -0.984065954999899, 0.0 ], [ 100.419687330000016, -0.984771563999928, 0.0 ], [ 100.418391057000051, -0.985318174999946, 0.0 ], [ 100.416666666000097, -0.985699426999872, 0.0 ], [ 100.415213881000071, -0.986688073999961, 0.0 ], [ 100.413269137000015, -0.989769178999897, 0.0 ], [ 100.412874016, -0.989901177999982, 0.0 ], [ 100.41251159600003, -0.99006526899997, 0.0 ], [ 100.412282780000027, -0.990262733999877, 0.0 ], [ 100.412151047000052, -0.990471159999981, 0.0 ], [ 100.412114230000014, -0.991211269999933, 0.0 ], [ 100.412003553, -0.991743511999918, 0.0 ], [ 100.411776232000122, -0.992201349999963, 0.0 ], [ 100.411617083000095, -0.992468432999946, 0.0 ], [ 100.41123804100009, -0.992819529999952, 0.0 ], [ 100.410866500000083, -0.992979898999987, 0.0 ], [ 100.410244747000064, -0.993270068999927, 0.0 ], [ 100.409668533000072, -0.99364413699988, 0.0 ], [ 100.409351670000063, -0.993819710999929, 0.0 ], [ 100.408964337000072, -0.994033479999942, 0.0 ], [ 100.4087413190001, -0.994227126999888, 0.0 ], [ 100.408509264000088, -0.994513522999959, 0.0 ], [ 100.40821743300009, -0.995123909999926, 0.0 ], [ 100.407775831000066, -0.995779565999907, 0.0 ], [ 100.407536303000043, -0.996103634999898, 0.0 ], [ 100.40731175300003, -0.996420162999886, 0.0 ], [ 100.407149307000097, -0.996792361999951, 0.0 ], [ 100.40699003000006, -0.997188779999888, 0.0 ], [ 100.406861008000035, -0.997545759999937, 0.0 ], [ 100.406748893, -0.998581485999924, 0.0 ], [ 100.406683271000077, -0.99921595999993, 0.0 ], [ 100.406579869000055, -0.999556898999984, 0.0 ], [ 100.406327220520495, -1.000000001333209, 0.0 ], [ 100.406263447000072, -1.000111846999982, 0.0 ], [ 100.406231671000015, -1.000744024999975, 0.0 ], [ 100.40635260500008, -1.001495095999946, 0.0 ], [ 100.406561784000061, -1.002380676999945, 0.0 ], [ 100.406571202000038, -1.003784019999973, 0.0 ], [ 100.406265822000094, -1.004655687999975, 0.0 ], [ 100.405612101000088, -1.005492163999907, 0.0 ], [ 100.405308363000088, -1.006394822999898, 0.0 ], [ 100.405203494000034, -1.007405170999917, 0.0 ], [ 100.405131601000036, -1.008228837999944, 0.0 ], [ 100.404822082000095, -1.009287565999969, 0.0 ], [ 100.40458426800005, -1.009822547999914, 0.0 ], [ 100.404277452000059, -1.010145500999901, 0.0 ], [ 100.404105935000075, -1.010224321999939, 0.0 ], [ 100.403968713000012, -1.010346725999941, 0.0 ], [ 100.403824126000032, -1.010587349999955, 0.0 ], [ 100.403669716000053, -1.010874883999943, 0.0 ], [ 100.403577666000075, -1.011071248999937, 0.0 ], [ 100.403427889000028, -1.011299392999895, 0.0 ], [ 100.403228850000076, -1.011569659999964, 0.0 ], [ 100.403038457000036, -1.011943071999951, 0.0 ], [ 100.402925805000052, -1.012494874999955, 0.0 ], [ 100.40291410100005, -1.012591399999948, 0.0 ], [ 100.402880245000091, -1.012630837999925, 0.0 ], [ 100.402790257000021, -1.012632551999889, 0.0 ], [ 100.402637536, -1.01263018099996, 0.0 ], [ 100.402322833000071, -1.012630318999882, 0.0 ], [ 100.401943016000089, -1.01266846599993, 0.0 ], [ 100.40156811500006, -1.012770428999929, 0.0 ], [ 100.401104470000078, -1.012866126999942, 0.0 ], [ 100.400745304000026, -1.012856737999876, 0.0 ], [ 100.4005755270001, -1.012853094999929, 0.0 ], [ 100.400435342000037, -1.012854441999952, 0.0 ], [ 100.400300107000049, -1.012870204999924, 0.0 ], [ 100.400174693000054, -1.012895777999908, 0.0 ], [ 100.40005775700007, -1.012940311999952, 0.0 ], [ 100.399864430000051, -1.013016402999941, 0.0 ], [ 100.399665683000038, -1.013029064999923, 0.0 ], [ 100.399461566000028, -1.013039689999914, 0.0 ], [ 100.399262193000055, -1.013118133999921, 0.0 ], [ 100.399014949000019, -1.013274759999913, 0.0 ], [ 100.398743390000021, -1.013391134999949, 0.0 ], [ 100.39855974800011, -1.013588276999918, 0.0 ], [ 100.398547774000093, -1.013779430999925, 0.0 ], [ 100.398552724000055, -1.013953765999872, 0.0 ], [ 100.398542851000045, -1.014120540999905, 0.0 ], [ 100.398454029000064, -1.014364701999945, 0.0 ], [ 100.398341933000026, -1.01465149599996, 0.0 ], [ 100.398285961000013, -1.014854426999875, 0.0 ], [ 100.398209997000038, -1.015003081999918, 0.0 ], [ 100.398052096000029, -1.015207276999938, 0.0 ], [ 100.397881355000024, -1.015425569999881, 0.0 ], [ 100.397714850000014, -1.015566519999908, 0.0 ], [ 100.397562398, -1.015682029999873, 0.0 ], [ 100.397357982000059, -1.015911134999911, 0.0 ], [ 100.39717017600006, -1.016182170999954, 0.0 ], [ 100.397046653000061, -1.016447311999954, 0.0 ], [ 100.396889140000084, -1.016726545999965, 0.0 ], [ 100.396667479000129, -1.017027123999966, 0.0 ], [ 100.396307028000052, -1.017501435999954, 0.0 ], [ 100.396187610000126, -1.017696649999941, 0.0 ], [ 100.395991338000044, -1.017956644999959, 0.0 ], [ 100.395833463000045, -1.018194024999971, 0.0 ], [ 100.395715502000058, -1.01834463799991, 0.0 ], [ 100.39554504700007, -1.018521030999938, 0.0 ], [ 100.395329069000056, -1.018679170999967, 0.0 ], [ 100.395150498000106, -1.018804214999921, 0.0 ], [ 100.395003135000081, -1.018960774999908, 0.0 ], [ 100.394863198000053, -1.019200079, 0.0 ], [ 100.394776669000095, -1.019383460999975, 0.0 ], [ 100.394654457000016, -1.019733293999877, 0.0 ], [ 100.394476871000066, -1.020144078999937, 0.0 ], [ 100.394243547000116, -1.020526697999976, 0.0 ], [ 100.394130021000052, -1.020680751999933, 0.0 ], [ 100.393992698000062, -1.020823752999952, 0.0 ], [ 100.393831860000077, -1.020956984999874, 0.0 ], [ 100.393667024000109, -1.021096217999936, 0.0 ], [ 100.393499454000022, -1.02129855099998, 0.0 ], [ 100.393426453000103, -1.021479745999962, 0.0 ], [ 100.393361057000021, -1.021719856999933, 0.0 ], [ 100.393308807000054, -1.021884740999898, 0.0 ], [ 100.393237143000079, -1.022005084999908, 0.0 ], [ 100.393158576000062, -1.022056630999909, 0.0 ], [ 100.393029728000059, -1.022103012999928, 0.0 ], [ 100.392922379000055, -1.022148508999962, 0.0 ], [ 100.392771695000107, -1.022203282999964, 0.0 ], [ 100.392588465000046, -1.022291585999898, 0.0 ], [ 100.392401079000081, -1.022456101999921, 0.0 ], [ 100.392269494000033, -1.022637881999952, 0.0 ], [ 100.392175175000048, -1.022899624999937, 0.0 ], [ 100.392103138000039, -1.023156350999951, 0.0 ], [ 100.392044976000108, -1.023408834999881, 0.0 ], [ 100.392032483000051, -1.023624230999939, 0.0 ], [ 100.392012018000045, -1.023893524999927, 0.0 ], [ 100.391991816000058, -1.024099028999967, 0.0 ], [ 100.39195992, -1.0242850029999, 0.0 ], [ 100.391909949000038, -1.024510050999869, 0.0 ], [ 100.39181134500005, -1.024739540999938, 0.0 ], [ 100.391754247000037, -1.024866603999971, 0.0 ], [ 100.391669074, -1.025031004999896, 0.0 ], [ 100.391536884000075, -1.025282742999941, 0.0 ], [ 100.391335639000033, -1.025648214999894, 0.0 ], [ 100.391179762000021, -1.025885925999933, 0.0 ], [ 100.391114557000037, -1.026004853999915, 0.0 ], [ 100.391020547000082, -1.026181469999873, 0.0 ], [ 100.390929888000045, -1.026339600999901, 0.0 ], [ 100.390828712000101, -1.026461766999883, 0.0 ], [ 100.390671034000022, -1.026619062999931, 0.0 ], [ 100.390410916000093, -1.026839446999869, 0.0 ], [ 100.390177416000043, -1.027050923999958, 0.0 ], [ 100.39008706200012, -1.027109558999925, 0.0 ], [ 100.389957916000085, -1.02720313499994, 0.0 ], [ 100.389861178000075, -1.027327621999937, 0.0 ], [ 100.389812884000079, -1.027450678999905, 0.0 ], [ 100.38976275600001, -1.02760889199994, 0.0 ], [ 100.389678218000128, -1.0279068309999, 0.0 ], [ 100.389554914000044, -1.028207928999944, 0.0 ], [ 100.389403122000019, -1.028607005999923, 0.0 ], [ 100.389327029000114, -1.028814960999899, 0.0 ], [ 100.389218788000036, -1.029033876999893, 0.0 ], [ 100.389064651000069, -1.02931663399993, 0.0 ], [ 100.388963015000016, -1.029483630999891, 0.0 ], [ 100.388799146000039, -1.029722705999955, 0.0 ], [ 100.388609200000047, -1.029917247999887, 0.0 ], [ 100.388488932000044, -1.03006160999993, 0.0 ], [ 100.388360647000084, -1.030286760999907, 0.0 ], [ 100.388280579000039, -1.030497753999956, 0.0 ], [ 100.388211077000065, -1.030711194999942, 0.0 ], [ 100.388142507000069, -1.030924123999974, 0.0 ], [ 100.388074350000025, -1.031091158999939, 0.0 ], [ 100.387998706000076, -1.031250911999923, 0.0 ], [ 100.38789904300009, -1.031511613999911, 0.0 ], [ 100.387896200000029, -1.031888064999972, 0.0 ], [ 100.387903578000106, -1.032068877999922, 0.0 ], [ 100.387922360000061, -1.03229737, 0.0 ], [ 100.387934525, -1.032463691999904, 0.0 ], [ 100.387914301000109, -1.032600603999864, 0.0 ], [ 100.387817384000087, -1.032769863999924, 0.0 ], [ 100.387676391000056, -1.032980837999972, 0.0 ], [ 100.387568600000108, -1.033124684999972, 0.0 ], [ 100.387391616000031, -1.03335006899988, 0.0 ], [ 100.387083204000092, -1.033722355999952, 0.0 ], [ 100.3869018, -1.033934362999908, 0.0 ], [ 100.386778462, -1.034119341999936, 0.0 ], [ 100.386626715000062, -1.034268091999898, 0.0 ], [ 100.386451829000066, -1.034439837999987, 0.0 ], [ 100.38627268900008, -1.034681950999857, 0.0 ], [ 100.386071853000075, -1.03494128499991, 0.0 ], [ 100.385886236, -1.035161286999905, 0.0 ], [ 100.385714715000105, -1.035284524999888, 0.0 ], [ 100.385441172000029, -1.035443645999909, 0.0 ], [ 100.385255789000055, -1.035554028999982, 0.0 ], [ 100.384932057000086, -1.035709981999918, 0.0 ], [ 100.384703146000064, -1.035833603999933, 0.0 ], [ 100.384472693000092, -1.036033694999968, 0.0 ], [ 100.384074841000043, -1.036527227999947, 0.0 ], [ 100.384059493, -1.036567010999864, 0.0 ], [ 100.384062116000052, -1.036621455999928, 0.0 ], [ 100.38410200400007, -1.036746735999902, 0.0 ], [ 100.384135387000072, -1.036905526999895, 0.0 ], [ 100.384141797000069, -1.036958591999934, 0.0 ], [ 100.384146865000048, -1.037159174999921, 0.0 ], [ 100.384098566000048, -1.037285435999888, 0.0 ], [ 100.384067870000081, -1.03732781699993, 0.0 ], [ 100.383899679000109, -1.037418314999957, 0.0 ], [ 100.383647660000051, -1.037524761999972, 0.0 ], [ 100.383391791000108, -1.037671248999924, 0.0 ], [ 100.383205160000031, -1.037833540999941, 0.0 ], [ 100.383034363000021, -1.038029627999911, 0.0 ], [ 100.38289933400003, -1.038311617999973, 0.0 ], [ 100.382824066000026, -1.03853925299989, 0.0 ], [ 100.382775695000106, -1.038767580999952, 0.0 ], [ 100.382768180000113, -1.038870370999931, 0.0 ], [ 100.382719647, -1.039182477999908, 0.0 ], [ 100.382680841000081, -1.039342552999919, 0.0 ], [ 100.382643747000031, -1.03945623099991, 0.0 ], [ 100.382504702000062, -1.039770329999964, 0.0 ], [ 100.382240095000029, -1.040196637999887, 0.0 ], [ 100.381423841000071, -1.041118854999986, 0.0 ], [ 100.379733305000087, -1.043340143999924, 0.0 ], [ 100.379691732000111, -1.043204672999906, 0.0 ], [ 100.379663995000044, -1.043062865999897, 0.0 ], [ 100.379657291000015, -1.042992335999923, 0.0 ], [ 100.379655985000085, -1.042978598999941, 0.0 ], [ 100.379653885, -1.042956504999889, 0.0 ], [ 100.379598488000042, -1.042853963999931, 0.0 ], [ 100.379512184000092, -1.04276150799992, 0.0 ], [ 100.379482700000054, -1.042729921999971, 0.0 ], [ 100.37948174000006, -1.042728890999975, 0.0 ], [ 100.379202039000091, -1.042428677999915, 0.0 ], [ 100.378986811000047, -1.042171724999882, 0.0 ], [ 100.378790484000064, -1.041984405999926, 0.0 ], [ 100.378660860000082, -1.041865435999942, 0.0 ], [ 100.378531421000034, -1.04169808499995, 0.0 ], [ 100.378439159000038, -1.041537446999893, 0.0 ], [ 100.378346875000034, -1.041326114999904, 0.0 ], [ 100.378240933000072, -1.041115646999987, 0.0 ], [ 100.378213300000084, -1.041012639, 0.0 ], [ 100.378202923000032, -1.040973957999899, 0.0 ], [ 100.378187923000027, -1.04091804399998, 0.0 ], [ 100.378089638000077, -1.040648284999953, 0.0 ], [ 100.378027216000064, -1.040403428999944, 0.0 ], [ 100.377987026000113, -1.040243627999867, 0.0 ], [ 100.377974130000013, -1.040033977999929, 0.0 ], [ 100.377984315000063, -1.039899072999958, 0.0 ], [ 100.377988505000047, -1.039717771999968, 0.0 ], [ 100.37796968, -1.039612092999928, 0.0 ], [ 100.377911595000086, -1.039526194999926, 0.0 ], [ 100.377858582000044, -1.039396763999964, 0.0 ], [ 100.377851777000018, -1.039380148999921, 0.0 ], [ 100.377851731000106, -1.039379548999872, 0.0 ], [ 100.377841476000057, -1.039246112999933, 0.0 ], [ 100.377838884000113, -1.039175655999877, 0.0 ], [ 100.377846538000114, -1.039109489999909, 0.0 ], [ 100.37785375, -1.039100007999924, 0.0 ], [ 100.377859471000036, -1.039092484999923, 0.0 ], [ 100.377896874000015, -1.03904330699994, 0.0 ], [ 100.377946360000024, -1.038983997999917, 0.0 ], [ 100.377954866000024, -1.038916112999985, 0.0 ], [ 100.377932646000048, -1.03885855399993, 0.0 ], [ 100.377860276, -1.03881717399997, 0.0 ], [ 100.377856188000024, -1.038814836999954, 0.0 ], [ 100.377845554000032, -1.038808755999984, 0.0 ], [ 100.377708084000034, -1.038725469999932, 0.0 ], [ 100.377684048000091, -1.038712622999935, 0.0 ], [ 100.377682510000042, -1.038711800999955, 0.0 ], [ 100.377613309000097, -1.038674815999915, 0.0 ], [ 100.37756296500001, -1.03863587199989, 0.0 ], [ 100.377561048000032, -1.038634388999945, 0.0 ], [ 100.377535602000066, -1.038614703999915, 0.0 ], [ 100.377526206000084, -1.03860009999995, 0.0 ], [ 100.377523627000045, -1.038558857999913, 0.0 ], [ 100.377533001000117, -1.038520187999911, 0.0 ], [ 100.377553468000116, -1.038472920999908, 0.0 ], [ 100.377554453000116, -1.038472140999932, 0.0 ], [ 100.377565413000042, -1.038463462999925, 0.0 ], [ 100.377565626000063, -1.038463340999915, 0.0 ], [ 100.377654170000099, -1.038412728999901, 0.0 ], [ 100.377676959000027, -1.038403903999882, 0.0 ], [ 100.3776895230001, -1.038399038999923, 0.0 ], [ 100.377816333000013, -1.038349932999946, 0.0 ], [ 100.377861687000035, -1.038334309999897, 0.0 ], [ 100.377876700000044, -1.038329138999913, 0.0 ], [ 100.377890589000032, -1.038324354999872, 0.0 ], [ 100.378033830000078, -1.038275013999964, 0.0 ], [ 100.378053606000023, -1.038268201999934, 0.0 ], [ 100.37806020900004, -1.038266359999959, 0.0 ], [ 100.378083721000024, -1.038259802999949, 0.0 ], [ 100.378226731000041, -1.038201412999914, 0.0 ], [ 100.378244694000017, -1.038183315999927, 0.0 ], [ 100.378253664000056, -1.038147132999953, 0.0 ], [ 100.378280601000057, -1.03810189799994, 0.0 ], [ 100.378307546000073, -1.038074751999915, 0.0 ], [ 100.378352466000052, -1.038056642999926, 0.0 ], [ 100.37838841300001, -1.038065671999963, 0.0 ], [ 100.378433337000089, -1.038056607999923, 0.0 ], [ 100.378469283000044, -1.038065636999871, 0.0 ], [ 100.378550142000066, -1.038038466999932, 0.0 ], [ 100.378568101000042, -1.038011324999907, 0.0 ], [ 100.378604024000083, -1.037966085999894, 0.0 ], [ 100.378612994000036, -1.03792990399992, 0.0 ], [ 100.37863093, -1.037848493999935, 0.0 ], [ 100.378666864000053, -1.037830388999947, 0.0 ], [ 100.378675838000078, -1.037803250999922, 0.0 ], [ 100.378702787000094, -1.037785149999934, 0.0 ], [ 100.378720754000071, -1.037776097999895, 0.0 ], [ 100.378747707000073, -1.037767040999945, 0.0 ], [ 100.378783626000114, -1.037712756999895, 0.0 ], [ 100.37881055900003, -1.037658477999933, 0.0 ], [ 100.378837493000049, -1.037604197999883, 0.0 ], [ 100.378855436000023, -1.037540877999973, 0.0 ], [ 100.37886439100005, -1.037468516999937, 0.0 ], [ 100.378873341000073, -1.037387110999862, 0.0 ], [ 100.378855338, -1.037314760999916, 0.0 ], [ 100.378846325000069, -1.037251452999918, 0.0 ], [ 100.378819341000053, -1.037188151999921, 0.0 ], [ 100.378810320000099, -1.037106753999936, 0.0 ], [ 100.378783321000085, -1.037007274999965, 0.0 ], [ 100.378738346, -1.036898758999957, 0.0 ], [ 100.378720335000125, -1.036808319999935, 0.0 ], [ 100.378684370000073, -1.036754067999887, 0.0 ], [ 100.378657381000068, -1.036681722999941, 0.0 ], [ 100.378657338000053, -1.03658223199988, 0.0 ], [ 100.378657311000055, -1.036518918999882, 0.0 ], [ 100.378639309000079, -1.036446569999935, 0.0 ], [ 100.378675224000034, -1.036383241999935, 0.0 ], [ 100.378702145000034, -1.036301827999949, 0.0 ], [ 100.378720073000096, -1.036202328999888, 0.0 ], [ 100.378738021000075, -1.036148052999927, 0.0 ], [ 100.378732840000083, -1.036111805999948, 0.0 ], [ 100.378725209000081, -1.036058204999954, 0.0 ], [ 100.378719995, -1.036021435999931, 0.0 ], [ 100.378746928000012, -1.03596715599997, 0.0 ], [ 100.378773854000102, -1.035894786999933, 0.0 ], [ 100.378836714000073, -1.035804312999907, 0.0 ], [ 100.378881591000052, -1.035686712999947, 0.0 ], [ 100.378917506000093, -1.035623384999948, 0.0 ], [ 100.37898934, -1.035505772999898, 0.0 ], [ 100.379007268000052, -1.035406273999925, 0.0 ], [ 100.379043167000091, -1.035306766999952, 0.0 ], [ 100.379061103000069, -1.035225357999877, 0.0 ], [ 100.37907005000001, -1.035134906999943, 0.0 ], [ 100.379114946000087, -1.035062529999905, 0.0 ], [ 100.379123909000029, -1.035008258999945, 0.0 ], [ 100.379123881000027, -1.034944945999946, 0.0 ], [ 100.379159800000068, -1.034890661999896, 0.0 ], [ 100.37918674900007, -1.034872560999908, 0.0 ], [ 100.379196118000053, -1.034814161999961, 0.0 ], [ 100.37919569200001, -1.034773065999936, 0.0 ], [ 100.379186687000072, -1.034727846999925, 0.0 ], [ 100.379149710000036, -1.034702903999904, 0.0 ], [ 100.379150717000115, -1.034664549999928, 0.0 ], [ 100.379174640000045, -1.034627511999883, 0.0 ], [ 100.379249531000113, -1.034601194999926, 0.0 ], [ 100.37928872600007, -1.034555669999978, 0.0 ], [ 100.379294416, -1.034501683999952, 0.0 ], [ 100.379312364000072, -1.034447407999902, 0.0 ], [ 100.379357268000064, -1.03439312099994, 0.0 ], [ 100.379384209000065, -1.034356929999877, 0.0 ], [ 100.37936621500009, -1.034302669999917, 0.0 ], [ 100.379429078000058, -1.03422124099993, 0.0 ], [ 100.379447022000122, -1.034157919999931, 0.0 ], [ 100.379473956000126, -1.034103640999881, 0.0 ], [ 100.379473928000039, -1.034040327999882, 0.0 ], [ 100.379480463000036, -1.033996923999933, 0.0 ], [ 100.379486100000065, -1.033974785999877, 0.0 ], [ 100.379491860000101, -1.033949873999948, 0.0 ], [ 100.379499458000012, -1.033939481999887, 0.0 ], [ 100.379509824000067, -1.03393177699996, 0.0 ], [ 100.37955473600006, -1.033895578999896, 0.0 ], [ 100.379617604000018, -1.033823193999947, 0.0 ], [ 100.379671506000037, -1.03379603599992, 0.0 ], [ 100.379707424000074, -1.033741752999958, 0.0 ], [ 100.379725372000053, -1.033687476999908, 0.0 ], [ 100.379743332000032, -1.033660334999972, 0.0 ], [ 100.379797229000047, -1.033624132999908, 0.0 ], [ 100.37984214600003, -1.03359697999997, 0.0 ], [ 100.379878068000082, -1.033551740999958, 0.0 ], [ 100.379922977000064, -1.033506497999944, 0.0 ], [ 100.379958903000016, -1.033470302999881, 0.0 ], [ 100.379996492000018, -1.033459813999901, 0.0 ], [ 100.380030780000098, -1.033452182999891, 0.0 ], [ 100.380075681000079, -1.033388850999891, 0.0 ], [ 100.380102618000095, -1.033343615999968, 0.0 ], [ 100.380120570000074, -1.033298384999956, 0.0 ], [ 100.380165498000054, -1.033298364999954, 0.0 ], [ 100.380237374000046, -1.033280243999965, 0.0 ], [ 100.380309251000043, -1.033262122999886, 0.0 ], [ 100.380363157000062, -1.033244010999898, 0.0 ], [ 100.380435033000069, -1.033225889999908, 0.0 ], [ 100.38048708300002, -1.033199233999923, 0.0 ], [ 100.380533847000066, -1.033162533999906, 0.0 ], [ 100.380551811000046, -1.033144436999919, 0.0 ], [ 100.380560785000071, -1.033117298999983, 0.0 ], [ 100.380569766000022, -1.033108250999945, 0.0 ], [ 100.380596719000025, -1.033099193999906, 0.0 ], [ 100.380632650000067, -1.03307204499988, 0.0 ], [ 100.380677558000059, -1.033026801999956, 0.0 ], [ 100.380731444000077, -1.032963465999956, 0.0 ], [ 100.380766567000052, -1.0329617189999, 0.0 ], [ 100.380821300000051, -1.032963425999952, 0.0 ], [ 100.380848346000064, -1.032950196999924, 0.0 ], [ 100.380867351000035, -1.032915727999914, 0.0 ], [ 100.380875178000068, -1.032882000999965, 0.0 ], [ 100.380859720000032, -1.03286212699992, 0.0 ], [ 100.380848202000053, -1.032836789999955, 0.0 ], [ 100.380857172000091, -1.032800606999892, 0.0 ], [ 100.380867289000037, -1.032772144999935, 0.0 ], [ 100.380893095000033, -1.032755367999879, 0.0 ], [ 100.380920051000047, -1.032755355999878, 0.0 ], [ 100.380952871, -1.032758705999889, 0.0 ], [ 100.380973965000067, -1.032755332999965, 0.0 ], [ 100.381021344, -1.032766333999987, 0.0 ], [ 100.38104584900006, -1.032755300999963, 0.0 ], [ 100.381114537000059, -1.032760549999953, 0.0 ], [ 100.381153664000109, -1.032728119999934, 0.0 ], [ 100.38120200900002, -1.032718392999929, 0.0 ], [ 100.381252478000107, -1.032664764999932, 0.0 ], [ 100.381297387000089, -1.032619521999919, 0.0 ], [ 100.381324339000017, -1.03261046499988, 0.0 ], [ 100.381405178000037, -1.03253807299993, 0.0 ], [ 100.381468050000095, -1.03247473299993, 0.0 ], [ 100.381512943000075, -1.032393311999943, 0.0 ], [ 100.381557824000055, -1.032284755999932, 0.0 ], [ 100.381638662000086, -1.032212363999982, 0.0 ], [ 100.381701511000045, -1.032094755999932, 0.0 ], [ 100.381737406000084, -1.031986204999921, 0.0 ], [ 100.381746360000122, -1.031913843999973, 0.0 ], [ 100.381783638000087, -1.031868121999921, 0.0 ], [ 100.38181821000002, -1.031832409999897, 0.0 ], [ 100.381852071000068, -1.031781941999895, 0.0 ], [ 100.381863095000099, -1.031732899999923, 0.0 ], [ 100.381890008000099, -1.03163339699995, 0.0 ], [ 100.381943883000119, -1.031542926999926, 0.0 ], [ 100.381952829000056, -1.031452476999903, 0.0 ], [ 100.381997738000038, -1.031407233999978, 0.0 ], [ 100.382051632000056, -1.031361986999965, 0.0 ], [ 100.382105510000073, -1.031280561999889, 0.0 ], [ 100.382154254000028, -1.031255335999933, 0.0 ], [ 100.38218636400002, -1.031244347999912, 0.0 ], [ 100.382204331000082, -1.031235295999963, 0.0 ], [ 100.382240262000039, -1.031208145999937, 0.0 ], [ 100.382285194000119, -1.031217170999973, 0.0 ], [ 100.382323514000092, -1.03122462999988, 0.0 ], [ 100.382357078000027, -1.031217139999971, 0.0 ], [ 100.382405292000016, -1.031211192999923, 0.0 ], [ 100.382419965000068, -1.031189977999944, 0.0 ], [ 100.382437929000048, -1.031171880999956, 0.0 ], [ 100.382446899000087, -1.031135698999893, 0.0 ], [ 100.382481326000089, -1.031109693999962, 0.0 ], [ 100.382509774000042, -1.031081402999931, 0.0 ], [ 100.382572642000099, -1.031009018999892, 0.0 ], [ 100.382635517000054, -1.03095472299993, 0.0 ], [ 100.382671448000011, -1.030927574, 0.0 ], [ 100.382699967000065, -1.030918153999924, 0.0 ], [ 100.382793167000045, -1.030929599999983, 0.0 ], [ 100.382815225000087, -1.030945599999885, 0.0 ], [ 100.382846415000103, -1.030914260999957, 0.0 ], [ 100.382880621000083, -1.030845324999937, 0.0 ], [ 100.382883619000069, -1.030771785999892, 0.0 ], [ 100.382879307000067, -1.030671257999924, 0.0 ], [ 100.382871564000041, -1.030529484999917, 0.0 ], [ 100.382889445000018, -1.030423791999965, 0.0 ], [ 100.383000365000044, -1.030306027999902, 0.0 ], [ 100.383120700000049, -1.030245826999895, 0.0 ], [ 100.383253853000056, -1.030215695999978, 0.0 ], [ 100.383380183000028, -1.030198455999884, 0.0 ], [ 100.383443331000109, -1.03015202899995, 0.0 ], [ 100.383451831000102, -1.030066961999928, 0.0 ], [ 100.383438141000028, -1.029993931999925, 0.0 ], [ 100.38341333400011, -1.029873648999921, 0.0 ], [ 100.383420948000023, -1.029712966999949, 0.0 ], [ 100.383472125000083, -1.029621005999889, 0.0 ], [ 100.383542063, -1.029482638999987, 0.0 ], [ 100.383657250000041, -1.029358857999959, 0.0 ], [ 100.383763920000078, -1.029283197999916, 0.0 ], [ 100.383926093000085, -1.029242741999944, 0.0 ], [ 100.384072911000061, -1.029230649999921, 0.0 ], [ 100.384199241000033, -1.029215127999969, 0.0 ], [ 100.384259834000076, -1.029179872999983, 0.0 ], [ 100.384271743000085, -1.029082772999942, 0.0 ], [ 100.384273390000033, -1.028945293999936, 0.0 ], [ 100.38429382800004, -1.028831865999965, 0.0 ], [ 100.384366352000086, -1.028751924999924, 0.0 ], [ 100.384481567000122, -1.028694305999952, 0.0 ], [ 100.384587375000081, -1.028596304999926, 0.0 ], [ 100.384745230000092, -1.028442433999896, 0.0 ], [ 100.384837379000075, -1.028344439999959, 0.0 ], [ 100.384879194000064, -1.028313487999974, 0.0 ], [ 100.3849986970001, -1.028302265999933, 0.0 ], [ 100.385054168000067, -1.028270450999965, 0.0 ], [ 100.385055001000055, -1.028223190999874, 0.0 ], [ 100.384973003000098, -1.028106370999978, 0.0 ], [ 100.384971523000075, -1.028100183999911, 0.0 ], [ 100.384971086000036, -1.028098359999937, 0.0 ], [ 100.384935376000016, -1.027949145999937, 0.0 ], [ 100.384943883000091, -1.027880403999934, 0.0 ], [ 100.385019818000075, -1.027793586999945, 0.0 ], [ 100.385118829000092, -1.027770344999976, 0.0 ], [ 100.385254576000037, -1.027819261999937, 0.0 ], [ 100.385355304000115, -1.027819218999934, 0.0 ], [ 100.385390267000076, -1.027738433999911, 0.0 ], [ 100.385368039000099, -1.02765767499989, 0.0 ], [ 100.385269840000063, -1.027585541999873, 0.0 ], [ 100.385252291000114, -1.027535731999926, 0.0 ], [ 100.385250383000056, -1.027530317999922, 0.0 ], [ 100.385240782000054, -1.027503067999888, 0.0 ], [ 100.385260398000085, -1.027464392999885, 0.0 ], [ 100.385342342000015, -1.027452327999864, 0.0 ], [ 100.385403868000054, -1.027446706999932, 0.0 ], [ 100.385420207000067, -1.027445213999897, 0.0 ], [ 100.385474648000041, -1.02744024099993, 0.0 ], [ 100.385505507000019, -1.027398389999931, 0.0 ], [ 100.385514196000116, -1.027386605999933, 0.0 ], [ 100.385541193000037, -1.027349992999923, 0.0 ], [ 100.385541137000033, -1.027221964999899, 0.0 ], [ 100.385542499000067, -1.027172304999965, 0.0 ], [ 100.385542584000063, -1.027169221999888, 0.0 ], [ 100.385543659000064, -1.027130025999931, 0.0 ], [ 100.38556854400008, -1.027098386999977, 0.0 ], [ 100.385576750000055, -1.027087953999914, 0.0 ], [ 100.385579491000016, -1.027084469999981, 0.0 ], [ 100.385588206000108, -1.02708386099993, 0.0 ], [ 100.385606617000036, -1.027082574999913, 0.0 ], [ 100.385628999000019, -1.027081011999872, 0.0 ], [ 100.385680223000094, -1.027092158999906, 0.0 ], [ 100.385712438, -1.02710008599994, 0.0 ], [ 100.385722054, -1.027102451999959, 0.0 ], [ 100.385727029000051, -1.02710330599994, 0.0 ], [ 100.385786935000041, -1.027113593999903, 0.0 ], [ 100.385850325000035, -1.027087843999904, 0.0 ], [ 100.385942850000063, -1.027028108999936, 0.0 ], [ 100.386030863000059, -1.026921342999984, 0.0 ], [ 100.386110782000102, -1.026792506999893, 0.0 ], [ 100.386118224000086, -1.026780508999877, 0.0 ], [ 100.386304731000067, -1.026479845999958, 0.0 ], [ 100.386581219000036, -1.025860168999934, 0.0 ], [ 100.386651231000045, -1.025684672999891, 0.0 ], [ 100.386824660000102, -1.025379623999875, 0.0 ], [ 100.386859538000053, -1.02531827599995, 0.0 ], [ 100.386862871000062, -1.025311356999911, 0.0 ], [ 100.386901947000098, -1.02523024499995, 0.0 ], [ 100.38690928600009, -1.025215011999933, 0.0 ], [ 100.38693625000009, -1.02515904099992, 0.0 ], [ 100.386946705000071, -1.025137338999901, 0.0 ], [ 100.387054350000099, -1.024913896999976, 0.0 ], [ 100.387098336000093, -1.024816194999975, 0.0 ], [ 100.387109065000089, -1.024688660999903, 0.0 ], [ 100.387101165000061, -1.024660755999903, 0.0 ], [ 100.387100731000032, -1.024659222999954, 0.0 ], [ 100.387088561, -1.02461623299995, 0.0 ], [ 100.387087166000057, -1.024611305999898, 0.0 ], [ 100.387079367000041, -1.024583756999927, 0.0 ], [ 100.38706134800006, -1.024470706999988, 0.0 ], [ 100.387082867000061, -1.024365780999922, 0.0 ], [ 100.387139417000029, -1.0242291809999, 0.0 ], [ 100.387180696000073, -1.024101633999916, 0.0 ], [ 100.387188463000086, -1.024050670999873, 0.0 ], [ 100.387203992000039, -1.02394876999988, 0.0 ], [ 100.387216507000105, -1.023798623999891, 0.0 ], [ 100.38723711400003, -1.023659327999912, 0.0 ], [ 100.387286475000025, -1.023520923999918, 0.0 ], [ 100.387361890000051, -1.023371655999913, 0.0 ], [ 100.387457146000116, -1.023225712999917, 0.0 ], [ 100.387459692000064, -1.023221810999861, 0.0 ], [ 100.387470543000077, -1.023205185999906, 0.0 ], [ 100.387560329000038, -1.023045961999966, 0.0 ], [ 100.387649211000024, -1.022870457999922, 0.0 ], [ 100.387682386, -1.022703117999932, 0.0 ], [ 100.387695788000059, -1.022524932999932, 0.0 ], [ 100.387693028000101, -1.022378411999977, 0.0 ], [ 100.387677686000075, -1.022221041999924, 0.0 ], [ 100.387652475000024, -1.022099855999933, 0.0 ], [ 100.387638025000072, -1.021931631999959, 0.0 ], [ 100.387637072000089, -1.021805911999948, 0.0 ], [ 100.387654990000058, -1.021681088999923, 0.0 ], [ 100.387764028000021, -1.021394862999955, 0.0 ], [ 100.387765405000039, -1.021391248999922, 0.0 ], [ 100.387775260000055, -1.021365378999914, 0.0 ], [ 100.387867699000068, -1.02110485499994, 0.0 ], [ 100.387977200000066, -1.0208199009999, 0.0 ], [ 100.388257277000065, -1.020184847999936, 0.0 ], [ 100.388334443000048, -1.019933374999912, 0.0 ], [ 100.388385574000026, -1.019729847999947, 0.0 ], [ 100.388560622000028, -1.019336331999984, 0.0 ], [ 100.388709645000105, -1.019016992999941, 0.0 ], [ 100.388826352000081, -1.018770022999934, 0.0 ], [ 100.388991503000057, -1.018346663999989, 0.0 ], [ 100.389140493000042, -1.017949540999904, 0.0 ], [ 100.389584183000068, -1.016679286999874, 0.0 ], [ 100.389620087000111, -1.016588825999939, 0.0 ], [ 100.389655982000065, -1.016480274999928, 0.0 ], [ 100.389682896000068, -1.016380771999867, 0.0 ], [ 100.389709814000071, -1.016290314999932, 0.0 ], [ 100.389754707000066, -1.016208893999945, 0.0 ], [ 100.389772635000028, -1.016109394999884, 0.0 ], [ 100.389763611, -1.01601895299995, 0.0 ], [ 100.389772554000032, -1.015919458999978, 0.0 ], [ 100.389790486, -1.015829004999954, 0.0 ], [ 100.389808415000061, -1.015729505999893, 0.0 ], [ 100.389799379000024, -1.015611929999935, 0.0 ], [ 100.389790347000073, -1.015503398999925, 0.0 ], [ 100.389799294000014, -1.015412948999902, 0.0 ], [ 100.389817226000076, -1.015322494999968, 0.0 ], [ 100.389853126000034, -1.015222988999906, 0.0 ], [ 100.389889025000073, -1.015123482999932, 0.0 ], [ 100.389915943000076, -1.015033025, 0.0 ], [ 100.389933883000054, -1.014960659999872, 0.0 ], [ 100.389978772000035, -1.014870194999936, 0.0 ], [ 100.390032646000051, -1.014779725999912, 0.0 ], [ 100.39009551, -1.014698296999924, 0.0 ], [ 100.39013142500005, -1.014634968999925, 0.0 ], [ 100.390194281000021, -1.014535450999951, 0.0 ], [ 100.390248147000122, -1.014426892999939, 0.0 ], [ 100.39027506500004, -1.014336434999915, 0.0 ], [ 100.39031994600002, -1.014227879999904, 0.0 ], [ 100.390346864000023, -1.014137422999969, 0.0 ], [ 100.390373778000125, -1.014037919999907, 0.0 ], [ 100.390355765000052, -1.013938437999936, 0.0 ], [ 100.390385833000053, -1.013858384999885, 0.0 ], [ 100.390427591000048, -1.013802736999899, 0.0 ], [ 100.390436518000072, -1.013667063999954, 0.0 ], [ 100.390436468000075, -1.013549484999906, 0.0 ], [ 100.390418451000087, -1.013440956999897, 0.0 ], [ 100.390445369000091, -1.013350498999962, 0.0 ], [ 100.390454323000128, -1.013278138999926, 0.0 ], [ 100.390454281000032, -1.013178647999954, 0.0 ], [ 100.390472206000098, -1.013070104999944, 0.0 ], [ 100.390481141000038, -1.012952520999896, 0.0 ], [ 100.390427201000108, -1.0128892319999, 0.0 ], [ 100.390445137000071, -1.012807822999914, 0.0 ], [ 100.390516967000067, -1.012681167999915, 0.0 ], [ 100.390624743000018, -1.012563540999952, 0.0 ], [ 100.390634180000092, -1.01252630199998, 0.0 ], [ 100.390625831000108, -1.012460496999953, 0.0 ], [ 100.390615692000068, -1.012409786999932, 0.0 ], [ 100.390615684000068, -1.012391697999945, 0.0 ], [ 100.390633628000046, -1.012328377999946, 0.0 ], [ 100.390694186000076, -1.01219268499991, 0.0 ], [ 100.390732368000045, -1.012093174999936, 0.0 ], [ 100.390760644000068, -1.011934205999928, 0.0 ], [ 100.3907502120001, -1.011794695999932, 0.0 ], [ 100.39074627100004, -1.011680547999902, 0.0 ], [ 100.390741142000053, -1.011595717999899, 0.0 ], [ 100.390731943, -1.011532184999972, 0.0 ], [ 100.390705146000101, -1.011469109999904, 0.0 ], [ 100.390597305000057, -1.011432977999934, 0.0 ], [ 100.390543369000028, -1.011378732999976, 0.0 ], [ 100.390570298000043, -1.011315408999977, 0.0 ], [ 100.39058823500001, -1.011234, 0.0 ], [ 100.390642113000027, -1.011152575999915, 0.0 ], [ 100.390695991000044, -1.011071150999928, 0.0 ], [ 100.390765042000083, -1.011096633999905, 0.0 ], [ 100.390812798000027, -1.011062055999975, 0.0 ], [ 100.390848705000067, -1.0109806389999, 0.0 ], [ 100.390902564, -1.010853991, 0.0 ], [ 100.390893529000053, -1.010736414999943, 0.0 ], [ 100.390920431000055, -1.010609778999946, 0.0 ], [ 100.390929371000084, -1.010501239999936, 0.0 ], [ 100.390992242000053, -1.010437900999936, 0.0 ], [ 100.391028142, -1.010338394999962, 0.0 ], [ 100.391046066000058, -1.010229851999952, 0.0 ], [ 100.391081989000014, -1.010184612999939, 0.0 ], [ 100.391135879000032, -1.010130322999888, 0.0 ], [ 100.391171786000072, -1.010048905999902, 0.0 ], [ 100.391171748000062, -1.009958459999968, 0.0 ], [ 100.391243589000055, -1.009858938, 0.0 ], [ 100.391297463000072, -1.00976846899988, 0.0 ], [ 100.391306407000016, -1.009668973999908, 0.0 ], [ 100.391252459000086, -1.009587595999925, 0.0 ], [ 100.391216490000033, -1.009524298999928, 0.0 ], [ 100.391162562000019, -1.009488143999867, 0.0 ], [ 100.39124343500005, -1.009497154, 0.0 ], [ 100.391279381000089, -1.009506182999939, 0.0 ], [ 100.391315334000041, -1.009533300999962, 0.0 ], [ 100.391351288000095, -1.009560419999897, 0.0 ], [ 100.391414178000048, -1.009542302999908, 0.0 ], [ 100.391430022000037, -1.009464282999936, 0.0 ], [ 100.391423106000076, -1.009406630999873, 0.0 ], [ 100.391342233000046, -1.009397620999927, 0.0 ], [ 100.391333236000023, -1.009370490999903, 0.0 ], [ 100.39125234800008, -1.009325302999983, 0.0 ], [ 100.391171452000037, -1.009262024999899, 0.0 ], [ 100.391090555000105, -1.009198747999903, 0.0 ], [ 100.390982722000061, -1.00918070499992, 0.0 ], [ 100.390946750000097, -1.009108363999886, 0.0 ], [ 100.390892802000081, -1.009026986, 0.0 ], [ 100.390847840000092, -1.008945603999919, 0.0 ], [ 100.390811852000041, -1.008837083999911, 0.0 ], [ 100.390775868000091, -1.00873760899994, 0.0 ], [ 100.390757870000101, -1.008674303999943, 0.0 ], [ 100.390685964000014, -1.008620066999896, 0.0 ], [ 100.390542127000018, -1.008457325999931, 0.0 ], [ 100.390524110000044, -1.008348798999922, 0.0 ], [ 100.390461181000077, -1.008276468999888, 0.0 ], [ 100.390380281000034, -1.008204146999944, 0.0 ], [ 100.390353290000022, -1.00812275699996, 0.0 ], [ 100.390245434000079, -1.008050446999928, 0.0 ], [ 100.390173523000072, -1.007987164999932, 0.0 ], [ 100.39008363, -1.007896757999912, 0.0 ], [ 100.390047650000056, -1.00780632699998, 0.0 ], [ 100.389966789000113, -1.007824450999969, 0.0 ], [ 100.389894932000033, -1.007887793999881, 0.0 ], [ 100.389805077000048, -1.007887832999884, 0.0 ], [ 100.389715192000082, -1.00781551499994, 0.0 ], [ 100.389643281000076, -1.007752232999945, 0.0 ], [ 100.389580356000025, -1.007688947999949, 0.0 ], [ 100.389508442000107, -1.007616621999915, 0.0 ], [ 100.389418568000053, -1.007571437999907, 0.0 ], [ 100.389328698000071, -1.007535297999937, 0.0 ], [ 100.389166936, -1.007481099999893, 0.0 ], [ 100.389113027000079, -1.007490166999933, 0.0 ], [ 100.389014203000073, -1.00752638799991, 0.0 ], [ 100.388789600000052, -1.007607885999903, 0.0 ], [ 100.388760852000075, -1.007661065999951, 0.0 ], [ 100.388735733000033, -1.007716444999915, 0.0 ], [ 100.38874476900007, -1.007834020999962, 0.0 ], [ 100.388735829000041, -1.007942559999883, 0.0 ], [ 100.388744853000077, -1.008033001999905, 0.0 ], [ 100.388726917000014, -1.008114410999891, 0.0 ], [ 100.388637089000042, -1.008177761999892, 0.0 ], [ 100.38846638800004, -1.008232102999948, 0.0 ], [ 100.388394538000057, -1.008313534999935, 0.0 ], [ 100.38827777700007, -1.008431165999987, 0.0 ], [ 100.388250855000067, -1.008512578999973, 0.0 ], [ 100.388125089000056, -1.008584989999925, 0.0 ], [ 100.387990976000054, -1.008618619999954, 0.0 ], [ 100.387801650000114, -1.00867557499987, 0.0 ], [ 100.38770283700002, -1.008738928999961, 0.0 ], [ 100.387577075000095, -1.00882038499995, 0.0 ], [ 100.387415382000128, -1.008928989999966, 0.0 ], [ 100.38731653000012, -1.008901897999944, 0.0 ], [ 100.387226683000051, -1.008920025999934, 0.0 ], [ 100.387118857000104, -1.008920071999938, 0.0 ], [ 100.387020021000097, -1.008929158999891, 0.0 ], [ 100.386921181, -1.008929201999894, 0.0 ], [ 100.386831326000035, -1.008929239999897, 0.0 ], [ 100.386732482000113, -1.008920237999952, 0.0 ], [ 100.386642615000042, -1.008893142999931, 0.0 ], [ 100.3865617310001, -1.008856998999871, 0.0 ], [ 100.38648980100001, -1.008748493999953, 0.0 ], [ 100.386417883000021, -1.008667123999881, 0.0 ], [ 100.386328001000038, -1.008603849999886, 0.0 ], [ 100.386283035000048, -1.008513422999954, 0.0 ], [ 100.386193161000079, -1.008468237999946, 0.0 ], [ 100.386148211, -1.008413989999898, 0.0 ], [ 100.386103249000101, -1.008332607999915, 0.0 ], [ 100.386058276000099, -1.008224090999907, 0.0 ], [ 100.386031281, -1.008133656999973, 0.0 ], [ 100.386022246000053, -1.008016080999926, 0.0 ], [ 100.386002006000069, -1.007994165999889, 0.0 ], [ 100.385969903000074, -1.007976231999915, 0.0 ], [ 100.385924964000083, -1.007961892999973, 0.0 ], [ 100.385879305000046, -1.007933195999907, 0.0 ], [ 100.385868601000041, -1.007918123999904, 0.0 ], [ 100.385851472000041, -1.007898573999974, 0.0 ], [ 100.385860419000082, -1.007808123999951, 0.0 ], [ 100.385905267000055, -1.007618166999954, 0.0 ], [ 100.385869279000104, -1.007509646999946, 0.0 ], [ 100.385878226000045, -1.007419196999923, 0.0 ], [ 100.385878153000036, -1.007247348999915, 0.0 ], [ 100.385887089000065, -1.007129764999956, 0.0 ], [ 100.385878046000116, -1.006994099999922, 0.0 ], [ 100.385877989000022, -1.006858430999888, 0.0 ], [ 100.385904923000027, -1.006804150999926, 0.0 ], [ 100.385922855, -1.006713696999903, 0.0 ], [ 100.38594078400007, -1.00661419899993, 0.0 ], [ 100.385949728000099, -1.006514703999869, 0.0 ], [ 100.385967653000066, -1.006406160999948, 0.0 ], [ 100.385976596, -1.006306665999887, 0.0 ], [ 100.385976551000098, -1.006198130999966, 0.0 ], [ 100.385994476000064, -1.006089587999956, 0.0 ], [ 100.38601240500013, -1.005990088999983, 0.0 ], [ 100.386057298000111, -1.005908668999908, 0.0 ], [ 100.386102187000091, -1.005818202999883, 0.0 ], [ 100.386138087000049, -1.00571869699991, 0.0 ], [ 100.386135352000082, -1.005680736999967, 0.0 ], [ 100.386127016000017, -1.005644844999928, 0.0 ], [ 100.386109176000048, -1.005620921999903, 0.0 ], [ 100.386100848000069, -1.005604173999938, 0.0 ], [ 100.386102024000081, -1.00557545699996, 0.0 ], [ 100.386120043000062, -1.005546856999903, 0.0 ], [ 100.386137667000099, -1.005532365999947, 0.0 ], [ 100.386175699000049, -1.005515598999981, 0.0 ], [ 100.386256516000074, -1.005480864999861, 0.0 ], [ 100.38628174800003, -1.005465385999912, 0.0 ], [ 100.386335638000048, -1.00541109499995, 0.0 ], [ 100.386389612000073, -1.00538747899995, 0.0 ], [ 100.386452426000034, -1.005356777999896, 0.0 ], [ 100.386560232000065, -1.00531150799997, 0.0 ], [ 100.386632086000063, -1.005239120999931, 0.0 ], [ 100.386721910000034, -1.005166724999892, 0.0 ], [ 100.386686672000053, -1.005110952999896, 0.0 ], [ 100.386685907000071, -1.00502202699991, 0.0 ], [ 100.386766765000019, -1.004994858999972, 0.0 ], [ 100.386824483000083, -1.004924235, 0.0 ], [ 100.386865559000015, -1.00488628099987, 0.0 ], [ 100.386982336000088, -1.004804828999969, 0.0 ], [ 100.387099101000075, -1.004696243999955, 0.0 ], [ 100.387233837000025, -1.004587650999941, 0.0 ], [ 100.38731468000006, -1.00452430399994, 0.0 ], [ 100.38735058, -1.004424797999878, 0.0 ], [ 100.387368505000069, -1.004316254999868, 0.0 ], [ 100.387332517000019, -1.004207734999948, 0.0 ], [ 100.387323494000071, -1.004117292999926, 0.0 ], [ 100.387314462000035, -1.004008760999916, 0.0 ], [ 100.387323402000064, -1.003900221999906, 0.0 ], [ 100.387296392000053, -1.003773608999911, 0.0 ], [ 100.387292302000063, -1.003666721999949, 0.0 ], [ 100.38728733100001, -1.003592719999954, 0.0 ], [ 100.387269348000032, -1.00356559399993, 0.0 ], [ 100.38725088000011, -1.003536077999975, 0.0 ], [ 100.387233376000083, -1.003493251999895, 0.0 ], [ 100.38724514500008, -1.003465724999927, 0.0 ], [ 100.387269276000026, -1.003393745999922, 0.0 ], [ 100.387260237000078, -1.003267125999926, 0.0 ], [ 100.387269177000022, -1.003158585999916, 0.0 ], [ 100.387296080000027, -1.003031949999919, 0.0 ], [ 100.38732299400003, -1.002932447999946, 0.0 ], [ 100.387385851, -1.002832929999972, 0.0 ], [ 100.387439741, -1.002778639999921, 0.0 ], [ 100.387466655000111, -1.002679136999948, 0.0 ], [ 100.38747558700004, -1.002552508999951, 0.0 ], [ 100.387457563000069, -1.002425891999955, 0.0 ], [ 100.387502441000052, -1.002308292999906, 0.0 ], [ 100.387520359000021, -1.002181660999909, 0.0 ], [ 100.387511320000073, -1.002055039999913, 0.0 ], [ 100.387484318000062, -1.001946516, 0.0 ], [ 100.387457967, -1.001876402999876, 0.0 ], [ 100.38743933300006, -1.00181086599996, 0.0 ], [ 100.387448304, -1.001774682999898, 0.0 ], [ 100.387446026000092, -1.001747182999932, 0.0 ], [ 100.387430306000027, -1.001711378999989, 0.0 ], [ 100.387358388000024, -1.001630007999918, 0.0 ], [ 100.387304437000097, -1.001539584999897, 0.0 ], [ 100.387223538000057, -1.001467261999952, 0.0 ], [ 100.387115716000025, -1.001476352999905, 0.0 ], [ 100.387025880000053, -1.00152161399992, 0.0 ], [ 100.386945030000021, -1.001566871999934, 0.0 ], [ 100.386880130000065, -1.001573926999896, 0.0 ], [ 100.386891087, -1.001494537999989, 0.0 ], [ 100.386891038000087, -1.001376957999941, 0.0 ], [ 100.386953868000049, -1.001214127999969, 0.0 ], [ 100.387007754000066, -1.001150792999969, 0.0 ], [ 100.387124534000037, -1.001078385999929, 0.0 ], [ 100.38716043400008, -1.000978879999867, 0.0 ], [ 100.387142403000013, -1.000834173999973, 0.0 ], [ 100.387070496, -1.000779935999926, 0.0 ], [ 100.386989608000064, -1.000734747999918, 0.0 ], [ 100.386881782000032, -1.000734793999921, 0.0 ], [ 100.386863781000045, -1.000662443999886, 0.0 ], [ 100.386782904000114, -1.000644389999902, 0.0 ], [ 100.386693046000048, -1.000635382999956, 0.0 ], [ 100.386630125000082, -1.000581141999909, 0.0 ], [ 100.386630095000072, -1.000508784999962, 0.0 ], [ 100.386603096000059, -1.000409305999902, 0.0 ], [ 100.386594065000025, -1.000300773999893, 0.0 ], [ 100.386594024000019, -1.000201283999921, 0.0 ], [ 100.386584996000082, -1.000101796999949, 0.0 ], [ 100.386584959000075, -1.000011349999927, 0.0 ], [ 100.386582698864345, -0.999999999999876, 0.0 ], [ 100.386566950000088, -0.999920911999904, 0.0 ], [ 100.386538246000029, -0.999847479999957, 0.0 ], [ 100.386521965000014, -0.999785261999872, 0.0 ], [ 100.386529646000028, -0.999748410999931, 0.0 ], [ 100.386539906000081, -0.999712896999924, 0.0 ], [ 100.386556714000051, -0.999666555999909, 0.0 ], [ 100.386566817000087, -0.999604349999913, 0.0 ], [ 100.386521836, -0.999477744999918, 0.0 ], [ 100.386422947000085, -0.999360206999874, 0.0 ], [ 100.386315087000042, -0.999278850999893, 0.0 ], [ 100.386270126000042, -0.99919746799991, 0.0 ], [ 100.386288051000022, -0.999088924999899, 0.0 ], [ 100.386279013000077, -0.998962304, 0.0 ], [ 100.386278971000067, -0.998862812999931, 0.0 ], [ 100.386296881000035, -0.998718091999947, 0.0 ], [ 100.386305821000064, -0.998609552999937, 0.0 ], [ 100.386386660000099, -0.998537160999899, 0.0 ], [ 100.386404582000068, -0.998419573999939, 0.0 ], [ 100.386323667000042, -0.998311072999932, 0.0 ], [ 100.386269713000019, -0.998211604999874, 0.0 ], [ 100.38621574700008, -0.998085002999968, 0.0 ], [ 100.386161797000057, -0.997994578999947, 0.0 ], [ 100.386107850000116, -0.997913200999964, 0.0 ], [ 100.386062881000043, -0.997813728999905, 0.0 ], [ 100.386044876000057, -0.99773233499992, 0.0 ], [ 100.386008881000109, -0.997605725999925, 0.0 ], [ 100.385954934000083, -0.997524346999942, 0.0 ], [ 100.38589201000012, -0.997461060999946, 0.0 ], [ 100.38585603000007, -0.997370629999924, 0.0 ], [ 100.385793105000104, -0.997307343999928, 0.0 ], [ 100.385793056000097, -0.997189763999881, 0.0 ], [ 100.385811004000075, -0.99713548899992, 0.0 ], [ 100.385748076000112, -0.997063158999886, 0.0 ], [ 100.385703107000026, -0.996963686999916, 0.0 ], [ 100.385618129000108, -0.996864918999915, 0.0 ], [ 100.385604176000101, -0.9967466579999, 0.0 ], [ 100.385649085000082, -0.996701415999887, 0.0 ], [ 100.38571198300005, -0.996701388999885, 0.0 ], [ 100.385729931000029, -0.996647113999924, 0.0 ], [ 100.385729901000019, -0.996574756999976, 0.0 ], [ 100.385693917000069, -0.996475280999917, 0.0 ], [ 100.385657934000022, -0.996375804999946, 0.0 ], [ 100.385612969000121, -0.996285377999925, 0.0 ], [ 100.385541055000033, -0.99621305199998, 0.0 ], [ 100.385514057000108, -0.996113571999921, 0.0 ], [ 100.385487056, -0.996005047999912, 0.0 ], [ 100.385487006000091, -0.995887467999953, 0.0 ], [ 100.38543304500007, -0.995769910999908, 0.0 ], [ 100.385424018000023, -0.995670423999936, 0.0 ], [ 100.385397012000013, -0.995552854999978, 0.0 ], [ 100.385396971, -0.995453363999918, 0.0 ], [ 100.385307097000037, -0.995408179, 0.0 ], [ 100.385280152000021, -0.995435323999935, 0.0 ], [ 100.385199287, -0.995444402999976, 0.0 ], [ 100.385154364000101, -0.995453466999926, 0.0 ], [ 100.385109436000022, -0.995453485999928, 0.0 ], [ 100.384989901000083, -0.995443705999918, 0.0 ], [ 100.384823424000075, -0.995304978999986, 0.0 ], [ 100.384714016, -0.9951901579999, 0.0 ], [ 100.384669030000083, -0.995157471999949, 0.0 ], [ 100.384624086000102, -0.995128083999916, 0.0 ], [ 100.384507215000028, -0.994983419999937, 0.0 ], [ 100.384435301000025, -0.994911092999903, 0.0 ], [ 100.384354409000082, -0.994856858999857, 0.0 ], [ 100.38429148100002, -0.994784528999912, 0.0 ], [ 100.384219571000116, -0.994721246999916, 0.0 ], [ 100.384156643000054, -0.994648915999971, 0.0 ], [ 100.384057769000052, -0.9945675559999, 0.0 ], [ 100.383985855000049, -0.994495229999867, 0.0 ], [ 100.383904952000108, -0.994413861999885, 0.0 ], [ 100.383877947000087, -0.994296292999927, 0.0 ], [ 100.3838329740001, -0.994187776999919, 0.0 ], [ 100.38379590600006, -0.994156742999927, 0.0 ], [ 100.383796957000058, -0.994006898999874, 0.0 ], [ 100.383698083000041, -0.993925538999981, 0.0 ], [ 100.383572242000113, -0.993817056999887, 0.0 ], [ 100.383410470000044, -0.993735722999908, 0.0 ], [ 100.383293632000061, -0.993672459999914, 0.0 ], [ 100.383203740000084, -0.993582051999983, 0.0 ], [ 100.383137110000078, -0.993544682999911, 0.0 ], [ 100.383038199000069, -0.993517922999917, 0.0 ], [ 100.382957360000034, -0.993499768999925, 0.0 ], [ 100.382915418000039, -0.99354718199994, 0.0 ], [ 100.382886910000067, -0.993597447999925, 0.0 ], [ 100.382840570000056, -0.993644131999879, 0.0 ], [ 100.38274429000009, -0.993654941999974, 0.0 ], [ 100.38264798500002, -0.993608317999936, 0.0 ], [ 100.382619409000057, -0.993493462999936, 0.0 ], [ 100.382608661000049, -0.993375009999905, 0.0 ], [ 100.382574601000073, -0.993202441999927, 0.0 ], [ 100.382475738000068, -0.99314821599997, 0.0 ], [ 100.382376883000063, -0.993112078999911, 0.0 ], [ 100.382296033000031, -0.993157335999925, 0.0 ], [ 100.382215201000093, -0.993247816999951, 0.0 ], [ 100.382123651000072, -0.99332854999988, 0.0 ], [ 100.382035659000067, -0.993436210999906, 0.0 ], [ 100.382090854000111, -0.993732927999943, 0.0 ], [ 100.382152201000039, -0.994062718999874, 0.0 ], [ 100.382150257000049, -0.994078457999933, 0.0 ], [ 100.3821219270001, -0.994101090999941, 0.0 ], [ 100.382093363000052, -0.994106529999947, 0.0 ], [ 100.38055858000007, -0.99439879299997, 0.0 ], [ 100.380529280000047, -0.994423397999963, 0.0 ], [ 100.380523428000089, -0.99446175799994, 0.0 ], [ 100.380622377000023, -0.995067617999887, 0.0 ], [ 100.380619470000042, -0.995121723999922, 0.0 ], [ 100.380594068000079, -0.99514435599993, 0.0 ], [ 100.380551078000067, -0.995156176999931, 0.0 ], [ 100.380521780000052, -0.99518766399996, 0.0 ], [ 100.380540481000082, -0.995517161999956, 0.0 ], [ 100.380527788, -0.995545693999919, 0.0 ], [ 100.380053929000056, -0.995632279999889, 0.0 ], [ 100.379986500000072, -0.995623941999909, 0.0 ], [ 100.379963532000048, -0.995602804999937, 0.0 ], [ 100.379918934000088, -0.995291515999938, 0.0 ], [ 100.379905725000057, -0.995246768999966, 0.0 ], [ 100.379889596000055, -0.995225628999904, 0.0 ], [ 100.379871513000069, -0.995214321999857, 0.0 ], [ 100.379849040000067, -0.995212856999913, 0.0 ], [ 100.379820214000091, -0.995213356999955, 0.0 ], [ 100.379798231000038, -0.995222221999889, 0.0 ], [ 100.379777725000039, -0.995264034999884, 0.0 ], [ 100.379771886000086, -0.995310752999931, 0.0 ], [ 100.379795524000087, -0.995606348999964, 0.0 ], [ 100.379779694000021, -0.995613436999928, 0.0 ], [ 100.379652179000033, -0.995630313999904, 0.0 ], [ 100.37962492200009, -0.995639179999927, 0.0 ], [ 100.379618768000029, -0.995645378999907, 0.0 ], [ 100.379621421000067, -0.995669282999931, 0.0 ], [ 100.379617916000043, -0.995712651999966, 0.0 ], [ 100.379614406000115, -0.995718857999947, 0.0 ], [ 100.379064733000106, -0.995818780999954, 0.0 ], [ 100.378833611000076, -0.994526153999939, 0.0 ], [ 100.379022359000061, -0.993609351999932, 0.0 ], [ 100.380295497000063, -0.992411280999924, 0.0 ], [ 100.381112958000116, -0.991600048999949, 0.0 ], [ 100.381538388000052, -0.991193714999902, 0.0 ], [ 100.381873701000089, -0.990813796999909, 0.0 ], [ 100.382088134000057, -0.990517911999941, 0.0 ], [ 100.382757835000049, -0.989360709999939, 0.0 ], [ 100.383885297000077, -0.987542480999867, 0.0 ], [ 100.38501009900007, -0.985796481999909, 0.0 ], [ 100.385830144000053, -0.984582090999883, 0.0 ], [ 100.38599120700006, -0.984330928999885, 0.0 ], [ 100.386175671000046, -0.984069680999941, 0.0 ], [ 100.386291700000058, -0.983906538999943, 0.0 ], [ 100.386359943000016, -0.983686969999894, 0.0 ], [ 100.386401858000028, -0.983431079999949, 0.0 ], [ 100.386417130000041, -0.983077729999934, 0.0 ], [ 100.386417023000035, -0.982816547999906, 0.0 ], [ 100.386366638000041, -0.982546961999894, 0.0 ], [ 100.386312779000022, -0.982355862999892, 0.0 ], [ 100.386228707000086, -0.982150167999926, 0.0 ], [ 100.386179233000078, -0.981975769999973, 0.0 ], [ 100.386140664, -0.981737480999886, 0.0 ], [ 100.386120962000049, -0.981558906999943, 0.0 ], [ 100.386054007000013, -0.980913366999911, 0.0 ], [ 100.385790397000051, -0.97900261199991, 0.0 ], [ 100.385510939000113, -0.976943580999897, 0.0 ], [ 100.385301641000027, -0.975146909999921, 0.0 ], [ 100.385058197000049, -0.973055065999947, 0.0 ], [ 100.384773341000098, -0.970888860999949, 0.0 ], [ 100.384306099000085, -0.970934535999909, 0.0 ], [ 100.382019531000068, -0.970616516999886, 0.0 ], [ 100.380783564000041, -0.970446915999975, 0.0 ], [ 100.379399479000085, -0.970265088999941, 0.0 ], [ 100.379431403000069, -0.970142014999972, 0.0 ], [ 100.379489893000112, -0.969813618999979, 0.0 ], [ 100.379543853000044, -0.969551661999976, 0.0 ], [ 100.379557003000073, -0.969476486999884, 0.0 ], [ 100.379558226000086, -0.96941394299995, 0.0 ], [ 100.379556931000067, -0.969298333999976, 0.0 ], [ 100.37955982500003, -0.969019194999884, 0.0 ], [ 100.379554722000051, -0.968549989999875, 0.0 ], [ 100.379494983000086, -0.967642802999865, 0.0 ], [ 100.379455640000032, -0.967039785999887, 0.0 ], [ 100.379451296000028, -0.966807946999889, 0.0 ], [ 100.37945855000001, -0.966562331999906, 0.0 ], [ 100.379471561000017, -0.966162435999948, 0.0 ], [ 100.379495209000112, -0.96575489299989, 0.0 ], [ 100.379516119000058, -0.965439561999911, 0.0 ], [ 100.379554040000087, -0.965171206999912, 0.0 ], [ 100.379621138000047, -0.964787105999928, 0.0 ], [ 100.379671510000037, -0.964594436999974, 0.0 ], [ 100.379703319, -0.964416625999917, 0.0 ], [ 100.379727546000055, -0.964269335999987, 0.0 ], [ 100.379733691000027, -0.964106224, 0.0 ], [ 100.379712110000114, -0.96387625399997, 0.0 ], [ 100.379587185000076, -0.963396019999937, 0.0 ], [ 100.379487739000112, -0.962693570999903, 0.0 ], [ 100.379374493000071, -0.961992394999886, 0.0 ], [ 100.379285091000042, -0.961302567999919, 0.0 ], [ 100.37922713600004, -0.9607441389999, 0.0 ], [ 100.3793652250001, -0.960794622999902, 0.0 ], [ 100.379615059000074, -0.960918342999925, 0.0 ], [ 100.38020136900009, -0.961266821999981, 0.0 ], [ 100.380760037000044, -0.961539507999895, 0.0 ], [ 100.381377677000074, -0.961747725999892, 0.0 ], [ 100.38187479, -0.96189787199997, 0.0 ], [ 100.382201164, -0.96195964899993, 0.0 ], [ 100.382419571000042, -0.96195703799998, 0.0 ], [ 100.382671839000039, -0.961900078999975, 0.0 ], [ 100.382914063000015, -0.961822902999895, 0.0 ], [ 100.383414818000048, -0.961667293999898, 0.0 ], [ 100.383771253000063, -0.961563541999929, 0.0 ], [ 100.384041103000087, -0.961525534999982, 0.0 ], [ 100.384323520000095, -0.961519097999894, 0.0 ], [ 100.384686293000101, -0.961580858999941, 0.0 ], [ 100.384841716000082, -0.961621322999914, 0.0 ], [ 100.384823513000086, -0.961271340999911, 0.0 ], [ 100.38490217200011, -0.961026169999965, 0.0 ], [ 100.384948895000065, -0.960752068999934, 0.0 ], [ 100.384914721000072, -0.960469437999908, 0.0 ], [ 100.384825204000038, -0.96019967399997, 0.0 ], [ 100.384774027000077, -0.959985567999929, 0.0 ], [ 100.384735587000094, -0.959681524999908, 0.0 ], [ 100.384761001000058, -0.95935604299989, 0.0 ], [ 100.384791012000051, -0.959139751999935, 0.0 ], [ 100.384991045000092, -0.958964085999966, 0.0 ], [ 100.385267715000069, -0.958788390999906, 0.0 ], [ 100.38548635500004, -0.958625666999943, 0.0 ], [ 100.385698946000034, -0.958505080999913, 0.0 ], [ 100.385800271000079, -0.958430719999978, 0.0 ], [ 100.386050467000075, -0.958333352999915, 0.0 ], [ 100.386051138000042, -0.958332968999972, 0.0 ], [ 100.386096337000055, -0.958307079999873, 0.0 ], [ 100.386105198000081, -0.958257034999907, 0.0 ], [ 100.386147815000058, -0.95820340199991, 0.0 ], [ 100.386177988000057, -0.958131903999945, 0.0 ], [ 100.386255129000048, -0.957977198999934, 0.0 ], [ 100.386286672, -0.957840099999959, 0.0 ], [ 100.386249104000086, -0.957728857999903, 0.0 ], [ 100.386189333000019, -0.957589769999942, 0.0 ], [ 100.386177314000093, -0.957345919999927, 0.0 ], [ 100.386178411000103, -0.95718122899989, 0.0 ], [ 100.386199391000062, -0.956983493999871, 0.0 ], [ 100.386185311000048, -0.956881103999926, 0.0 ], [ 100.386294063000079, -0.956739826999961, 0.0 ], [ 100.386382048000073, -0.956583222999882, 0.0 ], [ 100.386441654000024, -0.956427841999904, 0.0 ], [ 100.386501286000083, -0.956336016999945, 0.0 ], [ 100.386609984000103, -0.9562238349999, 0.0 ], [ 100.386654092000114, -0.956050499999947, 0.0 ], [ 100.386710670000085, -0.956000427999889, 0.0 ], [ 100.386825672, -0.955997624999924, 0.0 ], [ 100.386965325000105, -0.956011340999904, 0.0 ], [ 100.387069370000091, -0.955994770999954, 0.0 ], [ 100.387156992000058, -0.955991981999901, 0.0 ], [ 100.387255558000049, -0.95596990499994, 0.0 ], [ 100.387321280000066, -0.955983651999922, 0.0 ], [ 100.387411677000088, -0.956071756999929, 0.0 ], [ 100.387518486000047, -0.956124049999904, 0.0 ], [ 100.387592209000019, -0.956132477999979, 0.0 ], [ 100.3877940080001, -0.956101438999898, 0.0 ], [ 100.387905790000019, -0.956090354999958, 0.0 ], [ 100.387902298000085, -0.956053002999976, 0.0 ], [ 100.388095073000059, -0.956029316999881, 0.0 ], [ 100.38827159, -0.955946569999963, 0.0 ], [ 100.388378133000032, -0.955952650999933, 0.0 ], [ 100.388451232000037, -0.95606591699989, 0.0 ], [ 100.388635830000027, -0.956151616999875, 0.0 ], [ 100.388792900000055, -0.956124574999947, 0.0 ], [ 100.389076439000078, -0.956197684999957, 0.0 ], [ 100.389287156000094, -0.95619759899995, 0.0 ], [ 100.389499220000062, -0.956280418999874, 0.0 ], [ 100.389688358000072, -0.956332226999898, 0.0 ], [ 100.389855993000097, -0.956345130999988, 0.0 ], [ 100.390097539000095, -0.956395847999922, 0.0 ], [ 100.390209437000024, -0.956409201999961, 0.0 ], [ 100.39029470400007, -0.956449365999909, 0.0 ], [ 100.390342686000039, -0.956521703999943, 0.0 ], [ 100.390380009000111, -0.956586008999935, 0.0 ], [ 100.390481264000044, -0.956628846999926, 0.0 ], [ 100.390603795000061, -0.956591276999927, 0.0 ], [ 100.390689018, -0.956518883999887, 0.0 ], [ 100.390726294000075, -0.956465268999981, 0.0 ], [ 100.390814171000059, -0.9563741159999, 0.0 ], [ 100.39082928600007, -0.956360086999894, 0.0 ], [ 100.391127862000076, -0.956278047999945, 0.0 ], [ 100.391265351000087, -0.956227004999896, 0.0 ], [ 100.391273214000108, -0.956088913999928, 0.0 ], [ 100.391283713000092, -0.955937541999926, 0.0 ], [ 100.391341757000106, -0.955857850999905, 0.0 ], [ 100.391391885000075, -0.955786130999922, 0.0 ], [ 100.391476312000037, -0.95566659699989, 0.0 ], [ 100.391544931000041, -0.955624080999925, 0.0 ], [ 100.391808986000029, -0.955497871999963, 0.0 ], [ 100.392136271000112, -0.955452276999921, 0.0 ], [ 100.392266826000082, -0.95541469599992, 0.0 ], [ 100.39232742800003, -0.955360724999895, 0.0 ], [ 100.392383363000036, -0.955304409999943, 0.0 ], [ 100.392513494000056, -0.955079234999964, 0.0 ], [ 100.392728866000112, -0.954795659999949, 0.0 ], [ 100.392885797000048, -0.95472470399994, 0.0 ], [ 100.393055481000047, -0.954511963999924, 0.0 ], [ 100.393135508000015, -0.954379818999914, 0.0 ], [ 100.393206217000085, -0.954165856999975, 0.0 ], [ 100.393369518000014, -0.954011120999962, 0.0 ], [ 100.393494406000045, -0.953911177999952, 0.0 ], [ 100.393561643000012, -0.953837037999946, 0.0 ], [ 100.393689697000042, -0.953688610999922, 0.0 ], [ 100.393829099000115, -0.953774481999922, 0.0 ], [ 100.3939212760001, -0.953803841999953, 0.0 ], [ 100.394060632000091, -0.953769866999895, 0.0 ], [ 100.394186493000021, -0.953722326999959, 0.0 ], [ 100.394308568000085, -0.953663246999955, 0.0 ], [ 100.394468170000053, -0.953621767999898, 0.0 ], [ 100.394649700000059, -0.953530368999974, 0.0 ], [ 100.394715923000035, -0.953466168999903, 0.0 ], [ 100.394730592000101, -0.953340282999878, 0.0 ], [ 100.394652047000079, -0.953266267999883, 0.0 ], [ 100.394683919000059, -0.953202081999901, 0.0 ], [ 100.39484829400007, -0.953160055999888, 0.0 ], [ 100.394943986000072, -0.953162484999911, 0.0 ], [ 100.395054387000059, -0.953130353999917, 0.0 ], [ 100.39512310300006, -0.953172284999923, 0.0 ], [ 100.395179565000035, -0.953238902999928, 0.0 ], [ 100.395262979000094, -0.953216654999952, 0.0 ], [ 100.395395453000035, -0.953162299999985, 0.0 ], [ 100.395433582000081, -0.953070958999888, 0.0 ], [ 100.395416967000045, -0.952827287999977, 0.0 ], [ 100.395295860000061, -0.952852258999911, 0.0 ], [ 100.395221540000037, -0.952857826999928, 0.0 ], [ 100.395185739000098, -0.95282184399997, 0.0 ], [ 100.395257291000064, -0.952777510999944, 0.0 ], [ 100.395416885000031, -0.952622377999898, 0.0 ], [ 100.395488411000088, -0.952514356999931, 0.0 ], [ 100.395518643000017, -0.952398043999899, 0.0 ], [ 100.39555715600001, -0.95233710799992, 0.0 ], [ 100.395745987000083, -0.952244570999902, 0.0 ], [ 100.395930762, -0.952111689999921, 0.0 ], [ 100.396062739000101, -0.952005391999919, 0.0 ], [ 100.396207928000123, -0.951930078, 0.0 ], [ 100.396357515000062, -0.951837051999934, 0.0 ], [ 100.396379488, -0.951766212999935, 0.0 ], [ 100.396411393000079, -0.951647063999935, 0.0 ], [ 100.396581136000094, -0.951497531999909, 0.0 ], [ 100.396820634, -0.951384575999889, 0.0 ], [ 100.396987865000085, -0.951255886999899, 0.0 ], [ 100.397106055000094, -0.951100276999902, 0.0 ], [ 100.397271731000032, -0.950835327999918, 0.0 ], [ 100.39746632800005, -0.950735430999913, 0.0 ], [ 100.397599892000088, -0.950712343999957, 0.0 ], [ 100.397741120000049, -0.950766031999869, 0.0 ], [ 100.397939668000049, -0.951000138999966, 0.0 ], [ 100.398046580000099, -0.951134463999889, 0.0 ], [ 100.398218409000023, -0.951229257999916, 0.0 ], [ 100.398407561000042, -0.951266004999937, 0.0 ], [ 100.398669917000078, -0.951272033999903, 0.0 ], [ 100.398760843000048, -0.951257247999923, 0.0 ], [ 100.398908930000047, -0.951246700999938, 0.0 ], [ 100.39900903300007, -0.951195180999939, 0.0 ], [ 100.399015004000034, -0.951057356, 0.0 ], [ 100.3990372600001, -0.951025146999903, 0.0 ], [ 100.399404679000028, -0.951009596999949, 0.0 ], [ 100.399468681000087, -0.950963366999943, 0.0 ], [ 100.399498489000067, -0.950884109999958, 0.0 ], [ 100.3994344420001, -0.950583889999898, 0.0 ], [ 100.399612106000049, -0.950547237999974, 0.0 ], [ 100.399793801000072, -0.950486198999897, 0.0 ], [ 100.399894711000073, -0.950384553999925, 0.0 ], [ 100.400080736000106, -0.950278908999977, 0.0 ], [ 100.40044663, -0.950216946999912, 0.0 ], [ 100.40094037900009, -0.950113042999931, 0.0 ], [ 100.401033990000101, -0.950093122999881, 0.0 ], [ 100.400893805000052, -0.9494256639999, 0.0 ], [ 100.401372043, -0.949349896999937, 0.0 ], [ 100.401372014000088, -0.949276646999916, 0.0 ], [ 100.401565562000116, -0.949236046999932, 0.0 ], [ 100.401733512000078, -0.949199960999966, 0.0 ], [ 100.401745769000016, -0.949218206999877, 0.0 ], [ 100.401803203000071, -0.949257528999933, 0.0 ], [ 100.401924146000042, -0.949257478999929, 0.0 ], [ 100.402029292000037, -0.949238306999941, 0.0 ], [ 100.402132776000073, -0.949193056999928, 0.0 ], [ 100.402205013000099, -0.949139958999975, 0.0 ], [ 100.402403919000037, -0.949092610999966, 0.0 ], [ 100.402513181000103, -0.949089422999968, 0.0 ], [ 100.402606815000027, -0.949035969999898, 0.0 ], [ 100.402650497000096, -0.948979395999924, 0.0 ], [ 100.402694187000066, -0.948935389999924, 0.0 ], [ 100.402815934000017, -0.94892591499994, 0.0 ], [ 100.402943902000032, -0.948853594999907, 0.0 ], [ 100.403050014000115, -0.948781286999964, 0.0 ], [ 100.403168600000058, -0.948674409999914, 0.0 ], [ 100.403240396000058, -0.94865552899995, 0.0 ], [ 100.403365072000071, -0.948649821999922, 0.0 ], [ 100.40350302100002, -0.948636074999939, 0.0 ], [ 100.40365844500009, -0.948591033999943, 0.0 ], [ 100.403784731000059, -0.948561647999909, 0.0 ], [ 100.403889655000043, -0.948561604999906, 0.0 ], [ 100.404069430000078, -0.948653888999903, 0.0 ], [ 100.404240267, -0.948666323999866, 0.0 ], [ 100.404404887000041, -0.94866625699995, 0.0 ], [ 100.404566406000072, -0.948675570999921, 0.0 ], [ 100.404765178, -0.948644226999903, 0.0 ], [ 100.404890661000081, -0.94851837099997, 0.0 ], [ 100.405030403000097, -0.948446412999878, 0.0 ], [ 100.405122126000052, -0.94832919899995, 0.0 ], [ 100.405131381000018, -0.948289812999977, 0.0 ], [ 100.405276931000074, -0.948306842999965, 0.0 ], [ 100.405325395, -0.9481847549999, 0.0 ], [ 100.405524826000061, -0.948167013999942, 0.0 ], [ 100.405779479000088, -0.948057049999903, 0.0 ], [ 100.405813407000053, -0.947978909999922, 0.0 ], [ 100.405823054000052, -0.947842187999889, 0.0 ], [ 100.405905494000123, -0.947754264999897, 0.0 ], [ 100.406149941000095, -0.947624699999924, 0.0 ], [ 100.406296741000077, -0.947529192999927, 0.0 ], [ 100.406438414000064, -0.947433375999903, 0.0 ], [ 100.406548538000038, -0.947421017999947, 0.0 ], [ 100.406625017000053, -0.947424063999932, 0.0 ], [ 100.406717848000099, -0.94737238899992, 0.0 ], [ 100.406717785000097, -0.947220886999908, 0.0 ], [ 100.406674709000086, -0.947101869999919, 0.0 ], [ 100.406741886000049, -0.946961162999912, 0.0 ], [ 100.406865606000068, -0.946985459999969, 0.0 ], [ 100.406975881000037, -0.94701517399994, 0.0 ], [ 100.407166714000113, -0.946957126999934, 0.0 ], [ 100.407426686000036, -0.946844919999887, 0.0 ], [ 100.407450460000049, -0.946713379999927, 0.0 ], [ 100.407535939000113, -0.946632102999953, 0.0 ], [ 100.40760953300007, -0.946534102999927, 0.0 ], [ 100.407621374000072, -0.946436129999903, 0.0 ], [ 100.407773344000034, -0.94631420299994, 0.0 ], [ 100.408039612000039, -0.946204644999934, 0.0 ], [ 100.408127510000028, -0.946100061999985, 0.0 ], [ 100.408260737000035, -0.94605979599994, 0.0 ], [ 100.408351318000072, -0.946000781999942, 0.0 ], [ 100.408436538000018, -0.945861348999863, 0.0 ], [ 100.408540435000091, -0.945783565999911, 0.0 ], [ 100.408644338000073, -0.945719185999913, 0.0 ], [ 100.408850319000052, -0.945586822999886, 0.0 ], [ 100.40906345400002, -0.945452701999891, 0.0 ], [ 100.409233963000091, -0.945350762999983, 0.0 ], [ 100.409325747000054, -0.945101097999931, 0.0 ], [ 100.409351265000026, -0.944989659999948, 0.0 ], [ 100.409440683000057, -0.944873911999874, 0.0 ], [ 100.409470456000037, -0.944753902999892, 0.0 ], [ 100.409547832000044, -0.944574621999891, 0.0 ], [ 100.409663833000039, -0.944473069999926, 0.0 ], [ 100.409722188000075, -0.9444190819999, 0.0 ], [ 100.40977775000006, -0.944424264999885, 0.0 ], [ 100.409877385000044, -0.94442971399998, 0.0 ], [ 100.409934723000077, -0.944465372999911, 0.0 ], [ 100.410183978000092, -0.944522359999919, 0.0 ], [ 100.410332876000069, -0.944541707999921, 0.0 ], [ 100.410462478000042, -0.944574924999916, 0.0 ], [ 100.410564536000052, -0.944671922999948, 0.0 ], [ 100.410562021000018, -0.944728222999988, 0.0 ], [ 100.410556549, -0.944830809999861, 0.0 ], [ 100.410482162000079, -0.944977785999942, 0.0 ], [ 100.410490469000052, -0.945069277999963, 0.0 ], [ 100.41052915800006, -0.945285520999914, 0.0 ], [ 100.410592810000082, -0.945511518999961, 0.0 ], [ 100.410697669000058, -0.94571664499988, 0.0 ], [ 100.410802580000023, -0.946054854999886, 0.0 ], [ 100.410866028000044, -0.946135232999964, 0.0 ], [ 100.411001135000021, -0.946140722999885, 0.0 ], [ 100.41114724300003, -0.946079666999896, 0.0 ], [ 100.411220099000019, -0.946133094999876, 0.0 ], [ 100.411249311000049, -0.94621377299989, 0.0 ], [ 100.411225010000081, -0.94625290499993, 0.0 ], [ 100.411246859000101, -0.946381112999969, 0.0 ], [ 100.411222581000047, -0.946476482999955, 0.0 ], [ 100.411246931000022, -0.94656205299993, 0.0 ], [ 100.411259138000062, -0.946681859999895, 0.0 ], [ 100.411256348000094, -0.946812849999898, 0.0 ], [ 100.411249948, -0.946955692999904, 0.0 ], [ 100.411319250000062, -0.947046918999902, 0.0 ], [ 100.41139027800007, -0.947055546999906, 0.0 ], [ 100.411517259, -0.947044673999894, 0.0 ], [ 100.411583988000118, -0.947070616999909, 0.0 ], [ 100.411672233000047, -0.947072744999907, 0.0 ], [ 100.411745397000061, -0.947040250999972, 0.0 ], [ 100.411857320000081, -0.947053191999888, 0.0 ], [ 100.411943423000096, -0.947083454999905, 0.0 ], [ 100.412023076000111, -0.947128870999933, 0.0 ], [ 100.412064, -0.94720243799998, 0.0 ], [ 100.412084139000015, -0.94727626499996, 0.0 ], [ 100.412148716000033, -0.947295717999971, 0.0 ], [ 100.412224039000051, -0.947278371999957, 0.0 ], [ 100.412292884000053, -0.94721125299991, 0.0 ], [ 100.412406939000078, -0.947174413999971, 0.0 ], [ 100.412495163000102, -0.947128928999938, 0.0 ], [ 100.41253603200002, -0.947066149999895, 0.0 ], [ 100.412591970000022, -0.947014184999947, 0.0 ], [ 100.412645799000032, -0.947068268999892, 0.0 ], [ 100.412645857000044, -0.9472132729999, 0.0 ], [ 100.412648046000044, -0.947304169999871, 0.0 ], [ 100.412671910000071, -0.947353586999963, 0.0 ], [ 100.412767282000047, -0.947336421999964, 0.0 ], [ 100.413072972000037, -0.947217583999901, 0.0 ], [ 100.413614938000109, -0.946983665999909, 0.0 ], [ 100.414179136000072, -0.947005690999955, 0.0 ], [ 100.414665999000036, -0.947272569999921, 0.0 ], [ 100.415263607000014, -0.947850996999907, 0.0 ], [ 100.415562545000057, -0.948462931999913, 0.0 ], [ 100.41585341300005, -0.94898626799996, 0.0 ], [ 100.415988332000026, -0.949172717999932, 0.0 ], [ 100.416121576000123, -0.949297779999888, 0.0 ], [ 100.416284164000075, -0.949364330999977, 0.0 ], [ 100.416500919000072, -0.949394525999899, 0.0 ], [ 100.416666666000097, -0.949378615999915, 0.0 ], [ 100.416988054000043, -0.949344364999924, 0.0 ], [ 100.417340960000033, -0.949335671999915, 0.0 ], [ 100.417451162000091, -0.949306543999903, 0.0 ], [ 100.417505339000044, -0.949213823999958, 0.0 ], [ 100.417497071000071, -0.949175810999922, 0.0 ], [ 100.417390931000071, -0.949069102999886, 0.0 ], [ 100.41732229600008, -0.948913383999969, 0.0 ], [ 100.417377597000041, -0.948800887999898, 0.0 ], [ 100.417508119, -0.948720308999892, 0.0 ], [ 100.417915984000089, -0.948569183999911, 0.0 ], [ 100.417943094000023, -0.948501712999924, 0.0 ], [ 100.417812522000048, -0.948186276999937, 0.0 ], [ 100.417822635000093, -0.948115979999894, 0.0 ], [ 100.417958042000109, -0.947923516999868, 0.0 ], [ 100.418033198000018, -0.947776477999959, 0.0 ], [ 100.418103942000101, -0.947720024999906, 0.0 ], [ 100.418146908000011, -0.947712499999906, 0.0 ], [ 100.418253345000025, -0.94773689599997, 0.0 ], [ 100.418380298000045, -0.94776897999996, 0.0 ], [ 100.418436024000044, -0.947799297999893, 0.0 ], [ 100.418547346000096, -0.947886196999889, 0.0 ], [ 100.418579244000071, -0.947929068999883, 0.0 ], [ 100.418588149000101, -0.947956745999864, 0.0 ], [ 100.418585134000026, -0.948066695999902, 0.0 ], [ 100.418614360000049, -0.948151947999939, 0.0 ], [ 100.418674572000057, -0.948227636999896, 0.0 ], [ 100.418902858000124, -0.948351297999913, 0.0 ], [ 100.418991959000024, -0.948460761999911, 0.0 ], [ 100.419087112000085, -0.948476948999918, 0.0 ], [ 100.419124866000104, -0.948488506999986, 0.0 ], [ 100.419150032000047, -0.948514284999899, 0.0 ], [ 100.419182198000044, -0.948573718999931, 0.0 ], [ 100.419227611000082, -0.948684679999875, 0.0 ], [ 100.419243795000085, -0.948708280999874, 0.0 ], [ 100.419304602000054, -0.94875809799991, 0.0 ], [ 100.419386136000043, -0.9488685429999, 0.0 ], [ 100.419451220000013, -0.948919433999937, 0.0 ], [ 100.419557661000027, -0.948939820999936, 0.0 ], [ 100.419740159000028, -0.948960936999907, 0.0 ], [ 100.41981716, -0.948990333999941, 0.0 ], [ 100.419911560000088, -0.949056583999916, 0.0 ], [ 100.419968151000063, -0.949114652999924, 0.0 ], [ 100.420029946000028, -0.949234633999904, 0.0 ], [ 100.420065381000114, -0.949300033999986, 0.0 ], [ 100.42009613400009, -0.949342280999929, 0.0 ], [ 100.420201723000034, -0.949422258999974, 0.0 ], [ 100.420233559000081, -0.949484051999935, 0.0 ], [ 100.420269981000075, -0.949573065999928, 0.0 ], [ 100.420423807000105, -0.949602953999914, 0.0 ], [ 100.42066306000001, -0.949624907999954, 0.0 ], [ 100.420720845000076, -0.949616662999983, 0.0 ], [ 100.420871666000039, -0.949535701999945, 0.0 ], [ 100.42115728900005, -0.94949829699987, 0.0 ], [ 100.421317868000102, -0.94944798299997, 0.0 ], [ 100.42153192400005, -0.949337659, 0.0 ], [ 100.421739781000014, -0.94922993599987, 0.0 ], [ 100.421901590000076, -0.949143973999952, 0.0 ], [ 100.421981914000057, -0.949115597999914, 0.0 ], [ 100.422142715000049, -0.949055047999877, 0.0 ], [ 100.42218863600003, -0.949055812999941, 0.0 ], [ 100.422343308000038, -0.949052717999951, 0.0 ], [ 100.422446301000022, -0.94901262199992, 0.0 ], [ 100.422502870000088, -0.948962485999946, 0.0 ], [ 100.422616375000061, -0.948896139999874, 0.0 ], [ 100.422691675000081, -0.948886632999976, 0.0 ], [ 100.422807996000117, -0.948887935999906, 0.0 ], [ 100.422897931000094, -0.948860017999905, 0.0 ], [ 100.422981312000061, -0.948866492999908, 0.0 ], [ 100.423096287000078, -0.948938689999931, 0.0 ], [ 100.423223021000084, -0.948974994999915, 0.0 ], [ 100.423264094000018, -0.948991599999957, 0.0 ], [ 100.423373313000084, -0.949097654999939, 0.0 ], [ 100.423419535000079, -0.949121241999936, 0.0 ], [ 100.423513874000079, -0.94912760199993, 0.0 ], [ 100.423627282000041, -0.949111557999935, 0.0 ], [ 100.423669342000053, -0.949097638999937, 0.0 ], [ 100.423722075000072, -0.949062988999913, 0.0 ], [ 100.423754785000114, -0.949020476999948, 0.0 ], [ 100.423812468000094, -0.948838813999927, 0.0 ], [ 100.423831328000048, -0.948801555999953, 0.0 ], [ 100.423895302000105, -0.948760409999924, 0.0 ], [ 100.423936169000015, -0.948719322999988, 0.0 ], [ 100.423944771000023, -0.948633264999973, 0.0 ], [ 100.423938745000058, -0.948495675999869, 0.0 ], [ 100.423978159000029, -0.948476992999922, 0.0 ], [ 100.424009078000012, -0.948480091999912, 0.0 ], [ 100.424282291000054, -0.948620015999943, 0.0 ], [ 100.424419273000026, -0.948658477999928, 0.0 ], [ 100.424469081000055, -0.948696275999946, 0.0 ], [ 100.424545707, -0.948788777999873, 0.0 ], [ 100.424640315000019, -0.948807176999885, 0.0 ], [ 100.424722526000068, -0.948785712999886, 0.0 ], [ 100.424778313000061, -0.948759420999931, 0.0 ], [ 100.424836655, -0.948722505999985, 0.0 ], [ 100.424853754000097, -0.948682318999946, 0.0 ], [ 100.424860368000012, -0.948512260999909, 0.0 ], [ 100.424868237000041, -0.94849570999996, 0.0 ], [ 100.424987902000083, -0.948403303999953, 0.0 ], [ 100.425108691000048, -0.948317813999896, 0.0 ], [ 100.425146902, -0.94830797199997, 0.0 ], [ 100.42518620000007, -0.948313101999862, 0.0 ], [ 100.425204510000071, -0.948320072999906, 0.0 ], [ 100.425246152000057, -0.948342619999906, 0.0 ], [ 100.425262271000051, -0.948355419999899, 0.0 ], [ 100.425325849000075, -0.948417708999902, 0.0 ], [ 100.425365246000041, -0.948460441999885, 0.0 ], [ 100.42542212500004, -0.948518280999963, 0.0 ], [ 100.425476707000115, -0.94854471699993, 0.0 ], [ 100.425622483000012, -0.948588287999893, 0.0 ], [ 100.42562657100008, -0.948617737999932, 0.0 ], [ 100.425709456000021, -0.948612308999927, 0.0 ], [ 100.425776733000077, -0.948618433999901, 0.0 ], [ 100.426006929000025, -0.948729194999917, 0.0 ], [ 100.426079454000075, -0.948893878999954, 0.0 ], [ 100.42629495900006, -0.949030016999938, 0.0 ], [ 100.426333318000033, -0.949084, 0.0 ], [ 100.426328954000027, -0.949128082999881, 0.0 ], [ 100.426264699000043, -0.949232570999911, 0.0 ], [ 100.426266270000085, -0.949294799999908, 0.0 ], [ 100.426316546000066, -0.949347675999931, 0.0 ], [ 100.426381250000091, -0.949377813999938, 0.0 ], [ 100.426518763, -0.949389481999926, 0.0 ], [ 100.426656265000105, -0.949375354999912, 0.0 ], [ 100.426774112, -0.949326524999957, 0.0 ], [ 100.426882314000068, -0.94921836999989, 0.0 ], [ 100.426949139, -0.949158522999912, 0.0 ], [ 100.426988460000061, -0.949095572999944, 0.0 ], [ 100.426992630000044, -0.948961426999947, 0.0 ], [ 100.427071141000056, -0.948776897999956, 0.0 ], [ 100.427385492000042, -0.948782623999897, 0.0 ], [ 100.427668785000037, -0.948795395999976, 0.0 ], [ 100.427749593000058, -0.948777936999864, 0.0 ], [ 100.427808752000075, -0.948745966999972, 0.0 ], [ 100.427837594000067, -0.948696586999972, 0.0 ], [ 100.42785725, -0.948566612999965, 0.0 ], [ 100.42791083200008, -0.948385660999914, 0.0 ], [ 100.427926332000126, -0.948281731999931, 0.0 ], [ 100.42797623000007, -0.948228058999931, 0.0 ], [ 100.428032928000064, -0.948195173999963, 0.0 ], [ 100.428087644000058, -0.948180237999971, 0.0 ], [ 100.42813723900008, -0.948182512999892, 0.0 ], [ 100.428164606000024, -0.948193971999952, 0.0 ], [ 100.428259308000051, -0.948256332999961, 0.0 ], [ 100.428397502000024, -0.948375412999955, 0.0 ], [ 100.428534461000083, -0.948431124999946, 0.0 ], [ 100.428616511000115, -0.948449353999944, 0.0 ], [ 100.428734222000088, -0.948447057999932, 0.0 ], [ 100.428854222000069, -0.94842890699994, 0.0 ], [ 100.428881304000086, -0.94843547299995, 0.0 ], [ 100.428897184000064, -0.948454253999905, 0.0 ], [ 100.428959786000092, -0.948550997999916, 0.0 ], [ 100.4289812640001, -0.948556624999938, 0.0 ], [ 100.429020481000052, -0.948556608999937, 0.0 ], [ 100.429059694000017, -0.948549075999935, 0.0 ], [ 100.429078874000098, -0.948527109999894, 0.0 ], [ 100.429085169000075, -0.948457127999966, 0.0 ], [ 100.429110410000035, -0.94833730399991, 0.0 ], [ 100.429123197000123, -0.948175625999944, 0.0 ], [ 100.429087494, -0.948118202999989, 0.0 ], [ 100.42898399300006, -0.948036875999922, 0.0 ], [ 100.428970898000046, -0.948005768999924, 0.0 ], [ 100.428988731000089, -0.947989009999958, 0.0 ], [ 100.429013707000124, -0.947991391999889, 0.0 ], [ 100.429081503000049, -0.948010509999961, 0.0 ], [ 100.429138595000055, -0.948016468999921, 0.0 ], [ 100.429329652000064, -0.947992243999959, 0.0 ] ] ] ] } },
{ "type": "Feature", "properties": { "NAMOBJ": "PADANG TIMUR", "REMARK": "Wilayah Administrasi Kecamatan", "WADMKK": "KOTA PADANG", "WADMPR": "SUMATERA BARAT", "Shape_Leng": 0.15292025663, "Shape_Area": 0.00075777535 }, "geometry": { "type": "MultiPolygon", "coordinates": [ [ [ [ 100.377821462, -0.934806550999919, 0.0 ], [ 100.378043122000037, -0.934893518999921, 0.0 ], [ 100.378131001000028, -0.934685543999944, 0.0 ], [ 100.378263109000031, -0.934428198999967, 0.0 ], [ 100.378302633000018, -0.934277758999954, 0.0 ], [ 100.378445565000035, -0.934262216999912, 0.0 ], [ 100.378511499000069, -0.934171493999955, 0.0 ], [ 100.378608222000082, -0.934080757999908, 0.0 ], [ 100.378722956000075, -0.934033905999939, 0.0 ], [ 100.378790505000069, -0.933911480999935, 0.0 ], [ 100.378867065000094, -0.933789052999931, 0.0 ], [ 100.378948134000055, -0.933666622999926, 0.0 ], [ 100.379173416000043, -0.933566799999927, 0.0 ], [ 100.379398296, -0.93369648499991, 0.0 ], [ 100.379550937, -0.933696424999905, 0.0 ], [ 100.379687511000029, -0.933704451999947, 0.0 ], [ 100.379848189000086, -0.933716511999879, 0.0 ], [ 100.37999683700005, -0.933781104999984, 0.0 ], [ 100.38002098200009, -0.933890196999862, 0.0 ], [ 100.380004978, -0.934055872999981, 0.0 ], [ 100.380061256000047, -0.934160910999879, 0.0 ], [ 100.380197807000059, -0.934150989999946, 0.0 ], [ 100.380394834000114, -0.934134513999915, 0.0 ], [ 100.380603401000045, -0.934174391999928, 0.0 ], [ 100.38078876500002, -0.934131027999982, 0.0 ], [ 100.380944341000017, -0.934100995999895, 0.0 ], [ 100.381037688, -0.934010378999947, 0.0 ], [ 100.381099969000019, -0.933856704999933, 0.0 ], [ 100.381103046000092, -0.933753224999986, 0.0 ], [ 100.381171583000082, -0.933649718999948, 0.0 ], [ 100.381268202000072, -0.933618323999927, 0.0 ], [ 100.381434742000096, -0.933509143999952, 0.0 ], [ 100.381502035000068, -0.933469287999941, 0.0 ], [ 100.381680189000065, -0.933425404999952, 0.0 ], [ 100.38183062300007, -0.933369583999951, 0.0 ], [ 100.381997320000011, -0.93332423499993, 0.0 ], [ 100.382103824000026, -0.933349105999945, 0.0 ], [ 100.382225444000056, -0.933378524999981, 0.0 ], [ 100.382326108000129, -0.933436337999968, 0.0 ], [ 100.382390832000056, -0.933501394999933, 0.0 ], [ 100.382487897, -0.933548360999911, 0.0 ], [ 100.382624482000026, -0.933548306999906, 0.0 ], [ 100.382771813000048, -0.933454239999939, 0.0 ], [ 100.383074504000049, -0.933552638, 0.0 ], [ 100.383354893000075, -0.933635688999942, 0.0 ], [ 100.383495090000039, -0.933679022999975, 0.0 ], [ 100.383549041000052, -0.933773009999936, 0.0 ], [ 100.383505939000045, -0.933848957999913, 0.0 ], [ 100.383369389000023, -0.933935790999904, 0.0 ], [ 100.383247217000047, -0.934026232999926, 0.0 ], [ 100.383273367000072, -0.934144394999933, 0.0 ], [ 100.383352320000128, -0.934249351999913, 0.0 ], [ 100.383469414000047, -0.934254426999889, 0.0 ], [ 100.38348726400001, -0.934333799999884, 0.0 ], [ 100.383553448000072, -0.934338895999861, 0.0 ], [ 100.383606872000044, -0.934254371999884, 0.0 ], [ 100.383651671000024, -0.934204433999927, 0.0 ], [ 100.383734592000039, -0.934171958, 0.0 ], [ 100.383826769000038, -0.93424608, 0.0 ], [ 100.383964987000098, -0.934236753999937, 0.0 ], [ 100.38414005700011, -0.934208874999939, 0.0 ], [ 100.384287493000045, -0.934204182999906, 0.0 ], [ 100.384388875000084, -0.934255125999858, 0.0 ], [ 100.384467199000085, -0.934250459999916, 0.0 ], [ 100.384563961000097, -0.934264325999909, 0.0 ], [ 100.384711448000047, -0.934394042999894, 0.0 ], [ 100.384868777000094, -0.934493086999918, 0.0 ], [ 100.385305629000086, -0.934643224999906, 0.0 ], [ 100.385802308000066, -0.934823640999912, 0.0 ], [ 100.385874728000019, -0.934850457999911, 0.0 ], [ 100.386085366000032, -0.93482194699995, 0.0 ], [ 100.386257489000073, -0.934839968999931, 0.0 ], [ 100.386437327000024, -0.934881243999882, 0.0 ], [ 100.386578645000085, -0.934956097999947, 0.0 ], [ 100.386778729000028, -0.934868339999969, 0.0 ], [ 100.386855975000032, -0.934875748999961, 0.0 ], [ 100.386940660000022, -0.934887078999921, 0.0 ], [ 100.387021364000034, -0.934905104999903, 0.0 ], [ 100.387135044000019, -0.93494395599992, 0.0 ], [ 100.38712670300005, -0.935026761999932, 0.0 ], [ 100.38710933800003, -0.935081252999911, 0.0 ], [ 100.387052122000085, -0.935183379999923, 0.0 ], [ 100.387088609, -0.935314268999917, 0.0 ], [ 100.38721365800005, -0.9354117409999, 0.0 ], [ 100.387216304000091, -0.935524316999889, 0.0 ], [ 100.387255363000037, -0.935574043999917, 0.0 ], [ 100.387304831000037, -0.935626385999985, 0.0 ], [ 100.387289236000086, -0.935676133999927, 0.0 ], [ 100.387260649000027, -0.935783485999927, 0.0 ], [ 100.387304924000048, -0.935864627999891, 0.0 ], [ 100.387375221000084, -0.935935286999964, 0.0 ], [ 100.387398690000083, -0.936050472999902, 0.0 ], [ 100.3873345370001, -0.936167054999956, 0.0 ], [ 100.387396840000108, -0.936386613999915, 0.0 ], [ 100.387278777000105, -0.936441253999906, 0.0 ], [ 100.387086822000029, -0.936502869999941, 0.0 ], [ 100.387089975000023, -0.936534102999861, 0.0 ], [ 100.387138820000075, -0.936700377999941, 0.0 ], [ 100.387234440000071, -0.936911861999942, 0.0 ], [ 100.387344639000048, -0.936954448999913, 0.0 ], [ 100.387449891000045, -0.936980593999944, 0.0 ], [ 100.387512679000096, -0.937152795999982, 0.0 ], [ 100.387612165000064, -0.93736888199992, 0.0 ], [ 100.387717911000024, -0.937346982999884, 0.0 ], [ 100.387760164000056, -0.937424191999966, 0.0 ], [ 100.387825446000036, -0.937499460999977, 0.0 ], [ 100.387902032000071, -0.937573109999942, 0.0 ], [ 100.388112757, -0.937952194999955, 0.0 ], [ 100.388217420000046, -0.938277849999899, 0.0 ], [ 100.388280017000085, -0.938433862999929, 0.0 ], [ 100.388376179000048, -0.938659378999937, 0.0 ], [ 100.38848164100007, -0.938701016999918, 0.0 ], [ 100.388608602, -0.938764910999964, 0.0 ], [ 100.388681257000059, -0.938884788999935, 0.0 ], [ 100.388761529000035, -0.939053141999921, 0.0 ], [ 100.388830931000101, -0.939115496999928, 0.0 ], [ 100.388922357000027, -0.939221079999871, 0.0 ], [ 100.388936, -0.939303224999918, 0.0 ], [ 100.388963249000128, -0.939377538999938, 0.0 ], [ 100.388962527000061, -0.93949002699992, 0.0 ], [ 100.388953407000102, -0.939626610999941, 0.0 ], [ 100.388934771000081, -0.939703332999894, 0.0 ], [ 100.389033070000039, -0.939728026999894, 0.0 ], [ 100.389119696000094, -0.939756267999922, 0.0 ], [ 100.389178338000065, -0.939757297999918, 0.0 ], [ 100.389310770000094, -0.93975685199997, 0.0 ], [ 100.389403805000072, -0.939755857999888, 0.0 ], [ 100.38948615700005, -0.939781586999974, 0.0 ], [ 100.389570513000095, -0.939829145999912, 0.0 ], [ 100.389600724000019, -0.939885349999944, 0.0 ], [ 100.38963490800009, -0.939962458999929, 0.0 ], [ 100.389662421000068, -0.940064555999939, 0.0 ], [ 100.38965039700004, -0.940161700999983, 0.0 ], [ 100.389607005000101, -0.940228267999895, 0.0 ], [ 100.38959470000006, -0.940255004999887, 0.0 ], [ 100.389598516000021, -0.940286403999909, 0.0 ], [ 100.389615180000064, -0.940334125999861, 0.0 ], [ 100.389631865000112, -0.940330047999968, 0.0 ], [ 100.389722036000109, -0.940282699999958, 0.0 ], [ 100.389817348000093, -0.94024490899994, 0.0 ], [ 100.389894637000097, -0.940231710999914, 0.0 ], [ 100.389932116000082, -0.940205797, 0.0 ], [ 100.390005985000073, -0.940090154999925, 0.0 ], [ 100.39006042000004, -0.939964603999929, 0.0 ], [ 100.390124894000053, -0.939686688999938, 0.0 ], [ 100.39012605700006, -0.939522367999931, 0.0 ], [ 100.390111525000094, -0.939406843999965, 0.0 ], [ 100.390066733000126, -0.939329319999946, 0.0 ], [ 100.389978166000077, -0.939224434999971, 0.0 ], [ 100.389922546, -0.939075319999979, 0.0 ], [ 100.389920952000054, -0.938897452999917, 0.0 ], [ 100.389936226000074, -0.938727593999896, 0.0 ], [ 100.390011051000045, -0.938569618999971, 0.0 ], [ 100.390140541, -0.938488699999937, 0.0 ], [ 100.390277370000049, -0.938406470999883, 0.0 ], [ 100.390318395000065, -0.938344471999905, 0.0 ], [ 100.390346044000054, -0.93821010899989, 0.0 ], [ 100.390412445000038, -0.938041960999922, 0.0 ], [ 100.390551217000066, -0.937955773999896, 0.0 ], [ 100.390680331000084, -0.9379343569999, 0.0 ], [ 100.390855739000031, -0.937958024999904, 0.0 ], [ 100.39119827600004, -0.938017790999876, 0.0 ], [ 100.391474560000077, -0.938013745999985, 0.0 ], [ 100.391600199000081, -0.938008921999941, 0.0 ], [ 100.39169472800009, -0.937969319999951, 0.0 ], [ 100.391815852000065, -0.937877498999903, 0.0 ], [ 100.391974391000048, -0.937709994999988, 0.0 ], [ 100.392241695000038, -0.937386851999985, 0.0 ], [ 100.392344197000085, -0.937261139999976, 0.0 ], [ 100.392475680000047, -0.937180961999914, 0.0 ], [ 100.392592892000053, -0.937164823999911, 0.0 ], [ 100.392986364000109, -0.937198018999904, 0.0 ], [ 100.393212893000026, -0.937214411999928, 0.0 ], [ 100.393397512000021, -0.937241706999878, 0.0 ], [ 100.393607717000094, -0.937310199999949, 0.0 ], [ 100.393760004000086, -0.937391977999877, 0.0 ], [ 100.394009194, -0.937583132999972, 0.0 ], [ 100.394103285000057, -0.937677769999897, 0.0 ], [ 100.394164615000079, -0.93770331799988, 0.0 ], [ 100.394243167000084, -0.937703286999966, 0.0 ], [ 100.394379407000088, -0.937663529999963, 0.0 ], [ 100.394456624999989, -0.937630535999986, 0.0 ], [ 100.394509367000083, -0.937619981999912, 0.0 ], [ 100.394561258000024, -0.937629606999909, 0.0 ], [ 100.394616464000066, -0.937668840999958, 0.0 ], [ 100.394650770000069, -0.937698445999921, 0.0 ], [ 100.394913797000072, -0.937969323999951, 0.0 ], [ 100.395134721000048, -0.938088085999919, 0.0 ], [ 100.395698854, -0.938375545999989, 0.0 ], [ 100.395796562000015, -0.938435426999881, 0.0 ], [ 100.396078526000068, -0.939149928999935, 0.0 ], [ 100.396119308000067, -0.939215430999937, 0.0 ], [ 100.396162997000047, -0.939247807999951, 0.0 ], [ 100.396184854000069, -0.939342413999963, 0.0 ], [ 100.396171153000097, -0.939439228999891, 0.0 ], [ 100.39612570900006, -0.939547174999941, 0.0 ], [ 100.396080994, -0.939839404999873, 0.0 ], [ 100.396214092, -0.940367393999949, 0.0 ], [ 100.397514310000119, -0.940396430999954, 0.0 ], [ 100.397724127000075, -0.940307733999898, 0.0 ], [ 100.397799437000089, -0.940497794999903, 0.0 ], [ 100.39779137500004, -0.940567017999946, 0.0 ], [ 100.397779892000059, -0.940607534999923, 0.0 ], [ 100.397776662000069, -0.940625225999966, 0.0 ], [ 100.397776255000025, -0.940646528999952, 0.0 ], [ 100.397779636000038, -0.940662276999923, 0.0 ], [ 100.397823572000036, -0.94074167199992, 0.0 ], [ 100.397859461000081, -0.9408187229999, 0.0 ], [ 100.39786886900005, -0.940902604999913, 0.0 ], [ 100.3978586960001, -0.941084115999921, 0.0 ], [ 100.397756238000056, -0.941391374999942, 0.0 ], [ 100.397794787000052, -0.941661049999873, 0.0 ], [ 100.39800214300007, -0.94218356199994, 0.0 ], [ 100.398227114000036, -0.942756382999907, 0.0 ], [ 100.398292674000032, -0.943103191999914, 0.0 ], [ 100.39844829700003, -0.943393529999955, 0.0 ], [ 100.398798469000056, -0.943836877999956, 0.0 ], [ 100.39897089900002, -0.944075669999908, 0.0 ], [ 100.39910602, -0.94419270399991, 0.0 ], [ 100.399264397000053, -0.944225424999953, 0.0 ], [ 100.40013806900005, -0.944152110999926, 0.0 ], [ 100.40014825100009, -0.94428311499993, 0.0 ], [ 100.400310684000033, -0.945675559999945, 0.0 ], [ 100.400493737, -0.947102622999981, 0.0 ], [ 100.400640381000045, -0.948220263999907, 0.0 ], [ 100.400893805000052, -0.9494256639999, 0.0 ], [ 100.401033990000101, -0.950093122999881, 0.0 ], [ 100.40094037900009, -0.950113042999931, 0.0 ], [ 100.40044663, -0.950216946999912, 0.0 ], [ 100.400080736000106, -0.950278908999977, 0.0 ], [ 100.399894711000073, -0.950384553999925, 0.0 ], [ 100.399793801000072, -0.950486198999897, 0.0 ], [ 100.399612106000049, -0.950547237999974, 0.0 ], [ 100.3994344420001, -0.950583889999898, 0.0 ], [ 100.399498489000067, -0.950884109999958, 0.0 ], [ 100.399468681000087, -0.950963366999943, 0.0 ], [ 100.399404679000028, -0.951009596999949, 0.0 ], [ 100.3990372600001, -0.951025146999903, 0.0 ], [ 100.399015004000034, -0.951057356, 0.0 ], [ 100.39900903300007, -0.951195180999939, 0.0 ], [ 100.398908930000047, -0.951246700999938, 0.0 ], [ 100.398760843000048, -0.951257247999923, 0.0 ], [ 100.398669917000078, -0.951272033999903, 0.0 ], [ 100.398407561000042, -0.951266004999937, 0.0 ], [ 100.398218409000023, -0.951229257999916, 0.0 ], [ 100.398046580000099, -0.951134463999889, 0.0 ], [ 100.397939668000049, -0.951000138999966, 0.0 ], [ 100.397741120000049, -0.950766031999869, 0.0 ], [ 100.397599892000088, -0.950712343999957, 0.0 ], [ 100.39746632800005, -0.950735430999913, 0.0 ], [ 100.397271731000032, -0.950835327999918, 0.0 ], [ 100.397106055000094, -0.951100276999902, 0.0 ], [ 100.396987865000085, -0.951255886999899, 0.0 ], [ 100.396820634, -0.951384575999889, 0.0 ], [ 100.396581136000094, -0.951497531999909, 0.0 ], [ 100.396411393000079, -0.951647063999935, 0.0 ], [ 100.396379488, -0.951766212999935, 0.0 ], [ 100.396357515000062, -0.951837051999934, 0.0 ], [ 100.396207928000123, -0.951930078, 0.0 ], [ 100.396062739000101, -0.952005391999919, 0.0 ], [ 100.395930762, -0.952111689999921, 0.0 ], [ 100.395745987000083, -0.952244570999902, 0.0 ], [ 100.39555715600001, -0.95233710799992, 0.0 ], [ 100.395518643000017, -0.952398043999899, 0.0 ], [ 100.395488411000088, -0.952514356999931, 0.0 ], [ 100.395416885000031, -0.952622377999898, 0.0 ], [ 100.395257291000064, -0.952777510999944, 0.0 ], [ 100.395185739000098, -0.95282184399997, 0.0 ], [ 100.395221540000037, -0.952857826999928, 0.0 ], [ 100.395295860000061, -0.952852258999911, 0.0 ], [ 100.395416967000045, -0.952827287999977, 0.0 ], [ 100.395433582000081, -0.953070958999888, 0.0 ], [ 100.395395453000035, -0.953162299999985, 0.0 ], [ 100.395262979000094, -0.953216654999952, 0.0 ], [ 100.395179565000035, -0.953238902999928, 0.0 ], [ 100.39512310300006, -0.953172284999923, 0.0 ], [ 100.395054387000059, -0.953130353999917, 0.0 ], [ 100.394943986000072, -0.953162484999911, 0.0 ], [ 100.39484829400007, -0.953160055999888, 0.0 ], [ 100.394683919000059, -0.953202081999901, 0.0 ], [ 100.394652047000079, -0.953266267999883, 0.0 ], [ 100.394730592000101, -0.953340282999878, 0.0 ], [ 100.394715923000035, -0.953466168999903, 0.0 ], [ 100.394649700000059, -0.953530368999974, 0.0 ], [ 100.394468170000053, -0.953621767999898, 0.0 ], [ 100.394308568000085, -0.953663246999955, 0.0 ], [ 100.394186493000021, -0.953722326999959, 0.0 ], [ 100.394060632000091, -0.953769866999895, 0.0 ], [ 100.3939212760001, -0.953803841999953, 0.0 ], [ 100.393829099000115, -0.953774481999922, 0.0 ], [ 100.393689697000042, -0.953688610999922, 0.0 ], [ 100.393561643000012, -0.953837037999946, 0.0 ], [ 100.393494406000045, -0.953911177999952, 0.0 ], [ 100.393369518000014, -0.954011120999962, 0.0 ], [ 100.393206217000085, -0.954165856999975, 0.0 ], [ 100.393135508000015, -0.954379818999914, 0.0 ], [ 100.393055481000047, -0.954511963999924, 0.0 ], [ 100.392885797000048, -0.95472470399994, 0.0 ], [ 100.392728866000112, -0.954795659999949, 0.0 ], [ 100.392513494000056, -0.955079234999964, 0.0 ], [ 100.392383363000036, -0.955304409999943, 0.0 ], [ 100.39232742800003, -0.955360724999895, 0.0 ], [ 100.392266826000082, -0.95541469599992, 0.0 ], [ 100.392136271000112, -0.955452276999921, 0.0 ], [ 100.391808986000029, -0.955497871999963, 0.0 ], [ 100.391544931000041, -0.955624080999925, 0.0 ], [ 100.391476312000037, -0.95566659699989, 0.0 ], [ 100.391391885000075, -0.955786130999922, 0.0 ], [ 100.391341757000106, -0.955857850999905, 0.0 ], [ 100.391283713000092, -0.955937541999926, 0.0 ], [ 100.391273214000108, -0.956088913999928, 0.0 ], [ 100.391265351000087, -0.956227004999896, 0.0 ], [ 100.391127862000076, -0.956278047999945, 0.0 ], [ 100.39082928600007, -0.956360086999894, 0.0 ], [ 100.390814171000059, -0.9563741159999, 0.0 ], [ 100.390726294000075, -0.956465268999981, 0.0 ], [ 100.390689018, -0.956518883999887, 0.0 ], [ 100.390603795000061, -0.956591276999927, 0.0 ], [ 100.390481264000044, -0.956628846999926, 0.0 ], [ 100.390380009000111, -0.956586008999935, 0.0 ], [ 100.390342686000039, -0.956521703999943, 0.0 ], [ 100.39029470400007, -0.956449365999909, 0.0 ], [ 100.390209437000024, -0.956409201999961, 0.0 ], [ 100.390097539000095, -0.956395847999922, 0.0 ], [ 100.389855993000097, -0.956345130999988, 0.0 ], [ 100.389688358000072, -0.956332226999898, 0.0 ], [ 100.389499220000062, -0.956280418999874, 0.0 ], [ 100.389287156000094, -0.95619759899995, 0.0 ], [ 100.389076439000078, -0.956197684999957, 0.0 ], [ 100.388792900000055, -0.956124574999947, 0.0 ], [ 100.388635830000027, -0.956151616999875, 0.0 ], [ 100.388451232000037, -0.95606591699989, 0.0 ], [ 100.388378133000032, -0.955952650999933, 0.0 ], [ 100.38827159, -0.955946569999963, 0.0 ], [ 100.388095073000059, -0.956029316999881, 0.0 ], [ 100.387902298000085, -0.956053002999976, 0.0 ], [ 100.387905790000019, -0.956090354999958, 0.0 ], [ 100.3877940080001, -0.956101438999898, 0.0 ], [ 100.387592209000019, -0.956132477999979, 0.0 ], [ 100.387518486000047, -0.956124049999904, 0.0 ], [ 100.387411677000088, -0.956071756999929, 0.0 ], [ 100.387321280000066, -0.955983651999922, 0.0 ], [ 100.387255558000049, -0.95596990499994, 0.0 ], [ 100.387156992000058, -0.955991981999901, 0.0 ], [ 100.387069370000091, -0.955994770999954, 0.0 ], [ 100.386965325000105, -0.956011340999904, 0.0 ], [ 100.386825672, -0.955997624999924, 0.0 ], [ 100.386710670000085, -0.956000427999889, 0.0 ], [ 100.386654092000114, -0.956050499999947, 0.0 ], [ 100.386609984000103, -0.9562238349999, 0.0 ], [ 100.386501286000083, -0.956336016999945, 0.0 ], [ 100.386441654000024, -0.956427841999904, 0.0 ], [ 100.386382048000073, -0.956583222999882, 0.0 ], [ 100.386294063000079, -0.956739826999961, 0.0 ], [ 100.386185311000048, -0.956881103999926, 0.0 ], [ 100.386199391000062, -0.956983493999871, 0.0 ], [ 100.386178411000103, -0.95718122899989, 0.0 ], [ 100.386177314000093, -0.957345919999927, 0.0 ], [ 100.386189333000019, -0.957589769999942, 0.0 ], [ 100.386249104000086, -0.957728857999903, 0.0 ], [ 100.386286672, -0.957840099999959, 0.0 ], [ 100.386255129000048, -0.957977198999934, 0.0 ], [ 100.386177988000057, -0.958131903999945, 0.0 ], [ 100.386147815000058, -0.95820340199991, 0.0 ], [ 100.386105198000081, -0.958257034999907, 0.0 ], [ 100.386096337000055, -0.958307079999873, 0.0 ], [ 100.386051138000042, -0.958332968999972, 0.0 ], [ 100.386050467000075, -0.958333352999915, 0.0 ], [ 100.385800271000079, -0.958430719999978, 0.0 ], [ 100.385698946000034, -0.958505080999913, 0.0 ], [ 100.38548635500004, -0.958625666999943, 0.0 ], [ 100.385267715000069, -0.958788390999906, 0.0 ], [ 100.384991045000092, -0.958964085999966, 0.0 ], [ 100.384791012000051, -0.959139751999935, 0.0 ], [ 100.384761001000058, -0.95935604299989, 0.0 ], [ 100.384735587000094, -0.959681524999908, 0.0 ], [ 100.384774027000077, -0.959985567999929, 0.0 ], [ 100.384825204000038, -0.96019967399997, 0.0 ], [ 100.384914721000072, -0.960469437999908, 0.0 ], [ 100.384948895000065, -0.960752068999934, 0.0 ], [ 100.38490217200011, -0.961026169999965, 0.0 ], [ 100.384823513000086, -0.961271340999911, 0.0 ], [ 100.384841716000082, -0.961621322999914, 0.0 ], [ 100.384686293000101, -0.961580858999941, 0.0 ], [ 100.384323520000095, -0.961519097999894, 0.0 ], [ 100.384041103000087, -0.961525534999982, 0.0 ], [ 100.383771253000063, -0.961563541999929, 0.0 ], [ 100.383414818000048, -0.961667293999898, 0.0 ], [ 100.382914063000015, -0.961822902999895, 0.0 ], [ 100.382671839000039, -0.961900078999975, 0.0 ], [ 100.382419571000042, -0.96195703799998, 0.0 ], [ 100.382201164, -0.96195964899993, 0.0 ], [ 100.38187479, -0.96189787199997, 0.0 ], [ 100.381377677000074, -0.961747725999892, 0.0 ], [ 100.380760037000044, -0.961539507999895, 0.0 ], [ 100.38020136900009, -0.961266821999981, 0.0 ], [ 100.379615059000074, -0.960918342999925, 0.0 ], [ 100.3793652250001, -0.960794622999902, 0.0 ], [ 100.37922713600004, -0.9607441389999, 0.0 ], [ 100.379127846000088, -0.960428312999969, 0.0 ], [ 100.37910131400011, -0.960007583999886, 0.0 ], [ 100.379050940000027, -0.959575504999929, 0.0 ], [ 100.3790044, -0.959339251999921, 0.0 ], [ 100.378894977000087, -0.95878210899992, 0.0 ], [ 100.378727006000048, -0.958333335999914, 0.0 ], [ 100.378726870000037, -0.958332968999972, 0.0 ], [ 100.378693012999989, -0.958240821999897, 0.0 ], [ 100.378642279000061, -0.958121987999924, 0.0 ], [ 100.37860481400007, -0.958044453999904, 0.0 ], [ 100.378557605000069, -0.957951972999979, 0.0 ], [ 100.378505163000085, -0.957854194999882, 0.0 ], [ 100.378452013000029, -0.957760766999968, 0.0 ], [ 100.378395907000098, -0.957669392999957, 0.0 ], [ 100.378333583000099, -0.957574023999882, 0.0 ], [ 100.378267987000086, -0.957478656999985, 0.0 ], [ 100.378202087000048, -0.957387286999975, 0.0 ], [ 100.378130967000033, -0.957293215999918, 0.0 ], [ 100.378050750000057, -0.957190862999887, 0.0 ], [ 100.377965966000048, -0.957085960999912, 0.0 ], [ 100.377881121000044, -0.956984233999933, 0.0 ], [ 100.377809655000092, -0.956901087999892, 0.0 ], [ 100.377730485000114, -0.956810628999957, 0.0 ], [ 100.377646406000082, -0.956715566999907, 0.0 ], [ 100.377560198000054, -0.95661862399988, 0.0 ], [ 100.377474655000086, -0.956522514999921, 0.0 ], [ 100.377400420000072, -0.956438871999929, 0.0 ], [ 100.37732084600006, -0.956348801999937, 0.0 ], [ 100.377239887000101, -0.956256578999945, 0.0 ], [ 100.377161534000024, -0.956166497999952, 0.0 ], [ 100.377089753000035, -0.956082818999956, 0.0 ], [ 100.377028505000027, -0.956009835999957, 0.0 ], [ 100.376928969000048, -0.955884317999963, 0.0 ], [ 100.376844875000103, -0.955768768999906, 0.0 ], [ 100.376770081000046, -0.955657405999929, 0.0 ], [ 100.376711109000055, -0.955564396999872, 0.0 ], [ 100.376646722000061, -0.955457107999965, 0.0 ], [ 100.376583302000043, -0.955343007999939, 0.0 ], [ 100.376527207000024, -0.955229565999968, 0.0 ], [ 100.376487391000111, -0.955135298999895, 0.0 ], [ 100.376448820000022, -0.955031518999924, 0.0 ], [ 100.376412026000082, -0.954921197999944, 0.0 ], [ 100.376377540000078, -0.954807311999936, 0.0 ], [ 100.376345884000031, -0.95469284699988, 0.0 ], [ 100.376320100000029, -0.954591962999881, 0.0 ], [ 100.37629355100006, -0.954482867999914, 0.0 ], [ 100.376267296, -0.954371475999935, 0.0 ], [ 100.376242418000089, -0.954263718999901, 0.0 ], [ 100.376219969, -0.954165502999945, 0.0 ], [ 100.376201022000032, -0.954082760999938, 0.0 ], [ 100.376152524000105, -0.953892381999907, 0.0 ], [ 100.376084341000066, -0.95370850399997, 0.0 ], [ 100.376049349000098, -0.953631257999973, 0.0 ], [ 100.376006381000096, -0.953541163999891, 0.0 ], [ 100.375958586000053, -0.953444576999981, 0.0 ], [ 100.375909109000048, -0.953347863999973, 0.0 ], [ 100.375861119000064, -0.953257408999949, 0.0 ], [ 100.375817752000032, -0.953179561999903, 0.0 ], [ 100.37573889, -0.953053609999873, 0.0 ], [ 100.375657970000049, -0.952945648999911, 0.0 ], [ 100.375568462000018, -0.952844049999943, 0.0 ], [ 100.37550360700007, -0.952776719999967, 0.0 ], [ 100.375429025000116, -0.952702032999916, 0.0 ], [ 100.375351972000047, -0.952626829999911, 0.0 ], [ 100.375279658000096, -0.952557938999984, 0.0 ], [ 100.375219335000082, -0.952502183999901, 0.0 ], [ 100.375115375000092, -0.952414709999946, 0.0 ], [ 100.375056011000069, -0.952373499999911, 0.0 ], [ 100.375003830000097, -0.952346900999931, 0.0 ], [ 100.374999996000057, -0.952345352999892, 0.0 ], [ 100.374999484000099, -0.952345017999953, 0.0 ], [ 100.374953401000099, -0.952314894999947, 0.0 ], [ 100.374416109000052, -0.952013497999879, 0.0 ], [ 100.373745903000028, -0.951819930999939, 0.0 ], [ 100.373347905000045, -0.95175160399997, 0.0 ], [ 100.372983339000086, -0.951815071999892, 0.0 ], [ 100.372519961000108, -0.951972905999984, 0.0 ], [ 100.37211949200011, -0.952155270999885, 0.0 ], [ 100.371715190000046, -0.952369945999973, 0.0 ], [ 100.371369983000079, -0.952694434999909, 0.0 ], [ 100.371131392000066, -0.953166201999952, 0.0 ], [ 100.370935229000082, -0.953818864999953, 0.0 ], [ 100.370836702000105, -0.954630427999955, 0.0 ], [ 100.37083202500007, -0.95518605499992, 0.0 ], [ 100.370912600000082, -0.955715913999885, 0.0 ], [ 100.37116603, -0.956385932999989, 0.0 ], [ 100.371414025, -0.956938731999987, 0.0 ], [ 100.371137416000025, -0.956939743999893, 0.0 ], [ 100.370980992000057, -0.956964833999926, 0.0 ], [ 100.370888938000078, -0.956977616999918, 0.0 ], [ 100.370794665000091, -0.956979843999925, 0.0 ], [ 100.370753327000045, -0.956964548, 0.0 ], [ 100.370710806, -0.956940183999929, 0.0 ], [ 100.370676997000032, -0.956889669999924, 0.0 ], [ 100.370574235000063, -0.956775533999984, 0.0 ], [ 100.370452701000033, -0.956632142999933, 0.0 ], [ 100.370407269000012, -0.956572396999963, 0.0 ], [ 100.369813568, -0.956081493999935, 0.0 ], [ 100.369700358000046, -0.955962876999891, 0.0 ], [ 100.369600713000068, -0.955905493999939, 0.0 ], [ 100.369024168000053, -0.955588166999974, 0.0 ], [ 100.368976275000094, -0.955550321999951, 0.0 ], [ 100.368913363000033, -0.955504239999868, 0.0 ], [ 100.368824300000043, -0.955442276999982, 0.0 ], [ 100.368397286000061, -0.955113902999901, 0.0 ], [ 100.368231972000061, -0.954920738999906, 0.0 ], [ 100.368132813000031, -0.954758153999865, 0.0 ], [ 100.368042447, -0.954602462999951, 0.0 ], [ 100.367970132000067, -0.95446992999991, 0.0 ], [ 100.367933035000107, -0.954406395999982, 0.0 ], [ 100.367884676000102, -0.954348378999889, 0.0 ], [ 100.367824330000076, -0.954295272999936, 0.0 ], [ 100.367428477000018, -0.954061495999955, 0.0 ], [ 100.367183763000099, -0.953881758999916, 0.0 ], [ 100.367062639000025, -0.953755026999911, 0.0 ], [ 100.366999972000087, -0.953674758999931, 0.0 ], [ 100.366940996, -0.953574597999904, 0.0 ], [ 100.366921476000073, -0.953489439999874, 0.0 ], [ 100.366920307000072, -0.953414801999916, 0.0 ], [ 100.366920785000019, -0.953346680999964, 0.0 ], [ 100.366943792000058, -0.953292103999889, 0.0 ], [ 100.366974637000027, -0.953231126999906, 0.0 ], [ 100.367045817000061, -0.953121934999931, 0.0 ], [ 100.36712102900006, -0.952988093999959, 0.0 ], [ 100.367164284000097, -0.952861058999929, 0.0 ], [ 100.367187723000072, -0.952690358999927, 0.0 ], [ 100.367188350000035, -0.952550645999914, 0.0 ], [ 100.367190840000063, -0.952428668999946, 0.0 ], [ 100.367196102000065, -0.952359986999948, 0.0 ], [ 100.367223900000056, -0.95228809499995, 0.0 ], [ 100.36727154400009, -0.952197137999974, 0.0 ], [ 100.367372790000019, -0.951990555999934, 0.0 ], [ 100.367426118000083, -0.951917041999891, 0.0 ], [ 100.36747457300001, -0.951867694999983, 0.0 ], [ 100.367544743000039, -0.951821567999897, 0.0 ], [ 100.367670763000078, -0.951732063999952, 0.0 ], [ 100.367761743000059, -0.951644203999876, 0.0 ], [ 100.367838869000039, -0.951526189999882, 0.0 ], [ 100.367900704000093, -0.951406187999901, 0.0 ], [ 100.367921085, -0.951265247999963, 0.0 ], [ 100.367945960000014, -0.950688575999944, 0.0 ], [ 100.367788943000079, -0.950691466999917, 0.0 ], [ 100.367182129000057, -0.950800086999934, 0.0 ], [ 100.366608118000087, -0.950903311999948, 0.0 ], [ 100.366077364000049, -0.950989142999944, 0.0 ], [ 100.365470713000036, -0.951091596999895, 0.0 ], [ 100.365327120000046, -0.951123577999965, 0.0 ], [ 100.363847921000058, -0.951399794999904, 0.0 ], [ 100.363844020000087, -0.951316095999907, 0.0 ], [ 100.363716151000077, -0.950495736999887, 0.0 ], [ 100.363625405000022, -0.949984552999958, 0.0 ], [ 100.363438236, -0.949207514999969, 0.0 ], [ 100.363134659000096, -0.948022624999897, 0.0 ], [ 100.363040043000083, -0.947848980999918, 0.0 ], [ 100.362886478000078, -0.94720087799994, 0.0 ], [ 100.362647751000054, -0.945991495999973, 0.0 ], [ 100.36250799500003, -0.945270642999926, 0.0 ], [ 100.362348344000054, -0.944515239999863, 0.0 ], [ 100.362266908000066, -0.944129171999982, 0.0 ], [ 100.362177140000099, -0.943689309999915, 0.0 ], [ 100.361966252000059, -0.942621447999933, 0.0 ], [ 100.361749556000078, -0.941131730999864, 0.0 ], [ 100.361618803000084, -0.940198148999979, 0.0 ], [ 100.361532677000071, -0.939606424999958, 0.0 ], [ 100.361449587000038, -0.938917374999967, 0.0 ], [ 100.361392644000034, -0.937893425999977, 0.0 ], [ 100.36137181400008, -0.936531969999951, 0.0 ], [ 100.361373649000058, -0.93612690799992, 0.0 ], [ 100.361370877000098, -0.934308700999939, 0.0 ], [ 100.361315742000059, -0.932837200999867, 0.0 ], [ 100.36133400100006, -0.931549974999943, 0.0 ], [ 100.361345486000033, -0.931165687999943, 0.0 ], [ 100.362006104000073, -0.931186445999973, 0.0 ], [ 100.363223706000014, -0.931195413999916, 0.0 ], [ 100.363896110000042, -0.931133123999913, 0.0 ], [ 100.365236813000038, -0.930796870999892, 0.0 ], [ 100.366453931000109, -0.930260562999926, 0.0 ], [ 100.367516210000076, -0.929725397999967, 0.0 ], [ 100.368294261000059, -0.929236996999968, 0.0 ], [ 100.368733541000083, -0.929041315999942, 0.0 ], [ 100.369075086000095, -0.928977814999929, 0.0 ], [ 100.369289398000063, -0.928961549999915, 0.0 ], [ 100.369609544000085, -0.928980301999957, 0.0 ], [ 100.36989219400003, -0.929024682999898, 0.0 ], [ 100.370089123000071, -0.929086633999873, 0.0 ], [ 100.370367781000112, -0.929215963999916, 0.0 ], [ 100.370572780000032, -0.92934936599994, 0.0 ], [ 100.37077377600005, -0.929547491999902, 0.0 ], [ 100.37104585100009, -0.929961324999947, 0.0 ], [ 100.371435939000037, -0.930727030999886, 0.0 ], [ 100.372031176000078, -0.932037380999947, 0.0 ], [ 100.373184122000083, -0.934590664999909, 0.0 ], [ 100.374181579, -0.936839292999888, 0.0 ], [ 100.374741960000023, -0.938066053999872, 0.0 ], [ 100.374999484000099, -0.938555226999934, 0.0 ], [ 100.374999996000057, -0.938556199999926, 0.0 ], [ 100.375317723000052, -0.93840011299989, 0.0 ], [ 100.375759352000088, -0.938225035999881, 0.0 ], [ 100.376047987000078, -0.938131426999952, 0.0 ], [ 100.376344143000068, -0.938035372999909, 0.0 ], [ 100.375726244000106, -0.936182895999934, 0.0 ], [ 100.376953734000054, -0.93570622499993, 0.0 ], [ 100.37738084700004, -0.935414530999953, 0.0 ], [ 100.377610904000079, -0.935153439999933, 0.0 ], [ 100.377821462, -0.934806550999919, 0.0 ] ] ] ] } },
{ "type": "Feature", "properties": { "NAMOBJ": "PADANG BARAT", "REMARK": "Wilayah Administrasi Kecamatan", "WADMKK": "KOTA PADANG", "WADMPR": "SUMATERA BARAT", "Shape_Leng": 0.13515233822, "Shape_Area": 0.00044881544 }, "geometry": { "type": "MultiPolygon", "coordinates": [ [ [ [ 100.361345486000033, -0.931165687999943, 0.0 ], [ 100.36133400100006, -0.931549974999943, 0.0 ], [ 100.361315742000059, -0.932837200999867, 0.0 ], [ 100.361370877000098, -0.934308700999939, 0.0 ], [ 100.361373649000058, -0.93612690799992, 0.0 ], [ 100.36137181400008, -0.936531969999951, 0.0 ], [ 100.361392644000034, -0.937893425999977, 0.0 ], [ 100.361449587000038, -0.938917374999967, 0.0 ], [ 100.361532677000071, -0.939606424999958, 0.0 ], [ 100.361618803000084, -0.940198148999979, 0.0 ], [ 100.361749556000078, -0.941131730999864, 0.0 ], [ 100.361966252000059, -0.942621447999933, 0.0 ], [ 100.362177140000099, -0.943689309999915, 0.0 ], [ 100.362266908000066, -0.944129171999982, 0.0 ], [ 100.362348344000054, -0.944515239999863, 0.0 ], [ 100.36250799500003, -0.945270642999926, 0.0 ], [ 100.362647751000054, -0.945991495999973, 0.0 ], [ 100.362886478000078, -0.94720087799994, 0.0 ], [ 100.363040043000083, -0.947848980999918, 0.0 ], [ 100.363134659000096, -0.948022624999897, 0.0 ], [ 100.363438236, -0.949207514999969, 0.0 ], [ 100.363625405000022, -0.949984552999958, 0.0 ], [ 100.363716151000077, -0.950495736999887, 0.0 ], [ 100.363844020000087, -0.951316095999907, 0.0 ], [ 100.363847921000058, -0.951399794999904, 0.0 ], [ 100.363566183000017, -0.951449, 0.0 ], [ 100.362357896000049, -0.951483511999903, 0.0 ], [ 100.361524579000019, -0.951499871999925, 0.0 ], [ 100.360083127000038, -0.951540102999967, 0.0 ], [ 100.360416897000036, -0.952899739999932, 0.0 ], [ 100.360426542000113, -0.953518514999882, 0.0 ], [ 100.360265856000055, -0.954161404999962, 0.0 ], [ 100.360131785000064, -0.954653554999915, 0.0 ], [ 100.360129429000054, -0.954812856999951, 0.0 ], [ 100.360149575000023, -0.954935044999935, 0.0 ], [ 100.360413440000102, -0.955793361999898, 0.0 ], [ 100.360770392000063, -0.956693551999951, 0.0 ], [ 100.360952395000112, -0.957134750999952, 0.0 ], [ 100.361157393000013, -0.957482479999946, 0.0 ], [ 100.36136604000005, -0.95768516399993, 0.0 ], [ 100.361766346000039, -0.958071974999871, 0.0 ], [ 100.362022787000029, -0.958448233999917, 0.0 ], [ 100.362171227000061, -0.958761825999929, 0.0 ], [ 100.362446369000082, -0.959459432999918, 0.0 ], [ 100.362671486000053, -0.960197833999906, 0.0 ], [ 100.362805208000026, -0.960573029999953, 0.0 ], [ 100.362937104000096, -0.960804909999954, 0.0 ], [ 100.36325714500002, -0.961290331999972, 0.0 ], [ 100.363326726000096, -0.961360926999863, 0.0 ], [ 100.362374635, -0.962314453999976, 0.0 ], [ 100.362783441, -0.963052562999941, 0.0 ], [ 100.363045381000092, -0.963620654999961, 0.0 ], [ 100.36270269200007, -0.963774826999927, 0.0 ], [ 100.361958043000087, -0.964128894999913, 0.0 ], [ 100.361264229000057, -0.964445027999957, 0.0 ], [ 100.360581206000035, -0.964753352999889, 0.0 ], [ 100.359630660000079, -0.965166621999977, 0.0 ], [ 100.35889591800013, -0.96546148599986, 0.0 ], [ 100.357914192000081, -0.965916852999968, 0.0 ], [ 100.357774384000052, -0.965883684999888, 0.0 ], [ 100.357692928000063, -0.965892829999934, 0.0 ], [ 100.357448821000034, -0.966005886999874, 0.0 ], [ 100.357407799000015, -0.966080301999902, 0.0 ], [ 100.357338555000055, -0.966232526999885, 0.0 ], [ 100.357290756000012, -0.966263452999957, 0.0 ], [ 100.356556726000022, -0.966538994999929, 0.0 ], [ 100.355944787000027, -0.966746505999868, 0.0 ], [ 100.355790388000031, -0.966781860999951, 0.0 ], [ 100.355495029000025, -0.966812905999944, 0.0 ], [ 100.355052382000082, -0.966835432999943, 0.0 ], [ 100.354540924000034, -0.966886831999933, 0.0 ], [ 100.354127935000065, -0.966906323999947, 0.0 ], [ 100.353903386000042, -0.96691196999997, 0.0 ], [ 100.353613233000019, -0.966907032999917, 0.0 ], [ 100.35347721100004, -0.966876283999948, 0.0 ], [ 100.353201243000044, -0.96680760199995, 0.0 ], [ 100.352719960000101, -0.966651984999952, 0.0 ], [ 100.352331971000055, -0.966454046999917, 0.0 ], [ 100.351988892000094, -0.966309124999917, 0.0 ], [ 100.351712353000039, -0.966078872999962, 0.0 ], [ 100.351426914000044, -0.965869642999969, 0.0 ], [ 100.351202609000055, -0.965759421999909, 0.0 ], [ 100.351081741000087, -0.9657346219999, 0.0 ], [ 100.351024153000111, -0.965703690999916, 0.0 ], [ 100.351022756000091, -0.965701259999893, 0.0 ], [ 100.351026657000062, -0.965679534999872, 0.0 ], [ 100.351063094000054, -0.965623297999926, 0.0 ], [ 100.351158033, -0.965505969999899, 0.0 ], [ 100.351208023000055, -0.965384111999942, 0.0 ], [ 100.35121147100007, -0.965222674999907, 0.0 ], [ 100.351212950000019, -0.964889263999943, 0.0 ], [ 100.351190792000054, -0.96477519699992, 0.0 ], [ 100.351184794000091, -0.964591666999922, 0.0 ], [ 100.351157606000058, -0.964465099999931, 0.0 ], [ 100.351352215000077, -0.964330309999969, 0.0 ], [ 100.351309699000026, -0.964269853999941, 0.0 ], [ 100.351297811000023, -0.964177791999873, 0.0 ], [ 100.351511083000076, -0.963817969999944, 0.0 ], [ 100.351587265, -0.96373610099992, 0.0 ], [ 100.35168887100005, -0.963686613999911, 0.0 ], [ 100.35177184700008, -0.963627762999927, 0.0 ], [ 100.352215383, -0.963041087999969, 0.0 ], [ 100.352454060000028, -0.962689774999944, 0.0 ], [ 100.352632601000067, -0.962300128999946, 0.0 ], [ 100.352755234000085, -0.961887483999909, 0.0 ], [ 100.352846554000095, -0.961521741999935, 0.0 ], [ 100.352905574, -0.960843154999921, 0.0 ], [ 100.352995031000034, -0.960061397999898, 0.0 ], [ 100.353015173000102, -0.959595096999951, 0.0 ], [ 100.353045478000027, -0.959129632999986, 0.0 ], [ 100.353111328000054, -0.958595107999901, 0.0 ], [ 100.353128085000023, -0.958132217999882, 0.0 ], [ 100.352794420000038, -0.958160479999911, 0.0 ], [ 100.352743606, -0.958155380999933, 0.0 ], [ 100.35271904000011, -0.958134081999948, 0.0 ], [ 100.352717336000055, -0.958097423999934, 0.0 ], [ 100.352739337000102, -0.958065025999918, 0.0 ], [ 100.353162760000046, -0.958017968999933, 0.0 ], [ 100.353172851000082, -0.957835540999938, 0.0 ], [ 100.353152394000077, -0.957501381999911, 0.0 ], [ 100.353042864000074, -0.956773414999898, 0.0 ], [ 100.35268127000009, -0.956840904999975, 0.0 ], [ 100.352648232000021, -0.956820458999971, 0.0 ], [ 100.352640593000018, -0.956771873999948, 0.0 ], [ 100.352676136000113, -0.956696842999957, 0.0 ], [ 100.353025884, -0.956666014999893, 0.0 ], [ 100.352875568000087, -0.955591964999932, 0.0 ], [ 100.352535990000064, -0.955665406999969, 0.0 ], [ 100.352476717000044, -0.955672250999914, 0.0 ], [ 100.352419955000059, -0.955624534999963, 0.0 ], [ 100.352406381, -0.955565721999893, 0.0 ], [ 100.352422459000081, -0.955524797999882, 0.0 ], [ 100.352840784000051, -0.95545131499993, 0.0 ], [ 100.352618417000045, -0.954200838999938, 0.0 ], [ 100.352436983000047, -0.954223503999948, 0.0 ], [ 100.352333872000131, -0.954216291999973, 0.0 ], [ 100.352301675000035, -0.954189875999919, 0.0 ], [ 100.352302509000111, -0.95413872799995, 0.0 ], [ 100.352332131000068, -0.954107175999916, 0.0 ], [ 100.352587034000024, -0.954068716999931, 0.0 ], [ 100.352436691000023, -0.952946928999928, 0.0 ], [ 100.352056464, -0.952999076999891, 0.0 ], [ 100.352031055000026, -0.952982037999902, 0.0 ], [ 100.352009859000049, -0.95293430799995, 0.0 ], [ 100.352014927000113, -0.952889976999924, 0.0 ], [ 100.352064026000093, -0.952849039999911, 0.0 ], [ 100.352377349000079, -0.952779017999891, 0.0 ], [ 100.352137194000107, -0.951532799999896, 0.0 ], [ 100.351901787000074, -0.951588300999958, 0.0 ], [ 100.35177983600002, -0.951585797999929, 0.0 ], [ 100.351738318000059, -0.951551716999951, 0.0 ], [ 100.35172644000005, -0.951483523999904, 0.0 ], [ 100.351752679000086, -0.951441735999911, 0.0 ], [ 100.352079548000049, -0.951385347999953, 0.0 ], [ 100.352004758000078, -0.950704252999909, 0.0 ], [ 100.35194860600005, -0.95021417699995, 0.0 ], [ 100.35151860100008, -0.950244175999945, 0.0 ], [ 100.351498989000063, -0.95023087799991, 0.0 ], [ 100.351483922000057, -0.950188192999931, 0.0 ], [ 100.351485532000098, -0.950147490999939, 0.0 ], [ 100.351518540000072, -0.950111669999906, 0.0 ], [ 100.351919948000074, -0.950066332999885, 0.0 ], [ 100.351838394000069, -0.949417638999947, 0.0 ], [ 100.351783135000034, -0.94886270099995, 0.0 ], [ 100.351352071000065, -0.948873951999904, 0.0 ], [ 100.351321577000036, -0.948858622999968, 0.0 ], [ 100.351311398000078, -0.948816, 0.0 ], [ 100.351316466000057, -0.948769968999915, 0.0 ], [ 100.351363876000065, -0.948729880999974, 0.0 ], [ 100.351788991000078, -0.948695614999981, 0.0 ], [ 100.351796355000062, -0.948011078999919, 0.0 ], [ 100.351755504000053, -0.947493653999917, 0.0 ], [ 100.351391352000036, -0.947524485999981, 0.0 ], [ 100.351371853000018, -0.947473344999924, 0.0 ], [ 100.351372685000086, -0.947417076999887, 0.0 ], [ 100.351391299000028, -0.947383821999889, 0.0 ], [ 100.351739351000049, -0.947341914999885, 0.0 ], [ 100.351683284000032, -0.946905473999923, 0.0 ], [ 100.351539017000079, -0.94612551999996, 0.0 ], [ 100.351329009000025, -0.946171640999957, 0.0 ], [ 100.351256170000042, -0.946163998999946, 0.0 ], [ 100.351215507000049, -0.946129915999968, 0.0 ], [ 100.351202791000063, -0.946082182999927, 0.0 ], [ 100.351218013000079, -0.9460378479999, 0.0 ], [ 100.351528798000032, -0.945978049999926, 0.0 ], [ 100.351405643000064, -0.945051462, 0.0 ], [ 100.351141422000055, -0.945060944999984, 0.0 ], [ 100.351093983000027, -0.945025164999954, 0.0 ], [ 100.351092266000066, -0.94497656799993, 0.0 ], [ 100.3511388350001, -0.944946718999947, 0.0 ], [ 100.351387799000094, -0.944910814999908, 0.0 ], [ 100.351347837000077, -0.94448289599994, 0.0 ], [ 100.351305085, -0.943438630999868, 0.0 ], [ 100.351009536000063, -0.943464325999951, 0.0 ], [ 100.350960396000076, -0.943417456999892, 0.0 ], [ 100.350944281000082, -0.943339035999887, 0.0 ], [ 100.350962886000019, -0.943281060999887, 0.0 ], [ 100.35132872200009, -0.943242558999899, 0.0 ], [ 100.351294401000089, -0.942085774999931, 0.0 ], [ 100.350976826000107, -0.942102948999931, 0.0 ], [ 100.350923477000052, -0.942094438999938, 0.0 ], [ 100.350897206000099, -0.942054382, 0.0 ], [ 100.350898875000055, -0.942005791999975, 0.0 ], [ 100.350947141000049, -0.94196826599989, 0.0 ], [ 100.351249457000023, -0.941923818999943, 0.0 ], [ 100.351191437000097, -0.940801993999937, 0.0 ], [ 100.350772228000054, -0.940797046999883, 0.0 ], [ 100.350756131000054, -0.940784263999891, 0.0 ], [ 100.350743418000064, -0.940743348999881, 0.0 ], [ 100.350769653000015, -0.940713500999898, 0.0 ], [ 100.351174447000034, -0.940665604999932, 0.0 ], [ 100.351114481000039, -0.939785844999971, 0.0 ], [ 100.351059220000081, -0.939572355999893, 0.0 ], [ 100.35083457000006, -0.939585783999938, 0.0 ], [ 100.350777243000024, -0.939583644999939, 0.0 ], [ 100.350747862000077, -0.939562373999866, 0.0 ], [ 100.350737811000045, -0.939527391999903, 0.0 ], [ 100.350747830000074, -0.939480509999932, 0.0 ], [ 100.350770033000046, -0.939457770999915, 0.0 ], [ 100.351022618000073, -0.939424858999946, 0.0 ], [ 100.351004480000086, -0.938845286999953, 0.0 ], [ 100.350592090000077, -0.938860949999917, 0.0 ], [ 100.350568794000097, -0.938846170999938, 0.0 ], [ 100.350562695000036, -0.938828146999867, 0.0 ], [ 100.350562501000113, -0.938767221999978, 0.0 ], [ 100.350602196000111, -0.938738551999915, 0.0 ], [ 100.350995959, -0.93872370199993, 0.0 ], [ 100.350952713000069, -0.938070858999914, 0.0 ], [ 100.350649670000038, -0.938091173999908, 0.0 ], [ 100.350646021, -0.938090649999953, 0.0 ], [ 100.350634028000073, -0.938072556999877, 0.0 ], [ 100.350626711000089, -0.938018787999958, 0.0 ], [ 100.350626443000067, -0.937996754999912, 0.0 ], [ 100.350634511000024, -0.93797157199996, 0.0 ], [ 100.350648577000044, -0.937960549999936, 0.0 ], [ 100.350912532000024, -0.937931593999938, 0.0 ], [ 100.350922432000047, -0.937928180999922, 0.0 ], [ 100.350926857000061, -0.937915325999924, 0.0 ], [ 100.350900672000108, -0.937632568999977, 0.0 ], [ 100.350870572000105, -0.937283064999924, 0.0 ], [ 100.350543551000058, -0.937294343999969, 0.0 ], [ 100.350520094000061, -0.937277954999946, 0.0 ], [ 100.350506401000089, -0.937235992999938, 0.0 ], [ 100.350518757000046, -0.937191396999889, 0.0 ], [ 100.350544807000063, -0.937169091999909, 0.0 ], [ 100.350847731000087, -0.937165699999984, 0.0 ], [ 100.350833156000036, -0.936532255999975, 0.0 ], [ 100.350480081000043, -0.936548781999921, 0.0 ], [ 100.350439686000072, -0.936533059999864, 0.0 ], [ 100.350422074000036, -0.936485852999954, 0.0 ], [ 100.350429223, -0.936428143999887, 0.0 ], [ 100.350485882000072, -0.936401240999881, 0.0 ], [ 100.350810956000061, -0.93639586999997, 0.0 ], [ 100.350793790000068, -0.935798486999925, 0.0 ], [ 100.350438104000034, -0.935805182999946, 0.0 ], [ 100.350412690000056, -0.935795361999933, 0.0 ], [ 100.350391187000056, -0.93576979099986, 0.0 ], [ 100.350405502000086, -0.93572781799994, 0.0 ], [ 100.350462163000074, -0.935701565999988, 0.0 ], [ 100.350798303, -0.935690292999944, 0.0 ], [ 100.350785877000121, -0.935548656999948, 0.0 ], [ 100.350749307000029, -0.935316536999927, 0.0 ], [ 100.350686030000119, -0.935098853999946, 0.0 ], [ 100.350332964000032, -0.935141609999931, 0.0 ], [ 100.350297780000062, -0.935127195999893, 0.0 ], [ 100.350282130000011, -0.935089169999944, 0.0 ], [ 100.350283411000106, -0.935029499999892, 0.0 ], [ 100.350312064, -0.935000637, 0.0 ], [ 100.350645592000063, -0.934972306999956, 0.0 ], [ 100.350452464000071, -0.934188770999874, 0.0 ], [ 100.350217956000023, -0.934218364999925, 0.0 ], [ 100.350201015000039, -0.934206567999926, 0.0 ], [ 100.350193840000074, -0.934169848999908, 0.0 ], [ 100.350214668000021, -0.934126560999967, 0.0 ], [ 100.350414645000043, -0.934095668999898, 0.0 ], [ 100.350241166000075, -0.933582282999964, 0.0 ], [ 100.3500385010001, -0.932878786999932, 0.0 ], [ 100.349879609000098, -0.932352117999876, 0.0 ], [ 100.349666009, -0.931858518999892, 0.0 ], [ 100.349612619000126, -0.931746312999934, 0.0 ], [ 100.349560607000086, -0.931687802999889, 0.0 ], [ 100.349514092000049, -0.931670609999976, 0.0 ], [ 100.349462789000071, -0.931678208999895, 0.0 ], [ 100.349421761000045, -0.931704381999928, 0.0 ], [ 100.349359532000051, -0.931759487999958, 0.0 ], [ 100.349294569, -0.931789813999892, 0.0 ], [ 100.34921659000004, -0.931800172999949, 0.0 ], [ 100.349147509, -0.931798128999958, 0.0 ], [ 100.349095511000058, -0.931777498999939, 0.0 ], [ 100.348990797000098, -0.931617799999959, 0.0 ], [ 100.348912737000035, -0.931393365999952, 0.0 ], [ 100.348817471000061, -0.931009687999914, 0.0 ], [ 100.348801880000011, -0.930866875999911, 0.0 ], [ 100.348802153000037, -0.930802838999941, 0.0 ], [ 100.348815617000085, -0.930764773999901, 0.0 ], [ 100.348843748, -0.930738198999922, 0.0 ], [ 100.348871887000115, -0.930727569999931, 0.0 ], [ 100.34890032800007, -0.930731094999956, 0.0 ], [ 100.348931409000073, -0.930757647999933, 0.0 ], [ 100.348957222000067, -0.930800717999944, 0.0 ], [ 100.348989491000083, -0.930855588999954, 0.0 ], [ 100.349106286000065, -0.931049064999975, 0.0 ], [ 100.349175896000048, -0.931144252999946, 0.0 ], [ 100.349255664000069, -0.931223697999947, 0.0 ], [ 100.34932760000008, -0.931269310999902, 0.0 ], [ 100.34939796700003, -0.931300759999928, 0.0 ], [ 100.350276386000061, -0.931309980999981, 0.0 ], [ 100.350281513000041, -0.931127937999928, 0.0 ], [ 100.350287955000042, -0.930899264999926, 0.0 ], [ 100.350287956000045, -0.930899216999922, 0.0 ], [ 100.349701658000029, -0.930901252999913, 0.0 ], [ 100.349668821000066, -0.930893395999885, 0.0 ], [ 100.349649649000071, -0.930850513999889, 0.0 ], [ 100.349654315000109, -0.930789530999906, 0.0 ], [ 100.34968556100003, -0.930726169999904, 0.0 ], [ 100.349727738000055, -0.930630939999929, 0.0 ], [ 100.349728019000082, -0.930327984999909, 0.0 ], [ 100.349711920000075, -0.930147004999945, 0.0 ], [ 100.349646529, -0.92982716199986, 0.0 ], [ 100.349592902, -0.929633996999954, 0.0 ], [ 100.349555235000082, -0.929446846999923, 0.0 ], [ 100.349549903000081, -0.929294581999937, 0.0 ], [ 100.349546323000055, -0.929142321999951, 0.0 ], [ 100.349549780000075, -0.928967043999926, 0.0 ], [ 100.349614575000018, -0.928216319999894, 0.0 ], [ 100.349674565, -0.927462651999974, 0.0 ], [ 100.34968123400003, -0.927019029999951, 0.0 ], [ 100.349662584000086, -0.926790349999948, 0.0 ], [ 100.349604374000066, -0.926616767999974, 0.0 ], [ 100.349552079, -0.926569573999888, 0.0 ], [ 100.349522764000056, -0.926561217999907, 0.0 ], [ 100.349487082000039, -0.926533202999899, 0.0 ], [ 100.349479178000095, -0.92630303499995, 0.0 ], [ 100.349480133000085, -0.926238607999949, 0.0 ], [ 100.349503560000073, -0.926174670999899, 0.0 ], [ 100.349560222000051, -0.926149558999953, 0.0 ], [ 100.349765432000069, -0.926150963999891, 0.0 ], [ 100.349718258000067, -0.925439818999937, 0.0 ], [ 100.34952283800007, -0.925469895999939, 0.0 ], [ 100.349482769000033, -0.925463027, 0.0 ], [ 100.349449039, -0.925418774999972, 0.0 ], [ 100.349449523000033, -0.925391722999954, 0.0 ], [ 100.349457818000104, -0.925371557999885, 0.0 ], [ 100.349720171000044, -0.925338995999944, 0.0 ], [ 100.349656825000054, -0.924490160999877, 0.0 ], [ 100.349412553, -0.924527138999917, 0.0 ], [ 100.349356358000051, -0.924522238999955, 0.0 ], [ 100.349317258000013, -0.924491275999969, 0.0 ], [ 100.349309915000035, -0.924435209999949, 0.0 ], [ 100.34933725900008, -0.924390933999927, 0.0 ], [ 100.349631851000112, -0.924333278999953, 0.0 ], [ 100.349613207000075, -0.924121810999953, 0.0 ], [ 100.34960477, -0.923791318999964, 0.0 ], [ 100.349567065000087, -0.923570512999902, 0.0 ], [ 100.349513780000024, -0.923468726999918, 0.0 ], [ 100.349428754000101, -0.923453518, 0.0 ], [ 100.349375978000083, -0.923417142999913, 0.0 ], [ 100.349372054000114, -0.923375827999958, 0.0 ], [ 100.349546932000109, -0.923294121999948, 0.0 ], [ 100.349539952145193, -0.923259295970865, 0.0 ], [ 100.349739300000039, -0.923200197999904, 0.0 ], [ 100.349869914000095, -0.923165287999947, 0.0 ], [ 100.3499956510001, -0.923164149999941, 0.0 ], [ 100.350068285000077, -0.923192460999886, 0.0 ], [ 100.350138758000043, -0.923239301999942, 0.0 ], [ 100.350239588000036, -0.923301391999928, 0.0 ], [ 100.35034581900004, -0.923346022999979, 0.0 ], [ 100.350442333000032, -0.923370244999941, 0.0 ], [ 100.350724046000067, -0.923376002999884, 0.0 ], [ 100.350954773000055, -0.923378396999905, 0.0 ], [ 100.351604992000034, -0.923485446999969, 0.0 ], [ 100.352024181000075, -0.923525155999879, 0.0 ], [ 100.352720361000038, -0.923532190999929, 0.0 ], [ 100.35308289000001, -0.92348020999998, 0.0 ], [ 100.353670849000082, -0.923365433999898, 0.0 ], [ 100.354676289000054, -0.923211229999929, 0.0 ], [ 100.35533570300008, -0.923127713999946, 0.0 ], [ 100.355862654000063, -0.923115405999905, 0.0 ], [ 100.356191050000064, -0.923107180999935, 0.0 ], [ 100.356411018000045, -0.923086711999929, 0.0 ], [ 100.356623456000037, -0.923030100999952, 0.0 ], [ 100.356729872000059, -0.923175895999936, 0.0 ], [ 100.356827267000114, -0.923243036999896, 0.0 ], [ 100.356933032000072, -0.923234598999908, 0.0 ], [ 100.357300808000048, -0.923120722999901, 0.0 ], [ 100.357518639000034, -0.92311200099989, 0.0 ], [ 100.357922512000059, -0.923152585999961, 0.0 ], [ 100.358209318000078, -0.923162349999881, 0.0 ], [ 100.361406217000081, -0.923245788999946, 0.0 ], [ 100.361388412000039, -0.924447099999956, 0.0 ], [ 100.36139478500003, -0.926087952999918, 0.0 ], [ 100.361390719000042, -0.926480164999862, 0.0 ], [ 100.361345888000074, -0.928268104999916, 0.0 ], [ 100.361352069000048, -0.929501640999927, 0.0 ], [ 100.361345486000033, -0.931165687999943, 0.0 ] ] ] ] } },
{ "type": "Feature", "properties": { "NAMOBJ": "LUBUKKILANGAN", "REMARK": "Wilayah Administrasi Kecamatan", "WADMKK": "KOTA PADANG", "WADMPR": "SUMATERA BARAT", "Shape_Leng": 0.49840912652000002, "Shape_Area": 0.00696960543 }, "geometry": { "type": "MultiPolygon", "coordinates": [ [ [ [ 100.564598515798522, -0.894584617042934, 0.0 ], [ 100.564867007000061, -0.895842372999919, 0.0 ], [ 100.565173512000015, -0.897278204999971, 0.0 ], [ 100.565610010000071, -0.899322992999959, 0.0 ], [ 100.56559352974763, -0.901331037997796, 0.0 ], [ 100.565589024000118, -0.901880003999963, 0.0 ], [ 100.565588804848844, -0.901910541998848, 0.0 ], [ 100.565586627344089, -0.902213715995245, 0.0 ], [ 100.565585374566027, -0.902388074996882, 0.0 ], [ 100.565583011000058, -0.902717028999941, 0.0 ], [ 100.565059428, -0.903643205999924, 0.0 ], [ 100.563350012000043, -0.906667026999916, 0.0 ], [ 100.563200987819314, -0.908344099983868, 0.0 ], [ 100.563149987000102, -0.908918044999915, 0.0 ], [ 100.563062034000026, -0.909163433999879, 0.0 ], [ 100.562698820088897, -0.910176806031679, 0.0 ], [ 100.562350016, -0.911149974999933, 0.0 ], [ 100.561643260069232, -0.9121515780487, 0.0 ], [ 100.561188043127586, -0.91279670408991, 0.0 ], [ 100.560080032000116, -0.914366959999921, 0.0 ], [ 100.558532985000099, -0.918816973999967, 0.0 ], [ 100.556884966000069, -0.920713009999904, 0.0 ], [ 100.556303206063589, -0.921856333032153, 0.0 ], [ 100.555967017000057, -0.922517039999956, 0.0 ], [ 100.555501999000043, -0.923404996999974, 0.0 ], [ 100.554922877000095, -0.924511596999874, 0.0 ], [ 100.553370999000023, -0.927476961999915, 0.0 ], [ 100.552799645, -0.928061547999967, 0.0 ], [ 100.551684971000057, -0.929202036999918, 0.0 ], [ 100.550532974000049, -0.929283020999957, 0.0 ], [ 100.548941193964353, -0.93041014394942, 0.0 ], [ 100.548761982000059, -0.930537041999976, 0.0 ], [ 100.547302032000061, -0.933388036999879, 0.0 ], [ 100.546676787117164, -0.934969781046199, 0.0 ], [ 100.546082964000092, -0.936472034999966, 0.0 ], [ 100.543732971000068, -0.938539026999926, 0.0 ], [ 100.5437099730337, -0.938610965010675, 0.0 ], [ 100.542732996000026, -0.941666969999918, 0.0 ], [ 100.542047979000102, -0.942642018999948, 0.0 ], [ 100.541934829159047, -0.943017810047827, 0.0 ], [ 100.541562017000032, -0.944255988999906, 0.0 ], [ 100.541078980000037, -0.946118978999952, 0.0 ], [ 100.540999996000068, -0.947610969999943, 0.0 ], [ 100.541450003000094, -0.947959976999865, 0.0 ], [ 100.541598984000075, -0.948614018999891, 0.0 ], [ 100.541404965000098, -0.949313968999896, 0.0 ], [ 100.541546976000035, -0.950455024999894, 0.0 ], [ 100.541511968000066, -0.951703038999948, 0.0 ], [ 100.541052006000115, -0.953130006999977, 0.0 ], [ 100.540484980000087, -0.953701003999882, 0.0 ], [ 100.540203016000035, -0.955555044999898, 0.0 ], [ 100.539388991000095, -0.957802027999918, 0.0 ], [ 100.538515470000021, -0.958917042999893, 0.0 ], [ 100.538510008000017, -0.958924014999937, 0.0 ], [ 100.535703005000116, -0.962401347999972, 0.0 ], [ 100.533882915000063, -0.967211927999919, 0.0 ], [ 100.533397059, -0.967460557999974, 0.0 ], [ 100.533000024000017, -0.967796310999955, 0.0 ], [ 100.532426027000042, -0.968526813999912, 0.0 ], [ 100.531859982000114, -0.969230242999938, 0.0 ], [ 100.531293937000086, -0.969933673999964, 0.0 ], [ 100.530727893000048, -0.970637103999902, 0.0 ], [ 100.530161847000031, -0.971340536999929, 0.0 ], [ 100.529857919, -0.97184614699993, 0.0 ], [ 100.529513810000054, -0.972733847999926, 0.0 ], [ 100.529169697, -0.973621550999923, 0.0 ], [ 100.528825584000046, -0.974509253999919, 0.0 ], [ 100.52848774400006, -0.975168525999933, 0.0 ], [ 100.527875059000081, -0.976774281999923, 0.0 ], [ 100.527705678000103, -0.977733065999939, 0.0 ], [ 100.527536299000033, -0.978691847999865, 0.0 ], [ 100.527366919000059, -0.979650632999881, 0.0 ], [ 100.527197540000074, -0.980609417999986, 0.0 ], [ 100.527030072000073, -0.981797507999879, 0.0 ], [ 100.526862602000065, -0.98298560099995, 0.0 ], [ 100.526758780000094, -0.984481799999934, 0.0 ], [ 100.52677208700004, -0.98571539799995, 0.0 ], [ 100.526846065000129, -0.986785399999931, 0.0 ], [ 100.527312838000014, -0.988464317999934, 0.0 ], [ 100.527449319000127, -0.989655225999972, 0.0 ], [ 100.527724676000076, -0.990773886999893, 0.0 ], [ 100.527910564000095, -0.991317893999963, 0.0 ], [ 100.528080962000075, -0.99235935899998, 0.0 ], [ 100.52825182800008, -0.993493896999883, 0.0 ], [ 100.528298524000036, -0.994348848999923, 0.0 ], [ 100.528206276000049, -0.995126198999937, 0.0 ], [ 100.52805180600005, -0.995468175999989, 0.0 ], [ 100.527881581000088, -0.99573249099992, 0.0 ], [ 100.527380909000058, -0.996097845999952, 0.0 ], [ 100.526503030000072, -0.996499677999982, 0.0 ], [ 100.526050645000041, -0.996563416999926, 0.0 ], [ 100.525262148000081, -0.996421744999928, 0.0 ], [ 100.524078043000074, -0.996026573999917, 0.0 ], [ 100.522686316000019, -0.99567297699997, 0.0 ], [ 100.521722731000054, -0.995476982999918, 0.0 ], [ 100.520759145000085, -0.995280988999955, 0.0 ], [ 100.519697032000053, -0.995051537999888, 0.0 ], [ 100.5186349210001, -0.994822087999911, 0.0 ], [ 100.516903145000072, -0.995143057999911, 0.0 ], [ 100.516365415000081, -0.995299063999941, 0.0 ], [ 100.51563665, -0.995729950999888, 0.0 ], [ 100.514701556, -0.996444379999936, 0.0 ], [ 100.513766465000074, -0.997158807999895, 0.0 ], [ 100.513429765000097, -0.997529995999965, 0.0 ], [ 100.512776325000033, -0.998259488999928, 0.0 ], [ 100.512154357, -0.999071808999904, 0.0 ], [ 100.511532389000052, -0.999884126999969, 0.0 ], [ 100.511450442481419, -1.000000000905462, 0.0 ], [ 100.508051454000068, -1.001349998999931, 0.0 ], [ 100.507559057, -1.001518853999869, 0.0 ], [ 100.50644841600004, -1.001603682999871, 0.0 ], [ 100.505412049000086, -1.001724020999969, 0.0 ], [ 100.503953813000052, -1.002083651999971, 0.0 ], [ 100.502710617000034, -1.002524084999909, 0.0 ], [ 100.501284848000111, -1.003396237999951, 0.0 ], [ 100.500074028000114, -1.004027017999917, 0.0 ], [ 100.49999999386911, -1.004064291045012, 0.0 ], [ 100.498860769, -1.004637829999918, 0.0 ], [ 100.497687775000031, -1.004841787999919, 0.0 ], [ 100.4966764750001, -1.004801569999877, 0.0 ], [ 100.495907788000096, -1.00455782499996, 0.0 ], [ 100.493877580000074, -1.003557290999954, 0.0 ], [ 100.492439237000085, -1.002815716999969, 0.0 ], [ 100.491171246000064, -1.002188256999922, 0.0 ], [ 100.489651903000023, -1.001584755999904, 0.0 ], [ 100.48999437300003, -1.001220913999909, 0.0 ], [ 100.490472220000044, -1.000847381999911, 0.0 ], [ 100.490934623000015, -1.000727115999908, 0.0 ], [ 100.491113545000076, -1.000524446999925, 0.0 ], [ 100.491089811586534, -1.000000000865583, 0.0 ], [ 100.490795040000108, -0.998478792999954, 0.0 ], [ 100.490585427000084, -0.997599299999926, 0.0 ], [ 100.490375817000057, -0.996719806999987, 0.0 ], [ 100.489867146000066, -0.995442004999955, 0.0 ], [ 100.489074401000025, -0.99384857999992, 0.0 ], [ 100.488006566000053, -0.992478712, 0.0 ], [ 100.486952232000121, -0.991098769999951, 0.0 ], [ 100.486390650000018, -0.990327585999914, 0.0 ], [ 100.485829067000097, -0.989556402999877, 0.0 ], [ 100.485267487000073, -0.988785216999929, 0.0 ], [ 100.484593246000074, -0.988197909999919, 0.0 ], [ 100.483401989000086, -0.987649210999905, 0.0 ], [ 100.482517873000035, -0.987414955999885, 0.0 ], [ 100.481966713000091, -0.987337828999898, 0.0 ], [ 100.481383512000065, -0.987267165999913, 0.0 ], [ 100.480890011000085, -0.987151327999921, 0.0 ], [ 100.480523691000059, -0.987004812999878, 0.0 ], [ 100.480381596000115, -0.986926264999951, 0.0 ], [ 100.480193346000078, -0.986876322999905, 0.0 ], [ 100.480033533000011, -0.98688354099988, 0.0 ], [ 100.479767200000083, -0.986944406999942, 0.0 ], [ 100.479375920000038, -0.986924637999905, 0.0 ], [ 100.479005825000058, -0.986781264999944, 0.0 ], [ 100.478733804000029, -0.986624391999932, 0.0 ], [ 100.478573277000066, -0.98655269399995, 0.0 ], [ 100.478305784000042, -0.98655281299996, 0.0 ], [ 100.477824321000085, -0.986602370999886, 0.0 ], [ 100.477614825000074, -0.986628493999916, 0.0 ], [ 100.47746775300007, -0.986622974999904, 0.0 ], [ 100.477304031000031, -0.986611880999874, 0.0 ], [ 100.477098693000087, -0.986617555999899, 0.0 ], [ 100.476868405000047, -0.986679081999927, 0.0 ], [ 100.476388290000017, -0.986811166999932, 0.0 ], [ 100.476169208000016, -0.986810952999914, 0.0 ], [ 100.475750777000115, -0.98681664199994, 0.0 ], [ 100.475515605000027, -0.986869028999923, 0.0 ], [ 100.474818389000063, -0.986999505999972, 0.0 ], [ 100.473806095000072, -0.987033534999945, 0.0 ], [ 100.472715922000106, -0.987045213999934, 0.0 ], [ 100.47100882000008, -0.987014561999974, 0.0 ], [ 100.470480638000069, -0.987040647999912, 0.0 ], [ 100.469637768000055, -0.987187248999874, 0.0 ], [ 100.469107311000045, -0.987216729999915, 0.0 ], [ 100.468277988000082, -0.987184618999922, 0.0 ], [ 100.46781681500002, -0.987221077999919, 0.0 ], [ 100.467289475000086, -0.987373732999938, 0.0 ], [ 100.466001663000029, -0.987672117999935, 0.0 ], [ 100.46464416600007, -0.988015878999867, 0.0 ], [ 100.46353223300008, -0.988165191999876, 0.0 ], [ 100.462420297000094, -0.988314503999973, 0.0 ], [ 100.461308361000107, -0.988463815999982, 0.0 ], [ 100.460196427000113, -0.988613126999901, 0.0 ], [ 100.459264912000052, -0.988751895999926, 0.0 ], [ 100.458333364000069, -0.988890680999862, 0.0 ], [ 100.458216625, -0.988951741999941, 0.0 ], [ 100.458082308000073, -0.989019387999942, 0.0 ], [ 100.457847230000084, -0.989089894999914, 0.0 ], [ 100.457368984000126, -0.989196825999969, 0.0 ], [ 100.45716479, -0.989219743999911, 0.0 ], [ 100.456869832000038, -0.98922558199995, 0.0 ], [ 100.456682644000082, -0.989225663999957, 0.0 ], [ 100.456217503000062, -0.989203041999861, 0.0 ], [ 100.45542608200013, -0.989139747999953, 0.0 ], [ 100.45462869400005, -0.989075976999917, 0.0 ], [ 100.45307990600007, -0.988845174999916, 0.0 ], [ 100.451875851000096, -0.988674689999932, 0.0 ], [ 100.45051101100006, -0.988299753, 0.0 ], [ 100.449122773000042, -0.987760529999878, 0.0 ], [ 100.448181345000037, -0.987323616999966, 0.0 ], [ 100.447239918000037, -0.986886704999964, 0.0 ], [ 100.446364190000054, -0.986400820999908, 0.0 ], [ 100.445488464000064, -0.98591493999994, 0.0 ], [ 100.444875648000078, -0.985666248999969, 0.0 ], [ 100.444276321000046, -0.985436652999979, 0.0 ], [ 100.443638743000051, -0.985239196999895, 0.0 ], [ 100.44280774800005, -0.985001989999898, 0.0 ], [ 100.441309240000052, -0.984684235999897, 0.0 ], [ 100.440130370000119, -0.984470265999956, 0.0 ], [ 100.43926982300006, -0.984315066999905, 0.0 ], [ 100.43854595300003, -0.984239382999949, 0.0 ], [ 100.437767719000121, -0.984147966999934, 0.0 ], [ 100.437452937, -0.984153862999978, 0.0 ], [ 100.437100692000087, -0.98417296999996, 0.0 ], [ 100.436789840000031, -0.984228535999939, 0.0 ], [ 100.436171393000023, -0.984347922999959, 0.0 ], [ 100.435957986000034, -0.984405280999908, 0.0 ], [ 100.435810971000038, -0.984443521999875, 0.0 ], [ 100.43556437900007, -0.984534295999925, 0.0 ], [ 100.43539366300007, -0.984601178999952, 0.0 ], [ 100.435033267000094, -0.984758811999939, 0.0 ], [ 100.43472584900006, -0.98487940699988, 0.0 ], [ 100.434396638000081, -0.984987405999934, 0.0 ], [ 100.433853048000046, -0.985141725999913, 0.0 ], [ 100.433406913000084, -0.985189420999951, 0.0 ], [ 100.433342405000076, -0.985194440999923, 0.0 ], [ 100.433257226000038, -0.985212784999931, 0.0 ], [ 100.43317618800009, -0.985242777999925, 0.0 ], [ 100.433025330000035, -0.985313756999936, 0.0 ], [ 100.432862691000082, -0.985385229999899, 0.0 ], [ 100.432782046000071, -0.985411321999926, 0.0 ], [ 100.432675499000055, -0.985424767999973, 0.0 ], [ 100.432567989000034, -0.985431447999904, 0.0 ], [ 100.432382827000083, -0.985441143999907, 0.0 ], [ 100.432318324000079, -0.985453191999927, 0.0 ], [ 100.432231126000048, -0.985474865999944, 0.0 ], [ 100.432123300000015, -0.985521071999859, 0.0 ], [ 100.432046456000052, -0.985534669999918, 0.0 ], [ 100.431952083000056, -0.985536066999945, 0.0 ], [ 100.43185365300009, -0.985515763999953, 0.0 ], [ 100.431650422000061, -0.985450523999884, 0.0 ], [ 100.431576209000042, -0.985422307999947, 0.0 ], [ 100.431530077000048, -0.985412237999913, 0.0 ], [ 100.431467909000048, -0.985414282999905, 0.0 ], [ 100.431412380000083, -0.985432824999929, 0.0 ], [ 100.431187257000019, -0.985529889999967, 0.0 ], [ 100.431083238000028, -0.985548965999946, 0.0 ], [ 100.431000707000038, -0.98555246199988, 0.0 ], [ 100.430909567000043, -0.985536065999945, 0.0 ], [ 100.430831143000034, -0.985502623999931, 0.0 ], [ 100.430754660000019, -0.985456865999875, 0.0 ], [ 100.430685863000093, -0.985412593999943, 0.0 ], [ 100.430625841, -0.985351481999949, 0.0 ], [ 100.430516732000044, -0.985229601999901, 0.0 ], [ 100.430403634000101, -0.985098905999923, 0.0 ], [ 100.43028338, -0.985013282999944, 0.0 ], [ 100.430088003, -0.984955408999951, 0.0 ], [ 100.429842972000074, -0.984905138999967, 0.0 ], [ 100.429441733, -0.984750068999926, 0.0 ], [ 100.428979665000057, -0.984546143999928, 0.0 ], [ 100.428764513000019, -0.984460563999953, 0.0 ], [ 100.428540408000032, -0.984399787999898, 0.0 ], [ 100.428363365000038, -0.984352516999895, 0.0 ], [ 100.428200884, -0.984299360999938, 0.0 ], [ 100.428002689000039, -0.984186171999898, 0.0 ], [ 100.427860781000021, -0.984061630999985, 0.0 ], [ 100.427725605000035, -0.983884980999935, 0.0 ], [ 100.427524013000053, -0.983709380999883, 0.0 ], [ 100.42673718100005, -0.983030591999942, 0.0 ], [ 100.425633115000011, -0.982377051999958, 0.0 ], [ 100.424967855000034, -0.982101279999878, 0.0 ], [ 100.424747763000113, -0.982063843999889, 0.0 ], [ 100.425394520000069, -0.981609350999943, 0.0 ], [ 100.425684755000105, -0.981299189999948, 0.0 ], [ 100.426004571000092, -0.980875733999905, 0.0 ], [ 100.426423288000109, -0.980066921999953, 0.0 ], [ 100.426538339000032, -0.979812606999872, 0.0 ], [ 100.426599485000025, -0.979658031999961, 0.0 ], [ 100.426771638000062, -0.979575853999911, 0.0 ], [ 100.426918623000049, -0.979446132999925, 0.0 ], [ 100.427068908000052, -0.979306437999913, 0.0 ], [ 100.427211315000108, -0.979078940999919, 0.0 ], [ 100.42729592100001, -0.978931910999922, 0.0 ], [ 100.427411933000101, -0.978746171999919, 0.0 ], [ 100.427486055000102, -0.978641599999882, 0.0 ], [ 100.427496584, -0.978535219999962, 0.0 ], [ 100.427526149000045, -0.97844585199994, 0.0 ], [ 100.427564157000091, -0.978320312999944, 0.0 ], [ 100.427608305, -0.977945440999925, 0.0 ], [ 100.427692326000027, -0.977754173999909, 0.0 ], [ 100.428076163000085, -0.976653029999927, 0.0 ], [ 100.428228873000108, -0.976100387999942, 0.0 ], [ 100.428394161000099, -0.975318758999929, 0.0 ], [ 100.428517816000038, -0.974766356999965, 0.0 ], [ 100.428571296000101, -0.974379520999932, 0.0 ], [ 100.42877328400003, -0.973605219999904, 0.0 ], [ 100.428816808000079, -0.973432878999944, 0.0 ], [ 100.428822963000059, -0.973260552999896, 0.0 ], [ 100.428816643000062, -0.973041235999958, 0.0 ], [ 100.428791662000037, -0.972878323999979, 0.0 ], [ 100.428751261000073, -0.972559940999925, 0.0 ], [ 100.428613823000077, -0.971956531999915, 0.0 ], [ 100.428508269000048, -0.971298656999927, 0.0 ], [ 100.428564764000015, -0.970794554999873, 0.0 ], [ 100.428562397000078, -0.970625919999954, 0.0 ], [ 100.428525625000063, -0.970535843999873, 0.0 ], [ 100.427728987000052, -0.969604219999884, 0.0 ], [ 100.42767641500005, -0.969583180999919, 0.0 ], [ 100.427624766000037, -0.969543421999916, 0.0 ], [ 100.427593168, -0.969491072999936, 0.0 ], [ 100.427553488000086, -0.969401983999937, 0.0 ], [ 100.427521406000011, -0.969327320999977, 0.0 ], [ 100.427482588, -0.969278115999902, 0.0 ], [ 100.427437559000097, -0.969233456999937, 0.0 ], [ 100.42735590000008, -0.969194580999918, 0.0 ], [ 100.427266012000104, -0.969111924999918, 0.0 ], [ 100.427235320000051, -0.969033106999969, 0.0 ], [ 100.42722965800003, -0.96892886999996, 0.0 ], [ 100.42727381900005, -0.968770633999924, 0.0 ], [ 100.427221709, -0.968536182999976, 0.0 ], [ 100.427175327000072, -0.968407245999966, 0.0 ], [ 100.42709557300013, -0.968268127999913, 0.0 ], [ 100.426570344000098, -0.967472355999973, 0.0 ], [ 100.426456206000069, -0.967323985999954, 0.0 ], [ 100.426229911000092, -0.967058907999959, 0.0 ], [ 100.426091214000067, -0.96689741699992, 0.0 ], [ 100.425724891000044, -0.966479144999951, 0.0 ], [ 100.425513023000107, -0.966123350999911, 0.0 ], [ 100.425414006, -0.965876198999979, 0.0 ], [ 100.425404384000089, -0.965751, 0.0 ], [ 100.425388336000097, -0.965526282999981, 0.0 ], [ 100.425277573000074, -0.965081641999962, 0.0 ], [ 100.425345066000062, -0.964904861999901, 0.0 ], [ 100.425378799000015, -0.964784748999911, 0.0 ], [ 100.425403506000109, -0.964621583999911, 0.0 ], [ 100.425344162000073, -0.96419660499992, 0.0 ], [ 100.425365362000051, -0.964143819999904, 0.0 ], [ 100.425388528000013, -0.964107602999928, 0.0 ], [ 100.425437997000117, -0.964056168999935, 0.0 ], [ 100.425466986000032, -0.96398048399989, 0.0 ], [ 100.425480742, -0.963963809999932, 0.0 ], [ 100.425562406000012, -0.963911646999968, 0.0 ], [ 100.425586168000024, -0.963883515999949, 0.0 ], [ 100.425587599000053, -0.96387290899996, 0.0 ], [ 100.425573082000099, -0.963824963999901, 0.0 ], [ 100.425535097000065, -0.963508088999973, 0.0 ], [ 100.425590517000032, -0.963450445999911, 0.0 ], [ 100.425631370000033, -0.963400447999948, 0.0 ], [ 100.425691025000091, -0.963298881999894, 0.0 ], [ 100.425735325000019, -0.963242583999943, 0.0 ], [ 100.425787043000042, -0.963185390999918, 0.0 ], [ 100.425876792000096, -0.963095595999949, 0.0 ], [ 100.425929610000111, -0.963025459999919, 0.0 ], [ 100.425969643000045, -0.962955613999913, 0.0 ], [ 100.425975333000082, -0.962935567999942, 0.0 ], [ 100.425971237000098, -0.962916953999912, 0.0 ], [ 100.425936117000035, -0.962858791999896, 0.0 ], [ 100.425930972000046, -0.962844037999918, 0.0 ], [ 100.425928822000046, -0.962832171999914, 0.0 ], [ 100.425929805000038, -0.962825411999976, 0.0 ], [ 100.425963225000046, -0.96278514399993, 0.0 ], [ 100.425778108000017, -0.962542111999895, 0.0 ], [ 100.42587158000002, -0.96247443699998, 0.0 ], [ 100.426111961000103, -0.962251018999968, 0.0 ], [ 100.426190521000123, -0.962202920999985, 0.0 ], [ 100.426227197000046, -0.962168515999981, 0.0 ], [ 100.426060652000032, -0.96187079799995, 0.0 ], [ 100.426055724000065, -0.961865092999922, 0.0 ], [ 100.425998819000071, -0.961830724999921, 0.0 ], [ 100.425994404000051, -0.961824554999943, 0.0 ], [ 100.425992024000038, -0.961812667999936, 0.0 ], [ 100.425991781000022, -0.961803941999925, 0.0 ], [ 100.425990538000093, -0.961800502999907, 0.0 ], [ 100.425988439, -0.961797298999908, 0.0 ], [ 100.42598509700008, -0.961795033999987, 0.0 ], [ 100.425954366000028, -0.961779735999876, 0.0 ], [ 100.425953031000091, -0.961775824999908, 0.0 ], [ 100.425964987000015, -0.961752643999944, 0.0 ], [ 100.425966411000047, -0.961739685999937, 0.0 ], [ 100.425964274000052, -0.961663839999968, 0.0 ], [ 100.425966713000079, -0.961574122999917, 0.0 ], [ 100.425970299000099, -0.961555976999925, 0.0 ], [ 100.426005308000072, -0.961526597999981, 0.0 ], [ 100.426022600000081, -0.961504357999917, 0.0 ], [ 100.426030199000081, -0.961484525999875, 0.0 ], [ 100.426028907000074, -0.961441553999961, 0.0 ], [ 100.425948214000059, -0.961446111999983, 0.0 ], [ 100.425867907000068, -0.961444336999925, 0.0 ], [ 100.425779120000101, -0.961442952999899, 0.0 ], [ 100.425755932000044, -0.961448487999913, 0.0 ], [ 100.425679870000053, -0.961516499999945, 0.0 ], [ 100.425587408000041, -0.961570162999944, 0.0 ], [ 100.425424063000023, -0.961649557999941, 0.0 ], [ 100.425341681000049, -0.961658976999921, 0.0 ], [ 100.425253566000038, -0.961623740999936, 0.0 ], [ 100.42519650600012, -0.961610516999908, 0.0 ], [ 100.425123211000098, -0.961582850999928, 0.0 ], [ 100.425095722000037, -0.961545640999869, 0.0 ], [ 100.425076945000086, -0.961529102999922, 0.0 ], [ 100.425003140000015, -0.961499100999927, 0.0 ], [ 100.424930185000022, -0.961458669999956, 0.0 ], [ 100.424886515000054, -0.961444508999939, 0.0 ], [ 100.424835295000079, -0.961441805999893, 0.0 ], [ 100.424791078000055, -0.961443130999914, 0.0 ], [ 100.424749940000112, -0.961451335999882, 0.0 ], [ 100.424697172, -0.961467114999945, 0.0 ], [ 100.424676618, -0.961468638999982, 0.0 ], [ 100.424622212000116, -0.961462268999988, 0.0 ], [ 100.424584077000077, -0.961453587999891, 0.0 ], [ 100.424583673000129, -0.961354628999963, 0.0 ], [ 100.424567644000049, -0.961320676999907, 0.0 ], [ 100.424561421000064, -0.961297516999945, 0.0 ], [ 100.424560093000039, -0.961273375999902, 0.0 ], [ 100.42456277000008, -0.961200914999946, 0.0 ], [ 100.424542107000065, -0.961160558999893, 0.0 ], [ 100.424540327, -0.961136815999971, 0.0 ], [ 100.424546298000053, -0.961077611999958, 0.0 ], [ 100.424542731000116, -0.961059549999973, 0.0 ], [ 100.424506720000068, -0.96095620699986, 0.0 ], [ 100.424512656000019, -0.960930270999935, 0.0 ], [ 100.42453692800008, -0.960891857999954, 0.0 ], [ 100.424540394000104, -0.960880883999934, 0.0 ], [ 100.42454058600002, -0.960795362999875, 0.0 ], [ 100.424534938000093, -0.960760985999961, 0.0 ], [ 100.424411207000063, -0.960576843999913, 0.0 ], [ 100.424413002000037, -0.960563261999944, 0.0 ], [ 100.424415700000083, -0.960555563999929, 0.0 ], [ 100.424437729000047, -0.960509827999875, 0.0 ], [ 100.424452825000046, -0.960474243999951, 0.0 ], [ 100.424451891000061, -0.960431831999905, 0.0 ], [ 100.424442706, -0.960380203999897, 0.0 ], [ 100.424415551000067, -0.96026277299995, 0.0 ], [ 100.424317579000046, -0.95998259099995, 0.0 ], [ 100.424127339000023, -0.959479350999967, 0.0 ], [ 100.423948195000037, -0.958902624999943, 0.0 ], [ 100.423948174000031, -0.958852876999913, 0.0 ], [ 100.423982761000062, -0.958762737999916, 0.0 ], [ 100.424006594000076, -0.958706873999912, 0.0 ], [ 100.424011628000045, -0.958675482999979, 0.0 ], [ 100.424011162000099, -0.958660713999912, 0.0 ], [ 100.42400244, -0.958647790999908, 0.0 ], [ 100.423979954000089, -0.958631644999905, 0.0 ], [ 100.42394330900008, -0.958611875999956, 0.0 ], [ 100.42385469200012, -0.95856635099992, 0.0 ], [ 100.423842212000068, -0.958541262999976, 0.0 ], [ 100.42384374, -0.958519894999895, 0.0 ], [ 100.423854977000047, -0.958449988999973, 0.0 ], [ 100.42387480700009, -0.958333280999909, 0.0 ], [ 100.423766331000095, -0.958223565999891, 0.0 ], [ 100.423739367000081, -0.958191510999903, 0.0 ], [ 100.423731236000023, -0.95817787899993, 0.0 ], [ 100.423725736000023, -0.958164366999878, 0.0 ], [ 100.423582944000017, -0.957546550999918, 0.0 ], [ 100.423578467000084, -0.957522086999937, 0.0 ], [ 100.423622278000067, -0.957485546999933, 0.0 ], [ 100.42360285900007, -0.957426551999937, 0.0 ], [ 100.423548015000051, -0.957329038999951, 0.0 ], [ 100.423465926000105, -0.957202727999981, 0.0 ], [ 100.42336885400006, -0.957051737999922, 0.0 ], [ 100.423302916000026, -0.956977290999891, 0.0 ], [ 100.423014622000068, -0.956521175999899, 0.0 ], [ 100.422821593, -0.956260345, 0.0 ], [ 100.422545229000036, -0.956380526999897, 0.0 ], [ 100.422288402000021, -0.95650627299991, 0.0 ], [ 100.42199521900001, -0.956659210999863, 0.0 ], [ 100.421767964000125, -0.956773502999905, 0.0 ], [ 100.421652457000064, -0.956830433999908, 0.0 ], [ 100.421544324000095, -0.956887362999911, 0.0 ], [ 100.421409144, -0.956919570999911, 0.0 ], [ 100.421231909000085, -0.956338297999867, 0.0 ], [ 100.421231874000085, -0.956255712999962, 0.0 ], [ 100.421103220000106, -0.956276161999877, 0.0 ], [ 100.420944804000044, -0.956320432999988, 0.0 ], [ 100.420945199000087, -0.956345748999951, 0.0 ], [ 100.420818111000045, -0.956308738999908, 0.0 ], [ 100.420733147000036, -0.955945708999892, 0.0 ], [ 100.420700862000032, -0.955812502999883, 0.0 ], [ 100.420636279000107, -0.955477998999918, 0.0 ], [ 100.42062033800002, -0.955070755999884, 0.0 ], [ 100.420605665000053, -0.954768242999901, 0.0 ], [ 100.420620319000108, -0.954635039999982, 0.0 ], [ 100.420094863000074, -0.953308956999951, 0.0 ], [ 100.420012548, -0.953120650999914, 0.0 ], [ 100.419958119000029, -0.952963870999909, 0.0 ], [ 100.419901855, -0.9527469239999, 0.0 ], [ 100.419861489000127, -0.952485667999955, 0.0 ], [ 100.42037354700004, -0.952411352999935, 0.0 ], [ 100.420605588000043, -0.952372307999902, 0.0 ], [ 100.420873659000023, -0.952333982999928, 0.0 ], [ 100.421395119000096, -0.952252068999901, 0.0 ], [ 100.422527474000077, -0.952080377999906, 0.0 ], [ 100.423046610000043, -0.952000330999944, 0.0 ], [ 100.423314500000103, -0.951952530999897, 0.0 ], [ 100.423675955000078, -0.951885341999933, 0.0 ], [ 100.424031179000067, -0.951812364999935, 0.0 ], [ 100.424269788000089, -0.951756858999961, 0.0 ], [ 100.424901330000026, -0.951607059999912, 0.0 ], [ 100.425129402000067, -0.951551041999895, 0.0 ], [ 100.425483726000081, -0.951465184999897, 0.0 ], [ 100.425714483000078, -0.951407394999912, 0.0 ], [ 100.425943959000051, -0.951349383, 0.0 ], [ 100.426522376000037, -0.951206527999901, 0.0 ], [ 100.42708059900005, -0.951069561999937, 0.0 ], [ 100.427604950000088, -0.950940110999973, 0.0 ], [ 100.427847594000085, -0.950877191999918, 0.0 ], [ 100.428496883000079, -0.950713842999903, 0.0 ], [ 100.42947241800006, -0.950473651999925, 0.0 ], [ 100.430325118, -0.950268793999939, 0.0 ], [ 100.430485407000035, -0.950228232999958, 0.0 ], [ 100.430358182000077, -0.949610866999947, 0.0 ], [ 100.430326581000116, -0.949472640999879, 0.0 ], [ 100.430245231000058, -0.949057204999967, 0.0 ], [ 100.43022152100005, -0.948897714999916, 0.0 ], [ 100.430150530000034, -0.948794186999965, 0.0 ], [ 100.430069581000083, -0.948772100999914, 0.0 ], [ 100.429921659000016, -0.948842341999953, 0.0 ], [ 100.429901941000068, -0.948827690999895, 0.0 ], [ 100.429715850000036, -0.948477154999935, 0.0 ], [ 100.429559299000047, -0.948234631999942, 0.0 ], [ 100.429502074000112, -0.948173286999928, 0.0 ], [ 100.429470207000051, -0.9481654349999, 0.0 ], [ 100.429444948000096, -0.948146088999987, 0.0 ], [ 100.429329652000064, -0.947992243999959, 0.0 ], [ 100.42963371500008, -0.947905010999936, 0.0 ], [ 100.429766556000061, -0.947880581999868, 0.0 ], [ 100.429839851000082, -0.947857134999882, 0.0 ], [ 100.4298755290001, -0.947803044999937, 0.0 ], [ 100.429874524000113, -0.947746883, 0.0 ], [ 100.429830625000122, -0.947641605999902, 0.0 ], [ 100.42981969100002, -0.947597383999884, 0.0 ], [ 100.429824275000044, -0.947561915999881, 0.0 ], [ 100.429915571000038, -0.947421368999887, 0.0 ], [ 100.430068524, -0.947280973999906, 0.0 ], [ 100.430169730000017, -0.947196441999928, 0.0 ], [ 100.430337955000084, -0.947106145999918, 0.0 ], [ 100.430571778000072, -0.946955033999938, 0.0 ], [ 100.43064872100004, -0.946879809999931, 0.0 ], [ 100.430654804000099, -0.94676469999991, 0.0 ], [ 100.430772725000082, -0.946590514999976, 0.0 ], [ 100.430824318000091, -0.946523057999901, 0.0 ], [ 100.430957591000023, -0.946443075999944, 0.0 ], [ 100.431041331000102, -0.946340716999913, 0.0 ], [ 100.431065629000074, -0.94632160299993, 0.0 ], [ 100.431094886000011, -0.946317650999958, 0.0 ], [ 100.431272893000084, -0.946393356999916, 0.0 ], [ 100.431403416000052, -0.946424161999978, 0.0 ], [ 100.431480934000064, -0.946424560999922, 0.0 ], [ 100.431582592000041, -0.946403594999875, 0.0 ], [ 100.431839233000048, -0.946290157999904, 0.0 ], [ 100.431888311000108, -0.946221737999927, 0.0 ], [ 100.431946934000081, -0.946065306999952, 0.0 ], [ 100.432049146000097, -0.945877515999957, 0.0 ], [ 100.432087128000035, -0.945755091999953, 0.0 ], [ 100.432079241000011, -0.945676057999897, 0.0 ], [ 100.432035587000129, -0.945539596999886, 0.0 ], [ 100.432021128000088, -0.945481689999891, 0.0 ], [ 100.432022495000112, -0.945329376999901, 0.0 ], [ 100.432018067000101, -0.945279675999874, 0.0 ], [ 100.431986640000076, -0.945108399999913, 0.0 ], [ 100.431968800000021, -0.945015708999971, 0.0 ], [ 100.431974744000073, -0.944962226999898, 0.0 ], [ 100.432060777000075, -0.944904698999935, 0.0 ], [ 100.432095844000045, -0.944866967999921, 0.0 ], [ 100.432146280000055, -0.944801182999896, 0.0 ], [ 100.432251771000068, -0.944818270999978, 0.0 ], [ 100.43238047400007, -0.944833713999923, 0.0 ], [ 100.432450593000098, -0.944796745999884, 0.0 ], [ 100.432724797000049, -0.944577253999931, 0.0 ], [ 100.432870816000047, -0.94445165099993, 0.0 ], [ 100.432932942000036, -0.944303941999966, 0.0 ], [ 100.432948807000017, -0.944257912999888, 0.0 ], [ 100.432982853000084, -0.94422967899995, 0.0 ], [ 100.43302224600005, -0.94421488099988, 0.0 ], [ 100.433185938000094, -0.94421787999995, 0.0 ], [ 100.433227791, -0.944198773999968, 0.0 ], [ 100.433247352000109, -0.944153125999922, 0.0 ], [ 100.433241259000056, -0.944077114999939, 0.0 ], [ 100.433251999000049, -0.943988861999919, 0.0 ], [ 100.433293587000037, -0.943932840999903, 0.0 ], [ 100.433355678000012, -0.943878331999922, 0.0 ], [ 100.433384522000011, -0.943775910999886, 0.0 ], [ 100.433471743000027, -0.943614883999885, 0.0 ], [ 100.433559225000067, -0.943526791999879, 0.0 ], [ 100.433668321000042, -0.943435694999891, 0.0 ], [ 100.433765979000043, -0.943339782999949, 0.0 ], [ 100.433800431000051, -0.943333586999881, 0.0 ], [ 100.433894252000087, -0.943395428999935, 0.0 ], [ 100.433989878, -0.943441548999932, 0.0 ], [ 100.434081911000064, -0.943445410999985, 0.0 ], [ 100.434166365000038, -0.943403406999884, 0.0 ], [ 100.434233437000074, -0.943293776999962, 0.0 ], [ 100.434378651000017, -0.943210205999886, 0.0 ], [ 100.434478551000026, -0.943132806999877, 0.0 ], [ 100.434542622, -0.943098985999921, 0.0 ], [ 100.434629747000102, -0.94309109499989, 0.0 ], [ 100.435073912000078, -0.943158562999876, 0.0 ], [ 100.435189684000065, -0.943124608999909, 0.0 ], [ 100.43520366000007, -0.943012411999952, 0.0 ], [ 100.435196563, -0.942847088999951, 0.0 ], [ 100.435212885000027, -0.94280951099995, 0.0 ], [ 100.435248480000041, -0.942792730999894, 0.0 ], [ 100.435377417000055, -0.942785568999923, 0.0 ], [ 100.435558730000039, -0.942777554999971, 0.0 ], [ 100.435640851000088, -0.942743373999985, 0.0 ], [ 100.43572181600004, -0.942682223999899, 0.0 ], [ 100.435900026000041, -0.942680503999934, 0.0 ], [ 100.436103629000101, -0.942671599999908, 0.0 ], [ 100.436234436000092, -0.942632526999962, 0.0 ], [ 100.436310165000052, -0.942586677999898, 0.0 ], [ 100.436368338000065, -0.942514946999914, 0.0 ], [ 100.436463632000041, -0.942454168999948, 0.0 ], [ 100.436539475000103, -0.942414981999903, 0.0 ], [ 100.436569895000048, -0.942378672999919, 0.0 ], [ 100.436634726000079, -0.942237399999954, 0.0 ], [ 100.436627202000082, -0.942196389999935, 0.0 ], [ 100.436565889000065, -0.942052189999906, 0.0 ], [ 100.436570115000066, -0.942025240999897, 0.0 ], [ 100.436650145000016, -0.941969691999919, 0.0 ], [ 100.436706472000068, -0.94185591299992, 0.0 ], [ 100.436735308000053, -0.941795370999973, 0.0 ], [ 100.436780859000095, -0.9417655099999, 0.0 ], [ 100.436936460000084, -0.941688714999941, 0.0 ], [ 100.43701453500006, -0.941578943999918, 0.0 ], [ 100.437050769000038, -0.941572850999947, 0.0 ], [ 100.437191405000036, -0.941596229999927, 0.0 ], [ 100.437439473000055, -0.941467550999938, 0.0 ], [ 100.437452323000045, -0.941418476999964, 0.0 ], [ 100.437386688000032, -0.941153489999977, 0.0 ], [ 100.43737470500011, -0.941049788999923, 0.0 ], [ 100.437384747000053, -0.941004561999911, 0.0 ], [ 100.43740820500004, -0.940950555999972, 0.0 ], [ 100.437583824000086, -0.940791856999898, 0.0 ], [ 100.437673533000051, -0.940734960999986, 0.0 ], [ 100.437778280000018, -0.940690569999955, 0.0 ], [ 100.437860888000017, -0.940653571999913, 0.0 ], [ 100.437901821000111, -0.940643659999981, 0.0 ], [ 100.438051116000025, -0.940635198999903, 0.0 ], [ 100.438090971000037, -0.940621340999911, 0.0 ], [ 100.438106815000111, -0.940594950999948, 0.0 ], [ 100.438107979000023, -0.940497650999891, 0.0 ], [ 100.438155100000102, -0.940435917999935, 0.0 ], [ 100.438170192000115, -0.940391643999913, 0.0 ], [ 100.438188613000037, -0.940255113999985, 0.0 ], [ 100.43820170000005, -0.940233504999973, 0.0 ], [ 100.438225197000051, -0.940220471999961, 0.0 ], [ 100.438353848000034, -0.940248105999938, 0.0 ], [ 100.438386784, -0.940243646999924, 0.0 ], [ 100.43842891600012, -0.94021174999995, 0.0 ], [ 100.4385027820001, -0.940100291999965, 0.0 ], [ 100.438582087, -0.940023291999989, 0.0 ], [ 100.438617907000037, -0.94000301899991, 0.0 ], [ 100.438645265000076, -0.939995241999888, 0.0 ], [ 100.438679290000053, -0.939994521999918, 0.0 ], [ 100.438803065000073, -0.93989412599996, 0.0 ], [ 100.438830846000059, -0.939826987999911, 0.0 ], [ 100.438885555000056, -0.939628531999922, 0.0 ], [ 100.43889586100002, -0.939571067999964, 0.0 ], [ 100.438852489000084, -0.939421774999957, 0.0 ], [ 100.438834744000033, -0.939336413999911, 0.0 ], [ 100.438844240000023, -0.939302727999966, 0.0 ], [ 100.438945593000057, -0.939227627999969, 0.0 ], [ 100.438974572000049, -0.939188467999927, 0.0 ], [ 100.438970569000077, -0.939110435999954, 0.0 ], [ 100.438857782000071, -0.938891055999921, 0.0 ], [ 100.438848299000085, -0.938854381999906, 0.0 ], [ 100.438858039000095, -0.938826158999969, 0.0 ], [ 100.439094138000087, -0.938436298999864, 0.0 ], [ 100.439130005000038, -0.93839391099991, 0.0 ], [ 100.439170131000068, -0.938382642999954, 0.0 ], [ 100.439325387000039, -0.938383902999881, 0.0 ], [ 100.43935761800013, -0.938373960999947, 0.0 ], [ 100.439397735000071, -0.938344156999968, 0.0 ], [ 100.439464278000074, -0.938140616999913, 0.0 ], [ 100.439499458000057, -0.938092699999945, 0.0 ], [ 100.439532851000067, -0.938085991999923, 0.0 ], [ 100.439583763000101, -0.938091056999898, 0.0 ], [ 100.439724779000045, -0.93804110799994, 0.0 ], [ 100.439977180000056, -0.937881437999962, 0.0 ], [ 100.440579935000102, -0.937564699999957, 0.0 ], [ 100.440909836000046, -0.937426564999896, 0.0 ], [ 100.441081991000075, -0.937356870999903, 0.0 ], [ 100.441140144000087, -0.937361991999971, 0.0 ], [ 100.441393266000077, -0.937357132999924, 0.0 ], [ 100.441529048000021, -0.937325195999946, 0.0 ], [ 100.441588982000013, -0.937279756999917, 0.0 ], [ 100.44161622700004, -0.937194204999944, 0.0 ], [ 100.441880994000101, -0.937025007999978, 0.0 ], [ 100.441971516000038, -0.936942879999933, 0.0 ], [ 100.442039046000033, -0.936910351999906, 0.0 ], [ 100.442318604000079, -0.936841136999863, 0.0 ], [ 100.44269807400012, -0.936707577999915, 0.0 ], [ 100.443035894, -0.936648835999939, 0.0 ], [ 100.443124034, -0.93662437699987, 0.0 ], [ 100.443163615000088, -0.93657787499993, 0.0 ], [ 100.443188085000074, -0.936478263999948, 0.0 ], [ 100.443218452000011, -0.936424941999977, 0.0 ], [ 100.443305198000076, -0.936328253999882, 0.0 ], [ 100.443351687000103, -0.936241632999909, 0.0 ], [ 100.443357627000069, -0.936203538999955, 0.0 ], [ 100.443347227000089, -0.936120134999893, 0.0 ], [ 100.443353010000038, -0.936097346999873, 0.0 ], [ 100.443388331000037, -0.936045120999903, 0.0 ], [ 100.44347627700003, -0.935993255999964, 0.0 ], [ 100.443566233000098, -0.935827693999943, 0.0 ], [ 100.443640440000109, -0.935775286999959, 0.0 ], [ 100.44382566700007, -0.935504492999936, 0.0 ], [ 100.443891505000096, -0.93544299699991, 0.0 ], [ 100.444004228000011, -0.935376448999911, 0.0 ], [ 100.4441459210001, -0.935268174999923, 0.0 ], [ 100.444217829000095, -0.935243040999975, 0.0 ], [ 100.444307691000077, -0.935241963999886, 0.0 ], [ 100.444439865000078, -0.935137334999933, 0.0 ], [ 100.444602602000046, -0.935078453999946, 0.0 ], [ 100.444682228000062, -0.935005824999976, 0.0 ], [ 100.444704698000052, -0.934993490999933, 0.0 ], [ 100.444725895000033, -0.934992761999961, 0.0 ], [ 100.444788066000029, -0.935031773999903, 0.0 ], [ 100.444800409000067, -0.935034288999933, 0.0 ], [ 100.444827014000055, -0.935022129999904, 0.0 ], [ 100.444843328000076, -0.934997373999988, 0.0 ], [ 100.444824112000077, -0.934920354999921, 0.0 ], [ 100.444819033000016, -0.934891350999919, 0.0 ], [ 100.444830417000063, -0.934843214999933, 0.0 ], [ 100.444930079000059, -0.934747032999969, 0.0 ], [ 100.444940285000101, -0.934708455999886, 0.0 ], [ 100.444962536000077, -0.934558700999929, 0.0 ], [ 100.444982905000074, -0.934529641999923, 0.0 ], [ 100.445049648000094, -0.934510184999912, 0.0 ], [ 100.445128471000032, -0.934434464999864, 0.0 ], [ 100.445178366000079, -0.934409065999894, 0.0 ], [ 100.445257160000025, -0.934389773999897, 0.0 ], [ 100.445336653000126, -0.934340247999973, 0.0 ], [ 100.445402113000029, -0.934282329999977, 0.0 ], [ 100.44552359000005, -0.934239574999904, 0.0 ], [ 100.445652169000113, -0.934315684999895, 0.0 ], [ 100.44583890200002, -0.934435821999887, 0.0 ], [ 100.445937432000093, -0.934508289999933, 0.0 ], [ 100.446009923000048, -0.934525622999946, 0.0 ], [ 100.446159030000047, -0.934526256999909, 0.0 ], [ 100.446201462, -0.934504510999886, 0.0 ], [ 100.446241202000095, -0.934455259999897, 0.0 ], [ 100.446256467000111, -0.934386940999929, 0.0 ], [ 100.446289348000079, -0.934342314999967, 0.0 ], [ 100.446466681000089, -0.934310300999893, 0.0 ], [ 100.446653255000072, -0.9342856899999, 0.0 ], [ 100.446740219000077, -0.934235326999907, 0.0 ], [ 100.446817366000062, -0.93414196799991, 0.0 ], [ 100.446971134000094, -0.934075175999979, 0.0 ], [ 100.447016543000117, -0.93403903999992, 0.0 ], [ 100.447039081000028, -0.933985078999985, 0.0 ], [ 100.447035725000021, -0.933915871999943, 0.0 ], [ 100.446969658000057, -0.933870476999918, 0.0 ], [ 100.446949133000047, -0.933852922999975, 0.0 ], [ 100.446942972000073, -0.933838705999953, 0.0 ], [ 100.446950033000036, -0.933822876999887, 0.0 ], [ 100.447083445000061, -0.933766871999961, 0.0 ], [ 100.447156303000042, -0.9336061929999, 0.0 ], [ 100.447336686000043, -0.933417106999975, 0.0 ], [ 100.447460826000011, -0.933341831999876, 0.0 ], [ 100.447525003000081, -0.933290733999911, 0.0 ], [ 100.44761607900007, -0.933253318999924, 0.0 ], [ 100.447699309000114, -0.933163113999921, 0.0 ], [ 100.447831001000097, -0.933044587999973, 0.0 ], [ 100.447918997, -0.933001341999947, 0.0 ], [ 100.448108734000073, -0.932980191999885, 0.0 ], [ 100.448224060000101, -0.932926878999915, 0.0 ], [ 100.448255481000047, -0.932871374999941, 0.0 ], [ 100.448281985, -0.932794830999914, 0.0 ], [ 100.448360156, -0.932681019999912, 0.0 ], [ 100.44845848600005, -0.93259083499991, 0.0 ], [ 100.448487744000076, -0.932550094999915, 0.0 ], [ 100.448494557000018, -0.932438425999912, 0.0 ], [ 100.448500763000084, -0.932370042999938, 0.0 ], [ 100.448501861000082, -0.932273971999894, 0.0 ], [ 100.448494127000075, -0.932180619999897, 0.0 ], [ 100.448504558000039, -0.932138572999971, 0.0 ], [ 100.448523782000038, -0.932107205999952, 0.0 ], [ 100.448636993000079, -0.931989899999927, 0.0 ], [ 100.448801740000121, -0.931857820999923, 0.0 ], [ 100.448840224000023, -0.931809371999911, 0.0 ], [ 100.448855015000092, -0.931760329999939, 0.0 ], [ 100.448885106, -0.931729548999968, 0.0 ], [ 100.44908939900003, -0.931824231999897, 0.0 ], [ 100.449396421000031, -0.931947044999934, 0.0 ], [ 100.45003184200003, -0.932104264999975, 0.0 ], [ 100.45076835200004, -0.93224995299995, 0.0 ], [ 100.451419013000049, -0.932490458999954, 0.0 ], [ 100.452130209000089, -0.932919737999946, 0.0 ], [ 100.452536502000044, -0.933183543999924, 0.0 ], [ 100.452878264000077, -0.933396010999918, 0.0 ], [ 100.452638326000042, -0.933628398999872, 0.0 ], [ 100.452425303, -0.933828609999917, 0.0 ], [ 100.452253056000046, -0.93403354799991, 0.0 ], [ 100.452051345000058, -0.934376634999964, 0.0 ], [ 100.451923227000023, -0.934647022999954, 0.0 ], [ 100.451794474000025, -0.934895570999913, 0.0 ], [ 100.451711398000086, -0.935055231999979, 0.0 ], [ 100.451628209000035, -0.935158313999981, 0.0 ], [ 100.451426637000054, -0.935365604999902, 0.0 ], [ 100.451329612000023, -0.935464046999876, 0.0 ], [ 100.45117826000002, -0.935571030999935, 0.0 ], [ 100.450935296000083, -0.935696786999859, 0.0 ], [ 100.450703718000014, -0.935799011999968, 0.0 ], [ 100.450412144000055, -0.935960985999959, 0.0 ], [ 100.450298245000042, -0.936057964999989, 0.0 ], [ 100.450076587000083, -0.936323722999862, 0.0 ], [ 100.449915465000075, -0.936512241999917, 0.0 ], [ 100.449839981000054, -0.936582425999951, 0.0 ], [ 100.449601114000089, -0.936750132999972, 0.0 ], [ 100.449350502000044, -0.936960659999894, 0.0 ], [ 100.449231732000086, -0.937105830999915, 0.0 ], [ 100.449045098000099, -0.937285165999921, 0.0 ], [ 100.448885119000096, -0.937447507999941, 0.0 ], [ 100.448718285000055, -0.937631728999907, 0.0 ], [ 100.448634971000089, -0.937717106999955, 0.0 ], [ 100.448655782000031, -0.93790502399996, 0.0 ], [ 100.448676422000048, -0.938102733999887, 0.0 ], [ 100.44872953300009, -0.938273406999887, 0.0 ], [ 100.448781898000078, -0.938435953999925, 0.0 ], [ 100.448760136000047, -0.938700004999923, 0.0 ], [ 100.448735228000032, -0.938808887999873, 0.0 ], [ 100.448577985999989, -0.938944560999907, 0.0 ], [ 100.448512796000017, -0.938953859999966, 0.0 ], [ 100.44851175300002, -0.939072368999913, 0.0 ], [ 100.4485042190001, -0.93917909599995, 0.0 ], [ 100.448591613000048, -0.939231974999885, 0.0 ], [ 100.448761314000066, -0.939237860999928, 0.0 ], [ 100.448911234000036, -0.939119667999918, 0.0 ], [ 100.448988781000054, -0.939080364999953, 0.0 ], [ 100.449227731000107, -0.939074004999959, 0.0 ], [ 100.449328672000021, -0.939325851999925, 0.0 ], [ 100.449428061000077, -0.939507948999893, 0.0 ], [ 100.449844041000034, -0.939715884999956, 0.0 ], [ 100.450135405000069, -0.939747091999962, 0.0 ], [ 100.45037475500007, -0.939652398999943, 0.0 ], [ 100.450416561000054, -0.93963673099989, 0.0 ], [ 100.450464236000101, -0.939701280999902, 0.0 ], [ 100.450485815000022, -0.939911598999984, 0.0 ], [ 100.450523746000044, -0.939959263999931, 0.0 ], [ 100.450645406000078, -0.939993259999902, 0.0 ], [ 100.450875711000037, -0.940031691999884, 0.0 ], [ 100.451327372, -0.940055529999903, 0.0 ], [ 100.4515043910001, -0.940074341999949, 0.0 ], [ 100.451830490000077, -0.940138720999858, 0.0 ], [ 100.452278557000028, -0.94020375499991, 0.0 ], [ 100.452599963000054, -0.940225383999923, 0.0 ], [ 100.452612338000023, -0.940270360999914, 0.0 ], [ 100.45265146900006, -0.940440296999942, 0.0 ], [ 100.452697919000087, -0.940742577, 0.0 ], [ 100.452754740000074, -0.940985974999883, 0.0 ], [ 100.452827244000034, -0.941430144999952, 0.0 ], [ 100.453298870000069, -0.94196707299988, 0.0 ], [ 100.45334909500005, -0.942306360999975, 0.0 ], [ 100.453556162000041, -0.942465060999961, 0.0 ], [ 100.453986266000101, -0.942886903999959, 0.0 ], [ 100.454255809000102, -0.943141834999913, 0.0 ], [ 100.454725719000081, -0.943973420999885, 0.0 ], [ 100.455048720000079, -0.944639681999945, 0.0 ], [ 100.45512538600012, -0.944797390999938, 0.0 ], [ 100.45517652400008, -0.944971690999971, 0.0 ], [ 100.455175461000081, -0.945482025999919, 0.0 ], [ 100.454887709000076, -0.946454965999951, 0.0 ], [ 100.454892943000061, -0.94656741899993, 0.0 ], [ 100.455240566000057, -0.946577336999951, 0.0 ], [ 100.455245893000054, -0.946731124999886, 0.0 ], [ 100.455249385000073, -0.946764629999905, 0.0 ], [ 100.455364183000071, -0.946763487999899, 0.0 ], [ 100.455371992, -0.946892814999941, 0.0 ], [ 100.45551814, -0.946892752999936, 0.0 ], [ 100.455548526000044, -0.946935708999938, 0.0 ], [ 100.455582691000117, -0.946937604999917, 0.0 ], [ 100.455581764000044, -0.94698821199993, 0.0 ], [ 100.455760398000081, -0.946983340999971, 0.0 ], [ 100.455765563000057, -0.947014434999968, 0.0 ], [ 100.455801151000074, -0.947012062999949, 0.0 ], [ 100.455809234000029, -0.947076969999902, 0.0 ], [ 100.45592864300005, -0.947068910999946, 0.0 ], [ 100.455946218000079, -0.947117884999912, 0.0 ], [ 100.456055935, -0.947092661999868, 0.0 ], [ 100.456088454000039, -0.947143511, 0.0 ], [ 100.456126139000048, -0.947210965999886, 0.0 ], [ 100.456157767, -0.947347409999896, 0.0 ], [ 100.456160869000087, -0.947454524999966, 0.0 ], [ 100.456343727000018, -0.947421079999952, 0.0 ], [ 100.45650150100002, -0.947353691999972, 0.0 ], [ 100.45652766300006, -0.947344555999926, 0.0 ], [ 100.456610128000037, -0.947499519999958, 0.0 ], [ 100.456648461000015, -0.947565876999942, 0.0 ], [ 100.456764799000041, -0.947846628999901, 0.0 ], [ 100.456841189000059, -0.948088708999947, 0.0 ], [ 100.456883408000095, -0.948245864999894, 0.0 ], [ 100.456904103000028, -0.948331771999896, 0.0 ], [ 100.456950971000083, -0.948427364999901, 0.0 ], [ 100.457128225000091, -0.948642567999944, 0.0 ], [ 100.457378265, -0.94895573199992, 0.0 ], [ 100.457603700000092, -0.949231384, 0.0 ], [ 100.457723200000032, -0.949129027999959, 0.0 ], [ 100.4578195120001, -0.949042832999933, 0.0 ], [ 100.457962151000089, -0.948805852999953, 0.0 ], [ 100.458056683000095, -0.9487268389999, 0.0 ], [ 100.458185107000062, -0.94863704299993, 0.0 ], [ 100.458333339000063, -0.948598734999958, 0.0 ], [ 100.458864499000043, -0.948534141999943, 0.0 ], [ 100.459003290000069, -0.948468227999907, 0.0 ], [ 100.459138709000086, -0.948371075999951, 0.0 ], [ 100.459154204000043, -0.948317034999921, 0.0 ], [ 100.459182821000098, -0.947551241999975, 0.0 ], [ 100.459207945000045, -0.947462157999887, 0.0 ], [ 100.459366346000095, -0.947164051999913, 0.0 ], [ 100.45954028700001, -0.946917020999901, 0.0 ], [ 100.459655150000103, -0.946801725999865, 0.0 ], [ 100.459855565000069, -0.946682384999939, 0.0 ], [ 100.460040047000064, -0.946573601999908, 0.0 ], [ 100.46056464800003, -0.946464675999955, 0.0 ], [ 100.460709353000098, -0.946511261999902, 0.0 ], [ 100.460950920000101, -0.946517702999902, 0.0 ], [ 100.461255346000073, -0.946407813999958, 0.0 ], [ 100.461438145, -0.946284257999949, 0.0 ], [ 100.461800743000083, -0.945884116999881, 0.0 ], [ 100.462131924000033, -0.945576019999969, 0.0 ], [ 100.462582604000019, -0.945204757999893, 0.0 ], [ 100.462811063000089, -0.9449558039999, 0.0 ], [ 100.463200458000074, -0.944454547999904, 0.0 ], [ 100.463406601000074, -0.943994950999979, 0.0 ], [ 100.463502935000051, -0.943698562999881, 0.0 ], [ 100.463680672000109, -0.943504297999883, 0.0 ], [ 100.463954921000052, -0.943442970999961, 0.0 ], [ 100.464224173000048, -0.943463330999958, 0.0 ], [ 100.464727146000087, -0.94379007, 0.0 ], [ 100.464925124000047, -0.943861541999954, 0.0 ], [ 100.46541032600004, -0.94381067799992, 0.0 ], [ 100.465996878000084, -0.943425640999948, 0.0 ], [ 100.466114272000112, -0.943348125999929, 0.0 ], [ 100.466226665000079, -0.943348078999925, 0.0 ], [ 100.466368429000084, -0.943379256999929, 0.0 ], [ 100.46663808400011, -0.94336352399996, 0.0 ], [ 100.46675337800005, -0.943277144999918, 0.0 ], [ 100.467168060000077, -0.943078136999883, 0.0 ], [ 100.467616676000077, -0.942785187999892, 0.0 ], [ 100.467720233000122, -0.942715700999916, 0.0 ], [ 100.467796123000085, -0.942671553999904, 0.0 ], [ 100.467996980000095, -0.942608990999879, 0.0 ], [ 100.468289270000042, -0.942569394999978, 0.0 ], [ 100.468665031000043, -0.942559948999907, 0.0 ], [ 100.468788711000059, -0.942469134999943, 0.0 ], [ 100.468886765, -0.942279968999923, 0.0 ], [ 100.468895943000049, -0.942166406999942, 0.0 ], [ 100.468977227000025, -0.941982105999969, 0.0 ], [ 100.469027126000071, -0.941966886999953, 0.0 ], [ 100.469317750000044, -0.941951776999947, 0.0 ], [ 100.46960076000002, -0.941781531999894, 0.0 ], [ 100.469676230000047, -0.941739496999968, 0.0 ], [ 100.469825524000044, -0.941725291999948, 0.0 ], [ 100.470321213000034, -0.941688562999929, 0.0 ], [ 100.470460873000036, -0.941699270999926, 0.0 ], [ 100.470952573000048, -0.942146326999879, 0.0 ], [ 100.471147210000069, -0.942256423999929, 0.0 ], [ 100.471373703000069, -0.942324083999932, 0.0 ], [ 100.471610630000043, -0.942270579999946, 0.0 ], [ 100.471793472000073, -0.942252561999965, 0.0 ], [ 100.471937736000115, -0.942247645999913, 0.0 ], [ 100.472613388000056, -0.942323765999905, 0.0 ], [ 100.47282181000007, -0.942303626999927, 0.0 ], [ 100.473079684000098, -0.942198401999924, 0.0 ], [ 100.473783202000035, -0.941722131999953, 0.0 ], [ 100.474262070000051, -0.941572486999917, 0.0 ], [ 100.474519092, -0.941436235999923, 0.0 ], [ 100.474876250000065, -0.941071557999948, 0.0 ], [ 100.475132342000023, -0.940720856999974, 0.0 ], [ 100.475188043000102, -0.940537621999912, 0.0 ], [ 100.475229930000097, -0.940418348, 0.0 ], [ 100.475290719000071, -0.9403678749999, 0.0 ], [ 100.475387997000041, -0.9403281509999, 0.0 ], [ 100.475562029000045, -0.940306759999906, 0.0 ], [ 100.475691199000082, -0.940306704999902, 0.0 ], [ 100.475838814000028, -0.940290809999919, 0.0 ], [ 100.475993999000082, -0.940325148999918, 0.0 ], [ 100.476147119000046, -0.940439062999928, 0.0 ], [ 100.476347228000094, -0.940598127999944, 0.0 ], [ 100.476519654000057, -0.94074179599993, 0.0 ], [ 100.477456208, -0.940937694999885, 0.0 ], [ 100.477631926000072, -0.94093930999993, 0.0 ], [ 100.477715800000084, -0.94093526299995, 0.0 ], [ 100.477762766000055, -0.940924900999892, 0.0 ], [ 100.477809731000036, -0.940908415999949, 0.0 ], [ 100.477848716000068, -0.940867450999935, 0.0 ], [ 100.477881402000023, -0.94080917999991, 0.0 ], [ 100.477912416, -0.940762731999886, 0.0 ], [ 100.477930416000078, -0.940682937999945, 0.0 ], [ 100.477976391000055, -0.940311428999937, 0.0 ], [ 100.477922230000019, -0.940161802, 0.0 ], [ 100.477886548000086, -0.940082030999964, 0.0 ], [ 100.477814387000066, -0.940014939999919, 0.0 ], [ 100.477789191000028, -0.939933476999929, 0.0 ], [ 100.477796256, -0.939781079999932, 0.0 ], [ 100.477825160000066, -0.939704868999932, 0.0 ], [ 100.477940454000105, -0.939621446999958, 0.0 ], [ 100.478124531000063, -0.939548759999983, 0.0 ], [ 100.478889077000076, -0.939599302999902, 0.0 ], [ 100.47905811000004, -0.939654741999959, 0.0 ], [ 100.479160070000034, -0.939776064999872, 0.0 ], [ 100.47926161, -0.939900767999976, 0.0 ], [ 100.479331657000017, -0.939926275999955, 0.0 ], [ 100.479420576000095, -0.939951777999934, 0.0 ], [ 100.479852468000033, -0.939791811999932, 0.0 ], [ 100.480066687, -0.93959415699992, 0.0 ], [ 100.480194131000061, -0.939484975999946, 0.0 ], [ 100.480366044000078, -0.939408072999889, 0.0 ], [ 100.480659155000083, -0.939324573999908, 0.0 ], [ 100.481742325000084, -0.939138367999867, 0.0 ], [ 100.481997236000041, -0.938969822999955, 0.0 ], [ 100.48219722000006, -0.938832962999911, 0.0 ], [ 100.482501250000084, -0.938784496999986, 0.0 ], [ 100.482646762000044, -0.938757839999912, 0.0 ], [ 100.482792256, -0.938688333999934, 0.0 ], [ 100.482798522000081, -0.938631131999909, 0.0 ], [ 100.482796820000019, -0.938575197999899, 0.0 ], [ 100.482802666000069, -0.938514827999878, 0.0 ], [ 100.482828221000048, -0.938445373999905, 0.0 ], [ 100.482849181000091, -0.938425735999878, 0.0 ], [ 100.482948151000116, -0.938419783999919, 0.0 ], [ 100.483027848000049, -0.938454365999938, 0.0 ], [ 100.483391571000112, -0.938752245999982, 0.0 ], [ 100.483434349000021, -0.938754969999941, 0.0 ], [ 100.483504361000129, -0.938698161999948, 0.0 ], [ 100.483640973000064, -0.938604721999944, 0.0 ], [ 100.484218894, -0.938500714999954, 0.0 ], [ 100.484370725000048, -0.93853906599993, 0.0 ], [ 100.484461732000028, -0.938545779999952, 0.0 ], [ 100.484525889000096, -0.938525489999961, 0.0 ], [ 100.484623554000095, -0.938410203999926, 0.0 ], [ 100.484748047, -0.938260709999902, 0.0 ], [ 100.48483902100007, -0.938186162999951, 0.0 ], [ 100.484899816000038, -0.938155531999904, 0.0 ], [ 100.485631219000069, -0.938180757999948, 0.0 ], [ 100.485724771000079, -0.938257336999889, 0.0 ], [ 100.485932029000082, -0.938457556999936, 0.0 ], [ 100.48614386600012, -0.938580944999931, 0.0 ], [ 100.486609914000041, -0.938870335999983, 0.0 ], [ 100.48671566100009, -0.939021207999943, 0.0 ], [ 100.486762685000073, -0.939149517999901, 0.0 ], [ 100.486866327000115, -0.939281606999906, 0.0 ], [ 100.487092141000062, -0.939729826999955, 0.0 ], [ 100.487125701000082, -0.939754507999954, 0.0 ], [ 100.487204966000064, -0.939763339999974, 0.0 ], [ 100.487314007000037, -0.939766669999894, 0.0 ], [ 100.487463735000077, -0.939791510999907, 0.0 ], [ 100.487587055000063, -0.939848026999876, 0.0 ], [ 100.487720037000059, -0.939942740999896, 0.0 ], [ 100.487907127000085, -0.940059806999901, 0.0 ], [ 100.488165251000027, -0.940212485999922, 0.0 ], [ 100.488285088000083, -0.9403013219999, 0.0 ], [ 100.488362729000031, -0.940436162999955, 0.0 ], [ 100.488426575000076, -0.94067464799997, 0.0 ], [ 100.488515985, -0.940869638999938, 0.0 ], [ 100.488610369000085, -0.940929544999921, 0.0 ], [ 100.488843980000055, -0.940969334999927, 0.0 ], [ 100.48896351000009, -0.940989336999895, 0.0 ], [ 100.489067952000113, -0.941029183999905, 0.0 ], [ 100.48917197900002, -0.94108422999993, 0.0 ], [ 100.489271438000074, -0.941239114999956, 0.0 ], [ 100.489391002000019, -0.94133910999988, 0.0 ], [ 100.489927924000128, -0.941623826999901, 0.0 ], [ 100.490213985000082, -0.941738316999871, 0.0 ], [ 100.490306670000024, -0.941741020999917, 0.0 ], [ 100.490439176000066, -0.941701069999898, 0.0 ], [ 100.490513376000067, -0.941632229999886, 0.0 ], [ 100.490574591000069, -0.941600753999946, 0.0 ], [ 100.490639175000084, -0.941600724999944, 0.0 ], [ 100.490713001000074, -0.941635941999927, 0.0 ], [ 100.490821661, -0.941739742999989, 0.0 ], [ 100.490943722000068, -0.941793513999908, 0.0 ], [ 100.49103053500005, -0.941793477, 0.0 ], [ 100.491115231000038, -0.941756291999937, 0.0 ], [ 100.491440530000048, -0.941432577999887, 0.0 ], [ 100.491523968000109, -0.941390538999872, 0.0 ], [ 100.491606993000048, -0.941362641999962, 0.0 ], [ 100.491820035, -0.941362548999955, 0.0 ], [ 100.491889645000086, -0.94134626699994, 0.0 ], [ 100.491947497000069, -0.941297272999972, 0.0 ], [ 100.492006565000068, -0.941145908999882, 0.0 ], [ 100.492024530000052, -0.940987808999946, 0.0 ], [ 100.492064731000085, -0.940848274999947, 0.0 ], [ 100.492104961000038, -0.940778601999956, 0.0 ], [ 100.492152338000054, -0.940749031999907, 0.0 ], [ 100.492988551000053, -0.940700968999927, 0.0 ], [ 100.493149183000114, -0.94072665099992, 0.0 ], [ 100.493262438000073, -0.940785280999886, 0.0 ], [ 100.493300638000036, -0.940866947999893, 0.0 ], [ 100.49334470200003, -0.940937849999898, 0.0 ], [ 100.493407648000087, -0.941034281999972, 0.0 ], [ 100.49347183900008, -0.941096941999916, 0.0 ], [ 100.493568304000064, -0.941114421999941, 0.0 ], [ 100.49364085400002, -0.941109534999892, 0.0 ], [ 100.493701245000054, -0.94111583999997, 0.0 ], [ 100.493818282000049, -0.941189031999897, 0.0 ], [ 100.493894646000058, -0.941276382999931, 0.0 ], [ 100.494015869000052, -0.941330364999956, 0.0 ], [ 100.494169783000089, -0.941341695999917, 0.0 ], [ 100.494284264000058, -0.941319272999927, 0.0 ], [ 100.494334568000042, -0.941271337999957, 0.0 ], [ 100.494356765000106, -0.941201251999932, 0.0 ], [ 100.494401448000076, -0.940757137999956, 0.0 ], [ 100.494387992000028, -0.940670605999902, 0.0 ], [ 100.494398452, -0.94061107899995, 0.0 ], [ 100.494436588000056, -0.940550060999964, 0.0 ], [ 100.494511205, -0.940473622999946, 0.0 ], [ 100.494574924000034, -0.940413861999975, 0.0 ], [ 100.494671772000061, -0.940351130999936, 0.0 ], [ 100.49475354500008, -0.940335898999919, 0.0 ], [ 100.49571149400002, -0.940565553999914, 0.0 ], [ 100.495901464000013, -0.940549852999947, 0.0 ], [ 100.496126205000053, -0.940448441999905, 0.0 ], [ 100.496319056000019, -0.940302295999981, 0.0 ], [ 100.496574807000044, -0.940147681999978, 0.0 ], [ 100.496694309000077, -0.9400995069999, 0.0 ], [ 100.496827255000056, -0.940109791999863, 0.0 ], [ 100.497001305000069, -0.940133778999893, 0.0 ], [ 100.497127955000067, -0.940133723999978, 0.0 ], [ 100.497284768000071, -0.940051337999911, 0.0 ], [ 100.497315741000065, -0.93991011699995, 0.0 ], [ 100.49730343100002, -0.939562277999858, 0.0 ], [ 100.497327303000048, -0.939486703999911, 0.0 ], [ 100.497420375000019, -0.939420175999913, 0.0 ], [ 100.497671065000063, -0.939198440999952, 0.0 ], [ 100.497709217000107, -0.939167610999977, 0.0 ], [ 100.497763315000057, -0.939167587999975, 0.0 ], [ 100.497985575000058, -0.939148283999888, 0.0 ], [ 100.49825944300008, -0.93918636899993, 0.0 ], [ 100.498530750000057, -0.939124829999901, 0.0 ], [ 100.498703114000108, -0.939124755999895, 0.0 ], [ 100.498880935000074, -0.939142620999952, 0.0 ], [ 100.499035285000048, -0.939190255999897, 0.0 ], [ 100.499088543000113, -0.939184112999921, 0.0 ], [ 100.49916570100001, -0.939166347999961, 0.0 ], [ 100.499552218000105, -0.938829944999927, 0.0 ], [ 100.499695618000061, -0.938765717999942, 0.0 ], [ 100.499881354000067, -0.938658835999892, 0.0 ], [ 100.499950502000019, -0.938541237999932, 0.0 ], [ 100.499999988000027, -0.938429758999945, 0.0 ], [ 100.500043390000059, -0.938227843999936, 0.0 ], [ 100.500070453, -0.938181153999892, 0.0 ], [ 100.500111215000075, -0.938110828999935, 0.0 ], [ 100.500187049000047, -0.938050629999928, 0.0 ], [ 100.500275866000024, -0.938008352999894, 0.0 ], [ 100.500300100000075, -0.937957962999988, 0.0 ], [ 100.50027061400003, -0.937866900999914, 0.0 ], [ 100.500266466000042, -0.937736139999931, 0.0 ], [ 100.500406477000084, -0.93743173199988, 0.0 ], [ 100.500444994000077, -0.937405168999902, 0.0 ], [ 100.500513966000099, -0.9374051389999, 0.0 ], [ 100.500601320000044, -0.937437766999935, 0.0 ], [ 100.500670318000061, -0.937503116999924, 0.0 ], [ 100.500725248, -0.937576612999965, 0.0 ], [ 100.500837339000029, -0.937620773999889, 0.0 ], [ 100.50099956400004, -0.937597850999946, 0.0 ], [ 100.501236589000115, -0.937614768999925, 0.0 ], [ 100.501378877000079, -0.93764537299997, 0.0 ], [ 100.501525522000037, -0.937712456999925, 0.0 ], [ 100.501625074000017, -0.937794549999968, 0.0 ], [ 100.501701680000053, -0.937912671999882, 0.0 ], [ 100.50177222500011, -0.938090907999886, 0.0 ], [ 100.501858914000096, -0.938207109999908, 0.0 ], [ 100.501987323000051, -0.938313610999927, 0.0 ], [ 100.50213179100011, -0.938400738999942, 0.0 ], [ 100.502519874000072, -0.938412078999903, 0.0 ], [ 100.502769806000046, -0.938397697999957, 0.0 ], [ 100.50283, -0.938411928999891, 0.0 ], [ 100.502872642000028, -0.938458244999904, 0.0 ], [ 100.502906302000071, -0.938509938999918, 0.0 ], [ 100.503058769000063, -0.938587752999961, 0.0 ], [ 100.503212101000059, -0.938666263999885, 0.0 ], [ 100.5033414910001, -0.938738981999951, 0.0 ], [ 100.503505436000083, -0.938852542999932, 0.0 ], [ 100.503597374000051, -0.938873889999922, 0.0 ], [ 100.503744997000098, -0.938866854999961, 0.0 ], [ 100.503863586000051, -0.938886221999965, 0.0 ], [ 100.5040456710001, -0.938938914999884, 0.0 ], [ 100.50425940300002, -0.939006331999956, 0.0 ], [ 100.504425010000048, -0.939041105999902, 0.0 ], [ 100.50455846400007, -0.939041047999986, 0.0 ], [ 100.504714059000065, -0.93900863499988, 0.0 ], [ 100.504914266000029, -0.938956361999907, 0.0 ], [ 100.505037589000011, -0.938847090999925, 0.0 ], [ 100.505157400000073, -0.938691275999911, 0.0 ], [ 100.505279450000046, -0.938632011999982, 0.0 ], [ 100.505440738000061, -0.938605609999929, 0.0 ], [ 100.505642079000026, -0.938639356999879, 0.0 ], [ 100.505754502000087, -0.938713785999909, 0.0 ], [ 100.505823009000082, -0.938793711999949, 0.0 ], [ 100.505866978000071, -0.938912272999989, 0.0 ], [ 100.505902642000095, -0.938983967999881, 0.0 ], [ 100.505924907000065, -0.938996406999934, 0.0 ], [ 100.505950561000063, -0.9389992159999, 0.0 ], [ 100.506142095000101, -0.93897476799992, 0.0 ], [ 100.506216336000108, -0.938928771999933, 0.0 ], [ 100.506308956000055, -0.938913985999864, 0.0 ], [ 100.506411806000031, -0.938939790999957, 0.0 ], [ 100.506511208000092, -0.938972692999926, 0.0 ], [ 100.506628307000099, -0.939008283999939, 0.0 ], [ 100.506759856000059, -0.938993756999892, 0.0 ], [ 100.506836400000083, -0.938962442999966, 0.0 ], [ 100.506912948000021, -0.938938365999928, 0.0 ], [ 100.506996679000025, -0.938909442999933, 0.0 ], [ 100.507099486000087, -0.938902162999952, 0.0 ], [ 100.507188030000037, -0.938923775999964, 0.0 ], [ 100.507304642000094, -0.93899123199995, 0.0 ], [ 100.507365832000104, -0.938999717999941, 0.0 ], [ 100.507420730000021, -0.938997566999941, 0.0 ], [ 100.507481919000028, -0.939001796999936, 0.0 ], [ 100.507534729000042, -0.939022997999913, 0.0 ], [ 100.507629674000086, -0.939073920999864, 0.0 ], [ 100.507703556000067, -0.939120595999906, 0.0 ], [ 100.50802949100003, -0.939208444999981, 0.0 ], [ 100.508112174000033, -0.939220399999904, 0.0 ], [ 100.508205971000066, -0.939228476999951, 0.0 ], [ 100.508520521000065, -0.939075768999928, 0.0 ], [ 100.508831869000076, -0.938904654999892, 0.0 ], [ 100.508955220000061, -0.938860179999942, 0.0 ], [ 100.509048753000073, -0.938775896999985, 0.0 ], [ 100.509141542000023, -0.938705317999919, 0.0 ], [ 100.509569536000086, -0.938527743999881, 0.0 ], [ 100.509817948000034, -0.938466087999931, 0.0 ], [ 100.509971131000015, -0.938392871999913, 0.0 ], [ 100.510075008000086, -0.938319626999892, 0.0 ], [ 100.510248895000075, -0.938113141999949, 0.0 ], [ 100.51043838800004, -0.937985012999917, 0.0 ], [ 100.510532598000012, -0.937949540999913, 0.0 ], [ 100.5106194090001, -0.937884761999971, 0.0 ], [ 100.510656314000045, -0.937823302999949, 0.0 ], [ 100.510706065000065, -0.937692200999937, 0.0 ], [ 100.510752755000027, -0.937637172999914, 0.0 ], [ 100.510825926000038, -0.937606334999938, 0.0 ], [ 100.510886190000051, -0.937598279999982, 0.0 ], [ 100.510939190000087, -0.937598256999891, 0.0 ], [ 100.51100239200008, -0.937528226999959, 0.0 ], [ 100.511017189000057, -0.937465920999955, 0.0 ], [ 100.511041422000019, -0.937413030999931, 0.0 ], [ 100.511083922000068, -0.937366198999875, 0.0 ], [ 100.51115467200006, -0.937325524999885, 0.0 ], [ 100.511229421000024, -0.937294955999931, 0.0 ], [ 100.511318353000021, -0.937286777999876, 0.0 ], [ 100.511473999000017, -0.937372145999923, 0.0 ], [ 100.511531298000051, -0.937384568999974, 0.0 ], [ 100.511597268000088, -0.937370231999942, 0.0 ], [ 100.511659743000024, -0.937346850999962, 0.0 ], [ 100.511711412000025, -0.937267881999912, 0.0 ], [ 100.511756010000084, -0.937221207999869, 0.0 ], [ 100.511807701000095, -0.937187084999888, 0.0 ], [ 100.511859397000109, -0.937176264999881, 0.0 ], [ 100.511914700000062, -0.937187037999884, 0.0 ], [ 100.512294681000057, -0.937389664999952, 0.0 ], [ 100.512573241000013, -0.937570895999936, 0.0 ], [ 100.512757743000094, -0.937676200999945, 0.0 ], [ 100.512929925000037, -0.937683200999903, 0.0 ], [ 100.513017252000068, -0.937658159999962, 0.0 ], [ 100.513100274000109, -0.937600244999878, 0.0 ], [ 100.513144924000073, -0.937449142999988, 0.0 ], [ 100.513205589000023, -0.937397673999904, 0.0 ], [ 100.513328444000066, -0.937360700999864, 0.0 ], [ 100.513745585000024, -0.937397438999884, 0.0 ], [ 100.513889410000033, -0.937380353999981, 0.0 ], [ 100.513993693000046, -0.937326417999959, 0.0 ], [ 100.514159943000024, -0.937232717999933, 0.0 ], [ 100.514221228000039, -0.937230987999968, 0.0 ], [ 100.514346003000057, -0.937247956999951, 0.0 ], [ 100.514449217000077, -0.937263445999989, 0.0 ], [ 100.514770977000055, -0.937167229999933, 0.0 ], [ 100.514906005000029, -0.937116632999921, 0.0 ], [ 100.51499424000005, -0.937115210999892, 0.0 ], [ 100.515086680000053, -0.937143898999956, 0.0 ], [ 100.515226461000083, -0.937237358999873, 0.0 ], [ 100.515286473000074, -0.937294786999917, 0.0 ], [ 100.515325995000055, -0.937364544999916, 0.0 ], [ 100.515365591000048, -0.937447217999917, 0.0 ], [ 100.515426116000071, -0.937533744999882, 0.0 ], [ 100.515503193000058, -0.937579779999961, 0.0 ], [ 100.515614585000037, -0.937582126999889, 0.0 ], [ 100.515745023000079, -0.937536744999864, 0.0 ], [ 100.515886535000064, -0.93747837699992, 0.0 ], [ 100.515984629000016, -0.937423168999882, 0.0 ], [ 100.516036005, -0.937360160999908, 0.0 ], [ 100.516082384000114, -0.937277841999936, 0.0 ], [ 100.516110879000067, -0.937156113999901, 0.0 ], [ 100.516115921000036, -0.937041150999892, 0.0 ], [ 100.516157908000054, -0.936963355999939, 0.0 ], [ 100.516236842000097, -0.936915975999927, 0.0 ], [ 100.516446125000101, -0.936855345999973, 0.0 ], [ 100.516644624, -0.936780834999936, 0.0 ], [ 100.516716443000078, -0.936674513999932, 0.0 ], [ 100.516695190000092, -0.936457050999881, 0.0 ], [ 100.516599433000081, -0.936144448999862, 0.0 ], [ 100.516570134000048, -0.936018859999951, 0.0 ], [ 100.516580629000032, -0.935821066999928, 0.0 ], [ 100.516782409000115, -0.935486947999905, 0.0 ], [ 100.516853530000049, -0.935377968999948, 0.0 ], [ 100.516878217000055, -0.935219853999921, 0.0 ], [ 100.51690300500006, -0.935065887999883, 0.0 ], [ 100.516952579000076, -0.934993038999895, 0.0 ], [ 100.517018831000058, -0.934932843999889, 0.0 ], [ 100.517202688000083, -0.934932763999882, 0.0 ], [ 100.517285622000017, -0.934906499999929, 0.0 ], [ 100.51736693400008, -0.9348213479999, 0.0 ], [ 100.517438066000096, -0.934736837999925, 0.0 ], [ 100.517597638000069, -0.934666814999904, 0.0 ], [ 100.517724464000082, -0.934576801999917, 0.0 ], [ 100.517811050000049, -0.934455100999973, 0.0 ], [ 100.517860930000012, -0.934394750999953, 0.0 ], [ 100.517981509000037, -0.934172066999913, 0.0 ], [ 100.51810591100012, -0.934014387999923, 0.0 ], [ 100.518294090000055, -0.93385034999994, 0.0 ], [ 100.518497761000035, -0.933737214999905, 0.0 ], [ 100.518723591000068, -0.933622688999932, 0.0 ], [ 100.518835155000062, -0.933556567999968, 0.0 ], [ 100.518950386000085, -0.93343182399995, 0.0 ], [ 100.519119377000038, -0.933214063999962, 0.0 ], [ 100.51925175900007, -0.933047815999885, 0.0 ], [ 100.5197095340001, -0.932649376999958, 0.0 ], [ 100.520184076000106, -0.932249707999929, 0.0 ], [ 100.520373704000079, -0.931969166999988, 0.0 ], [ 100.520672081000072, -0.931816465999876, 0.0 ], [ 100.521048696000065, -0.931624311999876, 0.0 ], [ 100.521185689000035, -0.931506099999954, 0.0 ], [ 100.521341476000046, -0.93122014699992, 0.0 ], [ 100.52147949800009, -0.93094212799992, 0.0 ], [ 100.521738421000023, -0.930720500999879, 0.0 ], [ 100.521915331000088, -0.930585779999923, 0.0 ], [ 100.522010183000035, -0.930416356999938, 0.0 ], [ 100.522032051000068, -0.930205311999885, 0.0 ], [ 100.521983137000021, -0.929959612999895, 0.0 ], [ 100.521852749000061, -0.929653888999912, 0.0 ], [ 100.521825515000032, -0.929457279999898, 0.0 ], [ 100.521906828000013, -0.929140558999894, 0.0 ], [ 100.522074362000112, -0.928081902999963, 0.0 ], [ 100.522141100000027, -0.927527818999948, 0.0 ], [ 100.52217394200008, -0.926834157999931, 0.0 ], [ 100.522103909000066, -0.926452866999913, 0.0 ], [ 100.522063973000044, -0.926195353999923, 0.0 ], [ 100.522053882000094, -0.925937773999927, 0.0 ], [ 100.522093415000086, -0.925720232999868, 0.0 ], [ 100.522197790000106, -0.925413182999865, 0.0 ], [ 100.52229790900013, -0.924963192999936, 0.0 ], [ 100.522362384000047, -0.924714037999927, 0.0 ], [ 100.522514882000053, -0.924376087999942, 0.0 ], [ 100.522679565, -0.92395216499995, 0.0 ], [ 100.522746977000068, -0.923570385999891, 0.0 ], [ 100.522856062000031, -0.923308872999925, 0.0 ], [ 100.522954903000041, -0.923135404999872, 0.0 ], [ 100.523218990000046, -0.92285807799993, 0.0 ], [ 100.523466068000062, -0.92248117199992, 0.0 ], [ 100.523611447000093, -0.92236082899991, 0.0 ], [ 100.523770813000056, -0.922276600999957, 0.0 ], [ 100.523969304000047, -0.922191451999929, 0.0 ], [ 100.524166296, -0.922095451999891, 0.0 ], [ 100.52427415400004, -0.922003532999923, 0.0 ], [ 100.524432969000031, -0.921745056999942, 0.0 ], [ 100.524568578000071, -0.921472333999937, 0.0 ], [ 100.52469586600003, -0.92106792199996, 0.0 ], [ 100.524869137000067, -0.920347177999922, 0.0 ], [ 100.525075642, -0.919856819999939, 0.0 ], [ 100.525326430000064, -0.919524862999918, 0.0 ], [ 100.525595233000018, -0.919068684999921, 0.0 ], [ 100.525693471000054, -0.918885747999973, 0.0 ], [ 100.52586298600005, -0.91848733199987, 0.0 ], [ 100.525946660000045, -0.918090121999956, 0.0 ], [ 100.525950750000035, -0.917847431999949, 0.0 ], [ 100.52591467700006, -0.917280943999973, 0.0 ], [ 100.525914459000049, -0.916767055999909, 0.0 ], [ 100.525910923000112, -0.916666666999951, 0.0 ], [ 100.525890090000075, -0.916155920999881, 0.0 ], [ 100.525804528, -0.915663055999957, 0.0 ], [ 100.525741373000116, -0.915043564999948, 0.0 ], [ 100.525709756000069, -0.914641116999956, 0.0 ], [ 100.52575003900003, -0.914288381999903, 0.0 ], [ 100.525862213000082, -0.913971790999909, 0.0 ], [ 100.526001381000043, -0.913750152999956, 0.0 ], [ 100.526194428000025, -0.913456136999965, 0.0 ], [ 100.526423357000056, -0.91302644699994, 0.0 ], [ 100.526508513000081, -0.912556118999927, 0.0 ], [ 100.526562169000087, -0.911959188999919, 0.0 ], [ 100.526548271000081, -0.910959825999921, 0.0 ], [ 100.526619703000051, -0.909901640999941, 0.0 ], [ 100.526960167000055, -0.908959450999877, 0.0 ], [ 100.527409525000024, -0.90792969999994, 0.0 ], [ 100.527885214000037, -0.90674472599995, 0.0 ], [ 100.52822187000001, -0.90610697799994, 0.0 ], [ 100.528567640000105, -0.905772199999952, 0.0 ], [ 100.529155505000077, -0.90530486199992, 0.0 ], [ 100.52970804900005, -0.904836045999943, 0.0 ], [ 100.530467318000078, -0.904405743999956, 0.0 ], [ 100.531150042000078, -0.904147696999921, 0.0 ], [ 100.531823736000035, -0.903781127999878, 0.0 ], [ 100.532447925999989, -0.903206566999945, 0.0 ], [ 100.532753140000025, -0.902577877999885, 0.0 ], [ 100.533035895000054, -0.901958240999864, 0.0 ], [ 100.533206274000037, -0.901171337999859, 0.0 ], [ 100.533399152000101, -0.900474865999964, 0.0 ], [ 100.533614425000053, -0.899615591999922, 0.0 ], [ 100.533708596000025, -0.899217614999944, 0.0 ], [ 100.533915097000062, -0.898869332999904, 0.0 ], [ 100.534849160000078, -0.898064018999886, 0.0 ], [ 100.535428508000052, -0.897683924999967, 0.0 ], [ 100.535765728000058, -0.897471782999911, 0.0 ], [ 100.536214471000065, -0.897231390999917, 0.0 ], [ 100.537045398000075, -0.896878323999925, 0.0 ], [ 100.537409141000055, -0.896561628999923, 0.0 ], [ 100.53774586400003, -0.896082153999952, 0.0 ], [ 100.538242502000088, -0.895440638999897, 0.0 ], [ 100.538751752000039, -0.895159239999884, 0.0 ], [ 100.539238277000052, -0.894977801999971, 0.0 ], [ 100.540067828000034, -0.894765268999883, 0.0 ], [ 100.540620340000018, -0.89467459599993, 0.0 ], [ 100.541096541000073, -0.894719613999925, 0.0 ], [ 100.54173454, -0.894949966999889, 0.0 ], [ 100.542278247000056, -0.895284363999934, 0.0 ], [ 100.542718587000067, -0.895514799999905, 0.0 ], [ 100.543661975000063, -0.895537009999877, 0.0 ], [ 100.544564928000071, -0.895550192, 0.0 ], [ 100.545386979000057, -0.895468447999978, 0.0 ], [ 100.54627186400009, -0.89524649599991, 0.0 ], [ 100.546690779000102, -0.895098910999867, 0.0 ], [ 100.547138719000046, -0.894879845999949, 0.0 ], [ 100.547888742000012, -0.894436372999937, 0.0 ], [ 100.548400741000108, -0.894151270999885, 0.0 ], [ 100.548678918000022, -0.894111657999893, 0.0 ], [ 100.548984759000021, -0.894205286999913, 0.0 ], [ 100.549384690000068, -0.894490000999934, 0.0 ], [ 100.549989629000024, -0.894741925999906, 0.0 ], [ 100.550692127000062, -0.89494164299991, 0.0 ], [ 100.551455890000028, -0.895126718999947, 0.0 ], [ 100.55222408200008, -0.895167089999912, 0.0 ], [ 100.55260140700004, -0.89510814299992, 0.0 ], [ 100.553001144000064, -0.894931615999969, 0.0 ], [ 100.553315484000052, -0.894651119999942, 0.0 ], [ 100.553800488000036, -0.894271066999938, 0.0 ], [ 100.554281104000012, -0.894139724999906, 0.0 ], [ 100.554797713000127, -0.894139504999888, 0.0 ], [ 100.555053791, -0.894184615999979, 0.0 ], [ 100.555628892000058, -0.894405946999907, 0.0 ], [ 100.556208489000056, -0.894636318999961, 0.0 ], [ 100.557129548000063, -0.894984116999961, 0.0 ], [ 100.557709101000057, -0.895110484999936, 0.0 ], [ 100.558369562000081, -0.895349865999936, 0.0 ], [ 100.559272703000019, -0.895824284999932, 0.0 ], [ 100.559987083000067, -0.896090774999955, 0.0 ], [ 100.560584598000034, -0.896199045999943, 0.0 ], [ 100.56099338300001, -0.896176260999923, 0.0 ], [ 100.561617755000071, -0.896062942999961, 0.0 ], [ 100.561932145000057, -0.895904539999911, 0.0 ], [ 100.562286934000014, -0.895673767999913, 0.0 ], [ 100.56263720400004, -0.895379691999917, 0.0 ], [ 100.563221061000036, -0.895062903999907, 0.0 ], [ 100.564105899000054, -0.894750508999905, 0.0 ], [ 100.564564010000041, -0.894524214999922, 0.0 ], [ 100.564598515798522, -0.894584617042934, 0.0 ] ] ] ] } },
{ "type": "Feature", "properties": { "NAMOBJ": "PADANG UTARA", "REMARK": "Wilayah Administrasi Kecamatan", "WADMKK": "KOTA PADANG", "WADMPR": "SUMATERA BARAT", "Shape_Leng": 0.21043990185, "Shape_Area": 0.00068897956 }, "geometry": { "type": "MultiPolygon", "coordinates": [ [ [ [ 100.357839007000081, -0.889681002999939, 0.0 ], [ 100.357912589000037, -0.889825512999906, 0.0 ], [ 100.358089649000121, -0.890106703999901, 0.0 ], [ 100.358553605000054, -0.89062577299995, 0.0 ], [ 100.358525492000027, -0.890667055999902, 0.0 ], [ 100.358482691000049, -0.890826167999922, 0.0 ], [ 100.358493539000051, -0.89117942399993, 0.0 ], [ 100.358493641000067, -0.891457178999907, 0.0 ], [ 100.358413352000085, -0.891686419999868, 0.0 ], [ 100.358311608000093, -0.891825339999905, 0.0 ], [ 100.358134871000047, -0.892027654999946, 0.0 ], [ 100.357846930000022, -0.892134272999886, 0.0 ], [ 100.357508094000053, -0.892251707999922, 0.0 ], [ 100.357292478000062, -0.892363698999862, 0.0 ], [ 100.357238974000083, -0.892568663999945, 0.0 ], [ 100.357204388000056, -0.89322530699992, 0.0 ], [ 100.357156582000101, -0.894337681999943, 0.0 ], [ 100.357194389000114, -0.895160142999959, 0.0 ], [ 100.357157121000057, -0.895804656999907, 0.0 ], [ 100.356951027000051, -0.896325186999899, 0.0 ], [ 100.35654410000005, -0.897031858999927, 0.0 ], [ 100.356196071000028, -0.897660299999878, 0.0 ], [ 100.356040903000064, -0.898242839999938, 0.0 ], [ 100.356041059000077, -0.898666204999884, 0.0 ], [ 100.356116269, -0.899208201999965, 0.0 ], [ 100.356378347000017, -0.899780463999885, 0.0 ], [ 100.35513565100004, -0.900657337999963, 0.0 ], [ 100.35384472700008, -0.901526143999906, 0.0 ], [ 100.352401088000093, -0.902349158999879, 0.0 ], [ 100.351977513000037, -0.902677252999936, 0.0 ], [ 100.35197878600006, -0.902679533999947, 0.0 ], [ 100.352025550000107, -0.902763350999955, 0.0 ], [ 100.352077597000061, -0.902850202999947, 0.0 ], [ 100.352108932000078, -0.902902490999921, 0.0 ], [ 100.352147347000056, -0.902969723999888, 0.0 ], [ 100.352191853000093, -0.903044959999896, 0.0 ], [ 100.352630929000014, -0.9036751249999, 0.0 ], [ 100.353030662000052, -0.904337051999956, 0.0 ], [ 100.353405761, -0.904958013999909, 0.0 ], [ 100.354789163000063, -0.907019975999898, 0.0 ], [ 100.355163256000111, -0.907664181999909, 0.0 ], [ 100.35599922600008, -0.908896836999936, 0.0 ], [ 100.356466009000073, -0.909625225999896, 0.0 ], [ 100.356523017000086, -0.909618526999964, 0.0 ], [ 100.356680107000017, -0.909616459999881, 0.0 ], [ 100.356749433000076, -0.909603507999964, 0.0 ], [ 100.356921437000011, -0.909549183999911, 0.0 ], [ 100.357158082000041, -0.909446508999942, 0.0 ], [ 100.358284051000041, -0.908989042999927, 0.0 ], [ 100.358443702000017, -0.908940954999945, 0.0 ], [ 100.358823237000067, -0.908710197999948, 0.0 ], [ 100.358814897000087, -0.908679691999911, 0.0 ], [ 100.358936016000072, -0.908631815999946, 0.0 ], [ 100.358976972000079, -0.908623228999947, 0.0 ], [ 100.359007824000059, -0.908640762999887, 0.0 ], [ 100.359090810000083, -0.908781178999959, 0.0 ], [ 100.359108078000091, -0.90886980199992, 0.0 ], [ 100.359103106000035, -0.908909970999957, 0.0 ], [ 100.359182159000099, -0.908910818999939, 0.0 ], [ 100.359254214000018, -0.908889037999913, 0.0 ], [ 100.359314270000098, -0.908884177999955, 0.0 ], [ 100.359402947000063, -0.908902025999922, 0.0 ], [ 100.359465755000116, -0.908933670999875, 0.0 ], [ 100.359610307000082, -0.908923914999956, 0.0 ], [ 100.359816333000083, -0.90886790299994, 0.0 ], [ 100.35998161100008, -0.908846386999937, 0.0 ], [ 100.360204808000063, -0.908851901999949, 0.0 ], [ 100.360430093000062, -0.90896033599995, 0.0 ], [ 100.360578414000074, -0.909448418999922, 0.0 ], [ 100.360773216000027, -0.909540305999887, 0.0 ], [ 100.361053557000034, -0.909710079999901, 0.0 ], [ 100.361344639000052, -0.909782258999922, 0.0 ], [ 100.361531715000083, -0.909811877999974, 0.0 ], [ 100.361731637, -0.909872443999923, 0.0 ], [ 100.361843753000045, -0.910177472999937, 0.0 ], [ 100.361958306000119, -0.910556483999944, 0.0 ], [ 100.362278663000069, -0.911403100999916, 0.0 ], [ 100.362218864000084, -0.911418078999912, 0.0 ], [ 100.362184036000045, -0.911499374999888, 0.0 ], [ 100.362173008000028, -0.911668322999923, 0.0 ], [ 100.362217429000054, -0.911816529999928, 0.0 ], [ 100.362171887000017, -0.911892676999923, 0.0 ], [ 100.362220096000016, -0.912109237999989, 0.0 ], [ 100.36229358600005, -0.912190745999983, 0.0 ], [ 100.362377208000041, -0.91227479799992, 0.0 ], [ 100.362418450000078, -0.912411298999935, 0.0 ], [ 100.362701476000055, -0.912308180999929, 0.0 ], [ 100.362985308000091, -0.912222761999878, 0.0 ], [ 100.363229918000073, -0.912156696999919, 0.0 ], [ 100.363497593000019, -0.912094213999989, 0.0 ], [ 100.363918216000101, -0.912027872999918, 0.0 ], [ 100.363911347000055, -0.91185017399987, 0.0 ], [ 100.363858538000045, -0.910865840999961, 0.0 ], [ 100.363813571000051, -0.909945583999935, 0.0 ], [ 100.363731715000114, -0.908616546999927, 0.0 ], [ 100.363702640000028, -0.908151254999886, 0.0 ], [ 100.365007399000064, -0.908087862999881, 0.0 ], [ 100.365306088000082, -0.908063229999886, 0.0 ], [ 100.366304349000089, -0.907998740999968, 0.0 ], [ 100.366725122000076, -0.907952171999934, 0.0 ], [ 100.366940091000018, -0.90787054399993, 0.0 ], [ 100.367027429000046, -0.908087663999954, 0.0 ], [ 100.367135189000081, -0.908396599999936, 0.0 ], [ 100.36722383300004, -0.908575659999919, 0.0 ], [ 100.367309415000108, -0.90887838999992, 0.0 ], [ 100.367340327000093, -0.908994153, 0.0 ], [ 100.367681015000031, -0.9088749339999, 0.0 ], [ 100.367793942000048, -0.909040642999933, 0.0 ], [ 100.367958935000033, -0.908949756999963, 0.0 ], [ 100.368082401000024, -0.908987154999949, 0.0 ], [ 100.368214340000023, -0.908821130999979, 0.0 ], [ 100.368481397, -0.908667236999946, 0.0 ], [ 100.368615892000022, -0.908549727, 0.0 ], [ 100.368653920000071, -0.908416933999931, 0.0 ], [ 100.368944516000042, -0.908192066999977, 0.0 ], [ 100.369195688000033, -0.908082853999911, 0.0 ], [ 100.369366974000087, -0.908097144999939, 0.0 ], [ 100.369632948000074, -0.908134570999927, 0.0 ], [ 100.369897679000033, -0.908226282999966, 0.0 ], [ 100.369998442000025, -0.908387746999914, 0.0 ], [ 100.37015582800008, -0.908604046999869, 0.0 ], [ 100.370200822000072, -0.908736427999898, 0.0 ], [ 100.370200983000089, -0.90892716299987, 0.0 ], [ 100.370194270000056, -0.909447176999908, 0.0 ], [ 100.370229690000059, -0.909964744999922, 0.0 ], [ 100.37023140200003, -0.91006872199991, 0.0 ], [ 100.369940985000071, -0.910106437999922, 0.0 ], [ 100.369943982000052, -0.910430395999903, 0.0 ], [ 100.370064758000098, -0.910436134999934, 0.0 ], [ 100.370076465000082, -0.910977028999923, 0.0 ], [ 100.370339541000092, -0.91106786499989, 0.0 ], [ 100.370366535000102, -0.911460429999952, 0.0 ], [ 100.37007385400004, -0.911484859999931, 0.0 ], [ 100.369961715, -0.911508042999984, 0.0 ], [ 100.369970448000018, -0.911981592999908, 0.0 ], [ 100.370009188000026, -0.911994557999915, 0.0 ], [ 100.369997897000061, -0.912073041999925, 0.0 ], [ 100.370039912000081, -0.912145797999905, 0.0 ], [ 100.370077545000086, -0.912244967999939, 0.0 ], [ 100.370090414000089, -0.912311996999978, 0.0 ], [ 100.370117484000019, -0.912456884999887, 0.0 ], [ 100.370125568000063, -0.912504342999906, 0.0 ], [ 100.370182357000047, -0.912741598999908, 0.0 ], [ 100.370239934000026, -0.912952553999954, 0.0 ], [ 100.370263134000069, -0.913095397999871, 0.0 ], [ 100.370270901000097, -0.913222715999925, 0.0 ], [ 100.370283124000039, -0.913494015999902, 0.0 ], [ 100.370264701000025, -0.913552188999919, 0.0 ], [ 100.370173775000055, -0.913735379999888, 0.0 ], [ 100.370157538000043, -0.913850822999937, 0.0 ], [ 100.370157570000046, -0.913935410999919, 0.0 ], [ 100.37000355, -0.913971525999887, 0.0 ], [ 100.369967890000069, -0.914458290999928, 0.0 ], [ 100.369947477000068, -0.914636, 0.0 ], [ 100.369696015000045, -0.914789218999953, 0.0 ], [ 100.36964228500004, -0.914889679999916, 0.0 ], [ 100.369606933000043, -0.914979476999974, 0.0 ], [ 100.369519232000073, -0.915038083999939, 0.0 ], [ 100.369219739000073, -0.915265265999906, 0.0 ], [ 100.369017910000068, -0.915406214999933, 0.0 ], [ 100.368852014000112, -0.915190371999927, 0.0 ], [ 100.368447882000069, -0.91547725499986, 0.0 ], [ 100.368226902000089, -0.915648289999979, 0.0 ], [ 100.368137710999989, -0.915920684999957, 0.0 ], [ 100.368149307000053, -0.91612060599989, 0.0 ], [ 100.368238633, -0.916201699999938, 0.0 ], [ 100.368327772000086, -0.916431713999874, 0.0 ], [ 100.368365245000078, -0.916501236999942, 0.0 ], [ 100.368691761, -0.916626387999905, 0.0 ], [ 100.368816707000036, -0.916734610999889, 0.0 ], [ 100.368895144000035, -0.916849890999924, 0.0 ], [ 100.369065162000069, -0.917113994999927, 0.0 ], [ 100.369087010000015, -0.917184228999876, 0.0 ], [ 100.369102512000055, -0.917380355999939, 0.0 ], [ 100.369226959000045, -0.91754054699987, 0.0 ], [ 100.369401549000102, -0.917577795999932, 0.0 ], [ 100.369545585000125, -0.917610664999899, 0.0 ], [ 100.369764469000117, -0.917758158999934, 0.0 ], [ 100.369834396000044, -0.91801275799995, 0.0 ], [ 100.370022032000023, -0.917931458999885, 0.0 ], [ 100.37011699100006, -0.918108821999905, 0.0 ], [ 100.370184149000025, -0.918362230999911, 0.0 ], [ 100.370257984, -0.918329621999877, 0.0 ], [ 100.370287382000043, -0.918333041999983, 0.0 ], [ 100.370391027, -0.918406828999871, 0.0 ], [ 100.370432059000024, -0.918456755999916, 0.0 ], [ 100.370218547000022, -0.918571575999913, 0.0 ], [ 100.370425073000064, -0.918986150999931, 0.0 ], [ 100.370190437000105, -0.919100459999886, 0.0 ], [ 100.37038658700007, -0.919552067999948, 0.0 ], [ 100.370590275000055, -0.92000245999991, 0.0 ], [ 100.37063133100007, -0.919985979999968, 0.0 ], [ 100.370811216000035, -0.920497736999945, 0.0 ], [ 100.370985168000047, -0.920911631999907, 0.0 ], [ 100.371123382000022, -0.920859621999956, 0.0 ], [ 100.3714591, -0.921537905999944, 0.0 ], [ 100.371992596, -0.921356356999933, 0.0 ], [ 100.371996978000098, -0.921432985999967, 0.0 ], [ 100.37245026600003, -0.921378367999978, 0.0 ], [ 100.372586017000074, -0.921622448999923, 0.0 ], [ 100.372793464, -0.921914569999934, 0.0 ], [ 100.372951133000086, -0.921825159999909, 0.0 ], [ 100.373109303000021, -0.921736880999976, 0.0 ], [ 100.373219438000078, -0.921940948999985, 0.0 ], [ 100.373166220000115, -0.921979798999914, 0.0 ], [ 100.373293565000083, -0.922227102999948, 0.0 ], [ 100.373340055000114, -0.922381032999983, 0.0 ], [ 100.373241754000063, -0.922468237999915, 0.0 ], [ 100.37342257200001, -0.922689742999946, 0.0 ], [ 100.373491485000031, -0.922710982999927, 0.0 ], [ 100.373538225000075, -0.922940113999967, 0.0 ], [ 100.373590826000068, -0.922929748999909, 0.0 ], [ 100.373621260000021, -0.923063302999946, 0.0 ], [ 100.373682343000013, -0.923356231999936, 0.0 ], [ 100.373578840000064, -0.92337632099991, 0.0 ], [ 100.373754473000119, -0.923982214999949, 0.0 ], [ 100.374164129000079, -0.923897765999889, 0.0 ], [ 100.374190206000023, -0.924219143999924, 0.0 ], [ 100.374251340000015, -0.924946321999872, 0.0 ], [ 100.374085432000058, -0.924957963999947, 0.0 ], [ 100.373838762000076, -0.92497206899996, 0.0 ], [ 100.373843192, -0.925140874999894, 0.0 ], [ 100.373855354000028, -0.925209934999923, 0.0 ], [ 100.373883375000034, -0.925260746999864, 0.0 ], [ 100.374001953000075, -0.925349242999904, 0.0 ], [ 100.374013455000053, -0.925371753, 0.0 ], [ 100.374086749000071, -0.925594573999952, 0.0 ], [ 100.374135376000098, -0.925910084999945, 0.0 ], [ 100.374176701000053, -0.926227013999966, 0.0 ], [ 100.374261612000069, -0.92642933799992, 0.0 ], [ 100.374321904000084, -0.926476672999929, 0.0 ], [ 100.374393209000033, -0.926680911999952, 0.0 ], [ 100.374465530000066, -0.926925435999934, 0.0 ], [ 100.374606796000108, -0.927247148999907, 0.0 ], [ 100.374715786000067, -0.927414500999898, 0.0 ], [ 100.374861079000098, -0.927565098999924, 0.0 ], [ 100.374999484000099, -0.92777698399987, 0.0 ], [ 100.374999996000057, -0.927777766999935, 0.0 ], [ 100.375090907000114, -0.928085509999907, 0.0 ], [ 100.375142617000037, -0.928404842999949, 0.0 ], [ 100.375198313000027, -0.928768085999895, 0.0 ], [ 100.375364976000057, -0.928756044999876, 0.0 ], [ 100.375670546000023, -0.928787861999933, 0.0 ], [ 100.375972146000024, -0.928819677999901, 0.0 ], [ 100.376396785000068, -0.928907334999959, 0.0 ], [ 100.376761825000074, -0.928803400999886, 0.0 ], [ 100.377087173000078, -0.928671540999989, 0.0 ], [ 100.3773450730001, -0.92857563199987, 0.0 ], [ 100.377810558000078, -0.928611202999882, 0.0 ], [ 100.377945435000044, -0.928499375999866, 0.0 ], [ 100.378167717000053, -0.928650982999887, 0.0 ], [ 100.378285255, -0.928825649999951, 0.0 ], [ 100.378316433000094, -0.928928149999905, 0.0 ], [ 100.378194733000058, -0.928982301999945, 0.0 ], [ 100.378211801000049, -0.929198710999909, 0.0 ], [ 100.378186172000071, -0.92942760699993, 0.0 ], [ 100.378157960000038, -0.929675357999912, 0.0 ], [ 100.377985289000051, -0.929681120999945, 0.0 ], [ 100.377917341000028, -0.929949754999878, 0.0 ], [ 100.377906130000071, -0.930237365999961, 0.0 ], [ 100.377963045000072, -0.930336926999939, 0.0 ], [ 100.377998369000068, -0.930520680999955, 0.0 ], [ 100.378011267000076, -0.930720564999884, 0.0 ], [ 100.37800169500008, -0.930830184999895, 0.0 ], [ 100.377969689000096, -0.930943036999906, 0.0 ], [ 100.377918276000017, -0.931156950999931, 0.0 ], [ 100.377818983000054, -0.931308517999948, 0.0 ], [ 100.377790191000074, -0.931440712999962, 0.0 ], [ 100.377735641000086, -0.931712812999915, 0.0 ], [ 100.377838239000056, -0.931819163999922, 0.0 ], [ 100.377655375000117, -0.932239242999952, 0.0 ], [ 100.377482312, -0.932245758999958, 0.0 ], [ 100.377363754000058, -0.932303837999878, 0.0 ], [ 100.377280460000094, -0.932390917999889, 0.0 ], [ 100.377298396000057, -0.932638519999948, 0.0 ], [ 100.377428847000019, -0.933274545999904, 0.0 ], [ 100.377190292000094, -0.933290771999914, 0.0 ], [ 100.377171798000063, -0.933328188999901, 0.0 ], [ 100.377156332000126, -0.933568204999954, 0.0 ], [ 100.377192763000025, -0.933726089999872, 0.0 ], [ 100.377249859000045, -0.933835637999966, 0.0 ], [ 100.377356210000045, -0.933898206999903, 0.0 ], [ 100.377514423, -0.933939886999887, 0.0 ], [ 100.37770895200002, -0.934010246999936, 0.0 ], [ 100.377745421000014, -0.934264172999985, 0.0 ], [ 100.37780771300001, -0.934397197999889, 0.0 ], [ 100.377821386000079, -0.934611114999914, 0.0 ], [ 100.377821462, -0.934806550999919, 0.0 ], [ 100.377610904000079, -0.935153439999933, 0.0 ], [ 100.37738084700004, -0.935414530999953, 0.0 ], [ 100.376953734000054, -0.93570622499993, 0.0 ], [ 100.375726244000106, -0.936182895999934, 0.0 ], [ 100.376344143000068, -0.938035372999909, 0.0 ], [ 100.376047987000078, -0.938131426999952, 0.0 ], [ 100.375759352000088, -0.938225035999881, 0.0 ], [ 100.375317723000052, -0.93840011299989, 0.0 ], [ 100.374999996000057, -0.938556199999926, 0.0 ], [ 100.374999484000099, -0.938555226999934, 0.0 ], [ 100.374741960000023, -0.938066053999872, 0.0 ], [ 100.374181579, -0.936839292999888, 0.0 ], [ 100.373184122000083, -0.934590664999909, 0.0 ], [ 100.372031176000078, -0.932037380999947, 0.0 ], [ 100.371435939000037, -0.930727030999886, 0.0 ], [ 100.37104585100009, -0.929961324999947, 0.0 ], [ 100.37077377600005, -0.929547491999902, 0.0 ], [ 100.370572780000032, -0.92934936599994, 0.0 ], [ 100.370367781000112, -0.929215963999916, 0.0 ], [ 100.370089123000071, -0.929086633999873, 0.0 ], [ 100.36989219400003, -0.929024682999898, 0.0 ], [ 100.369609544000085, -0.928980301999957, 0.0 ], [ 100.369289398000063, -0.928961549999915, 0.0 ], [ 100.369075086000095, -0.928977814999929, 0.0 ], [ 100.368733541000083, -0.929041315999942, 0.0 ], [ 100.368294261000059, -0.929236996999968, 0.0 ], [ 100.367516210000076, -0.929725397999967, 0.0 ], [ 100.366453931000109, -0.930260562999926, 0.0 ], [ 100.365236813000038, -0.930796870999892, 0.0 ], [ 100.363896110000042, -0.931133123999913, 0.0 ], [ 100.363223706000014, -0.931195413999916, 0.0 ], [ 100.362006104000073, -0.931186445999973, 0.0 ], [ 100.361345486000033, -0.931165687999943, 0.0 ], [ 100.361352069000048, -0.929501640999927, 0.0 ], [ 100.361345888000074, -0.928268104999916, 0.0 ], [ 100.361390719000042, -0.926480164999862, 0.0 ], [ 100.36139478500003, -0.926087952999918, 0.0 ], [ 100.361388412000039, -0.924447099999956, 0.0 ], [ 100.361406217000081, -0.923245788999946, 0.0 ], [ 100.358209318000078, -0.923162349999881, 0.0 ], [ 100.357922512000059, -0.923152585999961, 0.0 ], [ 100.357518639000034, -0.92311200099989, 0.0 ], [ 100.357300808000048, -0.923120722999901, 0.0 ], [ 100.356933032000072, -0.923234598999908, 0.0 ], [ 100.356827267000114, -0.923243036999896, 0.0 ], [ 100.356729872000059, -0.923175895999936, 0.0 ], [ 100.356623456000037, -0.923030100999952, 0.0 ], [ 100.356411018000045, -0.923086711999929, 0.0 ], [ 100.356191050000064, -0.923107180999935, 0.0 ], [ 100.355862654000063, -0.923115405999905, 0.0 ], [ 100.35533570300008, -0.923127713999946, 0.0 ], [ 100.354676289000054, -0.923211229999929, 0.0 ], [ 100.353670849000082, -0.923365433999898, 0.0 ], [ 100.35308289000001, -0.92348020999998, 0.0 ], [ 100.352720361000038, -0.923532190999929, 0.0 ], [ 100.352024181000075, -0.923525155999879, 0.0 ], [ 100.351604992000034, -0.923485446999969, 0.0 ], [ 100.350954773000055, -0.923378396999905, 0.0 ], [ 100.350724046000067, -0.923376002999884, 0.0 ], [ 100.350442333000032, -0.923370244999941, 0.0 ], [ 100.35034581900004, -0.923346022999979, 0.0 ], [ 100.350239588000036, -0.923301391999928, 0.0 ], [ 100.350138758000043, -0.923239301999942, 0.0 ], [ 100.350068285000077, -0.923192460999886, 0.0 ], [ 100.3499956510001, -0.923164149999941, 0.0 ], [ 100.349869914000095, -0.923165287999947, 0.0 ], [ 100.349739300000039, -0.923200197999904, 0.0 ], [ 100.349539952145193, -0.923259295970865, 0.0 ], [ 100.349531754000097, -0.923218387999899, 0.0 ], [ 100.34930167000006, -0.923301595999945, 0.0 ], [ 100.349242548000049, -0.923308990999935, 0.0 ], [ 100.349213231000121, -0.923291300999892, 0.0 ], [ 100.349209792000096, -0.92325048399989, 0.0 ], [ 100.349215156000099, -0.923226377999939, 0.0 ], [ 100.34926978, -0.923179802999904, 0.0 ], [ 100.349495464000114, -0.923082340999922, 0.0 ], [ 100.349332797000059, -0.922375970999919, 0.0 ], [ 100.349114721000049, -0.922447462999973, 0.0 ], [ 100.349060184000066, -0.922434493999965, 0.0 ], [ 100.34903847300005, -0.922379619999955, 0.0 ], [ 100.349041381000021, -0.922324146999895, 0.0 ], [ 100.349308124000061, -0.922259121999932, 0.0 ], [ 100.349089738000018, -0.921506734999941, 0.0 ], [ 100.348956084000065, -0.921566399999904, 0.0 ], [ 100.348829449000064, -0.921580015999965, 0.0 ], [ 100.348763779000052, -0.921565288999901, 0.0 ], [ 100.348750861000056, -0.921502141999916, 0.0 ], [ 100.348803014000012, -0.921433662999934, 0.0 ], [ 100.349026348000024, -0.921319087999958, 0.0 ], [ 100.348833803000076, -0.920682364999944, 0.0 ], [ 100.348663789000042, -0.920706037999949, 0.0 ], [ 100.348584636000069, -0.920700757999956, 0.0 ], [ 100.34855178, -0.92064056799995, 0.0 ], [ 100.348576372000096, -0.920565605999965, 0.0 ], [ 100.348746961000089, -0.920495903999882, 0.0 ], [ 100.348530380000014, -0.919858014999949, 0.0 ], [ 100.348365046000097, -0.919878138999927, 0.0 ], [ 100.348282386, -0.919892333999947, 0.0 ], [ 100.348208510000035, -0.919874064999945, 0.0 ], [ 100.348178001000079, -0.919815655999908, 0.0 ], [ 100.348205535000048, -0.919773153999945, 0.0 ], [ 100.348497467000044, -0.919646152999917, 0.0 ], [ 100.348294354000117, -0.91897815599998, 0.0 ], [ 100.34801178, -0.91902370499993, 0.0 ], [ 100.347944345000116, -0.918998947999924, 0.0 ], [ 100.34791910900006, -0.918937579999909, 0.0 ], [ 100.347942535000044, -0.918867925999919, 0.0 ], [ 100.34822802100004, -0.918755688999958, 0.0 ], [ 100.34796336800008, -0.918140826999888, 0.0 ], [ 100.347742942000053, -0.918195794999907, 0.0 ], [ 100.347660273000059, -0.918186382999927, 0.0 ], [ 100.34762215100001, -0.918148038999952, 0.0 ], [ 100.347620952000085, -0.918089021999954, 0.0 ], [ 100.347694219000019, -0.918017585999905, 0.0 ], [ 100.347916395000112, -0.917953762999954, 0.0 ], [ 100.347665785000061, -0.917238568999931, 0.0 ], [ 100.347489923000083, -0.917309456999934, 0.0 ], [ 100.347409017000047, -0.91733014599987, 0.0 ], [ 100.3473474500001, -0.917310099999899, 0.0 ], [ 100.347337464000077, -0.917252858999959, 0.0 ], [ 100.347362653000033, -0.917213893999932, 0.0 ], [ 100.347604757000084, -0.91709459199992, 0.0 ], [ 100.347341251000032, -0.916421894999861, 0.0 ], [ 100.347079800000074, -0.916508751999942, 0.0 ], [ 100.347025269000099, -0.91648870299997, 0.0 ], [ 100.347012927000051, -0.916426153999947, 0.0 ], [ 100.347051609000047, -0.916377740999938, 0.0 ], [ 100.347297225000034, -0.916263158999872, 0.0 ], [ 100.347034310000041, -0.91558042299987, 0.0 ], [ 100.346697243000037, -0.915730458999938, 0.0 ], [ 100.346656188000026, -0.915701557999945, 0.0 ], [ 100.346637994000019, -0.915633692999926, 0.0 ], [ 100.346661424, -0.915579387999962, 0.0 ], [ 100.346959211000041, -0.915437634999869, 0.0 ], [ 100.346617728000041, -0.914756700999927, 0.0 ], [ 100.346448905000017, -0.914838212999921, 0.0 ], [ 100.346367394000112, -0.914804007999933, 0.0 ], [ 100.346336305000108, -0.914754445999918, 0.0 ], [ 100.346345662, -0.914692476999942, 0.0 ], [ 100.346550237000045, -0.914583220999873, 0.0 ], [ 100.346235751000052, -0.913965426999916, 0.0 ], [ 100.34609272000003, -0.9140339409999, 0.0 ], [ 100.346014749000062, -0.914041639999915, 0.0 ], [ 100.345950252000051, -0.914018057999918, 0.0 ], [ 100.34593322200007, -0.913963768999956, 0.0 ], [ 100.345959594000121, -0.913915368999948, 0.0 ], [ 100.346195827000116, -0.913812585999882, 0.0 ], [ 100.345869596000043, -0.913142869999891, 0.0 ], [ 100.345631612000062, -0.913271611999974, 0.0 ], [ 100.345584702000096, -0.913252743999923, 0.0 ], [ 100.345551847000038, -0.913195512999895, 0.0 ], [ 100.345551833000044, -0.913155967999909, 0.0 ], [ 100.34580564400008, -0.913012459999937, 0.0 ], [ 100.345473562000052, -0.912358672999932, 0.0 ], [ 100.345280126000034, -0.912482687999891, 0.0 ], [ 100.345213300000097, -0.912503370999914, 0.0 ], [ 100.345166388000038, -0.912481545999885, 0.0 ], [ 100.345143503000088, -0.912436699999905, 0.0 ], [ 100.345145249000055, -0.912393618999893, 0.0 ], [ 100.345390251000083, -0.912218836999909, 0.0 ], [ 100.344987216000035, -0.911555047999965, 0.0 ], [ 100.344748659000018, -0.911712117999905, 0.0 ], [ 100.344686504000023, -0.911702110999965, 0.0 ], [ 100.344657180000084, -0.91166553599987, 0.0 ], [ 100.344664775000098, -0.911598247999898, 0.0 ], [ 100.344920918000057, -0.911423461999913, 0.0 ], [ 100.344520835000083, -0.910792133, 0.0 ], [ 100.344352034000067, -0.910933836999902, 0.0 ], [ 100.344308649000112, -0.910949193999929, 0.0 ], [ 100.344245907000072, -0.910930918999927, 0.0 ], [ 100.344214811000086, -0.910863655999957, 0.0 ], [ 100.344222409000082, -0.910809356999906, 0.0 ], [ 100.344425216000076, -0.910654063999935, 0.0 ], [ 100.344312582, -0.910481186999931, 0.0 ], [ 100.344077312000067, -0.910028611999966, 0.0 ], [ 100.343815294000066, -0.910186286999867, 0.0 ], [ 100.343787151000043, -0.910185112999947, 0.0 ], [ 100.343758415000067, -0.910159156999931, 0.0 ], [ 100.343753115000069, -0.91011607899992, 0.0 ], [ 100.343766584000036, -0.910067086999952, 0.0 ], [ 100.34399687700008, -0.909911709999975, 0.0 ], [ 100.343459202000091, -0.909259474999921, 0.0 ], [ 100.343076363000122, -0.908779222999886, 0.0 ], [ 100.342668744000051, -0.90813126199992, 0.0 ], [ 100.342367567000096, -0.907556839999909, 0.0 ], [ 100.342222356000065, -0.907269088999904, 0.0 ], [ 100.342135223000056, -0.90709168099988, 0.0 ], [ 100.342079269000038, -0.906918584999946, 0.0 ], [ 100.342050169000032, -0.906707607999987, 0.0 ], [ 100.342042557000028, -0.906460913999915, 0.0 ], [ 100.342044637000114, -0.906278062999885, 0.0 ], [ 100.342053181000011, -0.906125492999873, 0.0 ], [ 100.342064957000019, -0.905996735999967, 0.0 ], [ 100.342073536000015, -0.905938302999928, 0.0 ], [ 100.342234977000047, -0.905745425999957, 0.0 ], [ 100.342376527000042, -0.90563382399996, 0.0 ], [ 100.342635911000087, -0.905495630999894, 0.0 ], [ 100.343028075000035, -0.905316660999919, 0.0 ], [ 100.343633949000065, -0.905142041999948, 0.0 ], [ 100.34436558400003, -0.904972685999969, 0.0 ], [ 100.34435257200002, -0.904504667999969, 0.0 ], [ 100.34433617100008, -0.903914809999925, 0.0 ], [ 100.343992297000057, -0.903878640999952, 0.0 ], [ 100.343900833000035, -0.90387336599996, 0.0 ], [ 100.343838378000015, -0.90383089699991, 0.0 ], [ 100.343826927000052, -0.903795490999912, 0.0 ], [ 100.343842741000032, -0.903748568999937, 0.0 ], [ 100.344144379000028, -0.903720127999982, 0.0 ], [ 100.344142966000092, -0.903664279999891, 0.0 ], [ 100.344126243000034, -0.903003362999918, 0.0 ], [ 100.343900324000089, -0.903000697999964, 0.0 ], [ 100.343862795000092, -0.902986148999915, 0.0 ], [ 100.343850278000033, -0.902959796999955, 0.0 ], [ 100.343861601000071, -0.902937759999908, 0.0 ], [ 100.343888569000086, -0.90292358599989, 0.0 ], [ 100.344134034000064, -0.902930178999902, 0.0 ], [ 100.344135299000072, -0.902115739999928, 0.0 ], [ 100.343951202000113, -0.902128797999943, 0.0 ], [ 100.343858954000041, -0.902116629999913, 0.0 ], [ 100.343820253000032, -0.902090287999954, 0.0 ], [ 100.343826877000041, -0.902045431999973, 0.0 ], [ 100.343862829, -0.902026134999975, 0.0 ], [ 100.344141903, -0.90201856099997, 0.0 ], [ 100.344123232000058, -0.90118603199992, 0.0 ], [ 100.343908263000031, -0.901202237999929, 0.0 ], [ 100.343862526000066, -0.901199107999936, 0.0 ], [ 100.343825384000098, -0.901160961999889, 0.0 ], [ 100.343827716000121, -0.901124762999913, 0.0 ], [ 100.343857793000026, -0.90108619399992, 0.0 ], [ 100.343891403000057, -0.90107319299991, 0.0 ], [ 100.344111128000023, -0.901063225999973, 0.0 ], [ 100.344115235000103, -0.900279773999898, 0.0 ], [ 100.34383469900007, -0.900294041999924, 0.0 ], [ 100.343810943000065, -0.900271031999974, 0.0 ], [ 100.343810928000053, -0.900230312999891, 0.0 ], [ 100.343845213000051, -0.900198425999918, 0.0 ], [ 100.344094091000045, -0.900178859999897, 0.0 ], [ 100.344081733000081, -0.899357605999981, 0.0 ], [ 100.343842523, -0.899356121999947, 0.0 ], [ 100.343815932000027, -0.899322296, 0.0 ], [ 100.343818260000049, -0.899272330999942, 0.0 ], [ 100.343851081000096, -0.899242805999897, 0.0 ], [ 100.344109806000091, -0.899245631999953, 0.0 ], [ 100.344118321000096, -0.898496701999893, 0.0 ], [ 100.343896709000049, -0.898506515999905, 0.0 ], [ 100.343858883000024, -0.898487942999967, 0.0 ], [ 100.343862390000055, -0.898444562999931, 0.0 ], [ 100.343890522000066, -0.898417996999953, 0.0 ], [ 100.344149949000041, -0.898401077999885, 0.0 ], [ 100.344145388000115, -0.897969072999935, 0.0 ], [ 100.344129426000038, -0.897585759999927, 0.0 ], [ 100.343972313000094, -0.897598643999928, 0.0 ], [ 100.343937517000057, -0.897586066999953, 0.0 ], [ 100.343929299000081, -0.897546335999952, 0.0 ], [ 100.343932015000036, -0.8975038429999, 0.0 ], [ 100.343955461000022, -0.89748691199992, 0.0 ], [ 100.344106327000077, -0.89746915499996, 0.0 ], [ 100.344106299000075, -0.897392427999918, 0.0 ], [ 100.344110190000038, -0.897344823999976, 0.0 ], [ 100.344132457000015, -0.897301138999914, 0.0 ], [ 100.344206426000099, -0.897252929999922, 0.0 ], [ 100.344238515000086, -0.897163734999914, 0.0 ], [ 100.344235708000028, -0.897056167999896, 0.0 ], [ 100.344221817000033, -0.896930196999953, 0.0 ], [ 100.344176368, -0.896808154999981, 0.0 ], [ 100.344128154000018, -0.896712297999954, 0.0 ], [ 100.344093799000106, -0.896627026999916, 0.0 ], [ 100.344073130000083, -0.896148247999914, 0.0 ], [ 100.344062981000036, -0.895644927999925, 0.0 ], [ 100.344064474000078, -0.895177836999913, 0.0 ], [ 100.344069791000067, -0.89458143999995, 0.0 ], [ 100.344019195000058, -0.894015705999948, 0.0 ], [ 100.343702482000054, -0.894046484999919, 0.0 ], [ 100.343660392000032, -0.894039255999942, 0.0 ], [ 100.343617744000056, -0.894005263999883, 0.0 ], [ 100.343605558000036, -0.893972389999917, 0.0 ], [ 100.343607757000129, -0.893943961999963, 0.0 ], [ 100.344000894000061, -0.893920960999925, 0.0 ], [ 100.343953682000063, -0.893517435999932, 0.0 ], [ 100.343903156000053, -0.893141769999936, 0.0 ], [ 100.343542134000117, -0.893166431999934, 0.0 ], [ 100.343516106, -0.893148605999968, 0.0 ], [ 100.343508337000074, -0.893110701999941, 0.0 ], [ 100.343522170000057, -0.893075584999966, 0.0 ], [ 100.343554836000095, -0.893058848999914, 0.0 ], [ 100.343890936000022, -0.893046460999866, 0.0 ], [ 100.343834717000078, -0.892233815999862, 0.0 ], [ 100.343462081000055, -0.892293033999966, 0.0 ], [ 100.343405049000054, -0.892289716999869, 0.0 ], [ 100.343386762000051, -0.892259061999908, 0.0 ], [ 100.343388408000095, -0.892213357999946, 0.0 ], [ 100.34340667700009, -0.892194402999976, 0.0 ], [ 100.343816390000072, -0.892096703999886, 0.0 ], [ 100.343733612000051, -0.891337025999913, 0.0 ], [ 100.343297870000058, -0.891439744999975, 0.0 ], [ 100.343269076000084, -0.891427490999938, 0.0 ], [ 100.343252449000033, -0.891394049999924, 0.0 ], [ 100.343270151000084, -0.89134332, 0.0 ], [ 100.343292848, -0.891320463999875, 0.0 ], [ 100.343707552000026, -0.891230568999898, 0.0 ], [ 100.343572712000068, -0.890443595999887, 0.0 ], [ 100.343219461000061, -0.890515622999896, 0.0 ], [ 100.343186237000069, -0.890504491999952, 0.0 ], [ 100.343167954000066, -0.890484427999979, 0.0 ], [ 100.343166281, -0.890452102999969, 0.0 ], [ 100.343180662000051, -0.890418658999955, 0.0 ], [ 100.343558284000025, -0.890354970999926, 0.0 ], [ 100.34351667600005, -0.890135938999922, 0.0 ], [ 100.343407391000071, -0.889576360999985, 0.0 ], [ 100.343040299000066, -0.889662329999904, 0.0 ], [ 100.342986031000109, -0.889645073999898, 0.0 ], [ 100.342969964000105, -0.889618886999862, 0.0 ], [ 100.342982681000095, -0.889577076999956, 0.0 ], [ 100.343024761000024, -0.889556991999893, 0.0 ], [ 100.343384628000052, -0.889420300999952, 0.0 ], [ 100.343377395000076, -0.889319417999953, 0.0 ], [ 100.343268627000043, -0.88867233099997, 0.0 ], [ 100.342869436000058, -0.888775034999941, 0.0 ], [ 100.342846177000084, -0.888759441999984, 0.0 ], [ 100.342831760000038, -0.888722100999914, 0.0 ], [ 100.342836175000059, -0.888684201999975, 0.0 ], [ 100.342854444000054, -0.888660778, 0.0 ], [ 100.34323813, -0.888544148999934, 0.0 ], [ 100.343169740203422, -0.88818936696072, 0.0 ], [ 100.343878873000079, -0.88801440899989, 0.0 ], [ 100.344474186000042, -0.887845909999893, 0.0 ], [ 100.34474821200007, -0.887772365999936, 0.0 ], [ 100.344820577000021, -0.887812271999952, 0.0 ], [ 100.344856061000115, -0.887866319999894, 0.0 ], [ 100.344893528000014, -0.887884060999941, 0.0 ], [ 100.344942715000087, -0.887887859999989, 0.0 ], [ 100.345077659000069, -0.887871312999952, 0.0 ], [ 100.345103299000058, -0.887882337999887, 0.0 ], [ 100.345121377000041, -0.887956453999891, 0.0 ], [ 100.345145334000065, -0.88798674399991, 0.0 ], [ 100.345235383000059, -0.888008056999986, 0.0 ], [ 100.345308599000077, -0.887991567999954, 0.0 ], [ 100.345337525000076, -0.887973332999866, 0.0 ], [ 100.345424597, -0.887920436999931, 0.0 ], [ 100.345514150000028, -0.887935781999957, 0.0 ], [ 100.345664880000072, -0.888010424999916, 0.0 ], [ 100.345743518000091, -0.888036758999874, 0.0 ], [ 100.345863648, -0.8880520959999, 0.0 ], [ 100.345988129, -0.888016895999918, 0.0 ], [ 100.346066751000095, -0.887999291999972, 0.0 ], [ 100.346132268000105, -0.887983889999941, 0.0 ], [ 100.346183049000047, -0.887987702, 0.0 ], [ 100.346292910000074, -0.888078309999937, 0.0 ], [ 100.346407798000072, -0.888209976999907, 0.0 ], [ 100.346468218000012, -0.888364981999942, 0.0 ], [ 100.346492082000026, -0.888511950999934, 0.0 ], [ 100.34646831000002, -0.888619321999936, 0.0 ], [ 100.346435579000058, -0.888675220999943, 0.0 ], [ 100.346464433000051, -0.888809973, 0.0 ], [ 100.346526433000037, -0.889032537999931, 0.0 ], [ 100.346559352, -0.889270086999957, 0.0 ], [ 100.346544858000044, -0.88951617399989, 0.0 ], [ 100.346534699000088, -0.889577790999926, 0.0 ], [ 100.346539097000104, -0.889611606999882, 0.0 ], [ 100.346611121000109, -0.889604344999903, 0.0 ], [ 100.346631047000074, -0.889620147999967, 0.0 ], [ 100.346668741000087, -0.889698298999949, 0.0 ], [ 100.346704520000017, -0.889842603999899, 0.0 ], [ 100.346756699000082, -0.889971699999922, 0.0 ], [ 100.346765530000098, -0.890090399999973, 0.0 ], [ 100.346763552000112, -0.890161908999939, 0.0 ], [ 100.346727932000093, -0.890378426999913, 0.0 ], [ 100.347077716000086, -0.890354953999925, 0.0 ], [ 100.34745282400003, -0.890357266999938, 0.0 ], [ 100.347866294000042, -0.890235923999935, 0.0 ], [ 100.349196454000065, -0.889913168999964, 0.0 ], [ 100.350011682000101, -0.889815591999884, 0.0 ], [ 100.350903971000037, -0.889771259999947, 0.0 ], [ 100.351015116999989, -0.889765521999916, 0.0 ], [ 100.352187265000069, -0.889606761999925, 0.0 ], [ 100.352244196000072, -0.890069761999953, 0.0 ], [ 100.352345450000101, -0.891271181999972, 0.0 ], [ 100.352449020000066, -0.892319499999935, 0.0 ], [ 100.354859157000078, -0.891202599999893, 0.0 ], [ 100.356323374000084, -0.890451842999948, 0.0 ], [ 100.35774322400006, -0.889730356999937, 0.0 ], [ 100.357839007000081, -0.889681002999939, 0.0 ] ] ] ] } },
{ "type": "Feature", "properties": { "NAMOBJ": "NANGGALO", "REMARK": "Wilayah Administrasi Kecamatan", "WADMKK": "KOTA PADANG", "WADMPR": "SUMATERA BARAT", "Shape_Leng": 0.16838942326, "Shape_Area": 0.00074465425 }, "geometry": { "type": "MultiPolygon", "coordinates": [ [ [ [ 100.37038658700007, -0.919552067999948, 0.0 ], [ 100.370190437000105, -0.919100459999886, 0.0 ], [ 100.370425073000064, -0.918986150999931, 0.0 ], [ 100.370218547000022, -0.918571575999913, 0.0 ], [ 100.370432059000024, -0.918456755999916, 0.0 ], [ 100.370391027, -0.918406828999871, 0.0 ], [ 100.370287382000043, -0.918333041999983, 0.0 ], [ 100.370257984, -0.918329621999877, 0.0 ], [ 100.370184149000025, -0.918362230999911, 0.0 ], [ 100.37011699100006, -0.918108821999905, 0.0 ], [ 100.370022032000023, -0.917931458999885, 0.0 ], [ 100.369834396000044, -0.91801275799995, 0.0 ], [ 100.369764469000117, -0.917758158999934, 0.0 ], [ 100.369545585000125, -0.917610664999899, 0.0 ], [ 100.369401549000102, -0.917577795999932, 0.0 ], [ 100.369226959000045, -0.91754054699987, 0.0 ], [ 100.369102512000055, -0.917380355999939, 0.0 ], [ 100.369087010000015, -0.917184228999876, 0.0 ], [ 100.369065162000069, -0.917113994999927, 0.0 ], [ 100.368895144000035, -0.916849890999924, 0.0 ], [ 100.368816707000036, -0.916734610999889, 0.0 ], [ 100.368691761, -0.916626387999905, 0.0 ], [ 100.368365245000078, -0.916501236999942, 0.0 ], [ 100.368327772000086, -0.916431713999874, 0.0 ], [ 100.368238633, -0.916201699999938, 0.0 ], [ 100.368149307000053, -0.91612060599989, 0.0 ], [ 100.368137710999989, -0.915920684999957, 0.0 ], [ 100.368226902000089, -0.915648289999979, 0.0 ], [ 100.368447882000069, -0.91547725499986, 0.0 ], [ 100.368852014000112, -0.915190371999927, 0.0 ], [ 100.369017910000068, -0.915406214999933, 0.0 ], [ 100.369219739000073, -0.915265265999906, 0.0 ], [ 100.369519232000073, -0.915038083999939, 0.0 ], [ 100.369606933000043, -0.914979476999974, 0.0 ], [ 100.36964228500004, -0.914889679999916, 0.0 ], [ 100.369696015000045, -0.914789218999953, 0.0 ], [ 100.369947477000068, -0.914636, 0.0 ], [ 100.369967890000069, -0.914458290999928, 0.0 ], [ 100.37000355, -0.913971525999887, 0.0 ], [ 100.370157570000046, -0.913935410999919, 0.0 ], [ 100.370157538000043, -0.913850822999937, 0.0 ], [ 100.370173775000055, -0.913735379999888, 0.0 ], [ 100.370264701000025, -0.913552188999919, 0.0 ], [ 100.370283124000039, -0.913494015999902, 0.0 ], [ 100.370270901000097, -0.913222715999925, 0.0 ], [ 100.370263134000069, -0.913095397999871, 0.0 ], [ 100.370239934000026, -0.912952553999954, 0.0 ], [ 100.370182357000047, -0.912741598999908, 0.0 ], [ 100.370125568000063, -0.912504342999906, 0.0 ], [ 100.370117484000019, -0.912456884999887, 0.0 ], [ 100.370090414000089, -0.912311996999978, 0.0 ], [ 100.370077545000086, -0.912244967999939, 0.0 ], [ 100.370039912000081, -0.912145797999905, 0.0 ], [ 100.369997897000061, -0.912073041999925, 0.0 ], [ 100.370009188000026, -0.911994557999915, 0.0 ], [ 100.369970448000018, -0.911981592999908, 0.0 ], [ 100.369961715, -0.911508042999984, 0.0 ], [ 100.37007385400004, -0.911484859999931, 0.0 ], [ 100.370366535000102, -0.911460429999952, 0.0 ], [ 100.370339541000092, -0.91106786499989, 0.0 ], [ 100.370076465000082, -0.910977028999923, 0.0 ], [ 100.370064758000098, -0.910436134999934, 0.0 ], [ 100.369943982000052, -0.910430395999903, 0.0 ], [ 100.369940985000071, -0.910106437999922, 0.0 ], [ 100.37023140200003, -0.91006872199991, 0.0 ], [ 100.370229690000059, -0.909964744999922, 0.0 ], [ 100.370194270000056, -0.909447176999908, 0.0 ], [ 100.370200983000089, -0.90892716299987, 0.0 ], [ 100.370200822000072, -0.908736427999898, 0.0 ], [ 100.37015582800008, -0.908604046999869, 0.0 ], [ 100.369998442000025, -0.908387746999914, 0.0 ], [ 100.369897679000033, -0.908226282999966, 0.0 ], [ 100.369632948000074, -0.908134570999927, 0.0 ], [ 100.369366974000087, -0.908097144999939, 0.0 ], [ 100.369195688000033, -0.908082853999911, 0.0 ], [ 100.368944516000042, -0.908192066999977, 0.0 ], [ 100.368653920000071, -0.908416933999931, 0.0 ], [ 100.368615892000022, -0.908549727, 0.0 ], [ 100.368481397, -0.908667236999946, 0.0 ], [ 100.368214340000023, -0.908821130999979, 0.0 ], [ 100.368082401000024, -0.908987154999949, 0.0 ], [ 100.367958935000033, -0.908949756999963, 0.0 ], [ 100.367793942000048, -0.909040642999933, 0.0 ], [ 100.367681015000031, -0.9088749339999, 0.0 ], [ 100.367340327000093, -0.908994153, 0.0 ], [ 100.367309415000108, -0.90887838999992, 0.0 ], [ 100.36722383300004, -0.908575659999919, 0.0 ], [ 100.367135189000081, -0.908396599999936, 0.0 ], [ 100.367027429000046, -0.908087663999954, 0.0 ], [ 100.366940091000018, -0.90787054399993, 0.0 ], [ 100.366725122000076, -0.907952171999934, 0.0 ], [ 100.366304349000089, -0.907998740999968, 0.0 ], [ 100.365306088000082, -0.908063229999886, 0.0 ], [ 100.365007399000064, -0.908087862999881, 0.0 ], [ 100.363702640000028, -0.908151254999886, 0.0 ], [ 100.363731715000114, -0.908616546999927, 0.0 ], [ 100.363813571000051, -0.909945583999935, 0.0 ], [ 100.363858538000045, -0.910865840999961, 0.0 ], [ 100.363911347000055, -0.91185017399987, 0.0 ], [ 100.363918216000101, -0.912027872999918, 0.0 ], [ 100.363497593000019, -0.912094213999989, 0.0 ], [ 100.363229918000073, -0.912156696999919, 0.0 ], [ 100.362985308000091, -0.912222761999878, 0.0 ], [ 100.362701476000055, -0.912308180999929, 0.0 ], [ 100.362418450000078, -0.912411298999935, 0.0 ], [ 100.362377208000041, -0.91227479799992, 0.0 ], [ 100.36229358600005, -0.912190745999983, 0.0 ], [ 100.362220096000016, -0.912109237999989, 0.0 ], [ 100.362171887000017, -0.911892676999923, 0.0 ], [ 100.362217429000054, -0.911816529999928, 0.0 ], [ 100.362173008000028, -0.911668322999923, 0.0 ], [ 100.362184036000045, -0.911499374999888, 0.0 ], [ 100.362218864000084, -0.911418078999912, 0.0 ], [ 100.362278663000069, -0.911403100999916, 0.0 ], [ 100.361958306000119, -0.910556483999944, 0.0 ], [ 100.361843753000045, -0.910177472999937, 0.0 ], [ 100.361731637, -0.909872443999923, 0.0 ], [ 100.361531715000083, -0.909811877999974, 0.0 ], [ 100.361344639000052, -0.909782258999922, 0.0 ], [ 100.361053557000034, -0.909710079999901, 0.0 ], [ 100.360773216000027, -0.909540305999887, 0.0 ], [ 100.360578414000074, -0.909448418999922, 0.0 ], [ 100.360430093000062, -0.90896033599995, 0.0 ], [ 100.360204808000063, -0.908851901999949, 0.0 ], [ 100.35998161100008, -0.908846386999937, 0.0 ], [ 100.359816333000083, -0.90886790299994, 0.0 ], [ 100.359610307000082, -0.908923914999956, 0.0 ], [ 100.359465755000116, -0.908933670999875, 0.0 ], [ 100.359402947000063, -0.908902025999922, 0.0 ], [ 100.359314270000098, -0.908884177999955, 0.0 ], [ 100.359254214000018, -0.908889037999913, 0.0 ], [ 100.359182159000099, -0.908910818999939, 0.0 ], [ 100.359103106000035, -0.908909970999957, 0.0 ], [ 100.359108078000091, -0.90886980199992, 0.0 ], [ 100.359090810000083, -0.908781178999959, 0.0 ], [ 100.359007824000059, -0.908640762999887, 0.0 ], [ 100.358976972000079, -0.908623228999947, 0.0 ], [ 100.358936016000072, -0.908631815999946, 0.0 ], [ 100.358814897000087, -0.908679691999911, 0.0 ], [ 100.358823237000067, -0.908710197999948, 0.0 ], [ 100.358443702000017, -0.908940954999945, 0.0 ], [ 100.358284051000041, -0.908989042999927, 0.0 ], [ 100.357158082000041, -0.909446508999942, 0.0 ], [ 100.356921437000011, -0.909549183999911, 0.0 ], [ 100.356749433000076, -0.909603507999964, 0.0 ], [ 100.356680107000017, -0.909616459999881, 0.0 ], [ 100.356523017000086, -0.909618526999964, 0.0 ], [ 100.356466009000073, -0.909625225999896, 0.0 ], [ 100.35599922600008, -0.908896836999936, 0.0 ], [ 100.355163256000111, -0.907664181999909, 0.0 ], [ 100.354789163000063, -0.907019975999898, 0.0 ], [ 100.353405761, -0.904958013999909, 0.0 ], [ 100.353030662000052, -0.904337051999956, 0.0 ], [ 100.352630929000014, -0.9036751249999, 0.0 ], [ 100.352191853000093, -0.903044959999896, 0.0 ], [ 100.352147347000056, -0.902969723999888, 0.0 ], [ 100.352108932000078, -0.902902490999921, 0.0 ], [ 100.352077597000061, -0.902850202999947, 0.0 ], [ 100.352025550000107, -0.902763350999955, 0.0 ], [ 100.35197878600006, -0.902679533999947, 0.0 ], [ 100.351977513000037, -0.902677252999936, 0.0 ], [ 100.352401088000093, -0.902349158999879, 0.0 ], [ 100.35384472700008, -0.901526143999906, 0.0 ], [ 100.35513565100004, -0.900657337999963, 0.0 ], [ 100.356378347000017, -0.899780463999885, 0.0 ], [ 100.356116269, -0.899208201999965, 0.0 ], [ 100.356041059000077, -0.898666204999884, 0.0 ], [ 100.356040903000064, -0.898242839999938, 0.0 ], [ 100.356196071000028, -0.897660299999878, 0.0 ], [ 100.35654410000005, -0.897031858999927, 0.0 ], [ 100.356951027000051, -0.896325186999899, 0.0 ], [ 100.357157121000057, -0.895804656999907, 0.0 ], [ 100.357194389000114, -0.895160142999959, 0.0 ], [ 100.357156582000101, -0.894337681999943, 0.0 ], [ 100.357204388000056, -0.89322530699992, 0.0 ], [ 100.357238974000083, -0.892568663999945, 0.0 ], [ 100.357292478000062, -0.892363698999862, 0.0 ], [ 100.357508094000053, -0.892251707999922, 0.0 ], [ 100.357846930000022, -0.892134272999886, 0.0 ], [ 100.358134871000047, -0.892027654999946, 0.0 ], [ 100.358311608000093, -0.891825339999905, 0.0 ], [ 100.358413352000085, -0.891686419999868, 0.0 ], [ 100.358493641000067, -0.891457178999907, 0.0 ], [ 100.358493539000051, -0.89117942399993, 0.0 ], [ 100.358482691000049, -0.890826167999922, 0.0 ], [ 100.358525492000027, -0.890667055999902, 0.0 ], [ 100.358553605000054, -0.89062577299995, 0.0 ], [ 100.358089649000121, -0.890106703999901, 0.0 ], [ 100.357912589000037, -0.889825512999906, 0.0 ], [ 100.357839007000081, -0.889681002999939, 0.0 ], [ 100.359463701000038, -0.888843850999951, 0.0 ], [ 100.359942354000026, -0.888637459999927, 0.0 ], [ 100.360190866000067, -0.888483828999917, 0.0 ], [ 100.360236829000058, -0.888456352999864, 0.0 ], [ 100.360267112000074, -0.888449898999951, 0.0 ], [ 100.360310567000028, -0.888444553999864, 0.0 ], [ 100.36031219300007, -0.888444880999891, 0.0 ], [ 100.360318889, -0.888455609999891, 0.0 ], [ 100.36033326600004, -0.888534723999953, 0.0 ], [ 100.360367863000064, -0.888678977999987, 0.0 ], [ 100.360419412000056, -0.888811524999941, 0.0 ], [ 100.360658847000067, -0.889167000999954, 0.0 ], [ 100.360780559, -0.889085986999913, 0.0 ], [ 100.361067354000028, -0.888932314999987, 0.0 ], [ 100.36142385600003, -0.888741289999903, 0.0 ], [ 100.361638365000019, -0.888626350999985, 0.0 ], [ 100.361790305000071, -0.88854493699991, 0.0 ], [ 100.362162447000046, -0.888372242999921, 0.0 ], [ 100.362408268000038, -0.888256377999927, 0.0 ], [ 100.362591169000069, -0.888169808999958, 0.0 ], [ 100.36303406200004, -0.887966962999872, 0.0 ], [ 100.363165697000099, -0.887906673999947, 0.0 ], [ 100.36372151100008, -0.887746022999977, 0.0 ], [ 100.364367083000019, -0.887646001999872, 0.0 ], [ 100.365267185000064, -0.887606567999985, 0.0 ], [ 100.365856535000063, -0.887578038999933, 0.0 ], [ 100.36607286600011, -0.887610989999907, 0.0 ], [ 100.366244467000016, -0.88764396099997, 0.0 ], [ 100.366330774000048, -0.887634391999889, 0.0 ], [ 100.366392636000015, -0.887583459999938, 0.0 ], [ 100.366432429000028, -0.887482066999898, 0.0 ], [ 100.36647038200006, -0.887277231999914, 0.0 ], [ 100.366492333000096, -0.887202067999912, 0.0 ], [ 100.366547878000077, -0.887095169999949, 0.0 ], [ 100.366607139000095, -0.886967798999891, 0.0 ], [ 100.36669640800001, -0.886844439999898, 0.0 ], [ 100.366798443000022, -0.886701423999966, 0.0 ], [ 100.36690514600005, -0.886623358999902, 0.0 ], [ 100.366946429, -0.886569589999983, 0.0 ], [ 100.366973156000086, -0.886515418999942, 0.0 ], [ 100.367002073, -0.886469857999902, 0.0 ], [ 100.367011743, -0.886403572999924, 0.0 ], [ 100.367152588000096, -0.886218742999908, 0.0 ], [ 100.367275665000065, -0.886195563999944, 0.0 ], [ 100.367350118000019, -0.886213228999896, 0.0 ], [ 100.367494267000041, -0.886207868999985, 0.0 ], [ 100.367559056000076, -0.88616735899992, 0.0 ], [ 100.367611248000031, -0.886103718999895, 0.0 ], [ 100.367655910000096, -0.886030536999968, 0.0 ], [ 100.367665513000091, -0.88597340799986, 0.0 ], [ 100.367697606000078, -0.885908629999918, 0.0 ], [ 100.367748569000028, -0.885860099999899, 0.0 ], [ 100.367837663000032, -0.885838417999882, 0.0 ], [ 100.36791306800005, -0.885906296999902, 0.0 ], [ 100.36797834900004, -0.886034378999931, 0.0 ], [ 100.368004804000094, -0.886075699999886, 0.0 ], [ 100.368011296000091, -0.886058010999932, 0.0 ], [ 100.368021397000049, -0.885991794999871, 0.0 ], [ 100.368037346000037, -0.885905286999908, 0.0 ], [ 100.368097184000092, -0.885832142999895, 0.0 ], [ 100.368178207000057, -0.885790553999918, 0.0 ], [ 100.368284531000057, -0.885768327999944, 0.0 ], [ 100.36837656400003, -0.885763991999941, 0.0 ], [ 100.368377574000121, -0.885754169999927, 0.0 ], [ 100.368388131000103, -0.885631890999935, 0.0 ], [ 100.368393930000053, -0.885525210999901, 0.0 ], [ 100.368468873000026, -0.885431701999892, 0.0 ], [ 100.368567669000029, -0.885415634999895, 0.0 ], [ 100.368652903000068, -0.885412626999912, 0.0 ], [ 100.368736261000038, -0.88541665299989, 0.0 ], [ 100.368808421000054, -0.885422098999896, 0.0 ], [ 100.368910629000084, -0.885427364999888, 0.0 ], [ 100.368971337000033, -0.885432030999919, 0.0 ], [ 100.36902631600006, -0.885440772999932, 0.0 ], [ 100.369073086000114, -0.885470540999908, 0.0 ], [ 100.369092451000114, -0.885487580999897, 0.0 ], [ 100.369106553000037, -0.885496827999862, 0.0 ], [ 100.369123162000079, -0.885503742999902, 0.0 ], [ 100.36915429700008, -0.885511638999933, 0.0 ], [ 100.369178180000105, -0.885507155999917, 0.0 ], [ 100.36922602100006, -0.885505433999864, 0.0 ], [ 100.369255915000053, -0.885514223999969, 0.0 ], [ 100.369360513000089, -0.885533580999883, 0.0 ], [ 100.369460755000034, -0.885546438999882, 0.0 ], [ 100.369590391000102, -0.885558223999968, 0.0 ], [ 100.369728726000091, -0.885581080999906, 0.0 ], [ 100.36980011200005, -0.885616236999972, 0.0 ], [ 100.36985888300002, -0.88568012799993, 0.0 ], [ 100.369928694000023, -0.885723382999956, 0.0 ], [ 100.370028387000019, -0.885795834999911, 0.0 ], [ 100.370124189000038, -0.885881680999908, 0.0 ], [ 100.370202951000067, -0.885956446999966, 0.0 ], [ 100.37025670400007, -0.885978060999889, 0.0 ], [ 100.370340347000067, -0.886010089999964, 0.0 ], [ 100.370428166000053, -0.886033788999971, 0.0 ], [ 100.370485780000109, -0.886046520999958, 0.0 ], [ 100.370582037000077, -0.886043968999925, 0.0 ], [ 100.370624231000107, -0.886041835999926, 0.0 ], [ 100.37067196600006, -0.886024970999863, 0.0 ], [ 100.370709031000018, -0.88600873299994, 0.0 ], [ 100.370724975000101, -0.88599548999991, 0.0 ], [ 100.370728473000028, -0.885982682999916, 0.0 ], [ 100.370730270000095, -0.885917580999948, 0.0 ], [ 100.370748332000076, -0.885794646999901, 0.0 ], [ 100.370770739000065, -0.885737280999951, 0.0 ], [ 100.370853773000093, -0.885669713999956, 0.0 ], [ 100.370931008000085, -0.885634603999893, 0.0 ], [ 100.371000087000127, -0.885619995999928, 0.0 ], [ 100.371122406000026, -0.88561525799998, 0.0 ], [ 100.371245799000022, -0.885616127999874, 0.0 ], [ 100.371322672000076, -0.88561560899992, 0.0 ], [ 100.371414167000097, -0.885616704999922, 0.0 ], [ 100.371495750000093, -0.885610707999959, 0.0 ], [ 100.371643708000079, -0.885624716999875, 0.0 ], [ 100.37171050100001, -0.885658268999986, 0.0 ], [ 100.371766163000089, -0.885701413999914, 0.0 ], [ 100.371817318000055, -0.885734557999903, 0.0 ], [ 100.37184337700009, -0.885746822999941, 0.0 ], [ 100.371852957000073, -0.885746474999912, 0.0 ], [ 100.371871687000024, -0.885726757999969, 0.0 ], [ 100.371920367000058, -0.885694819999902, 0.0 ], [ 100.371993488000072, -0.885680536999875, 0.0 ], [ 100.372071145000106, -0.885704255999883, 0.0 ], [ 100.372148264, -0.885756458999939, 0.0 ], [ 100.372197052000033, -0.885780197999949, 0.0 ], [ 100.372227917000018, -0.885820324999894, 0.0 ], [ 100.372229288000042, -0.885825553999883, 0.0 ], [ 100.372256025000027, -0.885866599999904, 0.0 ], [ 100.372261802000068, -0.885905762999858, 0.0 ], [ 100.372276326000119, -0.885912868999913, 0.0 ], [ 100.372365012000074, -0.885921698999933, 0.0 ], [ 100.372485631000117, -0.885910749999915, 0.0 ], [ 100.372589164000061, -0.885910711999912, 0.0 ], [ 100.372613413000025, -0.885926121999944, 0.0 ], [ 100.372724315000056, -0.885967391999895, 0.0 ], [ 100.372811019000039, -0.886053548999918, 0.0 ], [ 100.37284561500006, -0.88614769499998, 0.0 ], [ 100.372915231000036, -0.886325373999938, 0.0 ], [ 100.372948812000061, -0.886390665999922, 0.0 ], [ 100.372985030000038, -0.886446545999927, 0.0 ], [ 100.373014007000037, -0.886467878999916, 0.0 ], [ 100.373033013000011, -0.886474192, 0.0 ], [ 100.373033020000022, -0.886473910999882, 0.0 ], [ 100.37300843200002, -0.886392216999962, 0.0 ], [ 100.372972031000032, -0.886297422999935, 0.0 ], [ 100.372947855000078, -0.886207001999914, 0.0 ], [ 100.372913764, -0.886131614999893, 0.0 ], [ 100.372862271000102, -0.88595505899994, 0.0 ], [ 100.372850740000032, -0.885788182999899, 0.0 ], [ 100.37288951900004, -0.885676061999948, 0.0 ], [ 100.372914632000075, -0.885642349999912, 0.0 ], [ 100.372944481000062, -0.885549729999976, 0.0 ], [ 100.373004947000098, -0.885459215999948, 0.0 ], [ 100.373124976999989, -0.885366227999892, 0.0 ], [ 100.373189013000044, -0.885346593999955, 0.0 ], [ 100.373220855000014, -0.885329912999907, 0.0 ], [ 100.373350286000061, -0.885294584999915, 0.0 ], [ 100.373470213000047, -0.885269321999957, 0.0 ], [ 100.37349613800005, -0.885267718999913, 0.0 ], [ 100.373549279000102, -0.885199337999939, 0.0 ], [ 100.37364113200006, -0.885154290999942, 0.0 ], [ 100.373770129000079, -0.885145037999976, 0.0 ], [ 100.373827745000042, -0.885130983999879, 0.0 ], [ 100.373828915000061, -0.885130566999933, 0.0 ], [ 100.373833360000063, -0.885121591, 0.0 ], [ 100.373871726000047, -0.884998577999937, 0.0 ], [ 100.373912299000025, -0.884892080999919, 0.0 ], [ 100.373964218000054, -0.884792301999923, 0.0 ], [ 100.374050617000108, -0.884682082999952, 0.0 ], [ 100.374129550000063, -0.8846095419999, 0.0 ], [ 100.374208475000017, -0.884553163999943, 0.0 ], [ 100.374302065000037, -0.884511608999969, 0.0 ], [ 100.374387497, -0.884503614999929, 0.0 ], [ 100.374456935000055, -0.884505038999958, 0.0 ], [ 100.374573386000108, -0.88452283499992, 0.0 ], [ 100.374736522, -0.884542235999927, 0.0 ], [ 100.374803935000088, -0.884550397999892, 0.0 ], [ 100.374881992000056, -0.884553886999914, 0.0 ], [ 100.375006167000024, -0.884558849999969, 0.0 ], [ 100.375087292000075, -0.884566857999921, 0.0 ], [ 100.375183859000074, -0.884597341999957, 0.0 ], [ 100.375260991000061, -0.884648157999898, 0.0 ], [ 100.375320297000087, -0.884707488999922, 0.0 ], [ 100.375373217000018, -0.884758828999907, 0.0 ], [ 100.375413477000066, -0.884784929999935, 0.0 ], [ 100.375486650000084, -0.88480371199989, 0.0 ], [ 100.375564007, -0.88480467799997, 0.0 ], [ 100.375664294000032, -0.884807812999963, 0.0 ], [ 100.375782731000072, -0.884818988999911, 0.0 ], [ 100.375898396000039, -0.884842666999916, 0.0 ], [ 100.376020725000046, -0.884922376999938, 0.0 ], [ 100.376060809000066, -0.885042629999941, 0.0 ], [ 100.376098451000075, -0.885134100999959, 0.0 ], [ 100.376134224000012, -0.885188866999961, 0.0 ], [ 100.37616052900006, -0.885205273999897, 0.0 ], [ 100.376196405000101, -0.88520327899991, 0.0 ], [ 100.376250872000071, -0.885183266999942, 0.0 ], [ 100.376301529, -0.885157010999901, 0.0 ], [ 100.376393105000034, -0.885171580999952, 0.0 ], [ 100.376458596000035, -0.885222317999887, 0.0 ], [ 100.376515923000071, -0.885288344999932, 0.0 ], [ 100.376527979000087, -0.885388542999962, 0.0 ], [ 100.376525738000083, -0.885453183999982, 0.0 ], [ 100.376532345, -0.885489271999948, 0.0 ], [ 100.376542559000058, -0.885507379999936, 0.0 ], [ 100.376556206000032, -0.885513739999929, 0.0 ], [ 100.376578398000092, -0.88551278999994, 0.0 ], [ 100.376659854000081, -0.885495148999901, 0.0 ], [ 100.376738053000068, -0.88548428099989, 0.0 ], [ 100.376815515, -0.885505357999946, 0.0 ], [ 100.376849299000028, -0.885548644999975, 0.0 ], [ 100.376894107000098, -0.885582734999954, 0.0 ], [ 100.376943487000091, -0.885618431999887, 0.0 ], [ 100.376998137, -0.885634234999952, 0.0 ], [ 100.377100768000048, -0.885658435999911, 0.0 ], [ 100.377230345000029, -0.885717241999892, 0.0 ], [ 100.377319386000025, -0.885789700999936, 0.0 ], [ 100.377399695000094, -0.885830501999937, 0.0 ], [ 100.377513004000051, -0.885866528999898, 0.0 ], [ 100.377657580000033, -0.885932990999891, 0.0 ], [ 100.377871939, -0.886044282999951, 0.0 ], [ 100.377963862000058, -0.886095324999911, 0.0 ], [ 100.378032769000072, -0.886125819999947, 0.0 ], [ 100.378136655000048, -0.886168458999922, 0.0 ], [ 100.378211387000107, -0.886219412999875, 0.0 ], [ 100.378289778000024, -0.88630655999998, 0.0 ], [ 100.378312694000059, -0.886398673999963, 0.0 ], [ 100.378312731000051, -0.886497647999892, 0.0 ], [ 100.378316406000096, -0.88653757399991, 0.0 ], [ 100.378321937000109, -0.886546986999978, 0.0 ], [ 100.3783497350001, -0.886566793999929, 0.0 ], [ 100.378467495000066, -0.886633782999965, 0.0 ], [ 100.378586892, -0.886709288999906, 0.0 ], [ 100.378674147000112, -0.886731214999944, 0.0 ], [ 100.378806989000097, -0.886736659999951, 0.0 ], [ 100.378936476000064, -0.886737730999862, 0.0 ], [ 100.379037440000062, -0.886778456999945, 0.0 ], [ 100.379141358000055, -0.88685902899995, 0.0 ], [ 100.379175730000057, -0.886934635999989, 0.0 ], [ 100.379191755000051, -0.887024354999951, 0.0 ], [ 100.379176403000102, -0.887110664999899, 0.0 ], [ 100.379174211000105, -0.887141086999929, 0.0 ], [ 100.379181619000093, -0.887154844999912, 0.0 ], [ 100.379186156000031, -0.887162587999931, 0.0 ], [ 100.37921119400005, -0.887157376999944, 0.0 ], [ 100.37923253700005, -0.887142698999973, 0.0 ], [ 100.37929162500005, -0.887122414999983, 0.0 ], [ 100.379321087000093, -0.88710233999992, 0.0 ], [ 100.379341211000067, -0.887085315999933, 0.0 ], [ 100.379395771000048, -0.887053256999945, 0.0 ], [ 100.379435768000079, -0.886995721999892, 0.0 ], [ 100.379469565000122, -0.886910401999938, 0.0 ], [ 100.37951708600005, -0.886854626999941, 0.0 ], [ 100.379599012000085, -0.886766015999982, 0.0 ], [ 100.379707223000068, -0.886669958999939, 0.0 ], [ 100.379815867000076, -0.886576284999915, 0.0 ], [ 100.379850467000011, -0.88654211999993, 0.0 ], [ 100.379915147000034, -0.886402213999901, 0.0 ], [ 100.379947177000105, -0.886330033999968, 0.0 ], [ 100.379983432000088, -0.886200157999969, 0.0 ], [ 100.380021927000072, -0.886124332999913, 0.0 ], [ 100.380137730000072, -0.886003843999891, 0.0 ], [ 100.380287889000058, -0.885922553999915, 0.0 ], [ 100.380383220000041, -0.885947852999966, 0.0 ], [ 100.380416034000092, -0.885942432999961, 0.0 ], [ 100.380426750000083, -0.885927952999918, 0.0 ], [ 100.380441769000086, -0.885897466999882, 0.0 ], [ 100.380457077000116, -0.885846508999929, 0.0 ], [ 100.380468580000084, -0.885729046999892, 0.0 ], [ 100.38048598200001, -0.885644727999932, 0.0 ], [ 100.380517573000049, -0.885541060999969, 0.0 ], [ 100.3806298370001, -0.88543955999992, 0.0 ], [ 100.380742516000012, -0.885414714999907, 0.0 ], [ 100.380786785000041, -0.885400128999944, 0.0 ], [ 100.380790144000045, -0.885329979999913, 0.0 ], [ 100.380860760000118, -0.8852095959999, 0.0 ], [ 100.380914786000062, -0.885142950999981, 0.0 ], [ 100.381045992000082, -0.885035598999892, 0.0 ], [ 100.381132793000063, -0.884979078999923, 0.0 ], [ 100.381219139, -0.884929608999915, 0.0 ], [ 100.381264218000098, -0.88486954999992, 0.0 ], [ 100.381291186000027, -0.884816807999908, 0.0 ], [ 100.381315291000064, -0.884747159999918, 0.0 ], [ 100.38132589500006, -0.884654734999909, 0.0 ], [ 100.381362228000043, -0.884536854999926, 0.0 ], [ 100.381420775, -0.88442466299988, 0.0 ], [ 100.381489335000083, -0.884343477999913, 0.0 ], [ 100.381582734000077, -0.884270998999956, 0.0 ], [ 100.381680743000018, -0.884241598999921, 0.0 ], [ 100.38176697300004, -0.884214596999907, 0.0 ], [ 100.38182203100007, -0.884173691999898, 0.0 ], [ 100.38185726100005, -0.884124397999905, 0.0 ], [ 100.381877373000037, -0.884049099999981, 0.0 ], [ 100.381877074, -0.883935903999941, 0.0 ], [ 100.381900151000053, -0.883835988999934, 0.0 ], [ 100.381963233000121, -0.883705081999938, 0.0 ], [ 100.38207075400004, -0.883666526999946, 0.0 ], [ 100.382224822000097, -0.88352797799994, 0.0 ], [ 100.382297360000052, -0.88345522799996, 0.0 ], [ 100.382345087, -0.883410447999896, 0.0 ], [ 100.382399558000074, -0.883359836999883, 0.0 ], [ 100.382434490000037, -0.8833095899999, 0.0 ], [ 100.382460017000099, -0.883242922999891, 0.0 ], [ 100.382515487000077, -0.883129707999938, 0.0 ], [ 100.382615425000083, -0.883004420999963, 0.0 ], [ 100.382721577000069, -0.882928577999905, 0.0 ], [ 100.382795198000039, -0.882866030999882, 0.0 ], [ 100.382826878000074, -0.882829899999912, 0.0 ], [ 100.382828268000111, -0.882822885999865, 0.0 ], [ 100.382818886000038, -0.882779778999939, 0.0 ], [ 100.382796562000053, -0.882693375999896, 0.0 ], [ 100.382797959000087, -0.882608254999958, 0.0 ], [ 100.382827743000064, -0.882521556999979, 0.0 ], [ 100.382900592000055, -0.882454264999918, 0.0 ], [ 100.382998598000071, -0.882440851999963, 0.0 ], [ 100.383107332000108, -0.882455788999955, 0.0 ], [ 100.383182992000059, -0.882471888999866, 0.0 ], [ 100.38324690200001, -0.882469158999907, 0.0 ], [ 100.383321974000097, -0.882433475999974, 0.0 ], [ 100.383403835000124, -0.882356674999926, 0.0 ], [ 100.383476749000025, -0.882243389999879, 0.0 ], [ 100.383540179000036, -0.882117570999949, 0.0 ], [ 100.383626816000103, -0.881991009999957, 0.0 ], [ 100.383725893000033, -0.88189120399996, 0.0 ], [ 100.383851532000037, -0.881792397999956, 0.0 ], [ 100.384028836000056, -0.88171646199989, 0.0 ], [ 100.384213082000116, -0.881682773999945, 0.0 ], [ 100.384318787000069, -0.881678859999976, 0.0 ], [ 100.384376386000028, -0.881665123999905, 0.0 ], [ 100.384405847000068, -0.881634958999896, 0.0 ], [ 100.384450724000061, -0.881525377999889, 0.0 ], [ 100.384493271000025, -0.881429748999881, 0.0 ], [ 100.38454112000008, -0.881362509999914, 0.0 ], [ 100.384584691000043, -0.881321755999917, 0.0 ], [ 100.384619266000058, -0.881304345999986, 0.0 ], [ 100.384724792000085, -0.881262023999948, 0.0 ], [ 100.384815927000076, -0.881239284999932, 0.0 ], [ 100.384865978000036, -0.88131737699991, 0.0 ], [ 100.385218952000031, -0.881819626999988, 0.0 ], [ 100.385356826000063, -0.881962691999924, 0.0 ], [ 100.386120649000119, -0.882639450999875, 0.0 ], [ 100.386075040000065, -0.882771650999889, 0.0 ], [ 100.386176037000084, -0.882819549999944, 0.0 ], [ 100.38597590300013, -0.883256167999921, 0.0 ], [ 100.385984079000096, -0.883472000999927, 0.0 ], [ 100.386011632000063, -0.883938852999918, 0.0 ], [ 100.3861194710001, -0.883929770999877, 0.0 ], [ 100.386207297000084, -0.884505453999903, 0.0 ], [ 100.385972597000034, -0.884600182999925, 0.0 ], [ 100.386090315, -0.885207479999902, 0.0 ], [ 100.385819419000057, -0.885279301999894, 0.0 ], [ 100.385712595000101, -0.885598500999926, 0.0 ], [ 100.385940802000064, -0.885763373999978, 0.0 ], [ 100.385953741000066, -0.886036162999989, 0.0 ], [ 100.385467504000076, -0.886103841999905, 0.0 ], [ 100.385384384000034, -0.886467559999979, 0.0 ], [ 100.385215527000099, -0.887079234999874, 0.0 ], [ 100.385007338, -0.887609418999954, 0.0 ], [ 100.384831609000045, -0.887924196999975, 0.0 ], [ 100.384832945000056, -0.888437302999886, 0.0 ], [ 100.3847152700001, -0.888564711999948, 0.0 ], [ 100.384416878000096, -0.888628180999959, 0.0 ], [ 100.384044743000032, -0.888686920999934, 0.0 ], [ 100.383933947000017, -0.888784161999986, 0.0 ], [ 100.383918576000084, -0.888797652999859, 0.0 ], [ 100.383967155, -0.888898554999948, 0.0 ], [ 100.384013945000063, -0.888975739999939, 0.0 ], [ 100.384052364000041, -0.889039112999942, 0.0 ], [ 100.384047214000063, -0.889048967999958, 0.0 ], [ 100.384011288000025, -0.889117694999872, 0.0 ], [ 100.383961600000092, -0.889159768999889, 0.0 ], [ 100.383252055000085, -0.889321263999928, 0.0 ], [ 100.38298725700011, -0.889406717999982, 0.0 ], [ 100.382966695, -0.889608950999929, 0.0 ], [ 100.3830182600001, -0.889991737999893, 0.0 ], [ 100.383069810000023, -0.890330552999949, 0.0 ], [ 100.382981841000017, -0.890349379999908, 0.0 ], [ 100.383070744000094, -0.890777105999948, 0.0 ], [ 100.383241280000078, -0.891608006999952, 0.0 ], [ 100.383278336000046, -0.891820013999908, 0.0 ], [ 100.383171189000052, -0.892043233999903, 0.0 ], [ 100.383113993000038, -0.892392209999912, 0.0 ], [ 100.383155851000126, -0.892693613999892, 0.0 ], [ 100.38321148300011, -0.893026310999975, 0.0 ], [ 100.383283350000013, -0.893470682999972, 0.0 ], [ 100.383418795000026, -0.893604217999918, 0.0 ], [ 100.38344154900004, -0.893754267999899, 0.0 ], [ 100.383448246000071, -0.893925036999907, 0.0 ], [ 100.383399666000045, -0.894091423999907, 0.0 ], [ 100.383782853000042, -0.894098709999977, 0.0 ], [ 100.383966784000066, -0.894129475999947, 0.0 ], [ 100.384042167000089, -0.894421658999875, 0.0 ], [ 100.384022809, -0.894816931999983, 0.0 ], [ 100.383930125000063, -0.895099533999918, 0.0 ], [ 100.383760292000034, -0.89534990699994, 0.0 ], [ 100.383638804000029, -0.895619292999935, 0.0 ], [ 100.383647733000046, -0.895912819999975, 0.0 ], [ 100.383623745000108, -0.896088264999925, 0.0 ], [ 100.383647977000066, -0.89630683199989, 0.0 ], [ 100.383699154000041, -0.896470147999903, 0.0 ], [ 100.383750484000117, -0.896752010999865, 0.0 ], [ 100.383753563000099, -0.896942568999911, 0.0 ], [ 100.383768758000116, -0.897179363999964, 0.0 ], [ 100.383786853000018, -0.897324543999897, 0.0 ], [ 100.383768743000118, -0.897536868999968, 0.0 ], [ 100.383798668000011, -0.897806873999926, 0.0 ], [ 100.383920746000086, -0.89799502199995, 0.0 ], [ 100.383887360000074, -0.898182708999936, 0.0 ], [ 100.383732450000039, -0.898385799999954, 0.0 ], [ 100.383548063000063, -0.898499431999941, 0.0 ], [ 100.383418635000012, -0.898538683999902, 0.0 ], [ 100.383293602000066, -0.898576602999931, 0.0 ], [ 100.383170951000039, -0.898742743999911, 0.0 ], [ 100.382480307, -0.90015146599994, 0.0 ], [ 100.382872531000032, -0.900450093999957, 0.0 ], [ 100.382671191999989, -0.900828257999894, 0.0 ], [ 100.38224871200002, -0.901365077, 0.0 ], [ 100.382117336000078, -0.901424832999961, 0.0 ], [ 100.381966406000032, -0.901952565999927, 0.0 ], [ 100.381822371000013, -0.902391178999892, 0.0 ], [ 100.38172983700008, -0.902724812999963, 0.0 ], [ 100.381589724000037, -0.902899920999975, 0.0 ], [ 100.381061291, -0.903384484999922, 0.0 ], [ 100.381141183000054, -0.903721343999905, 0.0 ], [ 100.381057657000071, -0.903793159999896, 0.0 ], [ 100.38073883900006, -0.903961048999932, 0.0 ], [ 100.380715802000026, -0.904140348999935, 0.0 ], [ 100.380948166000067, -0.904414669999895, 0.0 ], [ 100.381101561000051, -0.904322004999866, 0.0 ], [ 100.381276634000059, -0.90457062299992, 0.0 ], [ 100.381332360000059, -0.904909468999978, 0.0 ], [ 100.381286659000097, -0.905136495999933, 0.0 ], [ 100.381382065000082, -0.905486112999906, 0.0 ], [ 100.381468980000079, -0.905627693999985, 0.0 ], [ 100.381492989000023, -0.905751220999903, 0.0 ], [ 100.381636847000024, -0.905986185999893, 0.0 ], [ 100.381606965000046, -0.906169994999914, 0.0 ], [ 100.381565092000045, -0.90651799299993, 0.0 ], [ 100.381514224000099, -0.906650587999888, 0.0 ], [ 100.381502326, -0.90687054699988, 0.0 ], [ 100.381659577000036, -0.906902460999945, 0.0 ], [ 100.381851177000087, -0.907070981999944, 0.0 ], [ 100.382104962000128, -0.907070883999936, 0.0 ], [ 100.38233001, -0.907056345999887, 0.0 ], [ 100.382468945000042, -0.907244153999972, 0.0 ], [ 100.382650933, -0.907321155999949, 0.0 ], [ 100.382837736000084, -0.907465592999909, 0.0 ], [ 100.3830675990001, -0.907518489999934, 0.0 ], [ 100.383255093000074, -0.907688561999972, 0.0 ], [ 100.38350413600007, -0.907813705999935, 0.0 ], [ 100.383595187000054, -0.908001532999933, 0.0 ], [ 100.383710156000063, -0.9081267289999, 0.0 ], [ 100.383628779000077, -0.908194197999887, 0.0 ], [ 100.383594835000025, -0.908262902999976, 0.0 ], [ 100.38338653800011, -0.908367771999949, 0.0 ], [ 100.383161392000048, -0.908347576999965, 0.0 ], [ 100.382973198000016, -0.90829694499995, 0.0 ], [ 100.382764916000013, -0.908442378999904, 0.0 ], [ 100.382703903000035, -0.908558646999932, 0.0 ], [ 100.382707409000048, -0.908678062999954, 0.0 ], [ 100.382893263000071, -0.909350563999908, 0.0 ], [ 100.382937987000034, -0.909473057999918, 0.0 ], [ 100.382983066000037, -0.909563724999959, 0.0 ], [ 100.383222994000079, -0.909873996999963, 0.0 ], [ 100.383241054000067, -0.909916671999941, 0.0 ], [ 100.383270024000069, -0.910422911999905, 0.0 ], [ 100.383259488000078, -0.910496293999937, 0.0 ], [ 100.383207890000079, -0.910585244999925, 0.0 ], [ 100.383157983000032, -0.910643170999922, 0.0 ], [ 100.382994853000028, -0.910732147999912, 0.0 ], [ 100.382889081000073, -0.910748665999947, 0.0 ], [ 100.382720843000101, -0.910776432999935, 0.0 ], [ 100.382588863000109, -0.910930697999909, 0.0 ], [ 100.382302847000062, -0.911693054999926, 0.0 ], [ 100.382071796000048, -0.912351559999877, 0.0 ], [ 100.382217993000054, -0.912463271999972, 0.0 ], [ 100.382380062000053, -0.912597649999899, 0.0 ], [ 100.382383232000052, -0.912605883999959, 0.0 ], [ 100.382384113000043, -0.912637360999899, 0.0 ], [ 100.38234357400006, -0.913128282999928, 0.0 ], [ 100.382735573000076, -0.913010476999951, 0.0 ], [ 100.383354791000059, -0.912787826999914, 0.0 ], [ 100.383458900000065, -0.912761215999932, 0.0 ], [ 100.383534441000094, -0.912753783999939, 0.0 ], [ 100.383589822000062, -0.912759630999979, 0.0 ], [ 100.383652520000098, -0.912784847999934, 0.0 ], [ 100.383747390000039, -0.912855076999971, 0.0 ], [ 100.383841680000018, -0.912913433999915, 0.0 ], [ 100.383955911000058, -0.912957894999952, 0.0 ], [ 100.384288332000025, -0.913032496999907, 0.0 ], [ 100.384444365000064, -0.913041210999918, 0.0 ], [ 100.384642504000027, -0.913034899999928, 0.0 ], [ 100.384883391000059, -0.912954265999918, 0.0 ], [ 100.384887024000093, -0.912952347999937, 0.0 ], [ 100.384901261000024, -0.912962911999923, 0.0 ], [ 100.385135793000075, -0.913216896999888, 0.0 ], [ 100.385608308000087, -0.91381841199992, 0.0 ], [ 100.385934551000076, -0.914358213999908, 0.0 ], [ 100.386182018000042, -0.914669345999894, 0.0 ], [ 100.386340603000107, -0.914815206999883, 0.0 ], [ 100.386455887000054, -0.914908205999939, 0.0 ], [ 100.386211453000072, -0.915215199999938, 0.0 ], [ 100.386158761000075, -0.915234750999957, 0.0 ], [ 100.386029540000038, -0.915266004999967, 0.0 ], [ 100.385998899000072, -0.915286572999893, 0.0 ], [ 100.385940582000046, -0.915395636999946, 0.0 ], [ 100.385894793, -0.915559217999892, 0.0 ], [ 100.385849600000071, -0.915616105999892, 0.0 ], [ 100.38580198400004, -0.915688680999946, 0.0 ], [ 100.38575472600003, -0.915771000999918, 0.0 ], [ 100.385705817000073, -0.915856196999862, 0.0 ], [ 100.385627282000058, -0.915980377999922, 0.0 ], [ 100.385531762000056, -0.916120965999919, 0.0 ], [ 100.385376083000054, -0.916289033999881, 0.0 ], [ 100.384687441000011, -0.9172789809999, 0.0 ], [ 100.384606466000065, -0.917206338999929, 0.0 ], [ 100.384522100000098, -0.917129555999971, 0.0 ], [ 100.384438814000049, -0.917053477999893, 0.0 ], [ 100.384361055000099, -0.91698295099992, 0.0 ], [ 100.384293292000081, -0.916922830999919, 0.0 ], [ 100.384179108000055, -0.916829433999919, 0.0 ], [ 100.384119918000039, -0.916722627999963, 0.0 ], [ 100.384088874000042, -0.916666639999949, 0.0 ], [ 100.384088521000109, -0.916666317999923, 0.0 ], [ 100.383591769000034, -0.916215711999943, 0.0 ], [ 100.383342905000049, -0.915895522999918, 0.0 ], [ 100.383176401000043, -0.915747976999967, 0.0 ], [ 100.382871955000084, -0.915686406999935, 0.0 ], [ 100.382444884000094, -0.915679961999935, 0.0 ], [ 100.382035381000051, -0.915656228999925, 0.0 ], [ 100.381717790000067, -0.915670452999947, 0.0 ], [ 100.381547199000067, -0.91570901299994, 0.0 ], [ 100.381247126000019, -0.915728363999943, 0.0 ], [ 100.380796450000034, -0.915752504999897, 0.0 ], [ 100.380425767000091, -0.915736382999984, 0.0 ], [ 100.380231192000068, -0.915718481999924, 0.0 ], [ 100.380289720000036, -0.915862246999918, 0.0 ], [ 100.380306673000106, -0.915880093999885, 0.0 ], [ 100.380339522000071, -0.91590376899989, 0.0 ], [ 100.380381640000081, -0.915936692999949, 0.0 ], [ 100.380408936000038, -0.915956065999953, 0.0 ], [ 100.380443426000042, -0.915965765999957, 0.0 ], [ 100.380499254000043, -0.915973658999988, 0.0 ], [ 100.380552509000012, -0.915994991999977, 0.0 ], [ 100.380598818000024, -0.916040829999861, 0.0 ], [ 100.380628326000064, -0.916088745999918, 0.0 ], [ 100.380645890000011, -0.916151961999908, 0.0 ], [ 100.380653654000028, -0.916225228999931, 0.0 ], [ 100.380637108000087, -0.916260689999934, 0.0 ], [ 100.38060238100006, -0.916262775999929, 0.0 ], [ 100.380564951000068, -0.916247648999921, 0.0 ], [ 100.380512375000066, -0.916215271999906, 0.0 ], [ 100.380456566000063, -0.91618586199996, 0.0 ], [ 100.380413945, -0.916178281999954, 0.0 ], [ 100.380383185000127, -0.91619347999988, 0.0 ], [ 100.380375505000117, -0.916221195999864, 0.0 ], [ 100.380376842000047, -0.916261876999943, 0.0 ], [ 100.380368775000093, -0.916292061999954, 0.0 ], [ 100.380343597000049, -0.916312928999904, 0.0 ], [ 100.380305098000065, -0.916320830999936, 0.0 ], [ 100.380266112000029, -0.916321533999906, 0.0 ], [ 100.380221040000038, -0.916319334999901, 0.0 ], [ 100.380190372000072, -0.916314363999934, 0.0 ], [ 100.38016602, -0.916309000999934, 0.0 ], [ 100.380138145000018, -0.916304868999948, 0.0 ], [ 100.380118169000042, -0.916320062999961, 0.0 ], [ 100.380125432000028, -0.916349843999939, 0.0 ], [ 100.380152342000116, -0.916396042999942, 0.0 ], [ 100.380184002000078, -0.916433203999908, 0.0 ], [ 100.380231930000051, -0.916484078999943, 0.0 ], [ 100.380256882000069, -0.916526181999874, 0.0 ], [ 100.380282396000041, -0.916586698999907, 0.0 ], [ 100.380301923000061, -0.916617822999907, 0.0 ], [ 100.380354368000056, -0.916666318999923, 0.0 ], [ 100.380354747000084, -0.916666667999952, 0.0 ], [ 100.380384136000032, -0.916704374999874, 0.0 ], [ 100.38049648100008, -0.916798229999912, 0.0 ], [ 100.380638752000038, -0.916941851999983, 0.0 ], [ 100.380745781000101, -0.917051367999896, 0.0 ], [ 100.380809203000027, -0.917177588999948, 0.0 ], [ 100.380751160000017, -0.917324014999895, 0.0 ], [ 100.380635043, -0.917439878999978, 0.0 ], [ 100.380474502000041, -0.917439940999895, 0.0 ], [ 100.380317435, -0.917397849999876, 0.0 ], [ 100.380153388000025, -0.917355761999946, 0.0 ], [ 100.379957586000089, -0.917364070999923, 0.0 ], [ 100.379688616000038, -0.917313512999915, 0.0 ], [ 100.379444896000024, -0.917190882999893, 0.0 ], [ 100.37933738400001, -0.91700668999993, 0.0 ], [ 100.379066719, -0.916830567999924, 0.0 ], [ 100.378800086000055, -0.916790620999905, 0.0 ], [ 100.378525528000083, -0.916834783999917, 0.0 ], [ 100.378398211000018, -0.916890904999942, 0.0 ], [ 100.378074042000023, -0.917039457999977, 0.0 ], [ 100.377864979000051, -0.917046671999952, 0.0 ], [ 100.377772850000056, -0.917050273999894, 0.0 ], [ 100.377687792000046, -0.917014641999966, 0.0 ], [ 100.37748227100009, -0.917014721999973, 0.0 ], [ 100.377298022000033, -0.91705045799991, 0.0 ], [ 100.377156306000032, -0.917111142999957, 0.0 ], [ 100.376971118000071, -0.917230258999954, 0.0 ], [ 100.376742086000036, -0.91732980199993, 0.0 ], [ 100.376494356000066, -0.917207492999935, 0.0 ], [ 100.37644041300004, -0.917089976999893, 0.0 ], [ 100.376318627000089, -0.91696100199988, 0.0 ], [ 100.376172740000101, -0.916863014999944, 0.0 ], [ 100.375880753, -0.917006509999915, 0.0 ], [ 100.375519195000024, -0.917140071999953, 0.0 ], [ 100.375177506000085, -0.917309131999907, 0.0 ], [ 100.375176296000078, -0.91739157199989, 0.0 ], [ 100.374999997000046, -0.9174958259999, 0.0 ], [ 100.374999484000099, -0.917496045999918, 0.0 ], [ 100.374713978000017, -0.917617921999966, 0.0 ], [ 100.374513266000108, -0.917700512999961, 0.0 ], [ 100.374254395, -0.917875277999944, 0.0 ], [ 100.373875672000011, -0.918074556999912, 0.0 ], [ 100.373298322000025, -0.918271736999884, 0.0 ], [ 100.372684067000094, -0.918385588999978, 0.0 ], [ 100.372659657000028, -0.918456891999927, 0.0 ], [ 100.372246666000052, -0.918516053999937, 0.0 ], [ 100.372244250000037, -0.918587349999886, 0.0 ], [ 100.371904574, -0.918641566999931, 0.0 ], [ 100.371472049, -0.918742529999935, 0.0 ], [ 100.371136632000045, -0.918919882999955, 0.0 ], [ 100.370792373000072, -0.919160241999947, 0.0 ], [ 100.370810461000062, -0.919341511999935, 0.0 ], [ 100.37038658700007, -0.919552067999948, 0.0 ] ] ] ] } },
{ "type": "Feature", "properties": { "NAMOBJ": "KOTOTENGAH", "REMARK": "Wilayah Administrasi Kecamatan", "WADMKK": "KOTA PADANG", "WADMPR": "SUMATERA BARAT", "Shape_Leng": 0.00703159786, "Shape_Area": 3.8573e-06 }, "geometry": { "type": "MultiPolygon", "coordinates": [ [ [ [ 100.205266741000045, -0.875923303999912, 0.0 ], [ 100.205160155000016, -0.875933632999878, 0.0 ], [ 100.205049180000074, -0.875930729999904, 0.0 ], [ 100.204925050000014, -0.875902837999906, 0.0 ], [ 100.204771717000128, -0.87584850699994, 0.0 ], [ 100.204635889000073, -0.875769178999949, 0.0 ], [ 100.204511751000013, -0.875685432999948, 0.0 ], [ 100.204419727000044, -0.875600210999913, 0.0 ], [ 100.204340844000086, -0.875495880999896, 0.0 ], [ 100.204260497000107, -0.875368024999887, 0.0 ], [ 100.204193286000049, -0.875235758999956, 0.0 ], [ 100.204136290000037, -0.875096144999862, 0.0 ], [ 100.204121647000065, -0.87496826799994, 0.0 ], [ 100.204123055000096, -0.874793358999945, 0.0 ], [ 100.204127813000042, -0.874710070999893, 0.0 ], [ 100.204133216000045, -0.874615497999972, 0.0 ], [ 100.204172589000024, -0.874439102999943, 0.0 ], [ 100.204258681000042, -0.87426563099989, 0.0 ], [ 100.204337481000081, -0.874111274999908, 0.0 ], [ 100.204396195000044, -0.873995835999949, 0.0 ], [ 100.204427957000107, -0.873933388999934, 0.0 ], [ 100.204514071000034, -0.87380107399991, 0.0 ], [ 100.204591428000043, -0.873711391999951, 0.0 ], [ 100.204658533999989, -0.873652402999955, 0.0 ], [ 100.204671719000018, -0.873640812999884, 0.0 ], [ 100.204757857000047, -0.873609912999903, 0.0 ], [ 100.204855691000049, -0.873602536999915, 0.0 ], [ 100.204957906000075, -0.873608383999954, 0.0 ], [ 100.205090785000053, -0.8736259779999, 0.0 ], [ 100.205271853000028, -0.873637678999891, 0.0 ], [ 100.205413499000116, -0.873646452999907, 0.0 ], [ 100.205523016000114, -0.873671400999928, 0.0 ], [ 100.205677815000044, -0.873733084999969, 0.0 ], [ 100.205774207000019, -0.873790380999914, 0.0 ], [ 100.205889591000073, -0.873871182999938, 0.0 ], [ 100.205981604000044, -0.873947585999865, 0.0 ], [ 100.206066321000037, -0.874029868999923, 0.0 ], [ 100.206136439000062, -0.874122452999945, 0.0 ], [ 100.206187577000037, -0.874207687999892, 0.0 ], [ 100.206227026000093, -0.874295866999905, 0.0 ], [ 100.206248957000042, -0.874369352999945, 0.0 ], [ 100.206262142000071, -0.874517798999882, 0.0 ], [ 100.206240093000119, -0.874680082999898, 0.0 ], [ 100.206212612000058, -0.874882338999935, 0.0 ], [ 100.206177616, -0.875036690999917, 0.0 ], [ 100.206119248000064, -0.875157237999943, 0.0 ], [ 100.206059106000055, -0.875276082999918, 0.0 ], [ 100.206043366000088, -0.875307187999915, 0.0 ], [ 100.205942670000113, -0.875470369999917, 0.0 ], [ 100.205834649000053, -0.87557476999994, 0.0 ], [ 100.205687200000014, -0.875685051999916, 0.0 ], [ 100.205535376000071, -0.875799748999903, 0.0 ], [ 100.205420046000114, -0.875864460999928, 0.0 ], [ 100.205366089, -0.875885170999954, 0.0 ], [ 100.205266741000045, -0.875923303999912, 0.0 ] ] ] ] } },
{ "type": "Feature", "properties": { "NAMOBJ": "KOTOTENGAH", "REMARK": "Wilayah Administrasi Kecamatan", "WADMKK": "KOTA PADANG", "WADMPR": "SUMATERA BARAT", "Shape_Leng": 0.00593153997, "Shape_Area": 2.69981e-06 }, "geometry": { "type": "MultiPolygon", "coordinates": [ [ [ [ 100.302105730000022, -0.859311343999888, 0.0 ], [ 100.30203392700011, -0.859319258999921, 0.0 ], [ 100.302004353000072, -0.859316903999904, 0.0 ], [ 100.301779468000021, -0.85933368599996, 0.0 ], [ 100.301401680000112, -0.859273458999951, 0.0 ], [ 100.301127920000027, -0.859158479999941, 0.0 ], [ 100.300963664000022, -0.859043500999931, 0.0 ], [ 100.300870586000045, -0.858884719999939, 0.0 ], [ 100.300826784000066, -0.858698562999901, 0.0 ], [ 100.300788458000099, -0.858490505999917, 0.0 ], [ 100.300788458000099, -0.858431208999896, 0.0 ], [ 100.300788458000099, -0.858348150999952, 0.0 ], [ 100.300790155000058, -0.858342209999904, 0.0 ], [ 100.300821309000057, -0.858233170999942, 0.0 ], [ 100.300908912000025, -0.858101766999905, 0.0 ], [ 100.30101294100011, -0.857997737999913, 0.0 ], [ 100.301094930000048, -0.857937324999977, 0.0 ], [ 100.301116969000091, -0.857921084999877, 0.0 ], [ 100.30122099800009, -0.857860857999867, 0.0 ], [ 100.301445481000101, -0.857778729999911, 0.0 ], [ 100.301604262000097, -0.857729452999919, 0.0 ], [ 100.301795894000051, -0.857691126999946, 0.0 ], [ 100.301954675000047, -0.857691126999946, 0.0 ], [ 100.302102505000022, -0.857707551999972, 0.0 ], [ 100.302173683000049, -0.857718502999901, 0.0 ], [ 100.30221081900001, -0.857746116999966, 0.0 ], [ 100.302283187000043, -0.857773254999902, 0.0 ], [ 100.302447443000048, -0.857866332999965, 0.0 ], [ 100.302606223000041, -0.85801416299994, 0.0 ], [ 100.302684915000071, -0.85808119699989, 0.0 ], [ 100.302754054000019, -0.858140092999967, 0.0 ], [ 100.302781584000073, -0.858174963999922, 0.0 ], [ 100.302794837000107, -0.85819175199989, 0.0 ], [ 100.302836182000064, -0.858255071999977, 0.0 ], [ 100.302863558000098, -0.858309823999889, 0.0 ], [ 100.302874508000031, -0.858408377999961, 0.0 ], [ 100.302890934000061, -0.858512405999864, 0.0 ], [ 100.302890934000061, -0.858594533999909, 0.0 ], [ 100.302879983000039, -0.858665711999937, 0.0 ], [ 100.302847132000082, -0.858758789999911, 0.0 ], [ 100.302792380000071, -0.858846393999965, 0.0 ], [ 100.302748578, -0.858917570999903, 0.0 ], [ 100.302688351000086, -0.858972322999904, 0.0 ], [ 100.302622649000071, -0.859032549999913, 0.0 ], [ 100.302573372000069, -0.859081826999905, 0.0 ], [ 100.302540521000111, -0.859109202999949, 0.0 ], [ 100.302436492000112, -0.859174904999968, 0.0 ], [ 100.302365315, -0.85921870699995, 0.0 ], [ 100.302310563000091, -0.859257032999924, 0.0 ], [ 100.302201059000083, -0.859300834999907, 0.0 ], [ 100.302105730000022, -0.859311343999888, 0.0 ] ] ] ] } },
{ "type": "Feature", "properties": { "NAMOBJ": "KURANJI", "REMARK": "Wilayah Administrasi Kecamatan", "WADMKK": "KOTA PADANG", "WADMPR": "SUMATERA BARAT", "Shape_Leng": 0.43874607288, "Shape_Area": 0.00506741318 }, "geometry": { "type": "MultiPolygon", "coordinates": [ [ [ [ 100.4749078400001, -0.831807219999966, 0.0 ], [ 100.474163468000057, -0.832128480999902, 0.0 ], [ 100.473489969000113, -0.832360552999919, 0.0 ], [ 100.473019013000041, -0.832475610999936, 0.0 ], [ 100.472470838000078, -0.832664086999898, 0.0 ], [ 100.472134135000019, -0.832904949999932, 0.0 ], [ 100.471522826000069, -0.833547143999954, 0.0 ], [ 100.471279544000097, -0.833903920999898, 0.0 ], [ 100.471054286000111, -0.834522344999907, 0.0 ], [ 100.470817937, -0.835077191999986, 0.0 ], [ 100.470576058000063, -0.835453560999951, 0.0 ], [ 100.470038213000066, -0.83589962099991, 0.0 ], [ 100.46937725800008, -0.836272966999893, 0.0 ], [ 100.468851920000048, -0.836608048999906, 0.0 ], [ 100.468387483000086, -0.837114428999882, 0.0 ], [ 100.468248579000047, -0.837284059999884, 0.0 ], [ 100.468044963000068, -0.837621184999889, 0.0 ], [ 100.467642295000061, -0.838381972999954, 0.0 ], [ 100.467312418000034, -0.839289154999964, 0.0 ], [ 100.466905318000016, -0.840855254999958, 0.0 ], [ 100.466860767000057, -0.841704799999906, 0.0 ], [ 100.466803571000028, -0.842254264999894, 0.0 ], [ 100.466708106000041, -0.842870418999894, 0.0 ], [ 100.466572658000118, -0.843370389999961, 0.0 ], [ 100.466434078000106, -0.843659920999936, 0.0 ], [ 100.466051523000075, -0.844250510999863, 0.0 ], [ 100.465732663000068, -0.844577944999955, 0.0 ], [ 100.465547735000044, -0.844789805999898, 0.0 ], [ 100.46532134900005, -0.845263397999915, 0.0 ], [ 100.465118283000038, -0.846070464999901, 0.0 ], [ 100.465016906000088, -0.846888860999936, 0.0 ], [ 100.464823117000037, -0.847708406999978, 0.0 ], [ 100.464599517000096, -0.848616661999898, 0.0 ], [ 100.464418911000081, -0.849060006999899, 0.0 ], [ 100.463981236, -0.850175775999936, 0.0 ], [ 100.463768023000043, -0.850627065999973, 0.0 ], [ 100.463549, -0.850929301999933, 0.0 ], [ 100.463147507000045, -0.851392171999951, 0.0 ], [ 100.462575456000053, -0.85209193199994, 0.0 ], [ 100.461948912000082, -0.852923753999931, 0.0 ], [ 100.46159086400003, -0.853339681999973, 0.0 ], [ 100.461150187000072, -0.85383879899997, 0.0 ], [ 100.460818993000032, -0.854289611999878, 0.0 ], [ 100.460437174000049, -0.854735585999919, 0.0 ], [ 100.459940795000108, -0.855344859999882, 0.0 ], [ 100.459609219000029, -0.855644770999916, 0.0 ], [ 100.459547444000066, -0.855751397999946, 0.0 ], [ 100.459476413000047, -0.855906155999961, 0.0 ], [ 100.459415177000054, -0.856263736999882, 0.0 ], [ 100.459362335000023, -0.856639831999914, 0.0 ], [ 100.459268243000054, -0.856909336999919, 0.0 ], [ 100.459012903000072, -0.858499349999938, 0.0 ], [ 100.459052614000072, -0.861185275999951, 0.0 ], [ 100.459495669000049, -0.864886671999962, 0.0 ], [ 100.459416327000056, -0.86558247399989, 0.0 ], [ 100.4588833870001, -0.8658230519999, 0.0 ], [ 100.458333332000066, -0.865760635999887, 0.0 ], [ 100.458171223000065, -0.865736297999916, 0.0 ], [ 100.458076022000085, -0.865715910999917, 0.0 ], [ 100.457929465000049, -0.86566597399996, 0.0 ], [ 100.457766976000102, -0.865603481999941, 0.0 ], [ 100.457632426000075, -0.865584384999959, 0.0 ], [ 100.457364768000033, -0.865569066999935, 0.0 ], [ 100.457147088000056, -0.865570571999971, 0.0 ], [ 100.456932553000073, -0.865567131999953, 0.0 ], [ 100.456864710000048, -0.865579243999889, 0.0 ], [ 100.456840693000018, -0.86561408399993, 0.0 ], [ 100.456829060000032, -0.865738874999952, 0.0 ], [ 100.456792863000061, -0.866002266999896, 0.0 ], [ 100.456837021000069, -0.866206674999933, 0.0 ], [ 100.456938208000096, -0.86639699799996, 0.0 ], [ 100.456935642000062, -0.866467405999924, 0.0 ], [ 100.456917516000075, -0.866529997999951, 0.0 ], [ 100.456780081000062, -0.866956270999871, 0.0 ], [ 100.456647940000053, -0.867656718999918, 0.0 ], [ 100.456606637000021, -0.868133939999968, 0.0 ], [ 100.456601588000041, -0.868411790999954, 0.0 ], [ 100.456601697000053, -0.868698636999973, 0.0 ], [ 100.456565644000094, -0.869206086999949, 0.0 ], [ 100.456576222000081, -0.869738699999964, 0.0 ], [ 100.456597092000024, -0.870075083999907, 0.0 ], [ 100.45666544000008, -0.870357265999896, 0.0 ], [ 100.456822654000035, -0.87071311299994, 0.0 ], [ 100.456933551000063, -0.870996287999922, 0.0 ], [ 100.456954420000017, -0.871221719999923, 0.0 ], [ 100.456901706000096, -0.871453230999983, 0.0 ], [ 100.456823223000086, -0.871656701999942, 0.0 ], [ 100.456751722000035, -0.871846061999978, 0.0 ], [ 100.456723773000121, -0.871962326999917, 0.0 ], [ 100.456710098000045, -0.871989797999969, 0.0 ], [ 100.456691139000085, -0.872000702999983, 0.0 ], [ 100.456661343000107, -0.872009796999937, 0.0 ], [ 100.456576464000094, -0.872017095999919, 0.0 ], [ 100.45646247100008, -0.872034582999945, 0.0 ], [ 100.45629845900001, -0.872052974999956, 0.0 ], [ 100.455628336000075, -0.87216895299996, 0.0 ], [ 100.455190977000129, -0.872242443999912, 0.0 ], [ 100.454640543000053, -0.872355568999946, 0.0 ], [ 100.454090304, -0.872527701999889, 0.0 ], [ 100.453596663000013, -0.872735066999905, 0.0 ], [ 100.45349897200002, -0.872777688999967, 0.0 ], [ 100.453489216, -0.872810451999925, 0.0 ], [ 100.453510414000078, -0.872884146999983, 0.0 ], [ 100.453569113000043, -0.873079031999943, 0.0 ], [ 100.453593582000025, -0.87319039599992, 0.0 ], [ 100.453569070000043, -0.873290985999983, 0.0 ], [ 100.45351862800004, -0.873394190999907, 0.0 ], [ 100.45341763600004, -0.873560256999969, 0.0 ], [ 100.453267891000081, -0.87374703099988, 0.0 ], [ 100.453163943, -0.873836694999927, 0.0 ], [ 100.453087320000066, -0.87391067799992, 0.0 ], [ 100.452943148000116, -0.874031097999936, 0.0 ], [ 100.452794152000052, -0.874132825999915, 0.0 ], [ 100.452666840000091, -0.874225952999893, 0.0 ], [ 100.452537279000026, -0.874322459999973, 0.0 ], [ 100.452398664000015, -0.874460678999952, 0.0 ], [ 100.45231186200003, -0.874532404999936, 0.0 ], [ 100.452211007000031, -0.874578699999947, 0.0 ], [ 100.452131578000035, -0.874605635999956, 0.0 ], [ 100.452071604000039, -0.874632562999963, 0.0 ], [ 100.452010325000032, -0.874680218, 0.0 ], [ 100.451494135000047, -0.875, 0.0 ], [ 100.451455730000063, -0.875113096999932, 0.0 ], [ 100.451366121000021, -0.87542259099996, 0.0 ], [ 100.451142008000048, -0.875964231999923, 0.0 ], [ 100.450770513000037, -0.876583296999986, 0.0 ], [ 100.45023080600005, -0.877373256999888, 0.0 ], [ 100.44984006200005, -0.877934305999947, 0.0 ], [ 100.449075104000087, -0.878787326999916, 0.0 ], [ 100.44899847800005, -0.87890855399991, 0.0 ], [ 100.44892652200005, -0.878966819999935, 0.0 ], [ 100.448722381000039, -0.879070977999937, 0.0 ], [ 100.448578162, -0.879134613999963, 0.0 ], [ 100.448410553000087, -0.879167103999986, 0.0 ], [ 100.448147075000037, -0.87918955899989, 0.0 ], [ 100.447938318000084, -0.879157686999918, 0.0 ], [ 100.447865710000116, -0.87915771499992, 0.0 ], [ 100.447516265000075, -0.879103075999929, 0.0 ], [ 100.44728933600004, -0.87902556299991, 0.0 ], [ 100.447521535000064, -0.880053940999911, 0.0 ], [ 100.447591798000104, -0.88030452099995, 0.0 ], [ 100.447634681000096, -0.880439230999905, 0.0 ], [ 100.447638194000035, -0.880504551999891, 0.0 ], [ 100.447625132000027, -0.88062631499993, 0.0 ], [ 100.447605929000034, -0.880716683999946, 0.0 ], [ 100.447598920000075, -0.880759969999886, 0.0 ], [ 100.447581055000015, -0.880891406999925, 0.0 ], [ 100.447506650000079, -0.880910264999887, 0.0 ], [ 100.447299540000088, -0.880980335999912, 0.0 ], [ 100.447087357000029, -0.881069813999943, 0.0 ], [ 100.446989806000033, -0.881122944999898, 0.0 ], [ 100.446817099000043, -0.881222768999987, 0.0 ], [ 100.446741664000015, -0.881281112999929, 0.0 ], [ 100.44667611200002, -0.881353542999882, 0.0 ], [ 100.446645664000073, -0.881423864999928, 0.0 ], [ 100.446612906000027, -0.881506737999945, 0.0 ], [ 100.446590559000043, -0.881626613999916, 0.0 ], [ 100.446567358000081, -0.881725283999909, 0.0 ], [ 100.446541796000091, -0.881804936999927, 0.0 ], [ 100.446491447000099, -0.881894253999945, 0.0 ], [ 100.44643845300007, -0.881969399999946, 0.0 ], [ 100.44634252000013, -0.882063559999921, 0.0 ], [ 100.446254462000027, -0.882146837999883, 0.0 ], [ 100.44621529300008, -0.88219833899997, 0.0 ], [ 100.446189722, -0.882247421999946, 0.0 ], [ 100.446154564000025, -0.882330297999875, 0.0 ], [ 100.446115136000046, -0.882395152999912, 0.0 ], [ 100.44607117300005, -0.882457918999865, 0.0 ], [ 100.446020808000057, -0.882511838999974, 0.0 ], [ 100.445977635000048, -0.882543230999907, 0.0 ], [ 100.445861721000043, -0.882608640999901, 0.0 ], [ 100.445776847000033, -0.882666094999948, 0.0 ], [ 100.445709539000063, -0.882720597999928, 0.0 ], [ 100.445659786000036, -0.882751534999912, 0.0 ], [ 100.445610028, -0.882772168999931, 0.0 ], [ 100.445561728000087, -0.882778077999888, 0.0 ], [ 100.445530991000041, -0.882776617999944, 0.0 ], [ 100.445507564000053, -0.882760430999937, 0.0 ], [ 100.445447534000053, -0.882708922999939, 0.0 ], [ 100.445352369, -0.882645646999944, 0.0 ], [ 100.445263066000066, -0.882601511999933, 0.0 ], [ 100.445196782000011, -0.88258059699989, 0.0 ], [ 100.44514116000002, -0.882574729999938, 0.0 ], [ 100.445041629000045, -0.882576240999885, 0.0 ], [ 100.44484695700001, -0.882573372999914, 0.0 ], [ 100.444740104000061, -0.882567523999963, 0.0 ], [ 100.444683014000034, -0.882554294999935, 0.0 ], [ 100.444646412000026, -0.882530751999941, 0.0 ], [ 100.444592235000073, -0.882479240999942, 0.0 ], [ 100.444537147000048, -0.88242888599995, 0.0 ], [ 100.444444610000033, -0.882380888999887, 0.0 ], [ 100.444346107000058, -0.882347902999911, 0.0 ], [ 100.444271485000101, -0.882328417999897, 0.0 ], [ 100.444161056000013, -0.882323956999883, 0.0 ], [ 100.444058099000117, -0.88234801499992, 0.0 ], [ 100.443980515000092, -0.882385572999919, 0.0 ], [ 100.443878424000076, -0.882473684999926, 0.0 ], [ 100.443806822000013, -0.882547266999886, 0.0 ], [ 100.443702395000088, -0.882629867999881, 0.0 ], [ 100.443587525000083, -0.882719978999877, 0.0 ], [ 100.443520391000035, -0.882765036999963, 0.0 ], [ 100.443590554000068, -0.882835560999936, 0.0 ], [ 100.443641305000085, -0.882871566999896, 0.0 ], [ 100.443709963000089, -0.882906065999908, 0.0 ], [ 100.443839791000087, -0.882910517999921, 0.0 ], [ 100.443914397000043, -0.882889472999956, 0.0 ], [ 100.443994977000045, -0.882884938999936, 0.0 ], [ 100.444044850000083, -0.882900106999948, 0.0 ], [ 100.444140365000081, -0.882922586999943, 0.0 ], [ 100.444273194000061, -0.882969067999969, 0.0 ], [ 100.444349787000093, -0.882985749999929, 0.0 ], [ 100.444475136000065, -0.882988703999906, 0.0 ], [ 100.444563186000067, -0.882999174999885, 0.0 ], [ 100.444675122, -0.883039661999948, 0.0 ], [ 100.444831832, -0.883096642999867, 0.0 ], [ 100.444901982000033, -0.88313414199995, 0.0 ], [ 100.444988551, -0.883176137999961, 0.0 ], [ 100.44505422600011, -0.883213638999955, 0.0 ], [ 100.445127092000106, -0.883256103999916, 0.0 ], [ 100.445203959000068, -0.883312151999935, 0.0 ], [ 100.445270285000049, -0.883386395999949, 0.0 ], [ 100.445317026000097, -0.883465189999896, 0.0 ], [ 100.44537293800002, -0.883581098999983, 0.0 ], [ 100.445416683000076, -0.883711429999931, 0.0 ], [ 100.445440838000039, -0.883834190999963, 0.0 ], [ 100.445475608000066, -0.884044079999921, 0.0 ], [ 100.445490665000079, -0.884184011999952, 0.0 ], [ 100.44549975400011, -0.884309807999969, 0.0 ], [ 100.445487736000103, -0.884405300999966, 0.0 ], [ 100.445448536000058, -0.88454800399996, 0.0 ], [ 100.445386684000084, -0.884669882999919, 0.0 ], [ 100.445230084000102, -0.88493670199988, 0.0 ], [ 100.44517578600005, -0.885049829999915, 0.0 ], [ 100.445168280000047, -0.885116522999926, 0.0 ], [ 100.445177340000086, -0.885171084999911, 0.0 ], [ 100.445196956000103, -0.885240797999906, 0.0 ], [ 100.445227119000023, -0.885313537999885, 0.0 ], [ 100.444801192000043, -0.886144221999871, 0.0 ], [ 100.444860937000016, -0.886254540999939, 0.0 ], [ 100.444904082000036, -0.886400157999908, 0.0 ], [ 100.444926561000031, -0.886587389999946, 0.0 ], [ 100.444942115000075, -0.886696609999923, 0.0 ], [ 100.444997410000028, -0.886878040999925, 0.0 ], [ 100.445113025000097, -0.887229939999909, 0.0 ], [ 100.445159619000037, -0.887380753999953, 0.0 ], [ 100.444013611000074, -0.888338621999893, 0.0 ], [ 100.443867053000119, -0.888400957999988, 0.0 ], [ 100.443819375, -0.888430003999904, 0.0 ], [ 100.443769803000066, -0.888471071999927, 0.0 ], [ 100.443730032000062, -0.888519364999926, 0.0 ], [ 100.443671636000019, -0.888626017999957, 0.0 ], [ 100.443631246000052, -0.888715683999916, 0.0 ], [ 100.443601490000077, -0.888795278999929, 0.0 ], [ 100.443577489000049, -0.888857767999948, 0.0 ], [ 100.443544107000037, -0.888934777999925, 0.0 ], [ 100.443527993000046, -0.888965163999952, 0.0 ], [ 100.443470592, -0.88906402199996, 0.0 ], [ 100.443406198000091, -0.889209798999943, 0.0 ], [ 100.443380098000063, -0.889269696999925, 0.0 ], [ 100.443344251000028, -0.889379038999913, 0.0 ], [ 100.443338503000078, -0.889433590999896, 0.0 ], [ 100.443344896999989, -0.88947789099992, 0.0 ], [ 100.443375026000083, -0.88955349899987, 0.0 ], [ 100.443379284000088, -0.889567551999967, 0.0 ], [ 100.443395403000082, -0.889620404999899, 0.0 ], [ 100.443423633000023, -0.889736033999963, 0.0 ], [ 100.443432483000038, -0.889804510999944, 0.0 ], [ 100.443441559000078, -0.889884475999899, 0.0 ], [ 100.443444188000029, -0.889999275999983, 0.0 ], [ 100.443444216000032, -0.89006280199991, 0.0 ], [ 100.443426592, -0.890133490999986, 0.0 ], [ 100.443410474000089, -0.890210663999888, 0.0 ], [ 100.443386195000031, -0.890309437999978, 0.0 ], [ 100.44338234000007, -0.890354540999979, 0.0 ], [ 100.443384725, -0.890405020999893, 0.0 ], [ 100.443398306000063, -0.890455286999966, 0.0 ], [ 100.443423297, -0.890510974999867, 0.0 ], [ 100.44348804400002, -0.890625758999949, 0.0 ], [ 100.443514606000093, -0.890712224999909, 0.0 ], [ 100.443519001000098, -0.890758817999945, 0.0 ], [ 100.443520675000059, -0.890854037999919, 0.0 ], [ 100.443525608000115, -0.890888132999986, 0.0 ], [ 100.443540963000046, -0.890941667999886, 0.0 ], [ 100.443560939000108, -0.890993904999945, 0.0 ], [ 100.443591616000063, -0.891052344999895, 0.0 ], [ 100.443669624000037, -0.891171080999861, 0.0 ], [ 100.443688230000063, -0.891217267999952, 0.0 ], [ 100.443689016000036, -0.891250468999946, 0.0 ], [ 100.443674195000057, -0.891291124999935, 0.0 ], [ 100.443642323000091, -0.891335599999884, 0.0 ], [ 100.443557362000078, -0.891429254999906, 0.0 ], [ 100.443489116000109, -0.891506621999913, 0.0 ], [ 100.443458194000044, -0.891552048999941, 0.0 ], [ 100.443426905000109, -0.8916084469999, 0.0 ], [ 100.443407669000038, -0.891665936999949, 0.0 ], [ 100.443403269000029, -0.891726487999897, 0.0 ], [ 100.443406771000042, -0.89180048499998, 0.0 ], [ 100.44340817700008, -0.891866931999971, 0.0 ], [ 100.443391110000078, -0.891923147999915, 0.0 ], [ 100.443345975000085, -0.892006790999908, 0.0 ], [ 100.443320337, -0.892034815999917, 0.0 ], [ 100.443269949000097, -0.892078952999928, 0.0 ], [ 100.443204504, -0.892122438999884, 0.0 ], [ 100.443147570000093, -0.892161310999903, 0.0 ], [ 100.443129249, -0.892183706999891, 0.0 ], [ 100.44310696300002, -0.892220851999944, 0.0 ], [ 100.4430938900001, -0.892272217999931, 0.0 ], [ 100.443093291000039, -0.892401650999894, 0.0 ], [ 100.443093955, -0.892424037999881, 0.0 ], [ 100.443107063000028, -0.892464199999917, 0.0 ], [ 100.443139178000109, -0.892564275999938, 0.0 ], [ 100.443161004000046, -0.89264910399994, 0.0 ], [ 100.44316259900009, -0.892663501999888, 0.0 ], [ 100.443159957000049, -0.89274367299986, 0.0 ], [ 100.443146200000072, -0.892811408999869, 0.0 ], [ 100.443137195000034, -0.892833276, 0.0 ], [ 100.443121145000035, -0.892861832999866, 0.0 ], [ 100.443099951000065, -0.892893302999894, 0.0 ], [ 100.443032652000085, -0.892975458999942, 0.0 ], [ 100.44299231100004, -0.893030704999894, 0.0 ], [ 100.442972184000055, -0.893078708999958, 0.0 ], [ 100.442966900000073, -0.893131506999975, 0.0 ], [ 100.442974357000068, -0.893210169999911, 0.0 ], [ 100.442980217000098, -0.89328376199996, 0.0 ], [ 100.4429876680001, -0.893354155999923, 0.0 ], [ 100.442984524000011, -0.893455339999946, 0.0 ], [ 100.442969548000022, -0.893552223999968, 0.0 ], [ 100.442954766000042, -0.893634378999927, 0.0 ], [ 100.442944939000114, -0.893707203999913, 0.0 ], [ 100.442921799000061, -0.893809662999953, 0.0 ], [ 100.442883895000037, -0.893906698999899, 0.0 ], [ 100.442845973, -0.893981616999969, 0.0 ], [ 100.44278568900009, -0.89408133499996, 0.0 ], [ 100.442745531000043, -0.894137396999891, 0.0 ], [ 100.442662859000052, -0.894243194999941, 0.0 ], [ 100.44258281900008, -0.894324658999931, 0.0 ], [ 100.442508169000035, -0.89437234699988, 0.0 ], [ 100.442451141000021, -0.894397687999934, 0.0 ], [ 100.442363603000061, -0.894441948999955, 0.0 ], [ 100.442288696000091, -0.894474115999952, 0.0 ], [ 100.442152644000018, -0.894523735999883, 0.0 ], [ 100.442059991000079, -0.894545954999945, 0.0 ], [ 100.441973961000073, -0.894566194999932, 0.0 ], [ 100.441918630000018, -0.894586042999887, 0.0 ], [ 100.441839705000064, -0.894624488999959, 0.0 ], [ 100.441757034000062, -0.894666172999944, 0.0 ], [ 100.441787647000112, -0.894784767999898, 0.0 ], [ 100.441805492000071, -0.894888640999966, 0.0 ], [ 100.441799220000092, -0.894954417999902, 0.0 ], [ 100.441791225000046, -0.895000986999936, 0.0 ], [ 100.441776113000046, -0.895057411999986, 0.0 ], [ 100.441757855000034, -0.895109500999943, 0.0 ], [ 100.441737196000105, -0.89515381799988, 0.0 ], [ 100.441713837000037, -0.895184570999938, 0.0 ], [ 100.441641954000048, -0.895264169999951, 0.0 ], [ 100.441577057000089, -0.89531699499997, 0.0 ], [ 100.44150606400008, -0.895370372999945, 0.0 ], [ 100.441446753000051, -0.895414704999883, 0.0 ], [ 100.441390142000074, -0.895469884999919, 0.0 ], [ 100.441340659000076, -0.895531592999873, 0.0 ], [ 100.441306409000077, -0.895587070999934, 0.0 ], [ 100.441255210000108, -0.895691075999924, 0.0 ], [ 100.441247138000065, -0.895736290999935, 0.0 ], [ 100.441246253000074, -0.895771557999922, 0.0 ], [ 100.44125073, -0.895814336999909, 0.0 ], [ 100.441274134000068, -0.89590022999991, 0.0 ], [ 100.441310224000034, -0.896051743999923, 0.0 ], [ 100.441337229000055, -0.896147582999948, 0.0 ], [ 100.441360630000034, -0.896223527999926, 0.0 ], [ 100.441387625000047, -0.896294047999898, 0.0 ], [ 100.441417518000037, -0.896360663999904, 0.0 ], [ 100.441466095000052, -0.896450162999937, 0.0 ], [ 100.441496673000103, -0.896486320999909, 0.0 ], [ 100.441537138000072, -0.896526993999899, 0.0 ], [ 100.441591094, -0.896577609999913, 0.0 ], [ 100.441647523000057, -0.89662863499996, 0.0 ], [ 100.441694280000021, -0.896671021999914, 0.0 ], [ 100.441738295000022, -0.896735535999923, 0.0 ], [ 100.441776033000039, -0.896799587999983, 0.0 ], [ 100.441805384000062, -0.896860421999953, 0.0 ], [ 100.441817312000069, -0.896892681999869, 0.0 ], [ 100.44184209000008, -0.896981171999908, 0.0 ], [ 100.441860463000097, -0.897085769999947, 0.0 ], [ 100.441886163000092, -0.897185322999924, 0.0 ], [ 100.441903591000113, -0.897225878999905, 0.0 ], [ 100.441928352000019, -0.897266430999885, 0.0 ], [ 100.441976031000067, -0.897324489999892, 0.0 ], [ 100.441997274000045, -0.89734330999994, 0.0 ], [ 100.442068783000096, -0.897408734999935, 0.0 ], [ 100.442136621000031, -0.897456645, 0.0 ], [ 100.442188873000092, -0.897489812999893, 0.0 ], [ 100.442222792000052, -0.89751745599996, 0.0 ], [ 100.442260764000082, -0.897553813999949, 0.0 ], [ 100.44225343, -0.897547363999948, 0.0 ], [ 100.442312108000067, -0.89760726399993, 0.0 ], [ 100.442353369000017, -0.897659792999924, 0.0 ], [ 100.44236529100003, -0.897680069999915, 0.0 ], [ 100.442404731000096, -0.897762101999952, 0.0 ], [ 100.442425832000069, -0.897817404999909, 0.0 ], [ 100.442432255000057, -0.897838605999887, 0.0 ], [ 100.442434096000042, -0.897857044, 0.0 ], [ 100.442426987000076, -0.897903939999875, 0.0 ], [ 100.442414805000041, -0.897961060999894, 0.0 ], [ 100.442375561000077, -0.898021926999956, 0.0 ], [ 100.442331475000074, -0.89805787199991, 0.0 ], [ 100.442311319000098, -0.898078163, 0.0 ], [ 100.442290104000023, -0.898106995999978, 0.0 ], [ 100.442280012000083, -0.898129123999944, 0.0 ], [ 100.442277366000042, -0.898147273999935, 0.0 ], [ 100.442281103000084, -0.89820171799991, 0.0 ], [ 100.442297517000014, -0.898261154999943, 0.0 ], [ 100.442329344000072, -0.898371516999926, 0.0 ], [ 100.442357107000063, -0.898469859999981, 0.0 ], [ 100.442367031000089, -0.898535019999954, 0.0 ], [ 100.44236978000005, -0.898660371999934, 0.0 ], [ 100.442374295000064, -0.898699285999957, 0.0 ], [ 100.442390514000067, -0.898761727999972, 0.0 ], [ 100.4424391310001, -0.898843161999871, 0.0 ], [ 100.442495954, -0.8989068489999, 0.0 ], [ 100.44253736800006, -0.898971088999886, 0.0 ], [ 100.442577882000123, -0.899040760999966, 0.0 ], [ 100.442600465000041, -0.899089165999886, 0.0 ], [ 100.442610379000058, -0.899126266999936, 0.0 ], [ 100.442617593000122, -0.899171516999949, 0.0 ], [ 100.442622125000057, -0.899252062999953, 0.0 ], [ 100.442617658000032, -0.899341175999954, 0.0 ], [ 100.442617677000044, -0.899391858999884, 0.0 ], [ 100.44262671400007, -0.89949140899995, 0.0 ], [ 100.442639396000061, -0.899625791999878, 0.0 ], [ 100.442649100000068, -0.899758292999916, 0.0 ], [ 100.442647115000071, -0.899820571999918, 0.0 ], [ 100.442653160000049, -0.899856155999931, 0.0 ], [ 100.442678180000073, -0.899974183999927, 0.0 ], [ 100.442684640000067, -0.900040905999941, 0.0 ], [ 100.44268385, -0.90007226999996, 0.0 ], [ 100.442677045000067, -0.900149106999923, 0.0 ], [ 100.442668252000047, -0.900224561999948, 0.0 ], [ 100.442667056000033, -0.90025367899996, 0.0 ], [ 100.442669880000011, -0.900276727999913, 0.0 ], [ 100.442677123000067, -0.900293304999952, 0.0 ], [ 100.442688786000062, -0.900305836999923, 0.0 ], [ 100.442700109000015, -0.9003120039999, 0.0 ], [ 100.442720615000027, -0.900320890999925, 0.0 ], [ 100.442794188000079, -0.900332994999861, 0.0 ], [ 100.442829571000075, -0.900342281999919, 0.0 ], [ 100.442883048000056, -0.900363693999914, 0.0 ], [ 100.442904762000083, -0.90037581799994, 0.0 ], [ 100.442923661000037, -0.900391175999967, 0.0 ], [ 100.442952732000052, -0.900421209999877, 0.0 ], [ 100.442965303000022, -0.900436451999894, 0.0 ], [ 100.442974598, -0.900455649999973, 0.0 ], [ 100.442977699000068, -0.900469142999935, 0.0 ], [ 100.442974605000089, -0.900482268999955, 0.0 ], [ 100.44293850000011, -0.900511346999963, 0.0 ], [ 100.442935408000039, -0.900521727999934, 0.0 ], [ 100.442935415000036, -0.90053885399993, 0.0 ], [ 100.442936969000073, -0.90055234699998, 0.0 ], [ 100.442946777, -0.900566875999939, 0.0 ], [ 100.442974715, -0.900596654999916, 0.0 ], [ 100.443003100000041, -0.900620517999936, 0.0 ], [ 100.443088408000079, -0.900690703999881, 0.0 ], [ 100.443158085000078, -0.900757107999869, 0.0 ], [ 100.443225333000044, -0.90082225599993, 0.0 ], [ 100.44326456, -0.900860125999955, 0.0 ], [ 100.443289332000106, -0.90087724299995, 0.0 ], [ 100.443345583000053, -0.900910436999943, 0.0 ], [ 100.443366742000109, -0.900926516999942, 0.0 ], [ 100.44338996500008, -0.9009410409999, 0.0 ], [ 100.4434116420001, -0.900959195999981, 0.0 ], [ 100.443436972000057, -0.900984365999932, 0.0 ], [ 100.44345039300002, -0.901002006999882, 0.0 ], [ 100.443466401000094, -0.901038328999956, 0.0 ], [ 100.443470536000078, -0.901057011, 0.0 ], [ 100.443470029000039, -0.901079327999973, 0.0 ], [ 100.443460743000074, -0.901141793999901, 0.0 ], [ 100.443447365000026, -0.901258329999951, 0.0 ], [ 100.443439140000066, -0.901328395999887, 0.0 ], [ 100.443427813000099, -0.901401816999922, 0.0 ], [ 100.443405751000057, -0.901494187999926, 0.0 ], [ 100.44338336900006, -0.901578920999921, 0.0 ], [ 100.443375488000029, -0.901597773999882, 0.0 ], [ 100.44336562700002, -0.901606044999944, 0.0 ], [ 100.443356753000089, -0.901610347999945, 0.0 ], [ 100.443346562000045, -0.901610683999884, 0.0 ], [ 100.44333571200012, -0.901609362999952, 0.0 ], [ 100.443328478000055, -0.901605068999952, 0.0 ], [ 100.443319269000085, -0.901597134999918, 0.0 ], [ 100.443306771000039, -0.901584573999944, 0.0 ], [ 100.443280976000025, -0.901563702, 0.0 ], [ 100.443253028000029, -0.901555445999932, 0.0 ], [ 100.443234946000047, -0.901552475999953, 0.0 ], [ 100.443214563000041, -0.901553806999974, 0.0 ], [ 100.443192866000018, -0.901557784999948, 0.0 ], [ 100.443151446000059, -0.901570366999923, 0.0 ], [ 100.443105428000067, -0.901588903999947, 0.0 ], [ 100.443090966000028, -0.901596847999894, 0.0 ], [ 100.443065927000092, -0.90161910199987, 0.0 ], [ 100.443038651000052, -0.901645568999928, 0.0 ], [ 100.442991215000035, -0.90167218199991, 0.0 ], [ 100.44293271, -0.901706597999915, 0.0 ], [ 100.442880998000064, -0.901753757999909, 0.0 ], [ 100.44286621100008, -0.901769638999891, 0.0 ], [ 100.442854053000062, -0.901787500999948, 0.0 ], [ 100.442847468000039, -0.901804484999932, 0.0 ], [ 100.442843863000107, -0.901837555999915, 0.0 ], [ 100.442813764, -0.901873414999951, 0.0 ], [ 100.442769874000106, -0.901948195999921, 0.0 ], [ 100.442766502000012, -0.901962759999883, 0.0 ], [ 100.442766507, -0.901976353999942, 0.0 ], [ 100.442772790000078, -0.901994799999958, 0.0 ], [ 100.442810483000088, -0.9020563539999, 0.0 ], [ 100.442834144000102, -0.902088871999926, 0.0 ], [ 100.442845255000037, -0.902116052999865, 0.0 ], [ 100.442851076000082, -0.902166290999936, 0.0 ], [ 100.442851084000083, -0.902188621999919, 0.0 ], [ 100.442856403000079, -0.902210951999901, 0.0 ], [ 100.442866545000115, -0.902226481999943, 0.0 ], [ 100.442881028000073, -0.902239584999961, 0.0 ], [ 100.442900819000016, -0.902251712999899, 0.0 ], [ 100.442919648000071, -0.902266270999949, 0.0 ], [ 100.442951027000092, -0.902286160999907, 0.0 ], [ 100.44297178600003, -0.902301689999948, 0.0 ], [ 100.443009160000102, -0.902337826999918, 0.0 ], [ 100.443027365, -0.902362351999905, 0.0 ], [ 100.443042475000098, -0.902393888999939, 0.0 ], [ 100.443044802000031, -0.902408295999976, 0.0 ], [ 100.44304442, -0.902418420999926, 0.0 ], [ 100.443041324, -0.902423872999933, 0.0 ], [ 100.443033970000016, -0.902425433999884, 0.0 ], [ 100.443026614000033, -0.902425436999973, 0.0 ], [ 100.443016162000063, -0.902421157999886, 0.0 ], [ 100.442983634000115, -0.902398973999915, 0.0 ], [ 100.44294591900011, -0.902380915999931, 0.0 ], [ 100.442887454000072, -0.902359133999905, 0.0 ], [ 100.44287158200008, -0.902357970999898, 0.0 ], [ 100.442843324000052, -0.902359538999939, 0.0 ], [ 100.442797453000082, -0.90237206899991, 0.0 ], [ 100.442787775000085, -0.902372849999885, 0.0 ], [ 100.442777323000101, -0.902372853999974, 0.0 ], [ 100.442746736000061, -0.902363132999881, 0.0 ], [ 100.442720412000099, -0.902363142999882, 0.0 ], [ 100.44270879900003, -0.90236743099997, 0.0 ], [ 100.442696803000018, -0.902376392999912, 0.0 ], [ 100.442687905000071, -0.90239080299995, 0.0 ], [ 100.442684038000024, -0.902402097999907, 0.0 ], [ 100.442682494000067, -0.902415337999937, 0.0 ], [ 100.442683219000045, -0.902438195999874, 0.0 ], [ 100.442682059000035, -0.902444427999946, 0.0 ], [ 100.442678579000102, -0.902448713999945, 0.0 ], [ 100.442670450000051, -0.902452608999912, 0.0 ], [ 100.442659998000082, -0.902454561999896, 0.0 ], [ 100.442650322000077, -0.902457680999888, 0.0 ], [ 100.442643743000062, -0.902465860999943, 0.0 ], [ 100.442641424000044, -0.902474428999941, 0.0 ], [ 100.442640655000076, -0.902488058999914, 0.0 ], [ 100.442641045000101, -0.902498571999896, 0.0 ], [ 100.442643375000031, -0.902512589999901, 0.0 ], [ 100.442643767000064, -0.902527385999971, 0.0 ], [ 100.442642998000096, -0.902541015999944, 0.0 ], [ 100.442635650000014, -0.902572367999873, 0.0 ], [ 100.442635266000067, -0.902582881999944, 0.0 ], [ 100.442635668000023, -0.902617149999937, 0.0 ], [ 100.442648454, -0.902647907999906, 0.0 ], [ 100.44265078200003, -0.902661146999936, 0.0 ], [ 100.442649238000072, -0.902672440999893, 0.0 ], [ 100.44263863400009, -0.902701252999968, 0.0 ], [ 100.442616419000018, -0.902733784999906, 0.0 ], [ 100.442568947, -0.902772424999906, 0.0 ], [ 100.442527177000017, -0.902799119999894, 0.0 ], [ 100.442496869000081, -0.902809295999937, 0.0 ], [ 100.442457468000015, -0.902811342999929, 0.0 ], [ 100.442434228000053, -0.902810334999934, 0.0 ], [ 100.442409979000089, -0.902813394999921, 0.0 ], [ 100.442389778000106, -0.902828647999939, 0.0 ], [ 100.442373621000101, -0.902853047999916, 0.0 ], [ 100.442346366000066, -0.902918103999969, 0.0 ], [ 100.442327183000074, -0.902952666999898, 0.0 ], [ 100.442322071, -0.902978506999904, 0.0 ], [ 100.442321095000096, -0.903060831999877, 0.0 ], [ 100.442329222000069, -0.903174656999969, 0.0 ], [ 100.44232923900006, -0.903216328999953, 0.0 ], [ 100.442292866000074, -0.903217359999861, 0.0 ], [ 100.442196886000033, -0.903229593999896, 0.0 ], [ 100.442127175000039, -0.90324181699993, 0.0 ], [ 100.442081712000103, -0.903256063999955, 0.0 ], [ 100.44199242100008, -0.903299607999916, 0.0 ], [ 100.441952783, -0.903336896999981, 0.0 ], [ 100.441928095, -0.903377445999961, 0.0 ], [ 100.44190407300006, -0.903454615999951, 0.0 ], [ 100.441884538000039, -0.90351447199993, 0.0 ], [ 100.441864404000057, -0.903558945999968, 0.0 ], [ 100.441823470000045, -0.903610620999892, 0.0 ], [ 100.441738886000067, -0.903707119999972, 0.0 ], [ 100.441655714000021, -0.903793467999922, 0.0 ], [ 100.441543865000099, -0.903902201999859, 0.0 ], [ 100.441480837000128, -0.90397807999992, 0.0 ], [ 100.44142431300007, -0.904054608999946, 0.0 ], [ 100.441356859000081, -0.904158527999929, 0.0 ], [ 100.441286941000072, -0.904267449999971, 0.0 ], [ 100.44117126, -0.904433900999887, 0.0 ], [ 100.441113128000069, -0.904548744999886, 0.0 ], [ 100.441082352000109, -0.904614079999874, 0.0 ], [ 100.441059178000046, -0.904662195999947, 0.0 ], [ 100.441053790000055, -0.904677669999895, 0.0 ], [ 100.441050741000069, -0.904699373999915, 0.0 ], [ 100.441050925000084, -0.904711308999925, 0.0 ], [ 100.44105254800003, -0.904718721999917, 0.0 ], [ 100.441060558000075, -0.904731592999916, 0.0 ], [ 100.441112685000036, -0.904784252999921, 0.0 ], [ 100.441184831000058, -0.904832842999944, 0.0 ], [ 100.441280314000053, -0.904888463999928, 0.0 ], [ 100.441362131000076, -0.904943781999975, 0.0 ], [ 100.441429160000027, -0.905001520999956, 0.0 ], [ 100.441490898000069, -0.905053853999934, 0.0 ], [ 100.441531073000107, -0.905108440999921, 0.0 ], [ 100.441578703000047, -0.905209398999926, 0.0 ], [ 100.441604029000104, -0.905320088999936, 0.0 ], [ 100.441611521000098, -0.905384311999921, 0.0 ], [ 100.44160931400009, -0.905442655999952, 0.0 ], [ 100.441597442, -0.90550848099998, 0.0 ], [ 100.441597476000098, -0.905594498999903, 0.0 ], [ 100.441609457000112, -0.905664551999926, 0.0 ], [ 100.441626579000015, -0.905713162999952, 0.0 ], [ 100.441674966000022, -0.905846282999953, 0.0 ], [ 100.441709196, -0.905913587999926, 0.0 ], [ 100.441748056000023, -0.905979220999939, 0.0 ], [ 100.44178450900003, -0.906024832999893, 0.0 ], [ 100.441829885000047, -0.90607118999991, 0.0 ], [ 100.441885682000049, -0.906122440999976, 0.0 ], [ 100.441944098000079, -0.906162156999887, 0.0 ], [ 100.442005950000052, -0.906202734999958, 0.0 ], [ 100.442059216000104, -0.906248499999926, 0.0 ], [ 100.442102179000102, -0.906305497999934, 0.0 ], [ 100.44212973900008, -0.906357769999907, 0.0 ], [ 100.442142641, -0.906409598999932, 0.0 ], [ 100.442146092000101, -0.906451063999899, 0.0 ], [ 100.442140098000053, -0.906494259999921, 0.0 ], [ 100.44210917500007, -0.906591449999969, 0.0 ], [ 100.442089448000033, -0.906657978999878, 0.0 ], [ 100.442084308000048, -0.906695127999932, 0.0 ], [ 100.442090335000017, -0.906734864999933, 0.0 ], [ 100.442104092000093, -0.906772871999969, 0.0 ], [ 100.442158226000032, -0.906844550999949, 0.0 ], [ 100.442202112000118, -0.906902088999914, 0.0 ], [ 100.442230473000066, -0.906953047999867, 0.0 ], [ 100.442243383000061, -0.907022155999901, 0.0 ], [ 100.442239974000046, -0.907090403999952, 0.0 ], [ 100.442227037000052, -0.907153068999897, 0.0 ], [ 100.442197860000121, -0.907209232999925, 0.0 ], [ 100.442148097000086, -0.907332790999934, 0.0 ], [ 100.442114564000065, -0.907433495999918, 0.0 ], [ 100.442093136000068, -0.9075406259999, 0.0 ], [ 100.442061416000016, -0.907795920999884, 0.0 ], [ 100.442047693000035, -0.907873104999965, 0.0 ], [ 100.442027973, -0.907956045999899, 0.0 ], [ 100.442008108000053, -0.90800042599993, 0.0 ], [ 100.441967768, -0.908061777999944, 0.0 ], [ 100.441911963000095, -0.908108450999986, 0.0 ], [ 100.441777905, -0.908212310999875, 0.0 ], [ 100.441646542000072, -0.908306529999944, 0.0 ], [ 100.441534920000066, -0.908373092999945, 0.0 ], [ 100.441366263000063, -0.908454763999952, 0.0 ], [ 100.441217716000025, -0.908529117999887, 0.0 ], [ 100.441149025000115, -0.90856542899996, 0.0 ], [ 100.441109530000048, -0.90859308899994, 0.0 ], [ 100.441079491000039, -0.908641478999858, 0.0 ], [ 100.441066583000037, -0.908693091999954, 0.0 ], [ 100.441064885000074, -0.908739741999906, 0.0 ], [ 100.441070055000068, -0.908783798999909, 0.0 ], [ 100.441091541000063, -0.90882352899991, 0.0 ], [ 100.441137189000116, -0.908868781999924, 0.0 ], [ 100.441193889, -0.908912817999926, 0.0 ], [ 100.441246292000073, -0.908952536999927, 0.0 ], [ 100.441315416000023, -0.909001161999864, 0.0 ], [ 100.441419359000093, -0.90906159099989, 0.0 ], [ 100.441470901000102, -0.909096126999906, 0.0 ], [ 100.44155595600003, -0.909175571999906, 0.0 ], [ 100.441661033000017, -0.909266606999889, 0.0 ], [ 100.441777016000032, -0.909375409999921, 0.0 ], [ 100.441815687000116, -0.909437595999915, 0.0 ], [ 100.441841476000036, -0.909496329999978, 0.0 ], [ 100.441856978000075, -0.909611837999943, 0.0 ], [ 100.441856138000091, -0.909660214999949, 0.0 ], [ 100.441836424000059, -0.909757842999944, 0.0 ], [ 100.441835602000083, -0.90986704399992, 0.0 ], [ 100.441840812000066, -0.910009147999954, 0.0 ], [ 100.441836557000073, -0.910105041999895, 0.0 ], [ 100.441825472000033, -0.910291185999931, 0.0 ], [ 100.441816106000061, -0.910479904999914, 0.0 ], [ 100.44182302900002, -0.91060689499994, 0.0 ], [ 100.441844596000024, -0.91072461299991, 0.0 ], [ 100.441867804000083, -0.910771254999862, 0.0 ], [ 100.441897017000102, -0.910809254999897, 0.0 ], [ 100.441938250000049, -0.910826513999904, 0.0 ], [ 100.441977755000025, -0.910824771999938, 0.0 ], [ 100.44201209800012, -0.910799704999906, 0.0 ], [ 100.442043870000077, -0.910791052, 0.0 ], [ 100.442086812000085, -0.910790172999917, 0.0 ], [ 100.442138344000085, -0.910797925999937, 0.0 ], [ 100.442183012000044, -0.910819505999946, 0.0 ], [ 100.442216520000059, -0.910854046999873, 0.0 ], [ 100.442255284000069, -0.910915734999914, 0.0 ], [ 100.442268205000076, -0.911011620999943, 0.0 ], [ 100.442270826000112, -0.911094939999909, 0.0 ], [ 100.442264849000068, -0.911183059999917, 0.0 ], [ 100.442261443000049, -0.911258219999919, 0.0 ], [ 100.442265766000048, -0.911326465999881, 0.0 ], [ 100.44228299600006, -0.911409066999965, 0.0 ], [ 100.442302774000012, -0.91146780299994, 0.0 ], [ 100.442311392000093, -0.911543822999924, 0.0 ], [ 100.442311424000096, -0.91162416399991, 0.0 ], [ 100.442299443000081, -0.911736977999919, 0.0 ], [ 100.442285731000112, -0.911811279999938, 0.0 ], [ 100.442282323000086, -0.911880392999883, 0.0 ], [ 100.442283230000072, -0.912002201999925, 0.0 ], [ 100.44228928400004, -0.912117002999921, 0.0 ], [ 100.442288447000067, -0.912168836999946, 0.0 ], [ 100.4422824480001, -0.912204259999946, 0.0 ], [ 100.442265283000012, -0.912233638999979, 0.0 ], [ 100.442226645000105, -0.912256979999956, 0.0 ], [ 100.442194881000049, -0.912288092999955, 0.0 ], [ 100.442156226000051, -0.912375846999932, 0.0 ], [ 100.442150257, -0.912477787999929, 0.0 ], [ 100.442158020000107, -0.912564174999883, 0.0 ], [ 100.44217767400005, -0.912627462999968, 0.0 ], [ 100.442216350000052, -0.912697422999894, 0.0 ], [ 100.441944716000052, -0.912717750999889, 0.0 ], [ 100.441822533000064, -0.912729484999883, 0.0 ], [ 100.441711945000065, -0.912753255999984, 0.0 ], [ 100.441588254000038, -0.912788358999869, 0.0 ], [ 100.441529038000027, -0.912808923999883, 0.0 ], [ 100.441469826000102, -0.912838734999951, 0.0 ], [ 100.441372747000059, -0.912906771999896, 0.0 ], [ 100.441338045000037, -0.912946844999926, 0.0 ], [ 100.441282932, -0.913018765999926, 0.0 ], [ 100.441226808000067, -0.91310814999995, 0.0 ], [ 100.441167780000072, -0.913175203, 0.0 ], [ 100.441027654000024, -0.913284844999914, 0.0 ], [ 100.440935044000085, -0.913354817999931, 0.0 ], [ 100.440867964000034, -0.913386261999957, 0.0 ], [ 100.440780059000048, -0.913409569999931, 0.0 ], [ 100.440677105000063, -0.913410773999942, 0.0 ], [ 100.44049864800003, -0.913413155999873, 0.0 ], [ 100.440394542000035, -0.913419017999914, 0.0 ], [ 100.440305177000099, -0.913430716999905, 0.0 ], [ 100.440192978000056, -0.913448216999932, 0.0 ], [ 100.440099282000034, -0.913456398999898, 0.0 ], [ 100.439940427000039, -0.913471700999921, 0.0 ], [ 100.439868713000052, -0.913485693999924, 0.0 ], [ 100.439800475000084, -0.913515974999942, 0.0 ], [ 100.439738025000068, -0.913559052999954, 0.0 ], [ 100.439701956000107, -0.913595684999965, 0.0 ], [ 100.439674215000124, -0.913648059999947, 0.0 ], [ 100.439633760000063, -0.913727199999922, 0.0 ], [ 100.439608342, -0.913805171999979, 0.0 ], [ 100.439590828000064, -0.913890737999953, 0.0 ], [ 100.439568876000024, -0.91395474599992, 0.0 ], [ 100.439537666000021, -0.914014101999946, 0.0 ], [ 100.43949373300002, -0.914078118999914, 0.0 ], [ 100.439439385000057, -0.914129337999888, 0.0 ], [ 100.439375931000043, -0.914179592999961, 0.0 ], [ 100.439323055000017, -0.914208545999958, 0.0 ], [ 100.439258111000072, -0.914224439999941, 0.0 ], [ 100.439193101000015, -0.914227945999876, 0.0 ], [ 100.438826829000092, -0.914189799999917, 0.0 ], [ 100.43874167900006, -0.914154627999938, 0.0 ], [ 100.438677350000063, -0.914150846999981, 0.0 ], [ 100.438565726000064, -0.914157553999914, 0.0 ], [ 100.438531677000086, -0.914166130999913, 0.0 ], [ 100.438475121000025, -0.914185998999869, 0.0 ], [ 100.438380439000099, -0.914216566999912, 0.0 ], [ 100.438284542000076, -0.914255684999951, 0.0 ], [ 100.438213902000086, -0.91429275999991, 0.0 ], [ 100.438125296000038, -0.914337980999921, 0.0 ], [ 100.438035476000067, -0.914390528999917, 0.0 ], [ 100.437941916000057, -0.914450728999924, 0.0 ], [ 100.437870307000082, -0.914499605999882, 0.0 ], [ 100.437780495000112, -0.914568030999948, 0.0 ], [ 100.437655480000075, -0.91465356599992, 0.0 ], [ 100.437598434000051, -0.914684118999961, 0.0 ], [ 100.437545282000102, -0.914690553999961, 0.0 ], [ 100.437499192000104, -0.91468350099991, 0.0 ], [ 100.437446848000036, -0.914657592999898, 0.0 ], [ 100.437362470000068, -0.914611268999973, 0.0 ], [ 100.437321707000081, -0.914582858999932, 0.0 ], [ 100.437287324000067, -0.914544374999945, 0.0 ], [ 100.437238868000065, -0.914479964999945, 0.0 ], [ 100.437224795000049, -0.914445399999927, 0.0 ], [ 100.437212246000072, -0.914392411999895, 0.0 ], [ 100.437205190000029, -0.914327199999917, 0.0 ], [ 100.437200470000079, -0.914243916999954, 0.0 ], [ 100.437202742000096, -0.914150192999927, 0.0 ], [ 100.437206630000063, -0.914103047999934, 0.0 ], [ 100.437092583000037, -0.914091307999939, 0.0 ], [ 100.437022061000064, -0.914082347999909, 0.0 ], [ 100.436876796000035, -0.914061898999904, 0.0 ], [ 100.436816905000057, -0.914045260999949, 0.0 ], [ 100.436721943000094, -0.914015291999867, 0.0 ], [ 100.436625398000018, -0.913975400999941, 0.0 ], [ 100.436545086000123, -0.913930965999906, 0.0 ], [ 100.436445130000024, -0.913856432999957, 0.0 ], [ 100.43636715600006, -0.913774143999898, 0.0 ], [ 100.436287864000064, -0.913646116999875, 0.0 ], [ 100.436273421000024, -0.913603783999925, 0.0 ], [ 100.436227910000085, -0.913490118999935, 0.0 ], [ 100.436169432000042, -0.913437874999875, 0.0 ], [ 100.436040766000048, -0.913282427999892, 0.0 ], [ 100.435977055000109, -0.913396608999925, 0.0 ], [ 100.435890070000099, -0.913522086999915, 0.0 ], [ 100.43582896300002, -0.913611301999925, 0.0 ], [ 100.43576793900003, -0.913684500999942, 0.0 ], [ 100.435722504000097, -0.913718675999927, 0.0 ], [ 100.435655180000126, -0.91375256899989, 0.0 ], [ 100.435584118000108, -0.913797755999898, 0.0 ], [ 100.43554858600001, -0.913814703999879, 0.0 ], [ 100.435470003000077, -0.913760170999986, 0.0 ], [ 100.435428839000039, -0.913730083999894, 0.0 ], [ 100.435296020000067, -0.913692504999982, 0.0 ], [ 100.435204352000127, -0.913656792999959, 0.0 ], [ 100.435049233000072, -0.913576919999922, 0.0 ], [ 100.434948207000062, -0.91351557799991, 0.0 ], [ 100.434871392000019, -0.913482800999862, 0.0 ], [ 100.434815625000027, -0.913470124999879, 0.0 ], [ 100.434764073000025, -0.913468027999972, 0.0 ], [ 100.434688540000082, -0.91347395799993, 0.0 ], [ 100.434564413000018, -0.913488773999912, 0.0 ], [ 100.434508518000101, -0.913491239999939, 0.0 ], [ 100.434462578000122, -0.913484445999909, 0.0 ], [ 100.43440613000007, -0.913463486999952, 0.0 ], [ 100.43435090600012, -0.913433889, 0.0 ], [ 100.434299367000023, -0.913416630999894, 0.0 ], [ 100.434231882000034, -0.913409253999905, 0.0 ], [ 100.434198755000054, -0.913411734999933, 0.0 ], [ 100.434154595000038, -0.913436436999934, 0.0 ], [ 100.434105530000068, -0.913471013999864, 0.0 ], [ 100.434095751000058, -0.913561112999947, 0.0 ], [ 100.4340823080001, -0.913775170999894, 0.0 ], [ 100.434083590000029, -0.91391216699995, 0.0 ], [ 100.434103248000056, -0.913982505999908, 0.0 ], [ 100.434115196000064, -0.914008482999925, 0.0 ], [ 100.434165835000087, -0.914093902999976, 0.0 ], [ 100.434204242000064, -0.914165582999956, 0.0 ], [ 100.434239706000071, -0.914257905999868, 0.0 ], [ 100.434258617000026, -0.914325912999988, 0.0 ], [ 100.434272656000033, -0.914396989999918, 0.0 ], [ 100.43428125500013, -0.91448192799993, 0.0 ], [ 100.434275844000041, -0.914659870999909, 0.0 ], [ 100.434264908000017, -0.914769771999943, 0.0 ], [ 100.43425281, -0.915020270999886, 0.0 ], [ 100.434240687000056, -0.915172243999937, 0.0 ], [ 100.434241923000073, -0.915246647999876, 0.0 ], [ 100.434256570000045, -0.915312209999971, 0.0 ], [ 100.434316969000065, -0.91542525499991, 0.0 ], [ 100.434374335000101, -0.915535193999947, 0.0 ], [ 100.434396289000048, -0.915595848999903, 0.0 ], [ 100.434409727000101, -0.915672057999902, 0.0 ], [ 100.434403682000038, -0.915789962999888, 0.0 ], [ 100.434391544000022, -0.915902717999892, 0.0 ], [ 100.434379361000069, -0.915963044999909, 0.0 ], [ 100.43436113000007, -0.916078253999938, 0.0 ], [ 100.434353831000095, -0.916160680999919, 0.0 ], [ 100.434358777000057, -0.916290178999887, 0.0 ], [ 100.434366116000049, -0.916364319999893, 0.0 ], [ 100.434369877000094, -0.916490790999877, 0.0 ], [ 100.434367468000062, -0.916560688999887, 0.0 ], [ 100.434359574000041, -0.916623808999869, 0.0 ], [ 100.434351062000047, -0.916666665999951, 0.0 ], [ 100.434175820000021, -0.917191058999908, 0.0 ], [ 100.433849880000054, -0.917649184999977, 0.0 ], [ 100.433764249000077, -0.917912346999902, 0.0 ], [ 100.433906019000077, -0.918286673999877, 0.0 ], [ 100.433869899000015, -0.918541084999966, 0.0 ], [ 100.433958183000044, -0.918791049999864, 0.0 ], [ 100.433876382000022, -0.918837850999918, 0.0 ], [ 100.433762373, -0.918800670999861, 0.0 ], [ 100.433744382000029, -0.918820799999928, 0.0 ], [ 100.433760442000022, -0.918972714999885, 0.0 ], [ 100.433749887000033, -0.919028734999902, 0.0 ], [ 100.433601502000016, -0.919117178999937, 0.0 ], [ 100.43360151100002, -0.919140544999916, 0.0 ], [ 100.433692416999989, -0.919230921999933, 0.0 ], [ 100.433666248000051, -0.919284299999909, 0.0 ], [ 100.433592323000056, -0.919388905999948, 0.0 ], [ 100.433548330000065, -0.919397263999929, 0.0 ], [ 100.433474341000064, -0.919341476999932, 0.0 ], [ 100.43345584900004, -0.919338917999898, 0.0 ], [ 100.433437912000073, -0.919418125999879, 0.0 ], [ 100.433341512000084, -0.919483625999881, 0.0 ], [ 100.433315984000018, -0.919564292999894, 0.0 ], [ 100.433305532000048, -0.9195783239999, 0.0 ], [ 100.43313940700007, -0.919599432999959, 0.0 ], [ 100.433024419000049, -0.919670785999912, 0.0 ], [ 100.432891903000012, -0.919488483999928, 0.0 ], [ 100.43294674800002, -0.919261704999904, 0.0 ], [ 100.432935455000063, -0.919161687999978, 0.0 ], [ 100.432972901000056, -0.918995601999914, 0.0 ], [ 100.433011419000039, -0.918781789999986, 0.0 ], [ 100.43306964100006, -0.918592041999919, 0.0 ], [ 100.432954559000052, -0.918513911999938, 0.0 ], [ 100.432850501000047, -0.918378278999906, 0.0 ], [ 100.432791885000086, -0.918221194999877, 0.0 ], [ 100.432670407000074, -0.918138327999948, 0.0 ], [ 100.432596654000093, -0.918096899999984, 0.0 ], [ 100.432559802000071, -0.918131825999943, 0.0 ], [ 100.432276264000052, -0.918743986999967, 0.0 ], [ 100.432208945000085, -0.91883180699995, 0.0 ], [ 100.432198252, -0.91888725799992, 0.0 ], [ 100.432216413000077, -0.919048054999902, 0.0 ], [ 100.432181066000084, -0.919123904999871, 0.0 ], [ 100.432159577000078, -0.919241538999923, 0.0 ], [ 100.432083906000045, -0.919352749999977, 0.0 ], [ 100.432055726000016, -0.91947729999989, 0.0 ], [ 100.432023180000073, -0.919542860999986, 0.0 ], [ 100.432009098000066, -0.919623707999925, 0.0 ], [ 100.432010417000086, -0.919703701999882, 0.0 ], [ 100.431987143000029, -0.919758407999968, 0.0 ], [ 100.431825655000083, -0.919864739999973, 0.0 ], [ 100.431769141000103, -0.919952391999942, 0.0 ], [ 100.431630285000082, -0.920071793999963, 0.0 ], [ 100.431688055000066, -0.920133013999877, 0.0 ], [ 100.431674051000059, -0.920238231999967, 0.0 ], [ 100.431526505000107, -0.920425976999958, 0.0 ], [ 100.431537464000129, -0.920478646999875, 0.0 ], [ 100.431557800000036, -0.920523451999941, 0.0 ], [ 100.431575775000098, -0.920534451999963, 0.0 ], [ 100.431695053000013, -0.920585670999937, 0.0 ], [ 100.431742801000055, -0.920691753999922, 0.0 ], [ 100.431826894, -0.920818298999912, 0.0 ], [ 100.431824324000061, -0.921042979999939, 0.0 ], [ 100.431878412000088, -0.921125874999959, 0.0 ], [ 100.431843753000066, -0.921189243999962, 0.0 ], [ 100.431750857000011, -0.921264735999902, 0.0 ], [ 100.431741093000099, -0.921309027999925, 0.0 ], [ 100.431711768000071, -0.921353325999949, 0.0 ], [ 100.431501492000081, -0.921422304999972, 0.0 ], [ 100.431391915000077, -0.921546847999885, 0.0 ], [ 100.431393365000105, -0.921572191999939, 0.0 ], [ 100.431445214000036, -0.92164603499992, 0.0 ], [ 100.431441653, -0.921740174999982, 0.0 ], [ 100.431396751000122, -0.9218293509999, 0.0 ], [ 100.431321612000033, -0.921873925999947, 0.0 ], [ 100.431314412000049, -0.921892574999891, 0.0 ], [ 100.43132574400002, -0.92191225199992, 0.0 ], [ 100.431384768000015, -0.922049955999945, 0.0 ], [ 100.431385237000057, -0.922382510999928, 0.0 ], [ 100.431358582000072, -0.922525252999925, 0.0 ], [ 100.431320719000041, -0.922582469999952, 0.0 ], [ 100.431065368000048, -0.922632104999884, 0.0 ], [ 100.430936231000032, -0.922615203999907, 0.0 ], [ 100.430676746000046, -0.922709811999919, 0.0 ], [ 100.430533395000097, -0.922719815999859, 0.0 ], [ 100.430231343000059, -0.922816369999943, 0.0 ], [ 100.430194330000106, -0.922866753999937, 0.0 ], [ 100.43008659700007, -0.922932426999953, 0.0 ], [ 100.430037514, -0.922971756999921, 0.0 ], [ 100.43012301400006, -0.923806930999923, 0.0 ], [ 100.430076993000071, -0.923809920999904, 0.0 ], [ 100.430082987000034, -0.923924679999985, 0.0 ], [ 100.430048045, -0.92392436699987, 0.0 ], [ 100.430049926000052, -0.924046928999886, 0.0 ], [ 100.429694299000033, -0.924013953999911, 0.0 ], [ 100.429609488000025, -0.924195678999936, 0.0 ], [ 100.42949400600007, -0.92421313899996, 0.0 ], [ 100.429225848000087, -0.924312572999927, 0.0 ], [ 100.429040044, -0.924469163999916, 0.0 ], [ 100.428845006000103, -0.924531902999956, 0.0 ], [ 100.428687646000057, -0.924577862999939, 0.0 ], [ 100.428579570000082, -0.924676665999943, 0.0 ], [ 100.428531534000015, -0.924777377999927, 0.0 ], [ 100.428362490000055, -0.924877810999888, 0.0 ], [ 100.428331517000075, -0.924949366999947, 0.0 ], [ 100.42828331700008, -0.925026961999883, 0.0 ], [ 100.428322014000088, -0.925166740999902, 0.0 ], [ 100.428276016000012, -0.925241190999934, 0.0 ], [ 100.428157497000058, -0.925352031999957, 0.0 ], [ 100.42805649400006, -0.925399779999911, 0.0 ], [ 100.427828416000096, -0.925493581999945, 0.0 ], [ 100.427639697000032, -0.92554003899988, 0.0 ], [ 100.427565316000099, -0.925717983999949, 0.0 ], [ 100.427369895000083, -0.925761761999929, 0.0 ], [ 100.427125184, -0.925931950999889, 0.0 ], [ 100.427047782000088, -0.926035171999903, 0.0 ], [ 100.426995493000021, -0.926125748999937, 0.0 ], [ 100.426946279000035, -0.926204598999977, 0.0 ], [ 100.426904614000051, -0.926262286999865, 0.0 ], [ 100.426840809000012, -0.926337027999921, 0.0 ], [ 100.426762177000072, -0.926414144, 0.0 ], [ 100.426719414, -0.926461119999885, 0.0 ], [ 100.426671469000027, -0.926525056999935, 0.0 ], [ 100.426610652000065, -0.926599249999857, 0.0 ], [ 100.426509594000052, -0.92667788699988, 0.0 ], [ 100.426449712000064, -0.926736085999899, 0.0 ], [ 100.426405960000096, -0.926776043999919, 0.0 ], [ 100.426378493000044, -0.926817020999934, 0.0 ], [ 100.426358585000074, -0.926857546999912, 0.0 ], [ 100.4263351580001, -0.92689580099988, 0.0 ], [ 100.426302859, -0.926923862999892, 0.0 ], [ 100.426148174000076, -0.92700531499997, 0.0 ], [ 100.426051087000033, -0.927055493999948, 0.0 ], [ 100.425991529000086, -0.927107692999915, 0.0 ], [ 100.425922248000035, -0.927164481999906, 0.0 ], [ 100.425887812000028, -0.92719434199989, 0.0 ], [ 100.425802827000012, -0.92726054399995, 0.0 ], [ 100.425759535000068, -0.927297679999914, 0.0 ], [ 100.425706614000049, -0.92732352299992, 0.0 ], [ 100.425634451000022, -0.927365513999931, 0.0 ], [ 100.425568719000097, -0.927407569999946, 0.0 ], [ 100.425494829000016, -0.927446208999857, 0.0 ], [ 100.425416690000034, -0.927514880999944, 0.0 ], [ 100.425349903000026, -0.927543506999914, 0.0 ], [ 100.425260865000027, -0.927561414999975, 0.0 ], [ 100.42514902500001, -0.927569384999924, 0.0 ], [ 100.42502197000006, -0.927570241999906, 0.0 ], [ 100.424837242000052, -0.927548404999875, 0.0 ], [ 100.424744496000116, -0.927530788999928, 0.0 ], [ 100.424551613000048, -0.927500814999934, 0.0 ], [ 100.424468512000018, -0.927448836999897, 0.0 ], [ 100.424419262000114, -0.927401178999951, 0.0 ], [ 100.424357767000089, -0.927342332999967, 0.0 ], [ 100.424300206000026, -0.927288844999982, 0.0 ], [ 100.424242637000063, -0.927223954999942, 0.0 ], [ 100.424201857000071, -0.927239528999898, 0.0 ], [ 100.424022675000074, -0.927276137999907, 0.0 ], [ 100.423876311000043, -0.927265403999908, 0.0 ], [ 100.423750236, -0.927269425999885, 0.0 ], [ 100.423617157000095, -0.927334810999966, 0.0 ], [ 100.423524776000093, -0.927431259999953, 0.0 ], [ 100.423361975000034, -0.927659845999859, 0.0 ], [ 100.423311707000039, -0.927697608999964, 0.0 ], [ 100.423064751000041, -0.927755542999872, 0.0 ], [ 100.422960202000098, -0.927771168999922, 0.0 ], [ 100.422878584, -0.927792610999919, 0.0 ], [ 100.422781118000017, -0.927848293999908, 0.0 ], [ 100.422664630000057, -0.927868223999958, 0.0 ], [ 100.422444534000064, -0.927881905999936, 0.0 ], [ 100.422401223000023, -0.927897436999888, 0.0 ], [ 100.42238874800006, -0.927912955999929, 0.0 ], [ 100.422388031000096, -0.927954320999977, 0.0 ], [ 100.422393182000079, -0.927983129999962, 0.0 ], [ 100.422504425000042, -0.92828521399991, 0.0 ], [ 100.422615617000091, -0.928520946999875, 0.0 ], [ 100.422620417000047, -0.92861322099996, 0.0 ], [ 100.422598685000111, -0.92875514799989, 0.0 ], [ 100.422525583, -0.928899313999917, 0.0 ], [ 100.422527979000037, -0.928980146999944, 0.0 ], [ 100.422585874000035, -0.929157892, 0.0 ], [ 100.422599788000028, -0.929343547, 0.0 ], [ 100.422617467000066, -0.929430185999877, 0.0 ], [ 100.422694788000072, -0.929580165999941, 0.0 ], [ 100.422697410000112, -0.929597826999892, 0.0 ], [ 100.422678700000077, -0.929659272999913, 0.0 ], [ 100.42260917, -0.929920484999943, 0.0 ], [ 100.422578404000035, -0.929986431999982, 0.0 ], [ 100.422570586000091, -0.930179470999967, 0.0 ], [ 100.42256872800003, -0.930234688999917, 0.0 ], [ 100.42216789600009, -0.930257823999966, 0.0 ], [ 100.421798310000057, -0.930276032999874, 0.0 ], [ 100.420803154000055, -0.930328913999986, 0.0 ], [ 100.420473252000107, -0.930349151999973, 0.0 ], [ 100.419840030000032, -0.930387166999921, 0.0 ], [ 100.419434332000037, -0.93042509299995, 0.0 ], [ 100.419170377000043, -0.930454219999962, 0.0 ], [ 100.418921171000036, -0.930500951999921, 0.0 ], [ 100.418445508000019, -0.93059091, 0.0 ], [ 100.418090071, -0.930651554999947, 0.0 ], [ 100.417814555000049, -0.930706389999955, 0.0 ], [ 100.417590264000054, -0.930754860999969, 0.0 ], [ 100.417252745000013, -0.930825855999892, 0.0 ], [ 100.416906521000058, -0.930905204999885, 0.0 ], [ 100.416790778000063, -0.930931971999879, 0.0 ], [ 100.416666666000097, -0.930963876999943, 0.0 ], [ 100.416585932, -0.930980859999927, 0.0 ], [ 100.415919751000033, -0.931094069999968, 0.0 ], [ 100.415354543000078, -0.931191930999894, 0.0 ], [ 100.414825982000039, -0.931306289999942, 0.0 ], [ 100.414623214000045, -0.931373760999929, 0.0 ], [ 100.414239967000043, -0.931524254999946, 0.0 ], [ 100.414054566000075, -0.931600890999892, 0.0 ], [ 100.41394664000002, -0.931616248999919, 0.0 ], [ 100.413615912000097, -0.931609421999887, 0.0 ], [ 100.413269055000086, -0.931609662999907, 0.0 ], [ 100.412816556000038, -0.931608455999896, 0.0 ], [ 100.412559496000085, -0.931609420999976, 0.0 ], [ 100.412191360000094, -0.93161578599997, 0.0 ], [ 100.411992568000073, -0.931631900999882, 0.0 ], [ 100.411572532000051, -0.931695242999972, 0.0 ], [ 100.411516716000051, -0.931705093999899, 0.0 ], [ 100.411546991000066, -0.931819631999872, 0.0 ], [ 100.411624763000106, -0.932256258999939, 0.0 ], [ 100.411718021000098, -0.932429406999965, 0.0 ], [ 100.41174638300005, -0.932531721999904, 0.0 ], [ 100.41171426300005, -0.932612645999939, 0.0 ], [ 100.411692364000018, -0.932741082999907, 0.0 ], [ 100.411670067000045, -0.932898645999888, 0.0 ], [ 100.41164357500007, -0.933021109999984, 0.0 ], [ 100.411598949000023, -0.933099553999902, 0.0 ], [ 100.411526588000072, -0.93316273399989, 0.0 ], [ 100.411410399000047, -0.933213503999916, 0.0 ], [ 100.410977477000117, -0.933252971999895, 0.0 ], [ 100.410906167000078, -0.933238463999938, 0.0 ], [ 100.410819726000028, -0.933186094999957, 0.0 ], [ 100.410624883000068, -0.933032837999978, 0.0 ], [ 100.410486949000116, -0.932941307999954, 0.0 ], [ 100.410190921000051, -0.932867374999876, 0.0 ], [ 100.410026629000043, -0.932853003999931, 0.0 ], [ 100.409909919000071, -0.932854432999871, 0.0 ], [ 100.409782423000081, -0.932882513999974, 0.0 ], [ 100.409677959000064, -0.932941332999956, 0.0 ], [ 100.409574200000094, -0.933043180999945, 0.0 ], [ 100.40950687400003, -0.933112118999876, 0.0 ], [ 100.409445313000077, -0.933151239999916, 0.0 ], [ 100.409351230000112, -0.933184886999857, 0.0 ], [ 100.409195560000029, -0.93320425499995, 0.0 ], [ 100.409000009000096, -0.933219936999915, 0.0 ], [ 100.408850230000056, -0.933227119999977, 0.0 ], [ 100.408709092, -0.933224903999882, 0.0 ], [ 100.408583148000062, -0.933201117999957, 0.0 ], [ 100.408474974000086, -0.933158044999946, 0.0 ], [ 100.408353179000045, -0.933086492999976, 0.0 ], [ 100.408231478000104, -0.933035298999915, 0.0 ], [ 100.408032011000032, -0.932935637999929, 0.0 ], [ 100.407879139000087, -0.932898996999917, 0.0 ], [ 100.407730124000096, -0.932900408999945, 0.0 ], [ 100.407574086000068, -0.932913783999897, 0.0 ], [ 100.407423987000087, -0.932960014999903, 0.0 ], [ 100.407129412000046, -0.93313292999991, 0.0 ], [ 100.406665385000025, -0.933525359999962, 0.0 ], [ 100.406469386000055, -0.933666735999935, 0.0 ], [ 100.406398460000048, -0.933751402999924, 0.0 ], [ 100.406354601000061, -0.933834650999884, 0.0 ], [ 100.406284462000116, -0.93406765399989, 0.0 ], [ 100.406249497000076, -0.934188983999892, 0.0 ], [ 100.406222053000107, -0.935187596999917, 0.0 ], [ 100.406039260000085, -0.936360011999934, 0.0 ], [ 100.40576864600007, -0.937616350999967, 0.0 ], [ 100.405268650000011, -0.938648501999925, 0.0 ], [ 100.405048280000074, -0.939015314999899, 0.0 ], [ 100.404907075000025, -0.939151676999902, 0.0 ], [ 100.404501091, -0.939265939999942, 0.0 ], [ 100.404097578000105, -0.939437153999897, 0.0 ], [ 100.403644390000082, -0.939648182999949, 0.0 ], [ 100.403156791000058, -0.939868110999939, 0.0 ], [ 100.402593360000068, -0.940262925999921, 0.0 ], [ 100.401761996000033, -0.940649349999919, 0.0 ], [ 100.400695886000022, -0.940010098999963, 0.0 ], [ 100.400135372000094, -0.939730754999943, 0.0 ], [ 100.399652978000063, -0.939755310999931, 0.0 ], [ 100.398398531000097, -0.93989925299994, 0.0 ], [ 100.398304201000101, -0.9399170179999, 0.0 ], [ 100.398234059000075, -0.939930566999955, 0.0 ], [ 100.398156017000105, -0.939971521999968, 0.0 ], [ 100.397770912000027, -0.940287955999949, 0.0 ], [ 100.397724127000075, -0.940307733999898, 0.0 ], [ 100.397514310000119, -0.940396430999954, 0.0 ], [ 100.396214092, -0.940367393999949, 0.0 ], [ 100.396080994, -0.939839404999873, 0.0 ], [ 100.39612570900006, -0.939547174999941, 0.0 ], [ 100.396171153000097, -0.939439228999891, 0.0 ], [ 100.396184854000069, -0.939342413999963, 0.0 ], [ 100.396162997000047, -0.939247807999951, 0.0 ], [ 100.396119308000067, -0.939215430999937, 0.0 ], [ 100.396078526000068, -0.939149928999935, 0.0 ], [ 100.395796562000015, -0.938435426999881, 0.0 ], [ 100.395698854, -0.938375545999989, 0.0 ], [ 100.395134721000048, -0.938088085999919, 0.0 ], [ 100.394913797000072, -0.937969323999951, 0.0 ], [ 100.394650770000069, -0.937698445999921, 0.0 ], [ 100.394616464000066, -0.937668840999958, 0.0 ], [ 100.394561258000024, -0.937629606999909, 0.0 ], [ 100.394509367000083, -0.937619981999912, 0.0 ], [ 100.394456624999989, -0.937630535999986, 0.0 ], [ 100.394379407000088, -0.937663529999963, 0.0 ], [ 100.394243167000084, -0.937703286999966, 0.0 ], [ 100.394164615000079, -0.93770331799988, 0.0 ], [ 100.394103285000057, -0.937677769999897, 0.0 ], [ 100.394009194, -0.937583132999972, 0.0 ], [ 100.393760004000086, -0.937391977999877, 0.0 ], [ 100.393607717000094, -0.937310199999949, 0.0 ], [ 100.393397512000021, -0.937241706999878, 0.0 ], [ 100.393212893000026, -0.937214411999928, 0.0 ], [ 100.392986364000109, -0.937198018999904, 0.0 ], [ 100.392592892000053, -0.937164823999911, 0.0 ], [ 100.392475680000047, -0.937180961999914, 0.0 ], [ 100.392344197000085, -0.937261139999976, 0.0 ], [ 100.392241695000038, -0.937386851999985, 0.0 ], [ 100.391974391000048, -0.937709994999988, 0.0 ], [ 100.391815852000065, -0.937877498999903, 0.0 ], [ 100.39169472800009, -0.937969319999951, 0.0 ], [ 100.391600199000081, -0.938008921999941, 0.0 ], [ 100.391474560000077, -0.938013745999985, 0.0 ], [ 100.39119827600004, -0.938017790999876, 0.0 ], [ 100.390855739000031, -0.937958024999904, 0.0 ], [ 100.390680331000084, -0.9379343569999, 0.0 ], [ 100.390551217000066, -0.937955773999896, 0.0 ], [ 100.390412445000038, -0.938041960999922, 0.0 ], [ 100.390346044000054, -0.93821010899989, 0.0 ], [ 100.390318395000065, -0.938344471999905, 0.0 ], [ 100.390277370000049, -0.938406470999883, 0.0 ], [ 100.390140541, -0.938488699999937, 0.0 ], [ 100.390011051000045, -0.938569618999971, 0.0 ], [ 100.389936226000074, -0.938727593999896, 0.0 ], [ 100.389920952000054, -0.938897452999917, 0.0 ], [ 100.389922546, -0.939075319999979, 0.0 ], [ 100.389978166000077, -0.939224434999971, 0.0 ], [ 100.390066733000126, -0.939329319999946, 0.0 ], [ 100.390111525000094, -0.939406843999965, 0.0 ], [ 100.39012605700006, -0.939522367999931, 0.0 ], [ 100.390124894000053, -0.939686688999938, 0.0 ], [ 100.39006042000004, -0.939964603999929, 0.0 ], [ 100.390005985000073, -0.940090154999925, 0.0 ], [ 100.389932116000082, -0.940205797, 0.0 ], [ 100.389894637000097, -0.940231710999914, 0.0 ], [ 100.389817348000093, -0.94024490899994, 0.0 ], [ 100.389722036000109, -0.940282699999958, 0.0 ], [ 100.389631865000112, -0.940330047999968, 0.0 ], [ 100.389615180000064, -0.940334125999861, 0.0 ], [ 100.389598516000021, -0.940286403999909, 0.0 ], [ 100.38959470000006, -0.940255004999887, 0.0 ], [ 100.389607005000101, -0.940228267999895, 0.0 ], [ 100.38965039700004, -0.940161700999983, 0.0 ], [ 100.389662421000068, -0.940064555999939, 0.0 ], [ 100.38963490800009, -0.939962458999929, 0.0 ], [ 100.389600724000019, -0.939885349999944, 0.0 ], [ 100.389570513000095, -0.939829145999912, 0.0 ], [ 100.38948615700005, -0.939781586999974, 0.0 ], [ 100.389403805000072, -0.939755857999888, 0.0 ], [ 100.389310770000094, -0.93975685199997, 0.0 ], [ 100.389178338000065, -0.939757297999918, 0.0 ], [ 100.389119696000094, -0.939756267999922, 0.0 ], [ 100.389033070000039, -0.939728026999894, 0.0 ], [ 100.388934771000081, -0.939703332999894, 0.0 ], [ 100.388953407000102, -0.939626610999941, 0.0 ], [ 100.388962527000061, -0.93949002699992, 0.0 ], [ 100.388963249000128, -0.939377538999938, 0.0 ], [ 100.388936, -0.939303224999918, 0.0 ], [ 100.388922357000027, -0.939221079999871, 0.0 ], [ 100.388830931000101, -0.939115496999928, 0.0 ], [ 100.388761529000035, -0.939053141999921, 0.0 ], [ 100.388681257000059, -0.938884788999935, 0.0 ], [ 100.388608602, -0.938764910999964, 0.0 ], [ 100.38848164100007, -0.938701016999918, 0.0 ], [ 100.388376179000048, -0.938659378999937, 0.0 ], [ 100.388280017000085, -0.938433862999929, 0.0 ], [ 100.388217420000046, -0.938277849999899, 0.0 ], [ 100.388112757, -0.937952194999955, 0.0 ], [ 100.387902032000071, -0.937573109999942, 0.0 ], [ 100.387825446000036, -0.937499460999977, 0.0 ], [ 100.387760164000056, -0.937424191999966, 0.0 ], [ 100.387717911000024, -0.937346982999884, 0.0 ], [ 100.387612165000064, -0.93736888199992, 0.0 ], [ 100.387512679000096, -0.937152795999982, 0.0 ], [ 100.387449891000045, -0.936980593999944, 0.0 ], [ 100.387344639000048, -0.936954448999913, 0.0 ], [ 100.387234440000071, -0.936911861999942, 0.0 ], [ 100.387138820000075, -0.936700377999941, 0.0 ], [ 100.387089975000023, -0.936534102999861, 0.0 ], [ 100.387086822000029, -0.936502869999941, 0.0 ], [ 100.387278777000105, -0.936441253999906, 0.0 ], [ 100.387396840000108, -0.936386613999915, 0.0 ], [ 100.3873345370001, -0.936167054999956, 0.0 ], [ 100.387398690000083, -0.936050472999902, 0.0 ], [ 100.387375221000084, -0.935935286999964, 0.0 ], [ 100.387304924000048, -0.935864627999891, 0.0 ], [ 100.387260649000027, -0.935783485999927, 0.0 ], [ 100.387289236000086, -0.935676133999927, 0.0 ], [ 100.387304831000037, -0.935626385999985, 0.0 ], [ 100.387255363000037, -0.935574043999917, 0.0 ], [ 100.387216304000091, -0.935524316999889, 0.0 ], [ 100.38721365800005, -0.9354117409999, 0.0 ], [ 100.387088609, -0.935314268999917, 0.0 ], [ 100.387052122000085, -0.935183379999923, 0.0 ], [ 100.38710933800003, -0.935081252999911, 0.0 ], [ 100.38712670300005, -0.935026761999932, 0.0 ], [ 100.387135044000019, -0.93494395599992, 0.0 ], [ 100.387021364000034, -0.934905104999903, 0.0 ], [ 100.386940660000022, -0.934887078999921, 0.0 ], [ 100.386855975000032, -0.934875748999961, 0.0 ], [ 100.386778729000028, -0.934868339999969, 0.0 ], [ 100.386578645000085, -0.934956097999947, 0.0 ], [ 100.386437327000024, -0.934881243999882, 0.0 ], [ 100.386257489000073, -0.934839968999931, 0.0 ], [ 100.386085366000032, -0.93482194699995, 0.0 ], [ 100.385874728000019, -0.934850457999911, 0.0 ], [ 100.385802308000066, -0.934823640999912, 0.0 ], [ 100.385305629000086, -0.934643224999906, 0.0 ], [ 100.384868777000094, -0.934493086999918, 0.0 ], [ 100.384711448000047, -0.934394042999894, 0.0 ], [ 100.384563961000097, -0.934264325999909, 0.0 ], [ 100.384467199000085, -0.934250459999916, 0.0 ], [ 100.384388875000084, -0.934255125999858, 0.0 ], [ 100.384287493000045, -0.934204182999906, 0.0 ], [ 100.38414005700011, -0.934208874999939, 0.0 ], [ 100.383964987000098, -0.934236753999937, 0.0 ], [ 100.383826769000038, -0.93424608, 0.0 ], [ 100.383734592000039, -0.934171958, 0.0 ], [ 100.383651671000024, -0.934204433999927, 0.0 ], [ 100.383606872000044, -0.934254371999884, 0.0 ], [ 100.383553448000072, -0.934338895999861, 0.0 ], [ 100.38348726400001, -0.934333799999884, 0.0 ], [ 100.383469414000047, -0.934254426999889, 0.0 ], [ 100.383352320000128, -0.934249351999913, 0.0 ], [ 100.383273367000072, -0.934144394999933, 0.0 ], [ 100.383247217000047, -0.934026232999926, 0.0 ], [ 100.383369389000023, -0.933935790999904, 0.0 ], [ 100.383505939000045, -0.933848957999913, 0.0 ], [ 100.383549041000052, -0.933773009999936, 0.0 ], [ 100.383495090000039, -0.933679022999975, 0.0 ], [ 100.383354893000075, -0.933635688999942, 0.0 ], [ 100.383074504000049, -0.933552638, 0.0 ], [ 100.382771813000048, -0.933454239999939, 0.0 ], [ 100.382624482000026, -0.933548306999906, 0.0 ], [ 100.382487897, -0.933548360999911, 0.0 ], [ 100.382390832000056, -0.933501394999933, 0.0 ], [ 100.382326108000129, -0.933436337999968, 0.0 ], [ 100.382225444000056, -0.933378524999981, 0.0 ], [ 100.382103824000026, -0.933349105999945, 0.0 ], [ 100.381997320000011, -0.93332423499993, 0.0 ], [ 100.38183062300007, -0.933369583999951, 0.0 ], [ 100.381680189000065, -0.933425404999952, 0.0 ], [ 100.381502035000068, -0.933469287999941, 0.0 ], [ 100.381434742000096, -0.933509143999952, 0.0 ], [ 100.381268202000072, -0.933618323999927, 0.0 ], [ 100.381171583000082, -0.933649718999948, 0.0 ], [ 100.381103046000092, -0.933753224999986, 0.0 ], [ 100.381099969000019, -0.933856704999933, 0.0 ], [ 100.381037688, -0.934010378999947, 0.0 ], [ 100.380944341000017, -0.934100995999895, 0.0 ], [ 100.38078876500002, -0.934131027999982, 0.0 ], [ 100.380603401000045, -0.934174391999928, 0.0 ], [ 100.380394834000114, -0.934134513999915, 0.0 ], [ 100.380197807000059, -0.934150989999946, 0.0 ], [ 100.380061256000047, -0.934160910999879, 0.0 ], [ 100.380004978, -0.934055872999981, 0.0 ], [ 100.38002098200009, -0.933890196999862, 0.0 ], [ 100.37999683700005, -0.933781104999984, 0.0 ], [ 100.379848189000086, -0.933716511999879, 0.0 ], [ 100.379687511000029, -0.933704451999947, 0.0 ], [ 100.379550937, -0.933696424999905, 0.0 ], [ 100.379398296, -0.93369648499991, 0.0 ], [ 100.379173416000043, -0.933566799999927, 0.0 ], [ 100.378948134000055, -0.933666622999926, 0.0 ], [ 100.378867065000094, -0.933789052999931, 0.0 ], [ 100.378790505000069, -0.933911480999935, 0.0 ], [ 100.378722956000075, -0.934033905999939, 0.0 ], [ 100.378608222000082, -0.934080757999908, 0.0 ], [ 100.378511499000069, -0.934171493999955, 0.0 ], [ 100.378445565000035, -0.934262216999912, 0.0 ], [ 100.378302633000018, -0.934277758999954, 0.0 ], [ 100.378263109000031, -0.934428198999967, 0.0 ], [ 100.378131001000028, -0.934685543999944, 0.0 ], [ 100.378043122000037, -0.934893518999921, 0.0 ], [ 100.377821462, -0.934806550999919, 0.0 ], [ 100.377821386000079, -0.934611114999914, 0.0 ], [ 100.37780771300001, -0.934397197999889, 0.0 ], [ 100.377745421000014, -0.934264172999985, 0.0 ], [ 100.37770895200002, -0.934010246999936, 0.0 ], [ 100.377514423, -0.933939886999887, 0.0 ], [ 100.377356210000045, -0.933898206999903, 0.0 ], [ 100.377249859000045, -0.933835637999966, 0.0 ], [ 100.377192763000025, -0.933726089999872, 0.0 ], [ 100.377156332000126, -0.933568204999954, 0.0 ], [ 100.377171798000063, -0.933328188999901, 0.0 ], [ 100.377190292000094, -0.933290771999914, 0.0 ], [ 100.377428847000019, -0.933274545999904, 0.0 ], [ 100.377298396000057, -0.932638519999948, 0.0 ], [ 100.377280460000094, -0.932390917999889, 0.0 ], [ 100.377363754000058, -0.932303837999878, 0.0 ], [ 100.377482312, -0.932245758999958, 0.0 ], [ 100.377655375000117, -0.932239242999952, 0.0 ], [ 100.377838239000056, -0.931819163999922, 0.0 ], [ 100.377735641000086, -0.931712812999915, 0.0 ], [ 100.377790191000074, -0.931440712999962, 0.0 ], [ 100.377818983000054, -0.931308517999948, 0.0 ], [ 100.377918276000017, -0.931156950999931, 0.0 ], [ 100.377969689000096, -0.930943036999906, 0.0 ], [ 100.37800169500008, -0.930830184999895, 0.0 ], [ 100.378011267000076, -0.930720564999884, 0.0 ], [ 100.377998369000068, -0.930520680999955, 0.0 ], [ 100.377963045000072, -0.930336926999939, 0.0 ], [ 100.377906130000071, -0.930237365999961, 0.0 ], [ 100.377917341000028, -0.929949754999878, 0.0 ], [ 100.377985289000051, -0.929681120999945, 0.0 ], [ 100.378157960000038, -0.929675357999912, 0.0 ], [ 100.378186172000071, -0.92942760699993, 0.0 ], [ 100.378211801000049, -0.929198710999909, 0.0 ], [ 100.378194733000058, -0.928982301999945, 0.0 ], [ 100.378316433000094, -0.928928149999905, 0.0 ], [ 100.378285255, -0.928825649999951, 0.0 ], [ 100.378167717000053, -0.928650982999887, 0.0 ], [ 100.377945435000044, -0.928499375999866, 0.0 ], [ 100.377810558000078, -0.928611202999882, 0.0 ], [ 100.3773450730001, -0.92857563199987, 0.0 ], [ 100.377087173000078, -0.928671540999989, 0.0 ], [ 100.376761825000074, -0.928803400999886, 0.0 ], [ 100.376396785000068, -0.928907334999959, 0.0 ], [ 100.375972146000024, -0.928819677999901, 0.0 ], [ 100.375670546000023, -0.928787861999933, 0.0 ], [ 100.375364976000057, -0.928756044999876, 0.0 ], [ 100.375198313000027, -0.928768085999895, 0.0 ], [ 100.375142617000037, -0.928404842999949, 0.0 ], [ 100.375090907000114, -0.928085509999907, 0.0 ], [ 100.374999996000057, -0.927777766999935, 0.0 ], [ 100.374999484000099, -0.92777698399987, 0.0 ], [ 100.374861079000098, -0.927565098999924, 0.0 ], [ 100.374715786000067, -0.927414500999898, 0.0 ], [ 100.374606796000108, -0.927247148999907, 0.0 ], [ 100.374465530000066, -0.926925435999934, 0.0 ], [ 100.374393209000033, -0.926680911999952, 0.0 ], [ 100.374321904000084, -0.926476672999929, 0.0 ], [ 100.374261612000069, -0.92642933799992, 0.0 ], [ 100.374176701000053, -0.926227013999966, 0.0 ], [ 100.374135376000098, -0.925910084999945, 0.0 ], [ 100.374086749000071, -0.925594573999952, 0.0 ], [ 100.374013455000053, -0.925371753, 0.0 ], [ 100.374001953000075, -0.925349242999904, 0.0 ], [ 100.373883375000034, -0.925260746999864, 0.0 ], [ 100.373855354000028, -0.925209934999923, 0.0 ], [ 100.373843192, -0.925140874999894, 0.0 ], [ 100.373838762000076, -0.92497206899996, 0.0 ], [ 100.374085432000058, -0.924957963999947, 0.0 ], [ 100.374251340000015, -0.924946321999872, 0.0 ], [ 100.374190206000023, -0.924219143999924, 0.0 ], [ 100.374164129000079, -0.923897765999889, 0.0 ], [ 100.373754473000119, -0.923982214999949, 0.0 ], [ 100.373578840000064, -0.92337632099991, 0.0 ], [ 100.373682343000013, -0.923356231999936, 0.0 ], [ 100.373621260000021, -0.923063302999946, 0.0 ], [ 100.373590826000068, -0.922929748999909, 0.0 ], [ 100.373538225000075, -0.922940113999967, 0.0 ], [ 100.373491485000031, -0.922710982999927, 0.0 ], [ 100.37342257200001, -0.922689742999946, 0.0 ], [ 100.373241754000063, -0.922468237999915, 0.0 ], [ 100.373340055000114, -0.922381032999983, 0.0 ], [ 100.373293565000083, -0.922227102999948, 0.0 ], [ 100.373166220000115, -0.921979798999914, 0.0 ], [ 100.373219438000078, -0.921940948999985, 0.0 ], [ 100.373109303000021, -0.921736880999976, 0.0 ], [ 100.372951133000086, -0.921825159999909, 0.0 ], [ 100.372793464, -0.921914569999934, 0.0 ], [ 100.372586017000074, -0.921622448999923, 0.0 ], [ 100.37245026600003, -0.921378367999978, 0.0 ], [ 100.371996978000098, -0.921432985999967, 0.0 ], [ 100.371992596, -0.921356356999933, 0.0 ], [ 100.3714591, -0.921537905999944, 0.0 ], [ 100.371123382000022, -0.920859621999956, 0.0 ], [ 100.370985168000047, -0.920911631999907, 0.0 ], [ 100.370811216000035, -0.920497736999945, 0.0 ], [ 100.37063133100007, -0.919985979999968, 0.0 ], [ 100.370590275000055, -0.92000245999991, 0.0 ], [ 100.37038658700007, -0.919552067999948, 0.0 ], [ 100.370810461000062, -0.919341511999935, 0.0 ], [ 100.370792373000072, -0.919160241999947, 0.0 ], [ 100.371136632000045, -0.918919882999955, 0.0 ], [ 100.371472049, -0.918742529999935, 0.0 ], [ 100.371904574, -0.918641566999931, 0.0 ], [ 100.372244250000037, -0.918587349999886, 0.0 ], [ 100.372246666000052, -0.918516053999937, 0.0 ], [ 100.372659657000028, -0.918456891999927, 0.0 ], [ 100.372684067000094, -0.918385588999978, 0.0 ], [ 100.373298322000025, -0.918271736999884, 0.0 ], [ 100.373875672000011, -0.918074556999912, 0.0 ], [ 100.374254395, -0.917875277999944, 0.0 ], [ 100.374513266000108, -0.917700512999961, 0.0 ], [ 100.374713978000017, -0.917617921999966, 0.0 ], [ 100.374999484000099, -0.917496045999918, 0.0 ], [ 100.374999997000046, -0.9174958259999, 0.0 ], [ 100.375176296000078, -0.91739157199989, 0.0 ], [ 100.375177506000085, -0.917309131999907, 0.0 ], [ 100.375519195000024, -0.917140071999953, 0.0 ], [ 100.375880753, -0.917006509999915, 0.0 ], [ 100.376172740000101, -0.916863014999944, 0.0 ], [ 100.376318627000089, -0.91696100199988, 0.0 ], [ 100.37644041300004, -0.917089976999893, 0.0 ], [ 100.376494356000066, -0.917207492999935, 0.0 ], [ 100.376742086000036, -0.91732980199993, 0.0 ], [ 100.376971118000071, -0.917230258999954, 0.0 ], [ 100.377156306000032, -0.917111142999957, 0.0 ], [ 100.377298022000033, -0.91705045799991, 0.0 ], [ 100.37748227100009, -0.917014721999973, 0.0 ], [ 100.377687792000046, -0.917014641999966, 0.0 ], [ 100.377772850000056, -0.917050273999894, 0.0 ], [ 100.377864979000051, -0.917046671999952, 0.0 ], [ 100.378074042000023, -0.917039457999977, 0.0 ], [ 100.378398211000018, -0.916890904999942, 0.0 ], [ 100.378525528000083, -0.916834783999917, 0.0 ], [ 100.378800086000055, -0.916790620999905, 0.0 ], [ 100.379066719, -0.916830567999924, 0.0 ], [ 100.37933738400001, -0.91700668999993, 0.0 ], [ 100.379444896000024, -0.917190882999893, 0.0 ], [ 100.379688616000038, -0.917313512999915, 0.0 ], [ 100.379957586000089, -0.917364070999923, 0.0 ], [ 100.380153388000025, -0.917355761999946, 0.0 ], [ 100.380317435, -0.917397849999876, 0.0 ], [ 100.380474502000041, -0.917439940999895, 0.0 ], [ 100.380635043, -0.917439878999978, 0.0 ], [ 100.380751160000017, -0.917324014999895, 0.0 ], [ 100.380809203000027, -0.917177588999948, 0.0 ], [ 100.380745781000101, -0.917051367999896, 0.0 ], [ 100.380638752000038, -0.916941851999983, 0.0 ], [ 100.38049648100008, -0.916798229999912, 0.0 ], [ 100.380384136000032, -0.916704374999874, 0.0 ], [ 100.380354747000084, -0.916666667999952, 0.0 ], [ 100.380354368000056, -0.916666318999923, 0.0 ], [ 100.380301923000061, -0.916617822999907, 0.0 ], [ 100.380282396000041, -0.916586698999907, 0.0 ], [ 100.380256882000069, -0.916526181999874, 0.0 ], [ 100.380231930000051, -0.916484078999943, 0.0 ], [ 100.380184002000078, -0.916433203999908, 0.0 ], [ 100.380152342000116, -0.916396042999942, 0.0 ], [ 100.380125432000028, -0.916349843999939, 0.0 ], [ 100.380118169000042, -0.916320062999961, 0.0 ], [ 100.380138145000018, -0.916304868999948, 0.0 ], [ 100.38016602, -0.916309000999934, 0.0 ], [ 100.380190372000072, -0.916314363999934, 0.0 ], [ 100.380221040000038, -0.916319334999901, 0.0 ], [ 100.380266112000029, -0.916321533999906, 0.0 ], [ 100.380305098000065, -0.916320830999936, 0.0 ], [ 100.380343597000049, -0.916312928999904, 0.0 ], [ 100.380368775000093, -0.916292061999954, 0.0 ], [ 100.380376842000047, -0.916261876999943, 0.0 ], [ 100.380375505000117, -0.916221195999864, 0.0 ], [ 100.380383185000127, -0.91619347999988, 0.0 ], [ 100.380413945, -0.916178281999954, 0.0 ], [ 100.380456566000063, -0.91618586199996, 0.0 ], [ 100.380512375000066, -0.916215271999906, 0.0 ], [ 100.380564951000068, -0.916247648999921, 0.0 ], [ 100.38060238100006, -0.916262775999929, 0.0 ], [ 100.380637108000087, -0.916260689999934, 0.0 ], [ 100.380653654000028, -0.916225228999931, 0.0 ], [ 100.380645890000011, -0.916151961999908, 0.0 ], [ 100.380628326000064, -0.916088745999918, 0.0 ], [ 100.380598818000024, -0.916040829999861, 0.0 ], [ 100.380552509000012, -0.915994991999977, 0.0 ], [ 100.380499254000043, -0.915973658999988, 0.0 ], [ 100.380443426000042, -0.915965765999957, 0.0 ], [ 100.380408936000038, -0.915956065999953, 0.0 ], [ 100.380381640000081, -0.915936692999949, 0.0 ], [ 100.380339522000071, -0.91590376899989, 0.0 ], [ 100.380306673000106, -0.915880093999885, 0.0 ], [ 100.380289720000036, -0.915862246999918, 0.0 ], [ 100.380231192000068, -0.915718481999924, 0.0 ], [ 100.380425767000091, -0.915736382999984, 0.0 ], [ 100.380796450000034, -0.915752504999897, 0.0 ], [ 100.381247126000019, -0.915728363999943, 0.0 ], [ 100.381547199000067, -0.91570901299994, 0.0 ], [ 100.381717790000067, -0.915670452999947, 0.0 ], [ 100.382035381000051, -0.915656228999925, 0.0 ], [ 100.382444884000094, -0.915679961999935, 0.0 ], [ 100.382871955000084, -0.915686406999935, 0.0 ], [ 100.383176401000043, -0.915747976999967, 0.0 ], [ 100.383342905000049, -0.915895522999918, 0.0 ], [ 100.383591769000034, -0.916215711999943, 0.0 ], [ 100.384088521000109, -0.916666317999923, 0.0 ], [ 100.384088874000042, -0.916666639999949, 0.0 ], [ 100.384119918000039, -0.916722627999963, 0.0 ], [ 100.384179108000055, -0.916829433999919, 0.0 ], [ 100.384293292000081, -0.916922830999919, 0.0 ], [ 100.384361055000099, -0.91698295099992, 0.0 ], [ 100.384438814000049, -0.917053477999893, 0.0 ], [ 100.384522100000098, -0.917129555999971, 0.0 ], [ 100.384606466000065, -0.917206338999929, 0.0 ], [ 100.384687441000011, -0.9172789809999, 0.0 ], [ 100.385376083000054, -0.916289033999881, 0.0 ], [ 100.385531762000056, -0.916120965999919, 0.0 ], [ 100.385627282000058, -0.915980377999922, 0.0 ], [ 100.385705817000073, -0.915856196999862, 0.0 ], [ 100.38575472600003, -0.915771000999918, 0.0 ], [ 100.38580198400004, -0.915688680999946, 0.0 ], [ 100.385849600000071, -0.915616105999892, 0.0 ], [ 100.385894793, -0.915559217999892, 0.0 ], [ 100.385940582000046, -0.915395636999946, 0.0 ], [ 100.385998899000072, -0.915286572999893, 0.0 ], [ 100.386029540000038, -0.915266004999967, 0.0 ], [ 100.386158761000075, -0.915234750999957, 0.0 ], [ 100.386211453000072, -0.915215199999938, 0.0 ], [ 100.386455887000054, -0.914908205999939, 0.0 ], [ 100.386340603000107, -0.914815206999883, 0.0 ], [ 100.386182018000042, -0.914669345999894, 0.0 ], [ 100.385934551000076, -0.914358213999908, 0.0 ], [ 100.385608308000087, -0.91381841199992, 0.0 ], [ 100.385135793000075, -0.913216896999888, 0.0 ], [ 100.384901261000024, -0.912962911999923, 0.0 ], [ 100.384887024000093, -0.912952347999937, 0.0 ], [ 100.384883391000059, -0.912954265999918, 0.0 ], [ 100.384642504000027, -0.913034899999928, 0.0 ], [ 100.384444365000064, -0.913041210999918, 0.0 ], [ 100.384288332000025, -0.913032496999907, 0.0 ], [ 100.383955911000058, -0.912957894999952, 0.0 ], [ 100.383841680000018, -0.912913433999915, 0.0 ], [ 100.383747390000039, -0.912855076999971, 0.0 ], [ 100.383652520000098, -0.912784847999934, 0.0 ], [ 100.383589822000062, -0.912759630999979, 0.0 ], [ 100.383534441000094, -0.912753783999939, 0.0 ], [ 100.383458900000065, -0.912761215999932, 0.0 ], [ 100.383354791000059, -0.912787826999914, 0.0 ], [ 100.382735573000076, -0.913010476999951, 0.0 ], [ 100.38234357400006, -0.913128282999928, 0.0 ], [ 100.382384113000043, -0.912637360999899, 0.0 ], [ 100.382383232000052, -0.912605883999959, 0.0 ], [ 100.382380062000053, -0.912597649999899, 0.0 ], [ 100.382217993000054, -0.912463271999972, 0.0 ], [ 100.382071796000048, -0.912351559999877, 0.0 ], [ 100.382302847000062, -0.911693054999926, 0.0 ], [ 100.382588863000109, -0.910930697999909, 0.0 ], [ 100.382720843000101, -0.910776432999935, 0.0 ], [ 100.382889081000073, -0.910748665999947, 0.0 ], [ 100.382994853000028, -0.910732147999912, 0.0 ], [ 100.383157983000032, -0.910643170999922, 0.0 ], [ 100.383207890000079, -0.910585244999925, 0.0 ], [ 100.383259488000078, -0.910496293999937, 0.0 ], [ 100.383270024000069, -0.910422911999905, 0.0 ], [ 100.383241054000067, -0.909916671999941, 0.0 ], [ 100.383222994000079, -0.909873996999963, 0.0 ], [ 100.382983066000037, -0.909563724999959, 0.0 ], [ 100.382937987000034, -0.909473057999918, 0.0 ], [ 100.382893263000071, -0.909350563999908, 0.0 ], [ 100.382707409000048, -0.908678062999954, 0.0 ], [ 100.382703903000035, -0.908558646999932, 0.0 ], [ 100.382764916000013, -0.908442378999904, 0.0 ], [ 100.382973198000016, -0.90829694499995, 0.0 ], [ 100.383161392000048, -0.908347576999965, 0.0 ], [ 100.38338653800011, -0.908367771999949, 0.0 ], [ 100.383594835000025, -0.908262902999976, 0.0 ], [ 100.383628779000077, -0.908194197999887, 0.0 ], [ 100.383710156000063, -0.9081267289999, 0.0 ], [ 100.383595187000054, -0.908001532999933, 0.0 ], [ 100.38350413600007, -0.907813705999935, 0.0 ], [ 100.383255093000074, -0.907688561999972, 0.0 ], [ 100.3830675990001, -0.907518489999934, 0.0 ], [ 100.382837736000084, -0.907465592999909, 0.0 ], [ 100.382650933, -0.907321155999949, 0.0 ], [ 100.382468945000042, -0.907244153999972, 0.0 ], [ 100.38233001, -0.907056345999887, 0.0 ], [ 100.382104962000128, -0.907070883999936, 0.0 ], [ 100.381851177000087, -0.907070981999944, 0.0 ], [ 100.381659577000036, -0.906902460999945, 0.0 ], [ 100.381502326, -0.90687054699988, 0.0 ], [ 100.381514224000099, -0.906650587999888, 0.0 ], [ 100.381565092000045, -0.90651799299993, 0.0 ], [ 100.381606965000046, -0.906169994999914, 0.0 ], [ 100.381636847000024, -0.905986185999893, 0.0 ], [ 100.381492989000023, -0.905751220999903, 0.0 ], [ 100.381468980000079, -0.905627693999985, 0.0 ], [ 100.381382065000082, -0.905486112999906, 0.0 ], [ 100.381286659000097, -0.905136495999933, 0.0 ], [ 100.381332360000059, -0.904909468999978, 0.0 ], [ 100.381276634000059, -0.90457062299992, 0.0 ], [ 100.381101561000051, -0.904322004999866, 0.0 ], [ 100.380948166000067, -0.904414669999895, 0.0 ], [ 100.380715802000026, -0.904140348999935, 0.0 ], [ 100.38073883900006, -0.903961048999932, 0.0 ], [ 100.381057657000071, -0.903793159999896, 0.0 ], [ 100.381141183000054, -0.903721343999905, 0.0 ], [ 100.381061291, -0.903384484999922, 0.0 ], [ 100.381589724000037, -0.902899920999975, 0.0 ], [ 100.38172983700008, -0.902724812999963, 0.0 ], [ 100.381822371000013, -0.902391178999892, 0.0 ], [ 100.381966406000032, -0.901952565999927, 0.0 ], [ 100.382117336000078, -0.901424832999961, 0.0 ], [ 100.38224871200002, -0.901365077, 0.0 ], [ 100.382671191999989, -0.900828257999894, 0.0 ], [ 100.382872531000032, -0.900450093999957, 0.0 ], [ 100.382480307, -0.90015146599994, 0.0 ], [ 100.383170951000039, -0.898742743999911, 0.0 ], [ 100.383293602000066, -0.898576602999931, 0.0 ], [ 100.383418635000012, -0.898538683999902, 0.0 ], [ 100.383548063000063, -0.898499431999941, 0.0 ], [ 100.383732450000039, -0.898385799999954, 0.0 ], [ 100.383887360000074, -0.898182708999936, 0.0 ], [ 100.383920746000086, -0.89799502199995, 0.0 ], [ 100.383798668000011, -0.897806873999926, 0.0 ], [ 100.383768743000118, -0.897536868999968, 0.0 ], [ 100.383786853000018, -0.897324543999897, 0.0 ], [ 100.383768758000116, -0.897179363999964, 0.0 ], [ 100.383753563000099, -0.896942568999911, 0.0 ], [ 100.383750484000117, -0.896752010999865, 0.0 ], [ 100.383699154000041, -0.896470147999903, 0.0 ], [ 100.383647977000066, -0.89630683199989, 0.0 ], [ 100.383623745000108, -0.896088264999925, 0.0 ], [ 100.383647733000046, -0.895912819999975, 0.0 ], [ 100.383638804000029, -0.895619292999935, 0.0 ], [ 100.383760292000034, -0.89534990699994, 0.0 ], [ 100.383930125000063, -0.895099533999918, 0.0 ], [ 100.384022809, -0.894816931999983, 0.0 ], [ 100.384042167000089, -0.894421658999875, 0.0 ], [ 100.383966784000066, -0.894129475999947, 0.0 ], [ 100.383782853000042, -0.894098709999977, 0.0 ], [ 100.383399666000045, -0.894091423999907, 0.0 ], [ 100.383448246000071, -0.893925036999907, 0.0 ], [ 100.38344154900004, -0.893754267999899, 0.0 ], [ 100.383418795000026, -0.893604217999918, 0.0 ], [ 100.383283350000013, -0.893470682999972, 0.0 ], [ 100.38321148300011, -0.893026310999975, 0.0 ], [ 100.383155851000126, -0.892693613999892, 0.0 ], [ 100.383113993000038, -0.892392209999912, 0.0 ], [ 100.383171189000052, -0.892043233999903, 0.0 ], [ 100.383278336000046, -0.891820013999908, 0.0 ], [ 100.383241280000078, -0.891608006999952, 0.0 ], [ 100.383070744000094, -0.890777105999948, 0.0 ], [ 100.382981841000017, -0.890349379999908, 0.0 ], [ 100.383069810000023, -0.890330552999949, 0.0 ], [ 100.3830182600001, -0.889991737999893, 0.0 ], [ 100.382966695, -0.889608950999929, 0.0 ], [ 100.38298725700011, -0.889406717999982, 0.0 ], [ 100.383252055000085, -0.889321263999928, 0.0 ], [ 100.383961600000092, -0.889159768999889, 0.0 ], [ 100.384011288000025, -0.889117694999872, 0.0 ], [ 100.384047214000063, -0.889048967999958, 0.0 ], [ 100.384052364000041, -0.889039112999942, 0.0 ], [ 100.384013945000063, -0.888975739999939, 0.0 ], [ 100.383967155, -0.888898554999948, 0.0 ], [ 100.383918576000084, -0.888797652999859, 0.0 ], [ 100.383933947000017, -0.888784161999986, 0.0 ], [ 100.384044743000032, -0.888686920999934, 0.0 ], [ 100.384416878000096, -0.888628180999959, 0.0 ], [ 100.3847152700001, -0.888564711999948, 0.0 ], [ 100.384832945000056, -0.888437302999886, 0.0 ], [ 100.384831609000045, -0.887924196999975, 0.0 ], [ 100.385007338, -0.887609418999954, 0.0 ], [ 100.385215527000099, -0.887079234999874, 0.0 ], [ 100.385384384000034, -0.886467559999979, 0.0 ], [ 100.385467504000076, -0.886103841999905, 0.0 ], [ 100.385953741000066, -0.886036162999989, 0.0 ], [ 100.385940802000064, -0.885763373999978, 0.0 ], [ 100.385712595000101, -0.885598500999926, 0.0 ], [ 100.385819419000057, -0.885279301999894, 0.0 ], [ 100.386090315, -0.885207479999902, 0.0 ], [ 100.385972597000034, -0.884600182999925, 0.0 ], [ 100.386207297000084, -0.884505453999903, 0.0 ], [ 100.3861194710001, -0.883929770999877, 0.0 ], [ 100.386011632000063, -0.883938852999918, 0.0 ], [ 100.385984079000096, -0.883472000999927, 0.0 ], [ 100.38597590300013, -0.883256167999921, 0.0 ], [ 100.386176037000084, -0.882819549999944, 0.0 ], [ 100.386075040000065, -0.882771650999889, 0.0 ], [ 100.386120649000119, -0.882639450999875, 0.0 ], [ 100.385356826000063, -0.881962691999924, 0.0 ], [ 100.385218952000031, -0.881819626999988, 0.0 ], [ 100.384865978000036, -0.88131737699991, 0.0 ], [ 100.384815927000076, -0.881239284999932, 0.0 ], [ 100.384866181000064, -0.881207373999867, 0.0 ], [ 100.384906436, -0.88116531799994, 0.0 ], [ 100.384954251000067, -0.881094861999884, 0.0 ], [ 100.385060996, -0.880923767999938, 0.0 ], [ 100.385113145000062, -0.880837235999884, 0.0 ], [ 100.385178816000078, -0.880750120999959, 0.0 ], [ 100.385247751000094, -0.880681785999901, 0.0 ], [ 100.385319679000105, -0.880620550999897, 0.0 ], [ 100.385360673000022, -0.880584762999955, 0.0 ], [ 100.385368808000081, -0.880562398999881, 0.0 ], [ 100.385368749000079, -0.880401707999908, 0.0 ], [ 100.385376558000104, -0.880303607999963, 0.0 ], [ 100.385409496000065, -0.880181849999925, 0.0 ], [ 100.385442526000048, -0.880097543999966, 0.0 ], [ 100.385480385000079, -0.880024720999891, 0.0 ], [ 100.385526458000072, -0.879962052999947, 0.0 ], [ 100.385581147000067, -0.879901220999887, 0.0 ], [ 100.385645481000054, -0.87984841799987, 0.0 ], [ 100.385627390000067, -0.879761328999948, 0.0 ], [ 100.385583151000048, -0.879658994999918, 0.0 ], [ 100.385498779000088, -0.879541430999961, 0.0 ], [ 100.384930560000058, -0.878996719999922, 0.0 ], [ 100.384347491000042, -0.878091926999932, 0.0 ], [ 100.383940161000083, -0.877381126999918, 0.0 ], [ 100.383265006, -0.876491812999966, 0.0 ], [ 100.383427142000102, -0.876026419999917, 0.0 ], [ 100.383799984000035, -0.8756483629999, 0.0 ], [ 100.384229996, -0.875370635999925, 0.0 ], [ 100.385589691000064, -0.875, 0.0 ], [ 100.385755014000054, -0.874965672999902, 0.0 ], [ 100.385902675000111, -0.874917313999898, 0.0 ], [ 100.38605301100003, -0.87485316899992, 0.0 ], [ 100.386170915, -0.874785926999952, 0.0 ], [ 100.386387906000024, -0.874643081999945, 0.0 ], [ 100.386549254000045, -0.87451552299996, 0.0 ], [ 100.386696726000082, -0.874408931999934, 0.0 ], [ 100.386878898000063, -0.874283112999915, 0.0 ], [ 100.38708521500007, -0.874131855999924, 0.0 ], [ 100.38725481200008, -0.874010552999923, 0.0 ], [ 100.387436701000027, -0.873889244999923, 0.0 ], [ 100.387518772000064, -0.87382766199989, 0.0 ], [ 100.387559630000069, -0.873786509999949, 0.0 ], [ 100.38760694700008, -0.873756181999926, 0.0 ], [ 100.387663949000085, -0.873741004999914, 0.0 ], [ 100.387696216000094, -0.873738827999912, 0.0 ], [ 100.387710190000092, -0.87370743099989, 0.0 ], [ 100.387738144000096, -0.873677109999957, 0.0 ], [ 100.387819205000056, -0.873617238999888, 0.0 ], [ 100.387856369000104, -0.87358172699988, 0.0 ], [ 100.38786303300013, -0.873553902999976, 0.0 ], [ 100.387858255000083, -0.873524161999914, 0.0 ], [ 100.387824868000081, -0.873467571999939, 0.0 ], [ 100.387772745000035, -0.873378188999915, 0.0 ], [ 100.387733546000078, -0.873317866999987, 0.0 ], [ 100.387721663000065, -0.873286208999943, 0.0 ], [ 100.387728181000071, -0.873257529999879, 0.0 ], [ 100.387750136000108, -0.873234225, 0.0 ], [ 100.387816835000038, -0.873209922999937, 0.0 ], [ 100.387875686000115, -0.873167584999987, 0.0 ], [ 100.387916034000071, -0.873121019999864, 0.0 ], [ 100.387948807000029, -0.873049917999932, 0.0 ], [ 100.387966440000071, -0.872977124999949, 0.0 ], [ 100.387996946000015, -0.87284916299993, 0.0 ], [ 100.388017165000093, -0.872755632999919, 0.0 ], [ 100.388035737000024, -0.872698065999952, 0.0 ], [ 100.388045929000072, -0.872646684999964, 0.0 ], [ 100.388038948000116, -0.872595312999977, 0.0 ], [ 100.388049917000046, -0.872575136999906, 0.0 ], [ 100.388071302000043, -0.872569747999904, 0.0 ], [ 100.388103387000029, -0.872573461999945, 0.0 ], [ 100.38817179500009, -0.872595568999909, 0.0 ], [ 100.388270145000064, -0.87263553799993, 0.0 ], [ 100.388348615000069, -0.872668146999963, 0.0 ], [ 100.388416622000108, -0.872695494999917, 0.0 ], [ 100.388483583000053, -0.872719683999964, 0.0 ], [ 100.388567283000043, -0.872750185999912, 0.0 ], [ 100.388647511000016, -0.872780633999945, 0.0 ], [ 100.388735460000106, -0.872802891999921, 0.0 ], [ 100.38882992000002, -0.872823179999912, 0.0 ], [ 100.388952217000011, -0.872844512, 0.0 ], [ 100.389039321000027, -0.872863498999962, 0.0 ], [ 100.389128087000088, -0.872892498999875, 0.0 ], [ 100.389224044000031, -0.872928802999947, 0.0 ], [ 100.389302461000028, -0.872953691999964, 0.0 ], [ 100.389391189, -0.872966117999926, 0.0 ], [ 100.389508803000055, -0.872976457999894, 0.0 ], [ 100.389601658000103, -0.872988880999944, 0.0 ], [ 100.389722350000042, -0.873009265999944, 0.0 ], [ 100.389815964000064, -0.873028940999973, 0.0 ], [ 100.389841304000029, -0.873021916999924, 0.0 ], [ 100.38984573200004, -0.873005976999938, 0.0 ], [ 100.389845716000039, -0.872960069999959, 0.0 ], [ 100.389848423000089, -0.872865586999957, 0.0 ], [ 100.389859427000019, -0.872775711999981, 0.0 ], [ 100.389881465000073, -0.87267775399987, 0.0 ], [ 100.3899011970001, -0.872621194999898, 0.0 ], [ 100.389944740000061, -0.872536158999878, 0.0 ], [ 100.389953612000085, -0.872484248999935, 0.0 ], [ 100.389954487000068, -0.872443080999904, 0.0 ], [ 100.389963625000021, -0.872384121999911, 0.0 ], [ 100.389959644000058, -0.872276255999957, 0.0 ], [ 100.389935188000067, -0.87220567399989, 0.0 ], [ 100.389929833000068, -0.872163847999893, 0.0 ], [ 100.389929810000069, -0.872100389999972, 0.0 ], [ 100.389936431000081, -0.872052515999918, 0.0 ], [ 100.389936406000089, -0.871982378999977, 0.0 ], [ 100.389938705000091, -0.871913855999903, 0.0 ], [ 100.389959516000047, -0.871879654999915, 0.0 ], [ 100.390004446000034, -0.871860885999961, 0.0 ], [ 100.390063628000036, -0.871857555999952, 0.0 ], [ 100.390318847000017, -0.871851972999934, 0.0 ], [ 100.390572947000081, -0.871834829999937, 0.0 ], [ 100.390798811000124, -0.871812012999914, 0.0 ], [ 100.391047531000098, -0.871824541999974, 0.0 ], [ 100.391184114000026, -0.871802048999889, 0.0 ], [ 100.391256569000063, -0.871743108999897, 0.0 ], [ 100.39134851700004, -0.871630857999936, 0.0 ], [ 100.391468343, -0.871524207999904, 0.0 ], [ 100.391602117000062, -0.871445605999885, 0.0 ], [ 100.391721968000027, -0.871409091999972, 0.0 ], [ 100.391833465000019, -0.871395022999874, 0.0 ], [ 100.391945123000113, -0.871390915999889, 0.0 ], [ 100.39209853700001, -0.871406019999895, 0.0 ], [ 100.392251957, -0.87144318199995, 0.0 ], [ 100.392657746000097, -0.871532586999887, 0.0 ], [ 100.39293515600005, -0.871532483999879, 0.0 ], [ 100.393426566000116, -0.871524323999914, 0.0 ], [ 100.393512900000061, -0.87151246299991, 0.0 ], [ 100.394076487000063, -0.871492174999918, 0.0 ], [ 100.394694685000061, -0.871412174999872, 0.0 ], [ 100.395193998000067, -0.871340198999956, 0.0 ], [ 100.395701223000032, -0.871236313999887, 0.0 ], [ 100.396160866000045, -0.871060652999919, 0.0 ], [ 100.3964148620001, -0.870963376999953, 0.0 ], [ 100.396797285000034, -0.870829348999965, 0.0 ], [ 100.397091036000091, -0.870745562999961, 0.0 ], [ 100.397178368000127, -0.870747944999891, 0.0 ], [ 100.397495573000072, -0.870701391999948, 0.0 ], [ 100.397727508000088, -0.870680243999974, 0.0 ], [ 100.397932145000055, -0.870697693999908, 0.0 ], [ 100.398067115000032, -0.870697642999904, 0.0 ], [ 100.398223849000033, -0.870688822999973, 0.0 ], [ 100.398345760000083, -0.870701921999903, 0.0 ], [ 100.398438211, -0.870737657999928, 0.0 ], [ 100.398474468000074, -0.870780196999895, 0.0 ], [ 100.398518291000059, -0.870860725999897, 0.0 ], [ 100.39854698800012, -0.87087591399991, 0.0 ], [ 100.398592291000043, -0.870877416999946, 0.0 ], [ 100.398663645000084, -0.870867450999921, 0.0 ], [ 100.398749296000076, -0.87085933799996, 0.0 ], [ 100.398859037000094, -0.870859296999868, 0.0 ], [ 100.398944693000075, -0.870865998999889, 0.0 ], [ 100.399343838000064, -0.870887502999892, 0.0 ], [ 100.399895484000055, -0.870921993999904, 0.0 ], [ 100.400116435000129, -0.8709208789999, 0.0 ], [ 100.400146768000056, -0.870842301999971, 0.0 ], [ 100.40016664800001, -0.870771333999873, 0.0 ], [ 100.400177403000015, -0.870691187, 0.0 ], [ 100.400203057000098, -0.870525287999943, 0.0 ], [ 100.400211371000069, -0.870392305999864, 0.0 ], [ 100.400211352000071, -0.870147360999937, 0.0 ], [ 100.400221963000064, -0.870093344999908, 0.0 ], [ 100.40024609800011, -0.870055776999909, 0.0 ], [ 100.400273896, -0.870028519999963, 0.0 ], [ 100.400299041000039, -0.870008352999893, 0.0 ], [ 100.400435830000077, -0.870121198999904, 0.0 ], [ 100.400596615000069, -0.870280052999902, 0.0 ], [ 100.400761485000032, -0.870408577999967, 0.0 ], [ 100.400879431000106, -0.8704990109999, 0.0 ], [ 100.400932634000071, -0.870534339999892, 0.0 ], [ 100.400964755000061, -0.870551497999891, 0.0 ], [ 100.400989222000035, -0.870562304999897, 0.0 ], [ 100.401013594000105, -0.870562922999948, 0.0 ], [ 100.401051084000102, -0.870552847999914, 0.0 ], [ 100.401107941000092, -0.870522637999901, 0.0 ], [ 100.40121494300007, -0.870497648999965, 0.0 ], [ 100.401277204000067, -0.870470652999863, 0.0 ], [ 100.401380456000084, -0.870437296999945, 0.0 ], [ 100.401555367000071, -0.870378940999913, 0.0 ], [ 100.40169493500008, -0.870322693999878, 0.0 ], [ 100.401898150000108, -0.870242821999931, 0.0 ], [ 100.40201092300002, -0.870202320999955, 0.0 ], [ 100.402198031000054, -0.870132217999927, 0.0 ], [ 100.402346960000031, -0.870077345999917, 0.0 ], [ 100.402490330000077, -0.870021358999903, 0.0 ], [ 100.402694488000094, -0.869943155999916, 0.0 ], [ 100.402755861000017, -0.869919960999951, 0.0 ], [ 100.402822462000117, -0.870031943999891, 0.0 ], [ 100.402859576000068, -0.870075854999882, 0.0 ], [ 100.402896682000033, -0.870095606999918, 0.0 ], [ 100.403003626, -0.870129609999889, 0.0 ], [ 100.403089837000024, -0.870161421999946, 0.0 ], [ 100.403225496000061, -0.870223144999901, 0.0 ], [ 100.403317380000033, -0.870263010999913, 0.0 ], [ 100.403390887000072, -0.870299967999863, 0.0 ], [ 100.40348394300004, -0.87033464499989, 0.0 ], [ 100.403579096000016, -0.870356705999939, 0.0 ], [ 100.403663266000052, -0.870366495999949, 0.0 ], [ 100.403732793000117, -0.870364014999922, 0.0 ], [ 100.403810847, -0.870328384999905, 0.0 ], [ 100.404061637000055, -0.870208209999909, 0.0 ], [ 100.404583102000032, -0.870008138999875, 0.0 ], [ 100.405211483000073, -0.869754903999883, 0.0 ], [ 100.405927815000013, -0.869394107999874, 0.0 ], [ 100.406197951000067, -0.869357973999904, 0.0 ], [ 100.406711265000084, -0.86936127199991, 0.0 ], [ 100.407019951000052, -0.86937512, 0.0 ], [ 100.407124929000119, -0.869385306999945, 0.0 ], [ 100.407171836, -0.869375630999944, 0.0 ], [ 100.407217671000069, -0.869349863999943, 0.0 ], [ 100.407302923000017, -0.869248971999944, 0.0 ], [ 100.407368986000066, -0.869147017999946, 0.0 ], [ 100.407418002000028, -0.869076183999947, 0.0 ], [ 100.407470525000022, -0.869013506999913, 0.0 ], [ 100.407513820000048, -0.868977346999941, 0.0 ], [ 100.407580350000046, -0.868937988999971, 0.0 ], [ 100.407664838000116, -0.868893307999915, 0.0 ], [ 100.407725032000116, -0.868858204999942, 0.0 ], [ 100.407798450000072, -0.868796905999933, 0.0 ], [ 100.407882835000038, -0.868688119999902, 0.0 ], [ 100.407975645000079, -0.868538545999961, 0.0 ], [ 100.408076903, -0.868399163999886, 0.0 ], [ 100.408162973000032, -0.868280181999989, 0.0 ], [ 100.408267703, -0.868105534999927, 0.0 ], [ 100.408341809, -0.867970689999872, 0.0 ], [ 100.408432656000045, -0.867833435999973, 0.0 ], [ 100.408533082000105, -0.867722656999955, 0.0 ], [ 100.40860950500003, -0.867641464999899, 0.0 ], [ 100.408673321000066, -0.867582457999902, 0.0 ], [ 100.408750743000084, -0.867523449, 0.0 ], [ 100.4088303, -0.867476460999924, 0.0 ], [ 100.408902013000073, -0.867441078999928, 0.0 ], [ 100.408989096000084, -0.867407900999936, 0.0 ], [ 100.409070327000052, -0.867378406999894, 0.0 ], [ 100.409156054000036, -0.867345998999966, 0.0 ], [ 100.409257389000075, -0.867313506999942, 0.0 ], [ 100.409295261000096, -0.867301128999895, 0.0 ], [ 100.409378001000022, -0.867249657999899, 0.0 ], [ 100.409424276000024, -0.867201241999979, 0.0 ], [ 100.409457969000059, -0.867155542999928, 0.0 ], [ 100.409502674000038, -0.867090695999892, 0.0 ], [ 100.409538371000053, -0.86703533999993, 0.0 ], [ 100.409606228000072, -0.86694970199995, 0.0 ], [ 100.409644654000061, -0.866917450999946, 0.0 ], [ 100.409698998000025, -0.866894681999927, 0.0 ], [ 100.409756899000016, -0.866888506999949, 0.0 ], [ 100.409829085000041, -0.866902006999911, 0.0 ], [ 100.409897295000093, -0.866928031999933, 0.0 ], [ 100.410084026000078, -0.866987815999906, 0.0 ], [ 100.410177383000075, -0.867002931999913, 0.0 ], [ 100.410281781, -0.867021077999905, 0.0 ], [ 100.410363091000079, -0.867033168999928, 0.0 ], [ 100.410472220000045, -0.86702162399995, 0.0 ], [ 100.410573171000053, -0.866980081999888, 0.0 ], [ 100.410780747000089, -0.866875528999941, 0.0 ], [ 100.410909223000061, -0.866817105999903, 0.0 ], [ 100.411016329000034, -0.866763795999933, 0.0 ], [ 100.411088158000027, -0.866740937999907, 0.0 ], [ 100.411139256000084, -0.866734692999923, 0.0 ], [ 100.411219304000042, -0.866733081999879, 0.0 ], [ 100.411298566000127, -0.866740160999932, 0.0 ], [ 100.411384435000031, -0.866759677999948, 0.0 ], [ 100.411424609000065, -0.866769328999947, 0.0 ], [ 100.411454301000035, -0.866773713999955, 0.0 ], [ 100.411501458000032, -0.866776331999905, 0.0 ], [ 100.411566946000036, -0.866762243999982, 0.0 ], [ 100.411642017000119, -0.866723854999915, 0.0 ], [ 100.411720169, -0.866680208999945, 0.0 ], [ 100.411824617000036, -0.866595271999934, 0.0 ], [ 100.411912731000044, -0.866513008999966, 0.0 ], [ 100.411953546000049, -0.866475778999906, 0.0 ], [ 100.411984350000111, -0.866454833999949, 0.0 ], [ 100.4120336430001, -0.866427681999923, 0.0 ], [ 100.412094494000073, -0.866405175999926, 0.0 ], [ 100.412208024000051, -0.866378170999912, 0.0 ], [ 100.412270131000042, -0.866368116999968, 0.0 ], [ 100.412349864000063, -0.866336447999924, 0.0 ], [ 100.41240258600007, -0.866301172999936, 0.0 ], [ 100.412469955000049, -0.866236227999892, 0.0 ], [ 100.412518059000035, -0.866149008999958, 0.0 ], [ 100.41255076200008, -0.866063731999919, 0.0 ], [ 100.412584471000031, -0.865976949999933, 0.0 ], [ 100.412614277, -0.865893462999953, 0.0 ], [ 100.412657199000094, -0.865779344999925, 0.0 ], [ 100.412677397000081, -0.865724957999866, 0.0 ], [ 100.412687519000116, -0.865663697999949, 0.0 ], [ 100.412690033000061, -0.865602439999943, 0.0 ], [ 100.412688311000096, -0.865519064999884, 0.0 ], [ 100.412681552000066, -0.865398012999904, 0.0 ], [ 100.41268975100003, -0.865284153999898, 0.0 ], [ 100.41271220000003, -0.86521703599994, 0.0 ], [ 100.41276459, -0.865142710999919, 0.0 ], [ 100.412834502000109, -0.865068615999917, 0.0 ], [ 100.412882831000019, -0.865001473999957, 0.0 ], [ 100.412926993000028, -0.864935173999889, 0.0 ], [ 100.413007132000089, -0.864824014999929, 0.0 ], [ 100.413073354000062, -0.864742495999934, 0.0 ], [ 100.413106493000058, -0.864710275999933, 0.0 ], [ 100.413152972, -0.864674669999918, 0.0 ], [ 100.41326689, -0.86461136199992, 0.0 ], [ 100.413353923, -0.864547960999914, 0.0 ], [ 100.413424110000037, -0.864481985999873, 0.0 ], [ 100.413507162000073, -0.864394804999943, 0.0 ], [ 100.413846224000068, -0.864318784999959, 0.0 ], [ 100.414627732000071, -0.864538543999934, 0.0 ], [ 100.415663893, -0.86479409099994, 0.0 ], [ 100.416666665, -0.865258667999921, 0.0 ], [ 100.416669001000031, -0.865259748999922, 0.0 ], [ 100.416795169000082, -0.865283163999905, 0.0 ], [ 100.416902145000051, -0.86531900999994, 0.0 ], [ 100.417026968000073, -0.865404537999911, 0.0 ], [ 100.417142324000025, -0.865489233999902, 0.0 ], [ 100.417239723000094, -0.865581671999912, 0.0 ], [ 100.417326136000042, -0.865636849999948, 0.0 ], [ 100.41745209700008, -0.865694042999973, 0.0 ], [ 100.417667879000078, -0.865731396999866, 0.0 ], [ 100.417732607000104, -0.865640274999965, 0.0 ], [ 100.417794366000066, -0.865597232999956, 0.0 ], [ 100.417870368000038, -0.865525505999884, 0.0 ], [ 100.417953487, -0.865429876999876, 0.0 ], [ 100.41805323400007, -0.865322293999945, 0.0 ], [ 100.41815774200002, -0.865233825999908, 0.0 ], [ 100.418281257000018, -0.865152521999931, 0.0 ], [ 100.418423784000097, -0.865083159999877, 0.0 ], [ 100.418556616000075, -0.86502810699994, 0.0 ], [ 100.419191585000121, -0.864829787999962, 0.0 ], [ 100.419589661000018, -0.864777197999963, 0.0 ], [ 100.420006718000053, -0.86478657599994, 0.0 ], [ 100.420325098000021, -0.864869633999884, 0.0 ], [ 100.420565373, -0.864959199999923, 0.0 ], [ 100.420642187000055, -0.86498218499996, 0.0 ], [ 100.420779465000052, -0.865010075999958, 0.0 ], [ 100.420902038000065, -0.865042906999921, 0.0 ], [ 100.420998463000046, -0.865072459999968, 0.0 ], [ 100.421111232000058, -0.865108580999937, 0.0 ], [ 100.421240940000033, -0.865176074999926, 0.0 ], [ 100.42137986600008, -0.865241775999944, 0.0 ], [ 100.421391554000067, -0.865189145999942, 0.0 ], [ 100.421435778000088, -0.865094378999917, 0.0 ], [ 100.421480015000014, -0.865029289999949, 0.0 ], [ 100.421509612000065, -0.864947134999902, 0.0 ], [ 100.421534465000079, -0.864810493999876, 0.0 ], [ 100.421532257000067, -0.864620270999946, 0.0 ], [ 100.421526675000052, -0.864574364999967, 0.0 ], [ 100.421585785000062, -0.864563876999899, 0.0 ], [ 100.421695975000034, -0.864529123999954, 0.0 ], [ 100.421776108000088, -0.864489902999907, 0.0 ], [ 100.42187182, -0.864437237999901, 0.0 ], [ 100.421981191, -0.864375391999936, 0.0 ], [ 100.422061321000058, -0.864329451999954, 0.0 ], [ 100.422158387000096, -0.86428777399988, 0.0 ], [ 100.422192889000115, -0.864275442999926, 0.0 ], [ 100.422255222000032, -0.864263100999882, 0.0 ], [ 100.422349844000038, -0.86426642499989, 0.0 ], [ 100.422453691000015, -0.864283061999934, 0.0 ], [ 100.42252694900013, -0.864298561999885, 0.0 ], [ 100.422631096000046, -0.864309266999971, 0.0 ], [ 100.422712541000024, -0.864313264999947, 0.0 ], [ 100.422813073, -0.864318598999944, 0.0 ], [ 100.422929232000016, -0.864322583999918, 0.0 ], [ 100.42302669900009, -0.864321204999893, 0.0 ], [ 100.423128166000041, -0.864311765999911, 0.0 ], [ 100.423233629000066, -0.86427680799995, 0.0 ], [ 100.42332332200003, -0.86424160799988, 0.0 ], [ 100.423362034000036, -0.864220103999966, 0.0 ], [ 100.423384720000044, -0.864190549999918, 0.0 ], [ 100.42340072600004, -0.864146221999892, 0.0 ], [ 100.42340737300006, -0.864071008999886, 0.0 ], [ 100.423419639000087, -0.864004731999909, 0.0 ], [ 100.423447653000011, -0.86393891199997, 0.0 ], [ 100.423493029000042, -0.863886515999987, 0.0 ], [ 100.423543751000054, -0.86385291999996, 0.0 ], [ 100.423616200000097, -0.863813445999892, 0.0 ], [ 100.423824449, -0.863719353999922, 0.0 ], [ 100.424074423, -0.86359706799993, 0.0 ], [ 100.424188333000103, -0.863531157999894, 0.0 ], [ 100.424270810000081, -0.863457353999916, 0.0 ], [ 100.424421550000034, -0.863318712999902, 0.0 ], [ 100.424517120000033, -0.863237002999892, 0.0 ], [ 100.424611703000053, -0.863183954999943, 0.0 ], [ 100.424699431000107, -0.863140448999896, 0.0 ], [ 100.424817280000099, -0.863104835999881, 0.0 ], [ 100.424912879, -0.863100849, 0.0 ], [ 100.424995387000081, -0.863113990999928, 0.0 ], [ 100.425057468000077, -0.863138985999953, 0.0 ], [ 100.425160951000109, -0.863203495999873, 0.0 ], [ 100.425231686000103, -0.863246941999915, 0.0 ], [ 100.425339454000039, -0.863294376999932, 0.0 ], [ 100.425411491000048, -0.863315428999897, 0.0 ], [ 100.425500546000052, -0.863323298999926, 0.0 ], [ 100.425584763000089, -0.86332060999997, 0.0 ], [ 100.42571963000006, -0.863267864999958, 0.0 ], [ 100.425760204000042, -0.863200665999905, 0.0 ], [ 100.425782430000098, -0.863101855999901, 0.0 ], [ 100.425797156000073, -0.863026547999887, 0.0 ], [ 100.425835083000024, -0.862886895999967, 0.0 ], [ 100.42589265900007, -0.862764361999954, 0.0 ], [ 100.42595169100008, -0.862675659999987, 0.0 ], [ 100.426021763, -0.862630735999911, 0.0 ], [ 100.426175583000131, -0.862549111999908, 0.0 ], [ 100.426409966000065, -0.862454173999868, 0.0 ], [ 100.426530892000031, -0.86240744999991, 0.0 ], [ 100.426648734000111, -0.862354711999899, 0.0 ], [ 100.426741698000072, -0.862304617999929, 0.0 ], [ 100.426817635000049, -0.86225716599991, 0.0 ], [ 100.426855596000081, -0.862209727999893, 0.0 ], [ 100.426888311000127, -0.862142530999929, 0.0 ], [ 100.426936846000046, -0.862001037999946, 0.0 ], [ 100.426972157000037, -0.861873242999941, 0.0 ], [ 100.426983698000114, -0.861822966999956, 0.0 ], [ 100.426988772000087, -0.861747007999888, 0.0 ], [ 100.426987692000083, -0.861588494999918, 0.0 ], [ 100.426981531000109, -0.861485851999863, 0.0 ], [ 100.42695902200002, -0.861354076999884, 0.0 ], [ 100.426952839000037, -0.86122962299989, 0.0 ], [ 100.426935462000117, -0.861145461999943, 0.0 ], [ 100.426928309000061, -0.861074270999914, 0.0 ], [ 100.426928278000048, -0.860988048999975, 0.0 ], [ 100.426938838000041, -0.860924445999952, 0.0 ], [ 100.426970335000064, -0.860846512999899, 0.0 ], [ 100.427009039000069, -0.860768576999934, 0.0 ], [ 100.427090154000041, -0.860590415999937, 0.0 ], [ 100.427235368000055, -0.860434951999952, 0.0 ], [ 100.427385214000111, -0.860332836999941, 0.0 ], [ 100.427525415000076, -0.860310439999953, 0.0 ], [ 100.427609500000102, -0.86031528699991, 0.0 ], [ 100.427679026000092, -0.860307129999946, 0.0 ], [ 100.42776956400003, -0.860271310999913, 0.0 ], [ 100.427850389000056, -0.860211098999905, 0.0 ], [ 100.427971823000064, -0.86008175399995, 0.0 ], [ 100.428985310000073, -0.859612442999932, 0.0 ], [ 100.429998794000085, -0.859143128999914, 0.0 ], [ 100.430251311000021, -0.858092638999949, 0.0 ], [ 100.430503829000045, -0.857042147999895, 0.0 ], [ 100.430942783000035, -0.856577451999904, 0.0 ], [ 100.431011759000057, -0.856450815999906, 0.0 ], [ 100.431080713000085, -0.856262916999903, 0.0 ], [ 100.431124434000054, -0.856145578999875, 0.0 ], [ 100.431150984000027, -0.856008967999941, 0.0 ], [ 100.431148151000059, -0.855902869999955, 0.0 ], [ 100.431135485000084, -0.855721205999934, 0.0 ], [ 100.431130181000086, -0.855654531999924, 0.0 ], [ 100.432122906000075, -0.8550187549999, 0.0 ], [ 100.433115630000046, -0.854382974999965, 0.0 ], [ 100.433197671000087, -0.854269382999981, 0.0 ], [ 100.433237236000082, -0.854183069999944, 0.0 ], [ 100.433247107000099, -0.854110042999942, 0.0 ], [ 100.433247084000087, -0.854050298999883, 0.0 ], [ 100.433200844000083, -0.853927507999938, 0.0 ], [ 100.433184330000046, -0.853884364999921, 0.0 ], [ 100.433190920000058, -0.853854490999936, 0.0 ], [ 100.433306381000108, -0.853788061999946, 0.0 ], [ 100.433458292000068, -0.85365429399998, 0.0 ], [ 100.433525741000054, -0.853550014999879, 0.0 ], [ 100.433564510000068, -0.853413217999929, 0.0 ], [ 100.433599256, -0.853150333999938, 0.0 ], [ 100.433630558000019, -0.852996105999967, 0.0 ], [ 100.433679270000056, -0.852810325999872, 0.0 ], [ 100.433738453000075, -0.852677113999952, 0.0 ], [ 100.433783723, -0.852606998999924, 0.0 ], [ 100.433839461000076, -0.852571928999954, 0.0 ], [ 100.433926550000095, -0.852519320999864, 0.0 ], [ 100.434130427000085, -0.852348083999907, 0.0 ], [ 100.434246726000111, -0.852222933999943, 0.0 ], [ 100.434318911000048, -0.852138158999946, 0.0 ], [ 100.43441113300004, -0.852000910999958, 0.0 ], [ 100.434507366, -0.851851554999946, 0.0 ], [ 100.434651753000054, -0.851742538999897, 0.0 ], [ 100.434864344000061, -0.851633494999934, 0.0 ], [ 100.435125090000042, -0.851552684999909, 0.0 ], [ 100.435446026000051, -0.851504136999889, 0.0 ], [ 100.435815098000035, -0.851443464999932, 0.0 ], [ 100.436085753000043, -0.851405460999896, 0.0 ], [ 100.436178559000084, -0.851320481999881, 0.0 ], [ 100.436281236000056, -0.851300620999925, 0.0 ], [ 100.43643172700007, -0.851249596999878, 0.0 ], [ 100.436557486000083, -0.85116696599988, 0.0 ], [ 100.436595438000026, -0.851090498999948, 0.0 ], [ 100.436609476000029, -0.851015456999956, 0.0 ], [ 100.436602409000074, -0.850923434999981, 0.0 ], [ 100.436640358, -0.850841307999936, 0.0 ], [ 100.436736511000063, -0.850782672999969, 0.0 ], [ 100.436864474000075, -0.850675024999944, 0.0 ], [ 100.436946026000072, -0.850585798999933, 0.0 ], [ 100.437016465000042, -0.850467687999931, 0.0 ], [ 100.437061441000125, -0.850369983999929, 0.0 ], [ 100.437074072000101, -0.850292110999881, 0.0 ], [ 100.437086774000093, -0.850151430999965, 0.0 ], [ 100.43709234100001, -0.849992861, 0.0 ], [ 100.43712886500002, -0.849862596999959, 0.0 ], [ 100.437252872000059, -0.849729213999936, 0.0 ], [ 100.437339808000061, -0.849668449999971, 0.0 ], [ 100.437444492000026, -0.849611251999946, 0.0 ], [ 100.437575783000042, -0.849520106999865, 0.0 ], [ 100.437682228000057, -0.849425398999934, 0.0 ], [ 100.437844376000072, -0.849286898999932, 0.0 ], [ 100.438035956000107, -0.849063551999926, 0.0 ], [ 100.438223027000049, -0.84880907799992, 0.0 ], [ 100.43831882700006, -0.848728662999928, 0.0 ], [ 100.43839689900004, -0.848689335999961, 0.0 ], [ 100.438517569000084, -0.84866964299993, 0.0 ], [ 100.438602738000014, -0.848628527999903, 0.0 ], [ 100.43870151500002, -0.848581219999986, 0.0 ], [ 100.438787437000116, -0.848534732999958, 0.0 ], [ 100.438906703000029, -0.848404826999957, 0.0 ], [ 100.438987166000032, -0.848343231999923, 0.0 ], [ 100.439096874000043, -0.848256161999913, 0.0 ], [ 100.439180916000069, -0.848214973999969, 0.0 ], [ 100.439269501000027, -0.84817835699987, 0.0 ], [ 100.439396711000072, -0.848155444999929, 0.0 ], [ 100.439536061000055, -0.848116983999944, 0.0 ], [ 100.43969482600005, -0.848067949999972, 0.0 ], [ 100.439840918000058, -0.847967501999921, 0.0 ], [ 100.439891403000061, -0.84792682099993, 0.0 ], [ 100.439940442000037, -0.847875974999898, 0.0 ], [ 100.440046479000017, -0.847733269999903, 0.0 ], [ 100.440143100000014, -0.847596724999974, 0.0 ], [ 100.44023683900005, -0.847470344999909, 0.0 ], [ 100.440335352000019, -0.847382609999933, 0.0 ], [ 100.440507009000015, -0.847264914999876, 0.0 ], [ 100.440657035000086, -0.847179176999887, 0.0 ], [ 100.440778765000033, -0.847101513999945, 0.0 ], [ 100.440865253000084, -0.847053803999905, 0.0 ], [ 100.440918778000068, -0.846989518999916, 0.0 ], [ 100.44098122200009, -0.84691598599996, 0.0 ], [ 100.441026476, -0.846764639999961, 0.0 ], [ 100.441051111, -0.846544893999987, 0.0 ], [ 100.44107575, -0.846339657999969, 0.0 ], [ 100.441124539000043, -0.846241602999939, 0.0 ], [ 100.44118531, -0.846121764999971, 0.0 ], [ 100.441255152000011, -0.846034482999943, 0.0 ], [ 100.441344542000039, -0.845923467999906, 0.0 ], [ 100.441532499000047, -0.844842639999918, 0.0 ], [ 100.441720457000059, -0.843761810999929, 0.0 ], [ 100.441908415000057, -0.842680982999941, 0.0 ], [ 100.442096374000073, -0.841600156999952, 0.0 ], [ 100.442114111000123, -0.841384565999878, 0.0 ], [ 100.442163742000048, -0.841076271999949, 0.0 ], [ 100.442163615000041, -0.84082498199994, 0.0 ], [ 100.442155626, -0.840535510999881, 0.0 ], [ 100.442155548000088, -0.840325345999901, 0.0 ], [ 100.442183711000013, -0.840148609999932, 0.0 ], [ 100.44221695600001, -0.84002430299995, 0.0 ], [ 100.442269736000029, -0.839924401999944, 0.0 ], [ 100.442362648000071, -0.839801105999868, 0.0 ], [ 100.442457661000034, -0.839645933999908, 0.0 ], [ 100.442609741000098, -0.839338857, 0.0 ], [ 100.442696313000056, -0.839215564999915, 0.0 ], [ 100.442793775000041, -0.839110636999937, 0.0 ], [ 100.442933146000115, -0.838940571999899, 0.0 ], [ 100.443095758000069, -0.838764121999865, 0.0 ], [ 100.443235654, -0.838618961999934, 0.0 ], [ 100.443375054000086, -0.838521150999924, 0.0 ], [ 100.443620069000104, -0.83837654899995, 0.0 ], [ 100.44387134800003, -0.838229096999917, 0.0 ], [ 100.444039038000042, -0.838049725999909, 0.0 ], [ 100.444121391000024, -0.837941248999904, 0.0 ], [ 100.44416150000005, -0.837854050999972, 0.0 ], [ 100.444233492000066, -0.837653242999966, 0.0 ], [ 100.444292584000067, -0.837485234999921, 0.0 ], [ 100.444355916000063, -0.837357626999932, 0.0 ], [ 100.444461996000044, -0.837237780999874, 0.0 ], [ 100.444561257, -0.837146308999944, 0.0 ], [ 100.444660511000038, -0.837031445999944, 0.0 ], [ 100.444745426000054, -0.8369096119999, 0.0 ], [ 100.444802430000067, -0.836803271999894, 0.0 ], [ 100.444844649000089, -0.836711819999966, 0.0 ], [ 100.444916701000096, -0.836562186999931, 0.0 ], [ 100.444980040000104, -0.836453715999926, 0.0 ], [ 100.445111174000033, -0.836246886999955, 0.0 ], [ 100.44523363700003, -0.836053340999928, 0.0 ], [ 100.445280387000082, -0.835931098999939, 0.0 ], [ 100.445287773000075, -0.835815974999917, 0.0 ], [ 100.445284780000094, -0.835753184999873, 0.0 ], [ 100.445250541000107, -0.835572868999964, 0.0 ], [ 100.445229696000069, -0.835438319999934, 0.0 ], [ 100.445247466000026, -0.835288806999909, 0.0 ], [ 100.445313053000035, -0.835173336999947, 0.0 ], [ 100.445376895000081, -0.835083608999984, 0.0 ], [ 100.445479350000113, -0.834979124999954, 0.0 ], [ 100.445595683000064, -0.834883708999875, 0.0 ], [ 100.445771865000069, -0.834793288999943, 0.0 ], [ 100.445952152000061, -0.834702305999876, 0.0 ], [ 100.446118360000057, -0.834611891999945, 0.0 ], [ 100.446251313000033, -0.834506428999923, 0.0 ], [ 100.446352976000099, -0.834381821999916, 0.0 ], [ 100.446449331000082, -0.834206096999942, 0.0 ], [ 100.446505796000039, -0.834048793999894, 0.0 ], [ 100.446549109000074, -0.833895870999942, 0.0 ], [ 100.446573991, -0.833751961999937, 0.0 ], [ 100.446595585000097, -0.833580707999889, 0.0 ], [ 100.44660384800008, -0.833443501999905, 0.0 ], [ 100.446608709000031, -0.833333331999938, 0.0 ], [ 100.446567979000037, -0.83321395499992, 0.0 ], [ 100.446534098000072, -0.8329979479999, 0.0 ], [ 100.446507378, -0.83266613099989, 0.0 ], [ 100.44643718500005, -0.832452032999939, 0.0 ], [ 100.446331938000043, -0.832240464999931, 0.0 ], [ 100.446214162000075, -0.832028901999923, 0.0 ], [ 100.445976207000015, -0.831855170999937, 0.0 ], [ 100.445881001000046, -0.831716655999933, 0.0 ], [ 100.445792287000074, -0.831436249999914, 0.0 ], [ 100.445756200000019, -0.831088990999959, 0.0 ], [ 100.445878281, -0.830186499999982, 0.0 ], [ 100.446023017000073, -0.829667062999903, 0.0 ], [ 100.446702106000032, -0.828974297999871, 0.0 ], [ 100.447915614000081, -0.828308674999953, 0.0 ], [ 100.449337517000046, -0.827825216999919, 0.0 ], [ 100.450895314000064, -0.827405490999919, 0.0 ], [ 100.454592407000064, -0.826432684999897, 0.0 ], [ 100.455866758000084, -0.825542455999869, 0.0 ], [ 100.459299918000013, -0.823735505999931, 0.0 ], [ 100.461797074000046, -0.823289705999905, 0.0 ], [ 100.464112340000028, -0.823419697999913, 0.0 ], [ 100.465543690000061, -0.825067831999945, 0.0 ], [ 100.468093359000079, -0.825956639999944, 0.0 ], [ 100.470018962000069, -0.827578412999927, 0.0 ], [ 100.470851783000057, -0.828624869999913, 0.0 ], [ 100.471814731000052, -0.82982829399992, 0.0 ], [ 100.472751503000026, -0.830586845999978, 0.0 ], [ 100.474234646000085, -0.831580716999966, 0.0 ], [ 100.4749078400001, -0.831807219999966, 0.0 ] ] ] ] } },
{ "type": "Feature", "properties": { "NAMOBJ": "PAUH", "REMARK": "Wilayah Administrasi Kecamatan", "WADMKK": "KOTA PADANG", "WADMPR": "SUMATERA BARAT", "Shape_Leng": 0.65917946328, "Shape_Area": 0.01258759054 }, "geometry": { "type": "MultiPolygon", "coordinates": [ [ [ [ 100.556658898000109, -0.865907151999931, 0.0 ], [ 100.556610013000068, -0.866278896999958, 0.0 ], [ 100.556592414000121, -0.867183297999915, 0.0 ], [ 100.556561347000027, -0.868110313999967, 0.0 ], [ 100.556629036000032, -0.868856409999971, 0.0 ], [ 100.556637642000041, -0.86890982499995, 0.0 ], [ 100.556993034000044, -0.872621974999962, 0.0 ], [ 100.558102981000047, -0.876969037999928, 0.0 ], [ 100.558410529917495, -0.879977453008326, 0.0 ], [ 100.558394645000106, -0.880156060999923, 0.0 ], [ 100.558417407000036, -0.880879566999923, 0.0 ], [ 100.558530090971075, -0.881146989002865, 0.0 ], [ 100.558716966000048, -0.882974983999926, 0.0 ], [ 100.558754011090144, -0.883044949952247, 0.0 ], [ 100.559363721000082, -0.884196486999919, 0.0 ], [ 100.561411991000099, -0.8880649839999, 0.0 ], [ 100.562333213048703, -0.889778709973829, 0.0 ], [ 100.563254434888748, -0.891492435059845, 0.0 ], [ 100.564214564000082, -0.893278538999883, 0.0 ], [ 100.564388965000035, -0.893602971999904, 0.0 ], [ 100.564598515798522, -0.894584617042934, 0.0 ], [ 100.564564010000041, -0.894524214999922, 0.0 ], [ 100.564105899000054, -0.894750508999905, 0.0 ], [ 100.563221061000036, -0.895062903999907, 0.0 ], [ 100.56263720400004, -0.895379691999917, 0.0 ], [ 100.562286934000014, -0.895673767999913, 0.0 ], [ 100.561932145000057, -0.895904539999911, 0.0 ], [ 100.561617755000071, -0.896062942999961, 0.0 ], [ 100.56099338300001, -0.896176260999923, 0.0 ], [ 100.560584598000034, -0.896199045999943, 0.0 ], [ 100.559987083000067, -0.896090774999955, 0.0 ], [ 100.559272703000019, -0.895824284999932, 0.0 ], [ 100.558369562000081, -0.895349865999936, 0.0 ], [ 100.557709101000057, -0.895110484999936, 0.0 ], [ 100.557129548000063, -0.894984116999961, 0.0 ], [ 100.556208489000056, -0.894636318999961, 0.0 ], [ 100.555628892000058, -0.894405946999907, 0.0 ], [ 100.555053791, -0.894184615999979, 0.0 ], [ 100.554797713000127, -0.894139504999888, 0.0 ], [ 100.554281104000012, -0.894139724999906, 0.0 ], [ 100.553800488000036, -0.894271066999938, 0.0 ], [ 100.553315484000052, -0.894651119999942, 0.0 ], [ 100.553001144000064, -0.894931615999969, 0.0 ], [ 100.55260140700004, -0.89510814299992, 0.0 ], [ 100.55222408200008, -0.895167089999912, 0.0 ], [ 100.551455890000028, -0.895126718999947, 0.0 ], [ 100.550692127000062, -0.89494164299991, 0.0 ], [ 100.549989629000024, -0.894741925999906, 0.0 ], [ 100.549384690000068, -0.894490000999934, 0.0 ], [ 100.548984759000021, -0.894205286999913, 0.0 ], [ 100.548678918000022, -0.894111657999893, 0.0 ], [ 100.548400741000108, -0.894151270999885, 0.0 ], [ 100.547888742000012, -0.894436372999937, 0.0 ], [ 100.547138719000046, -0.894879845999949, 0.0 ], [ 100.546690779000102, -0.895098910999867, 0.0 ], [ 100.54627186400009, -0.89524649599991, 0.0 ], [ 100.545386979000057, -0.895468447999978, 0.0 ], [ 100.544564928000071, -0.895550192, 0.0 ], [ 100.543661975000063, -0.895537009999877, 0.0 ], [ 100.542718587000067, -0.895514799999905, 0.0 ], [ 100.542278247000056, -0.895284363999934, 0.0 ], [ 100.54173454, -0.894949966999889, 0.0 ], [ 100.541096541000073, -0.894719613999925, 0.0 ], [ 100.540620340000018, -0.89467459599993, 0.0 ], [ 100.540067828000034, -0.894765268999883, 0.0 ], [ 100.539238277000052, -0.894977801999971, 0.0 ], [ 100.538751752000039, -0.895159239999884, 0.0 ], [ 100.538242502000088, -0.895440638999897, 0.0 ], [ 100.53774586400003, -0.896082153999952, 0.0 ], [ 100.537409141000055, -0.896561628999923, 0.0 ], [ 100.537045398000075, -0.896878323999925, 0.0 ], [ 100.536214471000065, -0.897231390999917, 0.0 ], [ 100.535765728000058, -0.897471782999911, 0.0 ], [ 100.535428508000052, -0.897683924999967, 0.0 ], [ 100.534849160000078, -0.898064018999886, 0.0 ], [ 100.533915097000062, -0.898869332999904, 0.0 ], [ 100.533708596000025, -0.899217614999944, 0.0 ], [ 100.533614425000053, -0.899615591999922, 0.0 ], [ 100.533399152000101, -0.900474865999964, 0.0 ], [ 100.533206274000037, -0.901171337999859, 0.0 ], [ 100.533035895000054, -0.901958240999864, 0.0 ], [ 100.532753140000025, -0.902577877999885, 0.0 ], [ 100.532447925999989, -0.903206566999945, 0.0 ], [ 100.531823736000035, -0.903781127999878, 0.0 ], [ 100.531150042000078, -0.904147696999921, 0.0 ], [ 100.530467318000078, -0.904405743999956, 0.0 ], [ 100.52970804900005, -0.904836045999943, 0.0 ], [ 100.529155505000077, -0.90530486199992, 0.0 ], [ 100.528567640000105, -0.905772199999952, 0.0 ], [ 100.52822187000001, -0.90610697799994, 0.0 ], [ 100.527885214000037, -0.90674472599995, 0.0 ], [ 100.527409525000024, -0.90792969999994, 0.0 ], [ 100.526960167000055, -0.908959450999877, 0.0 ], [ 100.526619703000051, -0.909901640999941, 0.0 ], [ 100.526548271000081, -0.910959825999921, 0.0 ], [ 100.526562169000087, -0.911959188999919, 0.0 ], [ 100.526508513000081, -0.912556118999927, 0.0 ], [ 100.526423357000056, -0.91302644699994, 0.0 ], [ 100.526194428000025, -0.913456136999965, 0.0 ], [ 100.526001381000043, -0.913750152999956, 0.0 ], [ 100.525862213000082, -0.913971790999909, 0.0 ], [ 100.52575003900003, -0.914288381999903, 0.0 ], [ 100.525709756000069, -0.914641116999956, 0.0 ], [ 100.525741373000116, -0.915043564999948, 0.0 ], [ 100.525804528, -0.915663055999957, 0.0 ], [ 100.525890090000075, -0.916155920999881, 0.0 ], [ 100.525910923000112, -0.916666666999951, 0.0 ], [ 100.525914459000049, -0.916767055999909, 0.0 ], [ 100.52591467700006, -0.917280943999973, 0.0 ], [ 100.525950750000035, -0.917847431999949, 0.0 ], [ 100.525946660000045, -0.918090121999956, 0.0 ], [ 100.52586298600005, -0.91848733199987, 0.0 ], [ 100.525693471000054, -0.918885747999973, 0.0 ], [ 100.525595233000018, -0.919068684999921, 0.0 ], [ 100.525326430000064, -0.919524862999918, 0.0 ], [ 100.525075642, -0.919856819999939, 0.0 ], [ 100.524869137000067, -0.920347177999922, 0.0 ], [ 100.52469586600003, -0.92106792199996, 0.0 ], [ 100.524568578000071, -0.921472333999937, 0.0 ], [ 100.524432969000031, -0.921745056999942, 0.0 ], [ 100.52427415400004, -0.922003532999923, 0.0 ], [ 100.524166296, -0.922095451999891, 0.0 ], [ 100.523969304000047, -0.922191451999929, 0.0 ], [ 100.523770813000056, -0.922276600999957, 0.0 ], [ 100.523611447000093, -0.92236082899991, 0.0 ], [ 100.523466068000062, -0.92248117199992, 0.0 ], [ 100.523218990000046, -0.92285807799993, 0.0 ], [ 100.522954903000041, -0.923135404999872, 0.0 ], [ 100.522856062000031, -0.923308872999925, 0.0 ], [ 100.522746977000068, -0.923570385999891, 0.0 ], [ 100.522679565, -0.92395216499995, 0.0 ], [ 100.522514882000053, -0.924376087999942, 0.0 ], [ 100.522362384000047, -0.924714037999927, 0.0 ], [ 100.52229790900013, -0.924963192999936, 0.0 ], [ 100.522197790000106, -0.925413182999865, 0.0 ], [ 100.522093415000086, -0.925720232999868, 0.0 ], [ 100.522053882000094, -0.925937773999927, 0.0 ], [ 100.522063973000044, -0.926195353999923, 0.0 ], [ 100.522103909000066, -0.926452866999913, 0.0 ], [ 100.52217394200008, -0.926834157999931, 0.0 ], [ 100.522141100000027, -0.927527818999948, 0.0 ], [ 100.522074362000112, -0.928081902999963, 0.0 ], [ 100.521906828000013, -0.929140558999894, 0.0 ], [ 100.521825515000032, -0.929457279999898, 0.0 ], [ 100.521852749000061, -0.929653888999912, 0.0 ], [ 100.521983137000021, -0.929959612999895, 0.0 ], [ 100.522032051000068, -0.930205311999885, 0.0 ], [ 100.522010183000035, -0.930416356999938, 0.0 ], [ 100.521915331000088, -0.930585779999923, 0.0 ], [ 100.521738421000023, -0.930720500999879, 0.0 ], [ 100.52147949800009, -0.93094212799992, 0.0 ], [ 100.521341476000046, -0.93122014699992, 0.0 ], [ 100.521185689000035, -0.931506099999954, 0.0 ], [ 100.521048696000065, -0.931624311999876, 0.0 ], [ 100.520672081000072, -0.931816465999876, 0.0 ], [ 100.520373704000079, -0.931969166999988, 0.0 ], [ 100.520184076000106, -0.932249707999929, 0.0 ], [ 100.5197095340001, -0.932649376999958, 0.0 ], [ 100.51925175900007, -0.933047815999885, 0.0 ], [ 100.519119377000038, -0.933214063999962, 0.0 ], [ 100.518950386000085, -0.93343182399995, 0.0 ], [ 100.518835155000062, -0.933556567999968, 0.0 ], [ 100.518723591000068, -0.933622688999932, 0.0 ], [ 100.518497761000035, -0.933737214999905, 0.0 ], [ 100.518294090000055, -0.93385034999994, 0.0 ], [ 100.51810591100012, -0.934014387999923, 0.0 ], [ 100.517981509000037, -0.934172066999913, 0.0 ], [ 100.517860930000012, -0.934394750999953, 0.0 ], [ 100.517811050000049, -0.934455100999973, 0.0 ], [ 100.517724464000082, -0.934576801999917, 0.0 ], [ 100.517597638000069, -0.934666814999904, 0.0 ], [ 100.517438066000096, -0.934736837999925, 0.0 ], [ 100.51736693400008, -0.9348213479999, 0.0 ], [ 100.517285622000017, -0.934906499999929, 0.0 ], [ 100.517202688000083, -0.934932763999882, 0.0 ], [ 100.517018831000058, -0.934932843999889, 0.0 ], [ 100.516952579000076, -0.934993038999895, 0.0 ], [ 100.51690300500006, -0.935065887999883, 0.0 ], [ 100.516878217000055, -0.935219853999921, 0.0 ], [ 100.516853530000049, -0.935377968999948, 0.0 ], [ 100.516782409000115, -0.935486947999905, 0.0 ], [ 100.516580629000032, -0.935821066999928, 0.0 ], [ 100.516570134000048, -0.936018859999951, 0.0 ], [ 100.516599433000081, -0.936144448999862, 0.0 ], [ 100.516695190000092, -0.936457050999881, 0.0 ], [ 100.516716443000078, -0.936674513999932, 0.0 ], [ 100.516644624, -0.936780834999936, 0.0 ], [ 100.516446125000101, -0.936855345999973, 0.0 ], [ 100.516236842000097, -0.936915975999927, 0.0 ], [ 100.516157908000054, -0.936963355999939, 0.0 ], [ 100.516115921000036, -0.937041150999892, 0.0 ], [ 100.516110879000067, -0.937156113999901, 0.0 ], [ 100.516082384000114, -0.937277841999936, 0.0 ], [ 100.516036005, -0.937360160999908, 0.0 ], [ 100.515984629000016, -0.937423168999882, 0.0 ], [ 100.515886535000064, -0.93747837699992, 0.0 ], [ 100.515745023000079, -0.937536744999864, 0.0 ], [ 100.515614585000037, -0.937582126999889, 0.0 ], [ 100.515503193000058, -0.937579779999961, 0.0 ], [ 100.515426116000071, -0.937533744999882, 0.0 ], [ 100.515365591000048, -0.937447217999917, 0.0 ], [ 100.515325995000055, -0.937364544999916, 0.0 ], [ 100.515286473000074, -0.937294786999917, 0.0 ], [ 100.515226461000083, -0.937237358999873, 0.0 ], [ 100.515086680000053, -0.937143898999956, 0.0 ], [ 100.51499424000005, -0.937115210999892, 0.0 ], [ 100.514906005000029, -0.937116632999921, 0.0 ], [ 100.514770977000055, -0.937167229999933, 0.0 ], [ 100.514449217000077, -0.937263445999989, 0.0 ], [ 100.514346003000057, -0.937247956999951, 0.0 ], [ 100.514221228000039, -0.937230987999968, 0.0 ], [ 100.514159943000024, -0.937232717999933, 0.0 ], [ 100.513993693000046, -0.937326417999959, 0.0 ], [ 100.513889410000033, -0.937380353999981, 0.0 ], [ 100.513745585000024, -0.937397438999884, 0.0 ], [ 100.513328444000066, -0.937360700999864, 0.0 ], [ 100.513205589000023, -0.937397673999904, 0.0 ], [ 100.513144924000073, -0.937449142999988, 0.0 ], [ 100.513100274000109, -0.937600244999878, 0.0 ], [ 100.513017252000068, -0.937658159999962, 0.0 ], [ 100.512929925000037, -0.937683200999903, 0.0 ], [ 100.512757743000094, -0.937676200999945, 0.0 ], [ 100.512573241000013, -0.937570895999936, 0.0 ], [ 100.512294681000057, -0.937389664999952, 0.0 ], [ 100.511914700000062, -0.937187037999884, 0.0 ], [ 100.511859397000109, -0.937176264999881, 0.0 ], [ 100.511807701000095, -0.937187084999888, 0.0 ], [ 100.511756010000084, -0.937221207999869, 0.0 ], [ 100.511711412000025, -0.937267881999912, 0.0 ], [ 100.511659743000024, -0.937346850999962, 0.0 ], [ 100.511597268000088, -0.937370231999942, 0.0 ], [ 100.511531298000051, -0.937384568999974, 0.0 ], [ 100.511473999000017, -0.937372145999923, 0.0 ], [ 100.511318353000021, -0.937286777999876, 0.0 ], [ 100.511229421000024, -0.937294955999931, 0.0 ], [ 100.51115467200006, -0.937325524999885, 0.0 ], [ 100.511083922000068, -0.937366198999875, 0.0 ], [ 100.511041422000019, -0.937413030999931, 0.0 ], [ 100.511017189000057, -0.937465920999955, 0.0 ], [ 100.51100239200008, -0.937528226999959, 0.0 ], [ 100.510939190000087, -0.937598256999891, 0.0 ], [ 100.510886190000051, -0.937598279999982, 0.0 ], [ 100.510825926000038, -0.937606334999938, 0.0 ], [ 100.510752755000027, -0.937637172999914, 0.0 ], [ 100.510706065000065, -0.937692200999937, 0.0 ], [ 100.510656314000045, -0.937823302999949, 0.0 ], [ 100.5106194090001, -0.937884761999971, 0.0 ], [ 100.510532598000012, -0.937949540999913, 0.0 ], [ 100.51043838800004, -0.937985012999917, 0.0 ], [ 100.510248895000075, -0.938113141999949, 0.0 ], [ 100.510075008000086, -0.938319626999892, 0.0 ], [ 100.509971131000015, -0.938392871999913, 0.0 ], [ 100.509817948000034, -0.938466087999931, 0.0 ], [ 100.509569536000086, -0.938527743999881, 0.0 ], [ 100.509141542000023, -0.938705317999919, 0.0 ], [ 100.509048753000073, -0.938775896999985, 0.0 ], [ 100.508955220000061, -0.938860179999942, 0.0 ], [ 100.508831869000076, -0.938904654999892, 0.0 ], [ 100.508520521000065, -0.939075768999928, 0.0 ], [ 100.508205971000066, -0.939228476999951, 0.0 ], [ 100.508112174000033, -0.939220399999904, 0.0 ], [ 100.50802949100003, -0.939208444999981, 0.0 ], [ 100.507703556000067, -0.939120595999906, 0.0 ], [ 100.507629674000086, -0.939073920999864, 0.0 ], [ 100.507534729000042, -0.939022997999913, 0.0 ], [ 100.507481919000028, -0.939001796999936, 0.0 ], [ 100.507420730000021, -0.938997566999941, 0.0 ], [ 100.507365832000104, -0.938999717999941, 0.0 ], [ 100.507304642000094, -0.93899123199995, 0.0 ], [ 100.507188030000037, -0.938923775999964, 0.0 ], [ 100.507099486000087, -0.938902162999952, 0.0 ], [ 100.506996679000025, -0.938909442999933, 0.0 ], [ 100.506912948000021, -0.938938365999928, 0.0 ], [ 100.506836400000083, -0.938962442999966, 0.0 ], [ 100.506759856000059, -0.938993756999892, 0.0 ], [ 100.506628307000099, -0.939008283999939, 0.0 ], [ 100.506511208000092, -0.938972692999926, 0.0 ], [ 100.506411806000031, -0.938939790999957, 0.0 ], [ 100.506308956000055, -0.938913985999864, 0.0 ], [ 100.506216336000108, -0.938928771999933, 0.0 ], [ 100.506142095000101, -0.93897476799992, 0.0 ], [ 100.505950561000063, -0.9389992159999, 0.0 ], [ 100.505924907000065, -0.938996406999934, 0.0 ], [ 100.505902642000095, -0.938983967999881, 0.0 ], [ 100.505866978000071, -0.938912272999989, 0.0 ], [ 100.505823009000082, -0.938793711999949, 0.0 ], [ 100.505754502000087, -0.938713785999909, 0.0 ], [ 100.505642079000026, -0.938639356999879, 0.0 ], [ 100.505440738000061, -0.938605609999929, 0.0 ], [ 100.505279450000046, -0.938632011999982, 0.0 ], [ 100.505157400000073, -0.938691275999911, 0.0 ], [ 100.505037589000011, -0.938847090999925, 0.0 ], [ 100.504914266000029, -0.938956361999907, 0.0 ], [ 100.504714059000065, -0.93900863499988, 0.0 ], [ 100.50455846400007, -0.939041047999986, 0.0 ], [ 100.504425010000048, -0.939041105999902, 0.0 ], [ 100.50425940300002, -0.939006331999956, 0.0 ], [ 100.5040456710001, -0.938938914999884, 0.0 ], [ 100.503863586000051, -0.938886221999965, 0.0 ], [ 100.503744997000098, -0.938866854999961, 0.0 ], [ 100.503597374000051, -0.938873889999922, 0.0 ], [ 100.503505436000083, -0.938852542999932, 0.0 ], [ 100.5033414910001, -0.938738981999951, 0.0 ], [ 100.503212101000059, -0.938666263999885, 0.0 ], [ 100.503058769000063, -0.938587752999961, 0.0 ], [ 100.502906302000071, -0.938509938999918, 0.0 ], [ 100.502872642000028, -0.938458244999904, 0.0 ], [ 100.50283, -0.938411928999891, 0.0 ], [ 100.502769806000046, -0.938397697999957, 0.0 ], [ 100.502519874000072, -0.938412078999903, 0.0 ], [ 100.50213179100011, -0.938400738999942, 0.0 ], [ 100.501987323000051, -0.938313610999927, 0.0 ], [ 100.501858914000096, -0.938207109999908, 0.0 ], [ 100.50177222500011, -0.938090907999886, 0.0 ], [ 100.501701680000053, -0.937912671999882, 0.0 ], [ 100.501625074000017, -0.937794549999968, 0.0 ], [ 100.501525522000037, -0.937712456999925, 0.0 ], [ 100.501378877000079, -0.93764537299997, 0.0 ], [ 100.501236589000115, -0.937614768999925, 0.0 ], [ 100.50099956400004, -0.937597850999946, 0.0 ], [ 100.500837339000029, -0.937620773999889, 0.0 ], [ 100.500725248, -0.937576612999965, 0.0 ], [ 100.500670318000061, -0.937503116999924, 0.0 ], [ 100.500601320000044, -0.937437766999935, 0.0 ], [ 100.500513966000099, -0.9374051389999, 0.0 ], [ 100.500444994000077, -0.937405168999902, 0.0 ], [ 100.500406477000084, -0.93743173199988, 0.0 ], [ 100.500266466000042, -0.937736139999931, 0.0 ], [ 100.50027061400003, -0.937866900999914, 0.0 ], [ 100.500300100000075, -0.937957962999988, 0.0 ], [ 100.500275866000024, -0.938008352999894, 0.0 ], [ 100.500187049000047, -0.938050629999928, 0.0 ], [ 100.500111215000075, -0.938110828999935, 0.0 ], [ 100.500070453, -0.938181153999892, 0.0 ], [ 100.500043390000059, -0.938227843999936, 0.0 ], [ 100.499999988000027, -0.938429758999945, 0.0 ], [ 100.499950502000019, -0.938541237999932, 0.0 ], [ 100.499881354000067, -0.938658835999892, 0.0 ], [ 100.499695618000061, -0.938765717999942, 0.0 ], [ 100.499552218000105, -0.938829944999927, 0.0 ], [ 100.49916570100001, -0.939166347999961, 0.0 ], [ 100.499088543000113, -0.939184112999921, 0.0 ], [ 100.499035285000048, -0.939190255999897, 0.0 ], [ 100.498880935000074, -0.939142620999952, 0.0 ], [ 100.498703114000108, -0.939124755999895, 0.0 ], [ 100.498530750000057, -0.939124829999901, 0.0 ], [ 100.49825944300008, -0.93918636899993, 0.0 ], [ 100.497985575000058, -0.939148283999888, 0.0 ], [ 100.497763315000057, -0.939167587999975, 0.0 ], [ 100.497709217000107, -0.939167610999977, 0.0 ], [ 100.497671065000063, -0.939198440999952, 0.0 ], [ 100.497420375000019, -0.939420175999913, 0.0 ], [ 100.497327303000048, -0.939486703999911, 0.0 ], [ 100.49730343100002, -0.939562277999858, 0.0 ], [ 100.497315741000065, -0.93991011699995, 0.0 ], [ 100.497284768000071, -0.940051337999911, 0.0 ], [ 100.497127955000067, -0.940133723999978, 0.0 ], [ 100.497001305000069, -0.940133778999893, 0.0 ], [ 100.496827255000056, -0.940109791999863, 0.0 ], [ 100.496694309000077, -0.9400995069999, 0.0 ], [ 100.496574807000044, -0.940147681999978, 0.0 ], [ 100.496319056000019, -0.940302295999981, 0.0 ], [ 100.496126205000053, -0.940448441999905, 0.0 ], [ 100.495901464000013, -0.940549852999947, 0.0 ], [ 100.49571149400002, -0.940565553999914, 0.0 ], [ 100.49475354500008, -0.940335898999919, 0.0 ], [ 100.494671772000061, -0.940351130999936, 0.0 ], [ 100.494574924000034, -0.940413861999975, 0.0 ], [ 100.494511205, -0.940473622999946, 0.0 ], [ 100.494436588000056, -0.940550060999964, 0.0 ], [ 100.494398452, -0.94061107899995, 0.0 ], [ 100.494387992000028, -0.940670605999902, 0.0 ], [ 100.494401448000076, -0.940757137999956, 0.0 ], [ 100.494356765000106, -0.941201251999932, 0.0 ], [ 100.494334568000042, -0.941271337999957, 0.0 ], [ 100.494284264000058, -0.941319272999927, 0.0 ], [ 100.494169783000089, -0.941341695999917, 0.0 ], [ 100.494015869000052, -0.941330364999956, 0.0 ], [ 100.493894646000058, -0.941276382999931, 0.0 ], [ 100.493818282000049, -0.941189031999897, 0.0 ], [ 100.493701245000054, -0.94111583999997, 0.0 ], [ 100.49364085400002, -0.941109534999892, 0.0 ], [ 100.493568304000064, -0.941114421999941, 0.0 ], [ 100.49347183900008, -0.941096941999916, 0.0 ], [ 100.493407648000087, -0.941034281999972, 0.0 ], [ 100.49334470200003, -0.940937849999898, 0.0 ], [ 100.493300638000036, -0.940866947999893, 0.0 ], [ 100.493262438000073, -0.940785280999886, 0.0 ], [ 100.493149183000114, -0.94072665099992, 0.0 ], [ 100.492988551000053, -0.940700968999927, 0.0 ], [ 100.492152338000054, -0.940749031999907, 0.0 ], [ 100.492104961000038, -0.940778601999956, 0.0 ], [ 100.492064731000085, -0.940848274999947, 0.0 ], [ 100.492024530000052, -0.940987808999946, 0.0 ], [ 100.492006565000068, -0.941145908999882, 0.0 ], [ 100.491947497000069, -0.941297272999972, 0.0 ], [ 100.491889645000086, -0.94134626699994, 0.0 ], [ 100.491820035, -0.941362548999955, 0.0 ], [ 100.491606993000048, -0.941362641999962, 0.0 ], [ 100.491523968000109, -0.941390538999872, 0.0 ], [ 100.491440530000048, -0.941432577999887, 0.0 ], [ 100.491115231000038, -0.941756291999937, 0.0 ], [ 100.49103053500005, -0.941793477, 0.0 ], [ 100.490943722000068, -0.941793513999908, 0.0 ], [ 100.490821661, -0.941739742999989, 0.0 ], [ 100.490713001000074, -0.941635941999927, 0.0 ], [ 100.490639175000084, -0.941600724999944, 0.0 ], [ 100.490574591000069, -0.941600753999946, 0.0 ], [ 100.490513376000067, -0.941632229999886, 0.0 ], [ 100.490439176000066, -0.941701069999898, 0.0 ], [ 100.490306670000024, -0.941741020999917, 0.0 ], [ 100.490213985000082, -0.941738316999871, 0.0 ], [ 100.489927924000128, -0.941623826999901, 0.0 ], [ 100.489391002000019, -0.94133910999988, 0.0 ], [ 100.489271438000074, -0.941239114999956, 0.0 ], [ 100.48917197900002, -0.94108422999993, 0.0 ], [ 100.489067952000113, -0.941029183999905, 0.0 ], [ 100.48896351000009, -0.940989336999895, 0.0 ], [ 100.488843980000055, -0.940969334999927, 0.0 ], [ 100.488610369000085, -0.940929544999921, 0.0 ], [ 100.488515985, -0.940869638999938, 0.0 ], [ 100.488426575000076, -0.94067464799997, 0.0 ], [ 100.488362729000031, -0.940436162999955, 0.0 ], [ 100.488285088000083, -0.9403013219999, 0.0 ], [ 100.488165251000027, -0.940212485999922, 0.0 ], [ 100.487907127000085, -0.940059806999901, 0.0 ], [ 100.487720037000059, -0.939942740999896, 0.0 ], [ 100.487587055000063, -0.939848026999876, 0.0 ], [ 100.487463735000077, -0.939791510999907, 0.0 ], [ 100.487314007000037, -0.939766669999894, 0.0 ], [ 100.487204966000064, -0.939763339999974, 0.0 ], [ 100.487125701000082, -0.939754507999954, 0.0 ], [ 100.487092141000062, -0.939729826999955, 0.0 ], [ 100.486866327000115, -0.939281606999906, 0.0 ], [ 100.486762685000073, -0.939149517999901, 0.0 ], [ 100.48671566100009, -0.939021207999943, 0.0 ], [ 100.486609914000041, -0.938870335999983, 0.0 ], [ 100.48614386600012, -0.938580944999931, 0.0 ], [ 100.485932029000082, -0.938457556999936, 0.0 ], [ 100.485724771000079, -0.938257336999889, 0.0 ], [ 100.485631219000069, -0.938180757999948, 0.0 ], [ 100.484899816000038, -0.938155531999904, 0.0 ], [ 100.48483902100007, -0.938186162999951, 0.0 ], [ 100.484748047, -0.938260709999902, 0.0 ], [ 100.484623554000095, -0.938410203999926, 0.0 ], [ 100.484525889000096, -0.938525489999961, 0.0 ], [ 100.484461732000028, -0.938545779999952, 0.0 ], [ 100.484370725000048, -0.93853906599993, 0.0 ], [ 100.484218894, -0.938500714999954, 0.0 ], [ 100.483640973000064, -0.938604721999944, 0.0 ], [ 100.483504361000129, -0.938698161999948, 0.0 ], [ 100.483434349000021, -0.938754969999941, 0.0 ], [ 100.483391571000112, -0.938752245999982, 0.0 ], [ 100.483027848000049, -0.938454365999938, 0.0 ], [ 100.482948151000116, -0.938419783999919, 0.0 ], [ 100.482849181000091, -0.938425735999878, 0.0 ], [ 100.482828221000048, -0.938445373999905, 0.0 ], [ 100.482802666000069, -0.938514827999878, 0.0 ], [ 100.482796820000019, -0.938575197999899, 0.0 ], [ 100.482798522000081, -0.938631131999909, 0.0 ], [ 100.482792256, -0.938688333999934, 0.0 ], [ 100.482646762000044, -0.938757839999912, 0.0 ], [ 100.482501250000084, -0.938784496999986, 0.0 ], [ 100.48219722000006, -0.938832962999911, 0.0 ], [ 100.481997236000041, -0.938969822999955, 0.0 ], [ 100.481742325000084, -0.939138367999867, 0.0 ], [ 100.480659155000083, -0.939324573999908, 0.0 ], [ 100.480366044000078, -0.939408072999889, 0.0 ], [ 100.480194131000061, -0.939484975999946, 0.0 ], [ 100.480066687, -0.93959415699992, 0.0 ], [ 100.479852468000033, -0.939791811999932, 0.0 ], [ 100.479420576000095, -0.939951777999934, 0.0 ], [ 100.479331657000017, -0.939926275999955, 0.0 ], [ 100.47926161, -0.939900767999976, 0.0 ], [ 100.479160070000034, -0.939776064999872, 0.0 ], [ 100.47905811000004, -0.939654741999959, 0.0 ], [ 100.478889077000076, -0.939599302999902, 0.0 ], [ 100.478124531000063, -0.939548759999983, 0.0 ], [ 100.477940454000105, -0.939621446999958, 0.0 ], [ 100.477825160000066, -0.939704868999932, 0.0 ], [ 100.477796256, -0.939781079999932, 0.0 ], [ 100.477789191000028, -0.939933476999929, 0.0 ], [ 100.477814387000066, -0.940014939999919, 0.0 ], [ 100.477886548000086, -0.940082030999964, 0.0 ], [ 100.477922230000019, -0.940161802, 0.0 ], [ 100.477976391000055, -0.940311428999937, 0.0 ], [ 100.477930416000078, -0.940682937999945, 0.0 ], [ 100.477912416, -0.940762731999886, 0.0 ], [ 100.477881402000023, -0.94080917999991, 0.0 ], [ 100.477848716000068, -0.940867450999935, 0.0 ], [ 100.477809731000036, -0.940908415999949, 0.0 ], [ 100.477762766000055, -0.940924900999892, 0.0 ], [ 100.477715800000084, -0.94093526299995, 0.0 ], [ 100.477631926000072, -0.94093930999993, 0.0 ], [ 100.477456208, -0.940937694999885, 0.0 ], [ 100.476519654000057, -0.94074179599993, 0.0 ], [ 100.476347228000094, -0.940598127999944, 0.0 ], [ 100.476147119000046, -0.940439062999928, 0.0 ], [ 100.475993999000082, -0.940325148999918, 0.0 ], [ 100.475838814000028, -0.940290809999919, 0.0 ], [ 100.475691199000082, -0.940306704999902, 0.0 ], [ 100.475562029000045, -0.940306759999906, 0.0 ], [ 100.475387997000041, -0.9403281509999, 0.0 ], [ 100.475290719000071, -0.9403678749999, 0.0 ], [ 100.475229930000097, -0.940418348, 0.0 ], [ 100.475188043000102, -0.940537621999912, 0.0 ], [ 100.475132342000023, -0.940720856999974, 0.0 ], [ 100.474876250000065, -0.941071557999948, 0.0 ], [ 100.474519092, -0.941436235999923, 0.0 ], [ 100.474262070000051, -0.941572486999917, 0.0 ], [ 100.473783202000035, -0.941722131999953, 0.0 ], [ 100.473079684000098, -0.942198401999924, 0.0 ], [ 100.47282181000007, -0.942303626999927, 0.0 ], [ 100.472613388000056, -0.942323765999905, 0.0 ], [ 100.471937736000115, -0.942247645999913, 0.0 ], [ 100.471793472000073, -0.942252561999965, 0.0 ], [ 100.471610630000043, -0.942270579999946, 0.0 ], [ 100.471373703000069, -0.942324083999932, 0.0 ], [ 100.471147210000069, -0.942256423999929, 0.0 ], [ 100.470952573000048, -0.942146326999879, 0.0 ], [ 100.470460873000036, -0.941699270999926, 0.0 ], [ 100.470321213000034, -0.941688562999929, 0.0 ], [ 100.469825524000044, -0.941725291999948, 0.0 ], [ 100.469676230000047, -0.941739496999968, 0.0 ], [ 100.46960076000002, -0.941781531999894, 0.0 ], [ 100.469317750000044, -0.941951776999947, 0.0 ], [ 100.469027126000071, -0.941966886999953, 0.0 ], [ 100.468977227000025, -0.941982105999969, 0.0 ], [ 100.468895943000049, -0.942166406999942, 0.0 ], [ 100.468886765, -0.942279968999923, 0.0 ], [ 100.468788711000059, -0.942469134999943, 0.0 ], [ 100.468665031000043, -0.942559948999907, 0.0 ], [ 100.468289270000042, -0.942569394999978, 0.0 ], [ 100.467996980000095, -0.942608990999879, 0.0 ], [ 100.467796123000085, -0.942671553999904, 0.0 ], [ 100.467720233000122, -0.942715700999916, 0.0 ], [ 100.467616676000077, -0.942785187999892, 0.0 ], [ 100.467168060000077, -0.943078136999883, 0.0 ], [ 100.46675337800005, -0.943277144999918, 0.0 ], [ 100.46663808400011, -0.94336352399996, 0.0 ], [ 100.466368429000084, -0.943379256999929, 0.0 ], [ 100.466226665000079, -0.943348078999925, 0.0 ], [ 100.466114272000112, -0.943348125999929, 0.0 ], [ 100.465996878000084, -0.943425640999948, 0.0 ], [ 100.46541032600004, -0.94381067799992, 0.0 ], [ 100.464925124000047, -0.943861541999954, 0.0 ], [ 100.464727146000087, -0.94379007, 0.0 ], [ 100.464224173000048, -0.943463330999958, 0.0 ], [ 100.463954921000052, -0.943442970999961, 0.0 ], [ 100.463680672000109, -0.943504297999883, 0.0 ], [ 100.463502935000051, -0.943698562999881, 0.0 ], [ 100.463406601000074, -0.943994950999979, 0.0 ], [ 100.463200458000074, -0.944454547999904, 0.0 ], [ 100.462811063000089, -0.9449558039999, 0.0 ], [ 100.462582604000019, -0.945204757999893, 0.0 ], [ 100.462131924000033, -0.945576019999969, 0.0 ], [ 100.461800743000083, -0.945884116999881, 0.0 ], [ 100.461438145, -0.946284257999949, 0.0 ], [ 100.461255346000073, -0.946407813999958, 0.0 ], [ 100.460950920000101, -0.946517702999902, 0.0 ], [ 100.460709353000098, -0.946511261999902, 0.0 ], [ 100.46056464800003, -0.946464675999955, 0.0 ], [ 100.460040047000064, -0.946573601999908, 0.0 ], [ 100.459855565000069, -0.946682384999939, 0.0 ], [ 100.459655150000103, -0.946801725999865, 0.0 ], [ 100.45954028700001, -0.946917020999901, 0.0 ], [ 100.459366346000095, -0.947164051999913, 0.0 ], [ 100.459207945000045, -0.947462157999887, 0.0 ], [ 100.459182821000098, -0.947551241999975, 0.0 ], [ 100.459154204000043, -0.948317034999921, 0.0 ], [ 100.459138709000086, -0.948371075999951, 0.0 ], [ 100.459003290000069, -0.948468227999907, 0.0 ], [ 100.458864499000043, -0.948534141999943, 0.0 ], [ 100.458333339000063, -0.948598734999958, 0.0 ], [ 100.458185107000062, -0.94863704299993, 0.0 ], [ 100.458056683000095, -0.9487268389999, 0.0 ], [ 100.457962151000089, -0.948805852999953, 0.0 ], [ 100.4578195120001, -0.949042832999933, 0.0 ], [ 100.457723200000032, -0.949129027999959, 0.0 ], [ 100.457603700000092, -0.949231384, 0.0 ], [ 100.457378265, -0.94895573199992, 0.0 ], [ 100.457128225000091, -0.948642567999944, 0.0 ], [ 100.456950971000083, -0.948427364999901, 0.0 ], [ 100.456904103000028, -0.948331771999896, 0.0 ], [ 100.456883408000095, -0.948245864999894, 0.0 ], [ 100.456841189000059, -0.948088708999947, 0.0 ], [ 100.456764799000041, -0.947846628999901, 0.0 ], [ 100.456648461000015, -0.947565876999942, 0.0 ], [ 100.456610128000037, -0.947499519999958, 0.0 ], [ 100.45652766300006, -0.947344555999926, 0.0 ], [ 100.45650150100002, -0.947353691999972, 0.0 ], [ 100.456343727000018, -0.947421079999952, 0.0 ], [ 100.456160869000087, -0.947454524999966, 0.0 ], [ 100.456157767, -0.947347409999896, 0.0 ], [ 100.456126139000048, -0.947210965999886, 0.0 ], [ 100.456088454000039, -0.947143511, 0.0 ], [ 100.456055935, -0.947092661999868, 0.0 ], [ 100.455946218000079, -0.947117884999912, 0.0 ], [ 100.45592864300005, -0.947068910999946, 0.0 ], [ 100.455809234000029, -0.947076969999902, 0.0 ], [ 100.455801151000074, -0.947012062999949, 0.0 ], [ 100.455765563000057, -0.947014434999968, 0.0 ], [ 100.455760398000081, -0.946983340999971, 0.0 ], [ 100.455581764000044, -0.94698821199993, 0.0 ], [ 100.455582691000117, -0.946937604999917, 0.0 ], [ 100.455548526000044, -0.946935708999938, 0.0 ], [ 100.45551814, -0.946892752999936, 0.0 ], [ 100.455371992, -0.946892814999941, 0.0 ], [ 100.455364183000071, -0.946763487999899, 0.0 ], [ 100.455249385000073, -0.946764629999905, 0.0 ], [ 100.455245893000054, -0.946731124999886, 0.0 ], [ 100.455240566000057, -0.946577336999951, 0.0 ], [ 100.454892943000061, -0.94656741899993, 0.0 ], [ 100.454887709000076, -0.946454965999951, 0.0 ], [ 100.455175461000081, -0.945482025999919, 0.0 ], [ 100.45517652400008, -0.944971690999971, 0.0 ], [ 100.45512538600012, -0.944797390999938, 0.0 ], [ 100.455048720000079, -0.944639681999945, 0.0 ], [ 100.454725719000081, -0.943973420999885, 0.0 ], [ 100.454255809000102, -0.943141834999913, 0.0 ], [ 100.453986266000101, -0.942886903999959, 0.0 ], [ 100.453556162000041, -0.942465060999961, 0.0 ], [ 100.45334909500005, -0.942306360999975, 0.0 ], [ 100.453298870000069, -0.94196707299988, 0.0 ], [ 100.452827244000034, -0.941430144999952, 0.0 ], [ 100.452754740000074, -0.940985974999883, 0.0 ], [ 100.452697919000087, -0.940742577, 0.0 ], [ 100.45265146900006, -0.940440296999942, 0.0 ], [ 100.452612338000023, -0.940270360999914, 0.0 ], [ 100.452599963000054, -0.940225383999923, 0.0 ], [ 100.452278557000028, -0.94020375499991, 0.0 ], [ 100.451830490000077, -0.940138720999858, 0.0 ], [ 100.4515043910001, -0.940074341999949, 0.0 ], [ 100.451327372, -0.940055529999903, 0.0 ], [ 100.450875711000037, -0.940031691999884, 0.0 ], [ 100.450645406000078, -0.939993259999902, 0.0 ], [ 100.450523746000044, -0.939959263999931, 0.0 ], [ 100.450485815000022, -0.939911598999984, 0.0 ], [ 100.450464236000101, -0.939701280999902, 0.0 ], [ 100.450416561000054, -0.93963673099989, 0.0 ], [ 100.45037475500007, -0.939652398999943, 0.0 ], [ 100.450135405000069, -0.939747091999962, 0.0 ], [ 100.449844041000034, -0.939715884999956, 0.0 ], [ 100.449428061000077, -0.939507948999893, 0.0 ], [ 100.449328672000021, -0.939325851999925, 0.0 ], [ 100.449227731000107, -0.939074004999959, 0.0 ], [ 100.448988781000054, -0.939080364999953, 0.0 ], [ 100.448911234000036, -0.939119667999918, 0.0 ], [ 100.448761314000066, -0.939237860999928, 0.0 ], [ 100.448591613000048, -0.939231974999885, 0.0 ], [ 100.4485042190001, -0.93917909599995, 0.0 ], [ 100.44851175300002, -0.939072368999913, 0.0 ], [ 100.448512796000017, -0.938953859999966, 0.0 ], [ 100.448577985999989, -0.938944560999907, 0.0 ], [ 100.448735228000032, -0.938808887999873, 0.0 ], [ 100.448760136000047, -0.938700004999923, 0.0 ], [ 100.448781898000078, -0.938435953999925, 0.0 ], [ 100.44872953300009, -0.938273406999887, 0.0 ], [ 100.448676422000048, -0.938102733999887, 0.0 ], [ 100.448655782000031, -0.93790502399996, 0.0 ], [ 100.448634971000089, -0.937717106999955, 0.0 ], [ 100.448718285000055, -0.937631728999907, 0.0 ], [ 100.448885119000096, -0.937447507999941, 0.0 ], [ 100.449045098000099, -0.937285165999921, 0.0 ], [ 100.449231732000086, -0.937105830999915, 0.0 ], [ 100.449350502000044, -0.936960659999894, 0.0 ], [ 100.449601114000089, -0.936750132999972, 0.0 ], [ 100.449839981000054, -0.936582425999951, 0.0 ], [ 100.449915465000075, -0.936512241999917, 0.0 ], [ 100.450076587000083, -0.936323722999862, 0.0 ], [ 100.450298245000042, -0.936057964999989, 0.0 ], [ 100.450412144000055, -0.935960985999959, 0.0 ], [ 100.450703718000014, -0.935799011999968, 0.0 ], [ 100.450935296000083, -0.935696786999859, 0.0 ], [ 100.45117826000002, -0.935571030999935, 0.0 ], [ 100.451329612000023, -0.935464046999876, 0.0 ], [ 100.451426637000054, -0.935365604999902, 0.0 ], [ 100.451628209000035, -0.935158313999981, 0.0 ], [ 100.451711398000086, -0.935055231999979, 0.0 ], [ 100.451794474000025, -0.934895570999913, 0.0 ], [ 100.451923227000023, -0.934647022999954, 0.0 ], [ 100.452051345000058, -0.934376634999964, 0.0 ], [ 100.452253056000046, -0.93403354799991, 0.0 ], [ 100.452425303, -0.933828609999917, 0.0 ], [ 100.452638326000042, -0.933628398999872, 0.0 ], [ 100.452878264000077, -0.933396010999918, 0.0 ], [ 100.452536502000044, -0.933183543999924, 0.0 ], [ 100.452130209000089, -0.932919737999946, 0.0 ], [ 100.451419013000049, -0.932490458999954, 0.0 ], [ 100.45076835200004, -0.93224995299995, 0.0 ], [ 100.45003184200003, -0.932104264999975, 0.0 ], [ 100.449396421000031, -0.931947044999934, 0.0 ], [ 100.44908939900003, -0.931824231999897, 0.0 ], [ 100.448885106, -0.931729548999968, 0.0 ], [ 100.448855015000092, -0.931760329999939, 0.0 ], [ 100.448840224000023, -0.931809371999911, 0.0 ], [ 100.448801740000121, -0.931857820999923, 0.0 ], [ 100.448636993000079, -0.931989899999927, 0.0 ], [ 100.448523782000038, -0.932107205999952, 0.0 ], [ 100.448504558000039, -0.932138572999971, 0.0 ], [ 100.448494127000075, -0.932180619999897, 0.0 ], [ 100.448501861000082, -0.932273971999894, 0.0 ], [ 100.448500763000084, -0.932370042999938, 0.0 ], [ 100.448494557000018, -0.932438425999912, 0.0 ], [ 100.448487744000076, -0.932550094999915, 0.0 ], [ 100.44845848600005, -0.93259083499991, 0.0 ], [ 100.448360156, -0.932681019999912, 0.0 ], [ 100.448281985, -0.932794830999914, 0.0 ], [ 100.448255481000047, -0.932871374999941, 0.0 ], [ 100.448224060000101, -0.932926878999915, 0.0 ], [ 100.448108734000073, -0.932980191999885, 0.0 ], [ 100.447918997, -0.933001341999947, 0.0 ], [ 100.447831001000097, -0.933044587999973, 0.0 ], [ 100.447699309000114, -0.933163113999921, 0.0 ], [ 100.44761607900007, -0.933253318999924, 0.0 ], [ 100.447525003000081, -0.933290733999911, 0.0 ], [ 100.447460826000011, -0.933341831999876, 0.0 ], [ 100.447336686000043, -0.933417106999975, 0.0 ], [ 100.447156303000042, -0.9336061929999, 0.0 ], [ 100.447083445000061, -0.933766871999961, 0.0 ], [ 100.446950033000036, -0.933822876999887, 0.0 ], [ 100.446942972000073, -0.933838705999953, 0.0 ], [ 100.446949133000047, -0.933852922999975, 0.0 ], [ 100.446969658000057, -0.933870476999918, 0.0 ], [ 100.447035725000021, -0.933915871999943, 0.0 ], [ 100.447039081000028, -0.933985078999985, 0.0 ], [ 100.447016543000117, -0.93403903999992, 0.0 ], [ 100.446971134000094, -0.934075175999979, 0.0 ], [ 100.446817366000062, -0.93414196799991, 0.0 ], [ 100.446740219000077, -0.934235326999907, 0.0 ], [ 100.446653255000072, -0.9342856899999, 0.0 ], [ 100.446466681000089, -0.934310300999893, 0.0 ], [ 100.446289348000079, -0.934342314999967, 0.0 ], [ 100.446256467000111, -0.934386940999929, 0.0 ], [ 100.446241202000095, -0.934455259999897, 0.0 ], [ 100.446201462, -0.934504510999886, 0.0 ], [ 100.446159030000047, -0.934526256999909, 0.0 ], [ 100.446009923000048, -0.934525622999946, 0.0 ], [ 100.445937432000093, -0.934508289999933, 0.0 ], [ 100.44583890200002, -0.934435821999887, 0.0 ], [ 100.445652169000113, -0.934315684999895, 0.0 ], [ 100.44552359000005, -0.934239574999904, 0.0 ], [ 100.445402113000029, -0.934282329999977, 0.0 ], [ 100.445336653000126, -0.934340247999973, 0.0 ], [ 100.445257160000025, -0.934389773999897, 0.0 ], [ 100.445178366000079, -0.934409065999894, 0.0 ], [ 100.445128471000032, -0.934434464999864, 0.0 ], [ 100.445049648000094, -0.934510184999912, 0.0 ], [ 100.444982905000074, -0.934529641999923, 0.0 ], [ 100.444962536000077, -0.934558700999929, 0.0 ], [ 100.444940285000101, -0.934708455999886, 0.0 ], [ 100.444930079000059, -0.934747032999969, 0.0 ], [ 100.444830417000063, -0.934843214999933, 0.0 ], [ 100.444819033000016, -0.934891350999919, 0.0 ], [ 100.444824112000077, -0.934920354999921, 0.0 ], [ 100.444843328000076, -0.934997373999988, 0.0 ], [ 100.444827014000055, -0.935022129999904, 0.0 ], [ 100.444800409000067, -0.935034288999933, 0.0 ], [ 100.444788066000029, -0.935031773999903, 0.0 ], [ 100.444725895000033, -0.934992761999961, 0.0 ], [ 100.444704698000052, -0.934993490999933, 0.0 ], [ 100.444682228000062, -0.935005824999976, 0.0 ], [ 100.444602602000046, -0.935078453999946, 0.0 ], [ 100.444439865000078, -0.935137334999933, 0.0 ], [ 100.444307691000077, -0.935241963999886, 0.0 ], [ 100.444217829000095, -0.935243040999975, 0.0 ], [ 100.4441459210001, -0.935268174999923, 0.0 ], [ 100.444004228000011, -0.935376448999911, 0.0 ], [ 100.443891505000096, -0.93544299699991, 0.0 ], [ 100.44382566700007, -0.935504492999936, 0.0 ], [ 100.443640440000109, -0.935775286999959, 0.0 ], [ 100.443566233000098, -0.935827693999943, 0.0 ], [ 100.44347627700003, -0.935993255999964, 0.0 ], [ 100.443388331000037, -0.936045120999903, 0.0 ], [ 100.443353010000038, -0.936097346999873, 0.0 ], [ 100.443347227000089, -0.936120134999893, 0.0 ], [ 100.443357627000069, -0.936203538999955, 0.0 ], [ 100.443351687000103, -0.936241632999909, 0.0 ], [ 100.443305198000076, -0.936328253999882, 0.0 ], [ 100.443218452000011, -0.936424941999977, 0.0 ], [ 100.443188085000074, -0.936478263999948, 0.0 ], [ 100.443163615000088, -0.93657787499993, 0.0 ], [ 100.443124034, -0.93662437699987, 0.0 ], [ 100.443035894, -0.936648835999939, 0.0 ], [ 100.44269807400012, -0.936707577999915, 0.0 ], [ 100.442318604000079, -0.936841136999863, 0.0 ], [ 100.442039046000033, -0.936910351999906, 0.0 ], [ 100.441971516000038, -0.936942879999933, 0.0 ], [ 100.441880994000101, -0.937025007999978, 0.0 ], [ 100.44161622700004, -0.937194204999944, 0.0 ], [ 100.441588982000013, -0.937279756999917, 0.0 ], [ 100.441529048000021, -0.937325195999946, 0.0 ], [ 100.441393266000077, -0.937357132999924, 0.0 ], [ 100.441140144000087, -0.937361991999971, 0.0 ], [ 100.441081991000075, -0.937356870999903, 0.0 ], [ 100.440909836000046, -0.937426564999896, 0.0 ], [ 100.440579935000102, -0.937564699999957, 0.0 ], [ 100.439977180000056, -0.937881437999962, 0.0 ], [ 100.439724779000045, -0.93804110799994, 0.0 ], [ 100.439583763000101, -0.938091056999898, 0.0 ], [ 100.439532851000067, -0.938085991999923, 0.0 ], [ 100.439499458000057, -0.938092699999945, 0.0 ], [ 100.439464278000074, -0.938140616999913, 0.0 ], [ 100.439397735000071, -0.938344156999968, 0.0 ], [ 100.43935761800013, -0.938373960999947, 0.0 ], [ 100.439325387000039, -0.938383902999881, 0.0 ], [ 100.439170131000068, -0.938382642999954, 0.0 ], [ 100.439130005000038, -0.93839391099991, 0.0 ], [ 100.439094138000087, -0.938436298999864, 0.0 ], [ 100.438858039000095, -0.938826158999969, 0.0 ], [ 100.438848299000085, -0.938854381999906, 0.0 ], [ 100.438857782000071, -0.938891055999921, 0.0 ], [ 100.438970569000077, -0.939110435999954, 0.0 ], [ 100.438974572000049, -0.939188467999927, 0.0 ], [ 100.438945593000057, -0.939227627999969, 0.0 ], [ 100.438844240000023, -0.939302727999966, 0.0 ], [ 100.438834744000033, -0.939336413999911, 0.0 ], [ 100.438852489000084, -0.939421774999957, 0.0 ], [ 100.43889586100002, -0.939571067999964, 0.0 ], [ 100.438885555000056, -0.939628531999922, 0.0 ], [ 100.438830846000059, -0.939826987999911, 0.0 ], [ 100.438803065000073, -0.93989412599996, 0.0 ], [ 100.438679290000053, -0.939994521999918, 0.0 ], [ 100.438645265000076, -0.939995241999888, 0.0 ], [ 100.438617907000037, -0.94000301899991, 0.0 ], [ 100.438582087, -0.940023291999989, 0.0 ], [ 100.4385027820001, -0.940100291999965, 0.0 ], [ 100.43842891600012, -0.94021174999995, 0.0 ], [ 100.438386784, -0.940243646999924, 0.0 ], [ 100.438353848000034, -0.940248105999938, 0.0 ], [ 100.438225197000051, -0.940220471999961, 0.0 ], [ 100.43820170000005, -0.940233504999973, 0.0 ], [ 100.438188613000037, -0.940255113999985, 0.0 ], [ 100.438170192000115, -0.940391643999913, 0.0 ], [ 100.438155100000102, -0.940435917999935, 0.0 ], [ 100.438107979000023, -0.940497650999891, 0.0 ], [ 100.438106815000111, -0.940594950999948, 0.0 ], [ 100.438090971000037, -0.940621340999911, 0.0 ], [ 100.438051116000025, -0.940635198999903, 0.0 ], [ 100.437901821000111, -0.940643659999981, 0.0 ], [ 100.437860888000017, -0.940653571999913, 0.0 ], [ 100.437778280000018, -0.940690569999955, 0.0 ], [ 100.437673533000051, -0.940734960999986, 0.0 ], [ 100.437583824000086, -0.940791856999898, 0.0 ], [ 100.43740820500004, -0.940950555999972, 0.0 ], [ 100.437384747000053, -0.941004561999911, 0.0 ], [ 100.43737470500011, -0.941049788999923, 0.0 ], [ 100.437386688000032, -0.941153489999977, 0.0 ], [ 100.437452323000045, -0.941418476999964, 0.0 ], [ 100.437439473000055, -0.941467550999938, 0.0 ], [ 100.437191405000036, -0.941596229999927, 0.0 ], [ 100.437050769000038, -0.941572850999947, 0.0 ], [ 100.43701453500006, -0.941578943999918, 0.0 ], [ 100.436936460000084, -0.941688714999941, 0.0 ], [ 100.436780859000095, -0.9417655099999, 0.0 ], [ 100.436735308000053, -0.941795370999973, 0.0 ], [ 100.436706472000068, -0.94185591299992, 0.0 ], [ 100.436650145000016, -0.941969691999919, 0.0 ], [ 100.436570115000066, -0.942025240999897, 0.0 ], [ 100.436565889000065, -0.942052189999906, 0.0 ], [ 100.436627202000082, -0.942196389999935, 0.0 ], [ 100.436634726000079, -0.942237399999954, 0.0 ], [ 100.436569895000048, -0.942378672999919, 0.0 ], [ 100.436539475000103, -0.942414981999903, 0.0 ], [ 100.436463632000041, -0.942454168999948, 0.0 ], [ 100.436368338000065, -0.942514946999914, 0.0 ], [ 100.436310165000052, -0.942586677999898, 0.0 ], [ 100.436234436000092, -0.942632526999962, 0.0 ], [ 100.436103629000101, -0.942671599999908, 0.0 ], [ 100.435900026000041, -0.942680503999934, 0.0 ], [ 100.43572181600004, -0.942682223999899, 0.0 ], [ 100.435640851000088, -0.942743373999985, 0.0 ], [ 100.435558730000039, -0.942777554999971, 0.0 ], [ 100.435377417000055, -0.942785568999923, 0.0 ], [ 100.435248480000041, -0.942792730999894, 0.0 ], [ 100.435212885000027, -0.94280951099995, 0.0 ], [ 100.435196563, -0.942847088999951, 0.0 ], [ 100.43520366000007, -0.943012411999952, 0.0 ], [ 100.435189684000065, -0.943124608999909, 0.0 ], [ 100.435073912000078, -0.943158562999876, 0.0 ], [ 100.434629747000102, -0.94309109499989, 0.0 ], [ 100.434542622, -0.943098985999921, 0.0 ], [ 100.434478551000026, -0.943132806999877, 0.0 ], [ 100.434378651000017, -0.943210205999886, 0.0 ], [ 100.434233437000074, -0.943293776999962, 0.0 ], [ 100.434166365000038, -0.943403406999884, 0.0 ], [ 100.434081911000064, -0.943445410999985, 0.0 ], [ 100.433989878, -0.943441548999932, 0.0 ], [ 100.433894252000087, -0.943395428999935, 0.0 ], [ 100.433800431000051, -0.943333586999881, 0.0 ], [ 100.433765979000043, -0.943339782999949, 0.0 ], [ 100.433668321000042, -0.943435694999891, 0.0 ], [ 100.433559225000067, -0.943526791999879, 0.0 ], [ 100.433471743000027, -0.943614883999885, 0.0 ], [ 100.433384522000011, -0.943775910999886, 0.0 ], [ 100.433355678000012, -0.943878331999922, 0.0 ], [ 100.433293587000037, -0.943932840999903, 0.0 ], [ 100.433251999000049, -0.943988861999919, 0.0 ], [ 100.433241259000056, -0.944077114999939, 0.0 ], [ 100.433247352000109, -0.944153125999922, 0.0 ], [ 100.433227791, -0.944198773999968, 0.0 ], [ 100.433185938000094, -0.94421787999995, 0.0 ], [ 100.43302224600005, -0.94421488099988, 0.0 ], [ 100.432982853000084, -0.94422967899995, 0.0 ], [ 100.432948807000017, -0.944257912999888, 0.0 ], [ 100.432932942000036, -0.944303941999966, 0.0 ], [ 100.432870816000047, -0.94445165099993, 0.0 ], [ 100.432724797000049, -0.944577253999931, 0.0 ], [ 100.432450593000098, -0.944796745999884, 0.0 ], [ 100.43238047400007, -0.944833713999923, 0.0 ], [ 100.432251771000068, -0.944818270999978, 0.0 ], [ 100.432146280000055, -0.944801182999896, 0.0 ], [ 100.432095844000045, -0.944866967999921, 0.0 ], [ 100.432060777000075, -0.944904698999935, 0.0 ], [ 100.431974744000073, -0.944962226999898, 0.0 ], [ 100.431968800000021, -0.945015708999971, 0.0 ], [ 100.431986640000076, -0.945108399999913, 0.0 ], [ 100.432018067000101, -0.945279675999874, 0.0 ], [ 100.432022495000112, -0.945329376999901, 0.0 ], [ 100.432021128000088, -0.945481689999891, 0.0 ], [ 100.432035587000129, -0.945539596999886, 0.0 ], [ 100.432079241000011, -0.945676057999897, 0.0 ], [ 100.432087128000035, -0.945755091999953, 0.0 ], [ 100.432049146000097, -0.945877515999957, 0.0 ], [ 100.431946934000081, -0.946065306999952, 0.0 ], [ 100.431888311000108, -0.946221737999927, 0.0 ], [ 100.431839233000048, -0.946290157999904, 0.0 ], [ 100.431582592000041, -0.946403594999875, 0.0 ], [ 100.431480934000064, -0.946424560999922, 0.0 ], [ 100.431403416000052, -0.946424161999978, 0.0 ], [ 100.431272893000084, -0.946393356999916, 0.0 ], [ 100.431094886000011, -0.946317650999958, 0.0 ], [ 100.431065629000074, -0.94632160299993, 0.0 ], [ 100.431041331000102, -0.946340716999913, 0.0 ], [ 100.430957591000023, -0.946443075999944, 0.0 ], [ 100.430824318000091, -0.946523057999901, 0.0 ], [ 100.430772725000082, -0.946590514999976, 0.0 ], [ 100.430654804000099, -0.94676469999991, 0.0 ], [ 100.43064872100004, -0.946879809999931, 0.0 ], [ 100.430571778000072, -0.946955033999938, 0.0 ], [ 100.430337955000084, -0.947106145999918, 0.0 ], [ 100.430169730000017, -0.947196441999928, 0.0 ], [ 100.430068524, -0.947280973999906, 0.0 ], [ 100.429915571000038, -0.947421368999887, 0.0 ], [ 100.429824275000044, -0.947561915999881, 0.0 ], [ 100.42981969100002, -0.947597383999884, 0.0 ], [ 100.429830625000122, -0.947641605999902, 0.0 ], [ 100.429874524000113, -0.947746883, 0.0 ], [ 100.4298755290001, -0.947803044999937, 0.0 ], [ 100.429839851000082, -0.947857134999882, 0.0 ], [ 100.429766556000061, -0.947880581999868, 0.0 ], [ 100.42963371500008, -0.947905010999936, 0.0 ], [ 100.429329652000064, -0.947992243999959, 0.0 ], [ 100.429138595000055, -0.948016468999921, 0.0 ], [ 100.429081503000049, -0.948010509999961, 0.0 ], [ 100.429013707000124, -0.947991391999889, 0.0 ], [ 100.428988731000089, -0.947989009999958, 0.0 ], [ 100.428970898000046, -0.948005768999924, 0.0 ], [ 100.42898399300006, -0.948036875999922, 0.0 ], [ 100.429087494, -0.948118202999989, 0.0 ], [ 100.429123197000123, -0.948175625999944, 0.0 ], [ 100.429110410000035, -0.94833730399991, 0.0 ], [ 100.429085169000075, -0.948457127999966, 0.0 ], [ 100.429078874000098, -0.948527109999894, 0.0 ], [ 100.429059694000017, -0.948549075999935, 0.0 ], [ 100.429020481000052, -0.948556608999937, 0.0 ], [ 100.4289812640001, -0.948556624999938, 0.0 ], [ 100.428959786000092, -0.948550997999916, 0.0 ], [ 100.428897184000064, -0.948454253999905, 0.0 ], [ 100.428881304000086, -0.94843547299995, 0.0 ], [ 100.428854222000069, -0.94842890699994, 0.0 ], [ 100.428734222000088, -0.948447057999932, 0.0 ], [ 100.428616511000115, -0.948449353999944, 0.0 ], [ 100.428534461000083, -0.948431124999946, 0.0 ], [ 100.428397502000024, -0.948375412999955, 0.0 ], [ 100.428259308000051, -0.948256332999961, 0.0 ], [ 100.428164606000024, -0.948193971999952, 0.0 ], [ 100.42813723900008, -0.948182512999892, 0.0 ], [ 100.428087644000058, -0.948180237999971, 0.0 ], [ 100.428032928000064, -0.948195173999963, 0.0 ], [ 100.42797623000007, -0.948228058999931, 0.0 ], [ 100.427926332000126, -0.948281731999931, 0.0 ], [ 100.42791083200008, -0.948385660999914, 0.0 ], [ 100.42785725, -0.948566612999965, 0.0 ], [ 100.427837594000067, -0.948696586999972, 0.0 ], [ 100.427808752000075, -0.948745966999972, 0.0 ], [ 100.427749593000058, -0.948777936999864, 0.0 ], [ 100.427668785000037, -0.948795395999976, 0.0 ], [ 100.427385492000042, -0.948782623999897, 0.0 ], [ 100.427071141000056, -0.948776897999956, 0.0 ], [ 100.426992630000044, -0.948961426999947, 0.0 ], [ 100.426988460000061, -0.949095572999944, 0.0 ], [ 100.426949139, -0.949158522999912, 0.0 ], [ 100.426882314000068, -0.94921836999989, 0.0 ], [ 100.426774112, -0.949326524999957, 0.0 ], [ 100.426656265000105, -0.949375354999912, 0.0 ], [ 100.426518763, -0.949389481999926, 0.0 ], [ 100.426381250000091, -0.949377813999938, 0.0 ], [ 100.426316546000066, -0.949347675999931, 0.0 ], [ 100.426266270000085, -0.949294799999908, 0.0 ], [ 100.426264699000043, -0.949232570999911, 0.0 ], [ 100.426328954000027, -0.949128082999881, 0.0 ], [ 100.426333318000033, -0.949084, 0.0 ], [ 100.42629495900006, -0.949030016999938, 0.0 ], [ 100.426079454000075, -0.948893878999954, 0.0 ], [ 100.426006929000025, -0.948729194999917, 0.0 ], [ 100.425776733000077, -0.948618433999901, 0.0 ], [ 100.425709456000021, -0.948612308999927, 0.0 ], [ 100.42562657100008, -0.948617737999932, 0.0 ], [ 100.425622483000012, -0.948588287999893, 0.0 ], [ 100.425476707000115, -0.94854471699993, 0.0 ], [ 100.42542212500004, -0.948518280999963, 0.0 ], [ 100.425365246000041, -0.948460441999885, 0.0 ], [ 100.425325849000075, -0.948417708999902, 0.0 ], [ 100.425262271000051, -0.948355419999899, 0.0 ], [ 100.425246152000057, -0.948342619999906, 0.0 ], [ 100.425204510000071, -0.948320072999906, 0.0 ], [ 100.42518620000007, -0.948313101999862, 0.0 ], [ 100.425146902, -0.94830797199997, 0.0 ], [ 100.425108691000048, -0.948317813999896, 0.0 ], [ 100.424987902000083, -0.948403303999953, 0.0 ], [ 100.424868237000041, -0.94849570999996, 0.0 ], [ 100.424860368000012, -0.948512260999909, 0.0 ], [ 100.424853754000097, -0.948682318999946, 0.0 ], [ 100.424836655, -0.948722505999985, 0.0 ], [ 100.424778313000061, -0.948759420999931, 0.0 ], [ 100.424722526000068, -0.948785712999886, 0.0 ], [ 100.424640315000019, -0.948807176999885, 0.0 ], [ 100.424545707, -0.948788777999873, 0.0 ], [ 100.424469081000055, -0.948696275999946, 0.0 ], [ 100.424419273000026, -0.948658477999928, 0.0 ], [ 100.424282291000054, -0.948620015999943, 0.0 ], [ 100.424009078000012, -0.948480091999912, 0.0 ], [ 100.423978159000029, -0.948476992999922, 0.0 ], [ 100.423938745000058, -0.948495675999869, 0.0 ], [ 100.423944771000023, -0.948633264999973, 0.0 ], [ 100.423936169000015, -0.948719322999988, 0.0 ], [ 100.423895302000105, -0.948760409999924, 0.0 ], [ 100.423831328000048, -0.948801555999953, 0.0 ], [ 100.423812468000094, -0.948838813999927, 0.0 ], [ 100.423754785000114, -0.949020476999948, 0.0 ], [ 100.423722075000072, -0.949062988999913, 0.0 ], [ 100.423669342000053, -0.949097638999937, 0.0 ], [ 100.423627282000041, -0.949111557999935, 0.0 ], [ 100.423513874000079, -0.94912760199993, 0.0 ], [ 100.423419535000079, -0.949121241999936, 0.0 ], [ 100.423373313000084, -0.949097654999939, 0.0 ], [ 100.423264094000018, -0.948991599999957, 0.0 ], [ 100.423223021000084, -0.948974994999915, 0.0 ], [ 100.423096287000078, -0.948938689999931, 0.0 ], [ 100.422981312000061, -0.948866492999908, 0.0 ], [ 100.422897931000094, -0.948860017999905, 0.0 ], [ 100.422807996000117, -0.948887935999906, 0.0 ], [ 100.422691675000081, -0.948886632999976, 0.0 ], [ 100.422616375000061, -0.948896139999874, 0.0 ], [ 100.422502870000088, -0.948962485999946, 0.0 ], [ 100.422446301000022, -0.94901262199992, 0.0 ], [ 100.422343308000038, -0.949052717999951, 0.0 ], [ 100.42218863600003, -0.949055812999941, 0.0 ], [ 100.422142715000049, -0.949055047999877, 0.0 ], [ 100.421981914000057, -0.949115597999914, 0.0 ], [ 100.421901590000076, -0.949143973999952, 0.0 ], [ 100.421739781000014, -0.94922993599987, 0.0 ], [ 100.42153192400005, -0.949337659, 0.0 ], [ 100.421317868000102, -0.94944798299997, 0.0 ], [ 100.42115728900005, -0.94949829699987, 0.0 ], [ 100.420871666000039, -0.949535701999945, 0.0 ], [ 100.420720845000076, -0.949616662999983, 0.0 ], [ 100.42066306000001, -0.949624907999954, 0.0 ], [ 100.420423807000105, -0.949602953999914, 0.0 ], [ 100.420269981000075, -0.949573065999928, 0.0 ], [ 100.420233559000081, -0.949484051999935, 0.0 ], [ 100.420201723000034, -0.949422258999974, 0.0 ], [ 100.42009613400009, -0.949342280999929, 0.0 ], [ 100.420065381000114, -0.949300033999986, 0.0 ], [ 100.420029946000028, -0.949234633999904, 0.0 ], [ 100.419968151000063, -0.949114652999924, 0.0 ], [ 100.419911560000088, -0.949056583999916, 0.0 ], [ 100.41981716, -0.948990333999941, 0.0 ], [ 100.419740159000028, -0.948960936999907, 0.0 ], [ 100.419557661000027, -0.948939820999936, 0.0 ], [ 100.419451220000013, -0.948919433999937, 0.0 ], [ 100.419386136000043, -0.9488685429999, 0.0 ], [ 100.419304602000054, -0.94875809799991, 0.0 ], [ 100.419243795000085, -0.948708280999874, 0.0 ], [ 100.419227611000082, -0.948684679999875, 0.0 ], [ 100.419182198000044, -0.948573718999931, 0.0 ], [ 100.419150032000047, -0.948514284999899, 0.0 ], [ 100.419124866000104, -0.948488506999986, 0.0 ], [ 100.419087112000085, -0.948476948999918, 0.0 ], [ 100.418991959000024, -0.948460761999911, 0.0 ], [ 100.418902858000124, -0.948351297999913, 0.0 ], [ 100.418674572000057, -0.948227636999896, 0.0 ], [ 100.418614360000049, -0.948151947999939, 0.0 ], [ 100.418585134000026, -0.948066695999902, 0.0 ], [ 100.418588149000101, -0.947956745999864, 0.0 ], [ 100.418579244000071, -0.947929068999883, 0.0 ], [ 100.418547346000096, -0.947886196999889, 0.0 ], [ 100.418436024000044, -0.947799297999893, 0.0 ], [ 100.418380298000045, -0.94776897999996, 0.0 ], [ 100.418253345000025, -0.94773689599997, 0.0 ], [ 100.418146908000011, -0.947712499999906, 0.0 ], [ 100.418103942000101, -0.947720024999906, 0.0 ], [ 100.418033198000018, -0.947776477999959, 0.0 ], [ 100.417958042000109, -0.947923516999868, 0.0 ], [ 100.417822635000093, -0.948115979999894, 0.0 ], [ 100.417812522000048, -0.948186276999937, 0.0 ], [ 100.417943094000023, -0.948501712999924, 0.0 ], [ 100.417915984000089, -0.948569183999911, 0.0 ], [ 100.417508119, -0.948720308999892, 0.0 ], [ 100.417377597000041, -0.948800887999898, 0.0 ], [ 100.41732229600008, -0.948913383999969, 0.0 ], [ 100.417390931000071, -0.949069102999886, 0.0 ], [ 100.417497071000071, -0.949175810999922, 0.0 ], [ 100.417505339000044, -0.949213823999958, 0.0 ], [ 100.417451162000091, -0.949306543999903, 0.0 ], [ 100.417340960000033, -0.949335671999915, 0.0 ], [ 100.416988054000043, -0.949344364999924, 0.0 ], [ 100.416666666000097, -0.949378615999915, 0.0 ], [ 100.416500919000072, -0.949394525999899, 0.0 ], [ 100.416284164000075, -0.949364330999977, 0.0 ], [ 100.416121576000123, -0.949297779999888, 0.0 ], [ 100.415988332000026, -0.949172717999932, 0.0 ], [ 100.41585341300005, -0.94898626799996, 0.0 ], [ 100.415562545000057, -0.948462931999913, 0.0 ], [ 100.415263607000014, -0.947850996999907, 0.0 ], [ 100.414665999000036, -0.947272569999921, 0.0 ], [ 100.414179136000072, -0.947005690999955, 0.0 ], [ 100.413614938000109, -0.946983665999909, 0.0 ], [ 100.413072972000037, -0.947217583999901, 0.0 ], [ 100.412767282000047, -0.947336421999964, 0.0 ], [ 100.412671910000071, -0.947353586999963, 0.0 ], [ 100.412648046000044, -0.947304169999871, 0.0 ], [ 100.412645857000044, -0.9472132729999, 0.0 ], [ 100.412645799000032, -0.947068268999892, 0.0 ], [ 100.412591970000022, -0.947014184999947, 0.0 ], [ 100.41253603200002, -0.947066149999895, 0.0 ], [ 100.412495163000102, -0.947128928999938, 0.0 ], [ 100.412406939000078, -0.947174413999971, 0.0 ], [ 100.412292884000053, -0.94721125299991, 0.0 ], [ 100.412224039000051, -0.947278371999957, 0.0 ], [ 100.412148716000033, -0.947295717999971, 0.0 ], [ 100.412084139000015, -0.94727626499996, 0.0 ], [ 100.412064, -0.94720243799998, 0.0 ], [ 100.412023076000111, -0.947128870999933, 0.0 ], [ 100.411943423000096, -0.947083454999905, 0.0 ], [ 100.411857320000081, -0.947053191999888, 0.0 ], [ 100.411745397000061, -0.947040250999972, 0.0 ], [ 100.411672233000047, -0.947072744999907, 0.0 ], [ 100.411583988000118, -0.947070616999909, 0.0 ], [ 100.411517259, -0.947044673999894, 0.0 ], [ 100.41139027800007, -0.947055546999906, 0.0 ], [ 100.411319250000062, -0.947046918999902, 0.0 ], [ 100.411249948, -0.946955692999904, 0.0 ], [ 100.411256348000094, -0.946812849999898, 0.0 ], [ 100.411259138000062, -0.946681859999895, 0.0 ], [ 100.411246931000022, -0.94656205299993, 0.0 ], [ 100.411222581000047, -0.946476482999955, 0.0 ], [ 100.411246859000101, -0.946381112999969, 0.0 ], [ 100.411225010000081, -0.94625290499993, 0.0 ], [ 100.411249311000049, -0.94621377299989, 0.0 ], [ 100.411220099000019, -0.946133094999876, 0.0 ], [ 100.41114724300003, -0.946079666999896, 0.0 ], [ 100.411001135000021, -0.946140722999885, 0.0 ], [ 100.410866028000044, -0.946135232999964, 0.0 ], [ 100.410802580000023, -0.946054854999886, 0.0 ], [ 100.410697669000058, -0.94571664499988, 0.0 ], [ 100.410592810000082, -0.945511518999961, 0.0 ], [ 100.41052915800006, -0.945285520999914, 0.0 ], [ 100.410490469000052, -0.945069277999963, 0.0 ], [ 100.410482162000079, -0.944977785999942, 0.0 ], [ 100.410556549, -0.944830809999861, 0.0 ], [ 100.410562021000018, -0.944728222999988, 0.0 ], [ 100.410564536000052, -0.944671922999948, 0.0 ], [ 100.410462478000042, -0.944574924999916, 0.0 ], [ 100.410332876000069, -0.944541707999921, 0.0 ], [ 100.410183978000092, -0.944522359999919, 0.0 ], [ 100.409934723000077, -0.944465372999911, 0.0 ], [ 100.409877385000044, -0.94442971399998, 0.0 ], [ 100.40977775000006, -0.944424264999885, 0.0 ], [ 100.409722188000075, -0.9444190819999, 0.0 ], [ 100.409663833000039, -0.944473069999926, 0.0 ], [ 100.409547832000044, -0.944574621999891, 0.0 ], [ 100.409470456000037, -0.944753902999892, 0.0 ], [ 100.409440683000057, -0.944873911999874, 0.0 ], [ 100.409351265000026, -0.944989659999948, 0.0 ], [ 100.409325747000054, -0.945101097999931, 0.0 ], [ 100.409233963000091, -0.945350762999983, 0.0 ], [ 100.40906345400002, -0.945452701999891, 0.0 ], [ 100.408850319000052, -0.945586822999886, 0.0 ], [ 100.408644338000073, -0.945719185999913, 0.0 ], [ 100.408540435000091, -0.945783565999911, 0.0 ], [ 100.408436538000018, -0.945861348999863, 0.0 ], [ 100.408351318000072, -0.946000781999942, 0.0 ], [ 100.408260737000035, -0.94605979599994, 0.0 ], [ 100.408127510000028, -0.946100061999985, 0.0 ], [ 100.408039612000039, -0.946204644999934, 0.0 ], [ 100.407773344000034, -0.94631420299994, 0.0 ], [ 100.407621374000072, -0.946436129999903, 0.0 ], [ 100.40760953300007, -0.946534102999927, 0.0 ], [ 100.407535939000113, -0.946632102999953, 0.0 ], [ 100.407450460000049, -0.946713379999927, 0.0 ], [ 100.407426686000036, -0.946844919999887, 0.0 ], [ 100.407166714000113, -0.946957126999934, 0.0 ], [ 100.406975881000037, -0.94701517399994, 0.0 ], [ 100.406865606000068, -0.946985459999969, 0.0 ], [ 100.406741886000049, -0.946961162999912, 0.0 ], [ 100.406674709000086, -0.947101869999919, 0.0 ], [ 100.406717785000097, -0.947220886999908, 0.0 ], [ 100.406717848000099, -0.94737238899992, 0.0 ], [ 100.406625017000053, -0.947424063999932, 0.0 ], [ 100.406548538000038, -0.947421017999947, 0.0 ], [ 100.406438414000064, -0.947433375999903, 0.0 ], [ 100.406296741000077, -0.947529192999927, 0.0 ], [ 100.406149941000095, -0.947624699999924, 0.0 ], [ 100.405905494000123, -0.947754264999897, 0.0 ], [ 100.405823054000052, -0.947842187999889, 0.0 ], [ 100.405813407000053, -0.947978909999922, 0.0 ], [ 100.405779479000088, -0.948057049999903, 0.0 ], [ 100.405524826000061, -0.948167013999942, 0.0 ], [ 100.405325395, -0.9481847549999, 0.0 ], [ 100.405276931000074, -0.948306842999965, 0.0 ], [ 100.405131381000018, -0.948289812999977, 0.0 ], [ 100.405122126000052, -0.94832919899995, 0.0 ], [ 100.405030403000097, -0.948446412999878, 0.0 ], [ 100.404890661000081, -0.94851837099997, 0.0 ], [ 100.404765178, -0.948644226999903, 0.0 ], [ 100.404566406000072, -0.948675570999921, 0.0 ], [ 100.404404887000041, -0.94866625699995, 0.0 ], [ 100.404240267, -0.948666323999866, 0.0 ], [ 100.404069430000078, -0.948653888999903, 0.0 ], [ 100.403889655000043, -0.948561604999906, 0.0 ], [ 100.403784731000059, -0.948561647999909, 0.0 ], [ 100.40365844500009, -0.948591033999943, 0.0 ], [ 100.40350302100002, -0.948636074999939, 0.0 ], [ 100.403365072000071, -0.948649821999922, 0.0 ], [ 100.403240396000058, -0.94865552899995, 0.0 ], [ 100.403168600000058, -0.948674409999914, 0.0 ], [ 100.403050014000115, -0.948781286999964, 0.0 ], [ 100.402943902000032, -0.948853594999907, 0.0 ], [ 100.402815934000017, -0.94892591499994, 0.0 ], [ 100.402694187000066, -0.948935389999924, 0.0 ], [ 100.402650497000096, -0.948979395999924, 0.0 ], [ 100.402606815000027, -0.949035969999898, 0.0 ], [ 100.402513181000103, -0.949089422999968, 0.0 ], [ 100.402403919000037, -0.949092610999966, 0.0 ], [ 100.402205013000099, -0.949139958999975, 0.0 ], [ 100.402132776000073, -0.949193056999928, 0.0 ], [ 100.402029292000037, -0.949238306999941, 0.0 ], [ 100.401924146000042, -0.949257478999929, 0.0 ], [ 100.401803203000071, -0.949257528999933, 0.0 ], [ 100.401745769000016, -0.949218206999877, 0.0 ], [ 100.401733512000078, -0.949199960999966, 0.0 ], [ 100.401565562000116, -0.949236046999932, 0.0 ], [ 100.401372014000088, -0.949276646999916, 0.0 ], [ 100.401372043, -0.949349896999937, 0.0 ], [ 100.400893805000052, -0.9494256639999, 0.0 ], [ 100.400640381000045, -0.948220263999907, 0.0 ], [ 100.400493737, -0.947102622999981, 0.0 ], [ 100.400310684000033, -0.945675559999945, 0.0 ], [ 100.40014825100009, -0.94428311499993, 0.0 ], [ 100.40013806900005, -0.944152110999926, 0.0 ], [ 100.399264397000053, -0.944225424999953, 0.0 ], [ 100.39910602, -0.94419270399991, 0.0 ], [ 100.39897089900002, -0.944075669999908, 0.0 ], [ 100.398798469000056, -0.943836877999956, 0.0 ], [ 100.39844829700003, -0.943393529999955, 0.0 ], [ 100.398292674000032, -0.943103191999914, 0.0 ], [ 100.398227114000036, -0.942756382999907, 0.0 ], [ 100.39800214300007, -0.94218356199994, 0.0 ], [ 100.397794787000052, -0.941661049999873, 0.0 ], [ 100.397756238000056, -0.941391374999942, 0.0 ], [ 100.3978586960001, -0.941084115999921, 0.0 ], [ 100.39786886900005, -0.940902604999913, 0.0 ], [ 100.397859461000081, -0.9408187229999, 0.0 ], [ 100.397823572000036, -0.94074167199992, 0.0 ], [ 100.397779636000038, -0.940662276999923, 0.0 ], [ 100.397776255000025, -0.940646528999952, 0.0 ], [ 100.397776662000069, -0.940625225999966, 0.0 ], [ 100.397779892000059, -0.940607534999923, 0.0 ], [ 100.39779137500004, -0.940567017999946, 0.0 ], [ 100.397799437000089, -0.940497794999903, 0.0 ], [ 100.397724127000075, -0.940307733999898, 0.0 ], [ 100.397770912000027, -0.940287955999949, 0.0 ], [ 100.398156017000105, -0.939971521999968, 0.0 ], [ 100.398234059000075, -0.939930566999955, 0.0 ], [ 100.398304201000101, -0.9399170179999, 0.0 ], [ 100.398398531000097, -0.93989925299994, 0.0 ], [ 100.399652978000063, -0.939755310999931, 0.0 ], [ 100.400135372000094, -0.939730754999943, 0.0 ], [ 100.400695886000022, -0.940010098999963, 0.0 ], [ 100.401761996000033, -0.940649349999919, 0.0 ], [ 100.402593360000068, -0.940262925999921, 0.0 ], [ 100.403156791000058, -0.939868110999939, 0.0 ], [ 100.403644390000082, -0.939648182999949, 0.0 ], [ 100.404097578000105, -0.939437153999897, 0.0 ], [ 100.404501091, -0.939265939999942, 0.0 ], [ 100.404907075000025, -0.939151676999902, 0.0 ], [ 100.405048280000074, -0.939015314999899, 0.0 ], [ 100.405268650000011, -0.938648501999925, 0.0 ], [ 100.40576864600007, -0.937616350999967, 0.0 ], [ 100.406039260000085, -0.936360011999934, 0.0 ], [ 100.406222053000107, -0.935187596999917, 0.0 ], [ 100.406249497000076, -0.934188983999892, 0.0 ], [ 100.406284462000116, -0.93406765399989, 0.0 ], [ 100.406354601000061, -0.933834650999884, 0.0 ], [ 100.406398460000048, -0.933751402999924, 0.0 ], [ 100.406469386000055, -0.933666735999935, 0.0 ], [ 100.406665385000025, -0.933525359999962, 0.0 ], [ 100.407129412000046, -0.93313292999991, 0.0 ], [ 100.407423987000087, -0.932960014999903, 0.0 ], [ 100.407574086000068, -0.932913783999897, 0.0 ], [ 100.407730124000096, -0.932900408999945, 0.0 ], [ 100.407879139000087, -0.932898996999917, 0.0 ], [ 100.408032011000032, -0.932935637999929, 0.0 ], [ 100.408231478000104, -0.933035298999915, 0.0 ], [ 100.408353179000045, -0.933086492999976, 0.0 ], [ 100.408474974000086, -0.933158044999946, 0.0 ], [ 100.408583148000062, -0.933201117999957, 0.0 ], [ 100.408709092, -0.933224903999882, 0.0 ], [ 100.408850230000056, -0.933227119999977, 0.0 ], [ 100.409000009000096, -0.933219936999915, 0.0 ], [ 100.409195560000029, -0.93320425499995, 0.0 ], [ 100.409351230000112, -0.933184886999857, 0.0 ], [ 100.409445313000077, -0.933151239999916, 0.0 ], [ 100.40950687400003, -0.933112118999876, 0.0 ], [ 100.409574200000094, -0.933043180999945, 0.0 ], [ 100.409677959000064, -0.932941332999956, 0.0 ], [ 100.409782423000081, -0.932882513999974, 0.0 ], [ 100.409909919000071, -0.932854432999871, 0.0 ], [ 100.410026629000043, -0.932853003999931, 0.0 ], [ 100.410190921000051, -0.932867374999876, 0.0 ], [ 100.410486949000116, -0.932941307999954, 0.0 ], [ 100.410624883000068, -0.933032837999978, 0.0 ], [ 100.410819726000028, -0.933186094999957, 0.0 ], [ 100.410906167000078, -0.933238463999938, 0.0 ], [ 100.410977477000117, -0.933252971999895, 0.0 ], [ 100.411410399000047, -0.933213503999916, 0.0 ], [ 100.411526588000072, -0.93316273399989, 0.0 ], [ 100.411598949000023, -0.933099553999902, 0.0 ], [ 100.41164357500007, -0.933021109999984, 0.0 ], [ 100.411670067000045, -0.932898645999888, 0.0 ], [ 100.411692364000018, -0.932741082999907, 0.0 ], [ 100.41171426300005, -0.932612645999939, 0.0 ], [ 100.41174638300005, -0.932531721999904, 0.0 ], [ 100.411718021000098, -0.932429406999965, 0.0 ], [ 100.411624763000106, -0.932256258999939, 0.0 ], [ 100.411546991000066, -0.931819631999872, 0.0 ], [ 100.411516716000051, -0.931705093999899, 0.0 ], [ 100.411572532000051, -0.931695242999972, 0.0 ], [ 100.411992568000073, -0.931631900999882, 0.0 ], [ 100.412191360000094, -0.93161578599997, 0.0 ], [ 100.412559496000085, -0.931609420999976, 0.0 ], [ 100.412816556000038, -0.931608455999896, 0.0 ], [ 100.413269055000086, -0.931609662999907, 0.0 ], [ 100.413615912000097, -0.931609421999887, 0.0 ], [ 100.41394664000002, -0.931616248999919, 0.0 ], [ 100.414054566000075, -0.931600890999892, 0.0 ], [ 100.414239967000043, -0.931524254999946, 0.0 ], [ 100.414623214000045, -0.931373760999929, 0.0 ], [ 100.414825982000039, -0.931306289999942, 0.0 ], [ 100.415354543000078, -0.931191930999894, 0.0 ], [ 100.415919751000033, -0.931094069999968, 0.0 ], [ 100.416585932, -0.930980859999927, 0.0 ], [ 100.416666666000097, -0.930963876999943, 0.0 ], [ 100.416790778000063, -0.930931971999879, 0.0 ], [ 100.416906521000058, -0.930905204999885, 0.0 ], [ 100.417252745000013, -0.930825855999892, 0.0 ], [ 100.417590264000054, -0.930754860999969, 0.0 ], [ 100.417814555000049, -0.930706389999955, 0.0 ], [ 100.418090071, -0.930651554999947, 0.0 ], [ 100.418445508000019, -0.93059091, 0.0 ], [ 100.418921171000036, -0.930500951999921, 0.0 ], [ 100.419170377000043, -0.930454219999962, 0.0 ], [ 100.419434332000037, -0.93042509299995, 0.0 ], [ 100.419840030000032, -0.930387166999921, 0.0 ], [ 100.420473252000107, -0.930349151999973, 0.0 ], [ 100.420803154000055, -0.930328913999986, 0.0 ], [ 100.421798310000057, -0.930276032999874, 0.0 ], [ 100.42216789600009, -0.930257823999966, 0.0 ], [ 100.42256872800003, -0.930234688999917, 0.0 ], [ 100.422570586000091, -0.930179470999967, 0.0 ], [ 100.422578404000035, -0.929986431999982, 0.0 ], [ 100.42260917, -0.929920484999943, 0.0 ], [ 100.422678700000077, -0.929659272999913, 0.0 ], [ 100.422697410000112, -0.929597826999892, 0.0 ], [ 100.422694788000072, -0.929580165999941, 0.0 ], [ 100.422617467000066, -0.929430185999877, 0.0 ], [ 100.422599788000028, -0.929343547, 0.0 ], [ 100.422585874000035, -0.929157892, 0.0 ], [ 100.422527979000037, -0.928980146999944, 0.0 ], [ 100.422525583, -0.928899313999917, 0.0 ], [ 100.422598685000111, -0.92875514799989, 0.0 ], [ 100.422620417000047, -0.92861322099996, 0.0 ], [ 100.422615617000091, -0.928520946999875, 0.0 ], [ 100.422504425000042, -0.92828521399991, 0.0 ], [ 100.422393182000079, -0.927983129999962, 0.0 ], [ 100.422388031000096, -0.927954320999977, 0.0 ], [ 100.42238874800006, -0.927912955999929, 0.0 ], [ 100.422401223000023, -0.927897436999888, 0.0 ], [ 100.422444534000064, -0.927881905999936, 0.0 ], [ 100.422664630000057, -0.927868223999958, 0.0 ], [ 100.422781118000017, -0.927848293999908, 0.0 ], [ 100.422878584, -0.927792610999919, 0.0 ], [ 100.422960202000098, -0.927771168999922, 0.0 ], [ 100.423064751000041, -0.927755542999872, 0.0 ], [ 100.423311707000039, -0.927697608999964, 0.0 ], [ 100.423361975000034, -0.927659845999859, 0.0 ], [ 100.423524776000093, -0.927431259999953, 0.0 ], [ 100.423617157000095, -0.927334810999966, 0.0 ], [ 100.423750236, -0.927269425999885, 0.0 ], [ 100.423876311000043, -0.927265403999908, 0.0 ], [ 100.424022675000074, -0.927276137999907, 0.0 ], [ 100.424201857000071, -0.927239528999898, 0.0 ], [ 100.424242637000063, -0.927223954999942, 0.0 ], [ 100.424300206000026, -0.927288844999982, 0.0 ], [ 100.424357767000089, -0.927342332999967, 0.0 ], [ 100.424419262000114, -0.927401178999951, 0.0 ], [ 100.424468512000018, -0.927448836999897, 0.0 ], [ 100.424551613000048, -0.927500814999934, 0.0 ], [ 100.424744496000116, -0.927530788999928, 0.0 ], [ 100.424837242000052, -0.927548404999875, 0.0 ], [ 100.42502197000006, -0.927570241999906, 0.0 ], [ 100.42514902500001, -0.927569384999924, 0.0 ], [ 100.425260865000027, -0.927561414999975, 0.0 ], [ 100.425349903000026, -0.927543506999914, 0.0 ], [ 100.425416690000034, -0.927514880999944, 0.0 ], [ 100.425494829000016, -0.927446208999857, 0.0 ], [ 100.425568719000097, -0.927407569999946, 0.0 ], [ 100.425634451000022, -0.927365513999931, 0.0 ], [ 100.425706614000049, -0.92732352299992, 0.0 ], [ 100.425759535000068, -0.927297679999914, 0.0 ], [ 100.425802827000012, -0.92726054399995, 0.0 ], [ 100.425887812000028, -0.92719434199989, 0.0 ], [ 100.425922248000035, -0.927164481999906, 0.0 ], [ 100.425991529000086, -0.927107692999915, 0.0 ], [ 100.426051087000033, -0.927055493999948, 0.0 ], [ 100.426148174000076, -0.92700531499997, 0.0 ], [ 100.426302859, -0.926923862999892, 0.0 ], [ 100.4263351580001, -0.92689580099988, 0.0 ], [ 100.426358585000074, -0.926857546999912, 0.0 ], [ 100.426378493000044, -0.926817020999934, 0.0 ], [ 100.426405960000096, -0.926776043999919, 0.0 ], [ 100.426449712000064, -0.926736085999899, 0.0 ], [ 100.426509594000052, -0.92667788699988, 0.0 ], [ 100.426610652000065, -0.926599249999857, 0.0 ], [ 100.426671469000027, -0.926525056999935, 0.0 ], [ 100.426719414, -0.926461119999885, 0.0 ], [ 100.426762177000072, -0.926414144, 0.0 ], [ 100.426840809000012, -0.926337027999921, 0.0 ], [ 100.426904614000051, -0.926262286999865, 0.0 ], [ 100.426946279000035, -0.926204598999977, 0.0 ], [ 100.426995493000021, -0.926125748999937, 0.0 ], [ 100.427047782000088, -0.926035171999903, 0.0 ], [ 100.427125184, -0.925931950999889, 0.0 ], [ 100.427369895000083, -0.925761761999929, 0.0 ], [ 100.427565316000099, -0.925717983999949, 0.0 ], [ 100.427639697000032, -0.92554003899988, 0.0 ], [ 100.427828416000096, -0.925493581999945, 0.0 ], [ 100.42805649400006, -0.925399779999911, 0.0 ], [ 100.428157497000058, -0.925352031999957, 0.0 ], [ 100.428276016000012, -0.925241190999934, 0.0 ], [ 100.428322014000088, -0.925166740999902, 0.0 ], [ 100.42828331700008, -0.925026961999883, 0.0 ], [ 100.428331517000075, -0.924949366999947, 0.0 ], [ 100.428362490000055, -0.924877810999888, 0.0 ], [ 100.428531534000015, -0.924777377999927, 0.0 ], [ 100.428579570000082, -0.924676665999943, 0.0 ], [ 100.428687646000057, -0.924577862999939, 0.0 ], [ 100.428845006000103, -0.924531902999956, 0.0 ], [ 100.429040044, -0.924469163999916, 0.0 ], [ 100.429225848000087, -0.924312572999927, 0.0 ], [ 100.42949400600007, -0.92421313899996, 0.0 ], [ 100.429609488000025, -0.924195678999936, 0.0 ], [ 100.429694299000033, -0.924013953999911, 0.0 ], [ 100.430049926000052, -0.924046928999886, 0.0 ], [ 100.430048045, -0.92392436699987, 0.0 ], [ 100.430082987000034, -0.923924679999985, 0.0 ], [ 100.430076993000071, -0.923809920999904, 0.0 ], [ 100.43012301400006, -0.923806930999923, 0.0 ], [ 100.430037514, -0.922971756999921, 0.0 ], [ 100.43008659700007, -0.922932426999953, 0.0 ], [ 100.430194330000106, -0.922866753999937, 0.0 ], [ 100.430231343000059, -0.922816369999943, 0.0 ], [ 100.430533395000097, -0.922719815999859, 0.0 ], [ 100.430676746000046, -0.922709811999919, 0.0 ], [ 100.430936231000032, -0.922615203999907, 0.0 ], [ 100.431065368000048, -0.922632104999884, 0.0 ], [ 100.431320719000041, -0.922582469999952, 0.0 ], [ 100.431358582000072, -0.922525252999925, 0.0 ], [ 100.431385237000057, -0.922382510999928, 0.0 ], [ 100.431384768000015, -0.922049955999945, 0.0 ], [ 100.43132574400002, -0.92191225199992, 0.0 ], [ 100.431314412000049, -0.921892574999891, 0.0 ], [ 100.431321612000033, -0.921873925999947, 0.0 ], [ 100.431396751000122, -0.9218293509999, 0.0 ], [ 100.431441653, -0.921740174999982, 0.0 ], [ 100.431445214000036, -0.92164603499992, 0.0 ], [ 100.431393365000105, -0.921572191999939, 0.0 ], [ 100.431391915000077, -0.921546847999885, 0.0 ], [ 100.431501492000081, -0.921422304999972, 0.0 ], [ 100.431711768000071, -0.921353325999949, 0.0 ], [ 100.431741093000099, -0.921309027999925, 0.0 ], [ 100.431750857000011, -0.921264735999902, 0.0 ], [ 100.431843753000066, -0.921189243999962, 0.0 ], [ 100.431878412000088, -0.921125874999959, 0.0 ], [ 100.431824324000061, -0.921042979999939, 0.0 ], [ 100.431826894, -0.920818298999912, 0.0 ], [ 100.431742801000055, -0.920691753999922, 0.0 ], [ 100.431695053000013, -0.920585670999937, 0.0 ], [ 100.431575775000098, -0.920534451999963, 0.0 ], [ 100.431557800000036, -0.920523451999941, 0.0 ], [ 100.431537464000129, -0.920478646999875, 0.0 ], [ 100.431526505000107, -0.920425976999958, 0.0 ], [ 100.431674051000059, -0.920238231999967, 0.0 ], [ 100.431688055000066, -0.920133013999877, 0.0 ], [ 100.431630285000082, -0.920071793999963, 0.0 ], [ 100.431769141000103, -0.919952391999942, 0.0 ], [ 100.431825655000083, -0.919864739999973, 0.0 ], [ 100.431987143000029, -0.919758407999968, 0.0 ], [ 100.432010417000086, -0.919703701999882, 0.0 ], [ 100.432009098000066, -0.919623707999925, 0.0 ], [ 100.432023180000073, -0.919542860999986, 0.0 ], [ 100.432055726000016, -0.91947729999989, 0.0 ], [ 100.432083906000045, -0.919352749999977, 0.0 ], [ 100.432159577000078, -0.919241538999923, 0.0 ], [ 100.432181066000084, -0.919123904999871, 0.0 ], [ 100.432216413000077, -0.919048054999902, 0.0 ], [ 100.432198252, -0.91888725799992, 0.0 ], [ 100.432208945000085, -0.91883180699995, 0.0 ], [ 100.432276264000052, -0.918743986999967, 0.0 ], [ 100.432559802000071, -0.918131825999943, 0.0 ], [ 100.432596654000093, -0.918096899999984, 0.0 ], [ 100.432670407000074, -0.918138327999948, 0.0 ], [ 100.432791885000086, -0.918221194999877, 0.0 ], [ 100.432850501000047, -0.918378278999906, 0.0 ], [ 100.432954559000052, -0.918513911999938, 0.0 ], [ 100.43306964100006, -0.918592041999919, 0.0 ], [ 100.433011419000039, -0.918781789999986, 0.0 ], [ 100.432972901000056, -0.918995601999914, 0.0 ], [ 100.432935455000063, -0.919161687999978, 0.0 ], [ 100.43294674800002, -0.919261704999904, 0.0 ], [ 100.432891903000012, -0.919488483999928, 0.0 ], [ 100.433024419000049, -0.919670785999912, 0.0 ], [ 100.43313940700007, -0.919599432999959, 0.0 ], [ 100.433305532000048, -0.9195783239999, 0.0 ], [ 100.433315984000018, -0.919564292999894, 0.0 ], [ 100.433341512000084, -0.919483625999881, 0.0 ], [ 100.433437912000073, -0.919418125999879, 0.0 ], [ 100.43345584900004, -0.919338917999898, 0.0 ], [ 100.433474341000064, -0.919341476999932, 0.0 ], [ 100.433548330000065, -0.919397263999929, 0.0 ], [ 100.433592323000056, -0.919388905999948, 0.0 ], [ 100.433666248000051, -0.919284299999909, 0.0 ], [ 100.433692416999989, -0.919230921999933, 0.0 ], [ 100.43360151100002, -0.919140544999916, 0.0 ], [ 100.433601502000016, -0.919117178999937, 0.0 ], [ 100.433749887000033, -0.919028734999902, 0.0 ], [ 100.433760442000022, -0.918972714999885, 0.0 ], [ 100.433744382000029, -0.918820799999928, 0.0 ], [ 100.433762373, -0.918800670999861, 0.0 ], [ 100.433876382000022, -0.918837850999918, 0.0 ], [ 100.433958183000044, -0.918791049999864, 0.0 ], [ 100.433869899000015, -0.918541084999966, 0.0 ], [ 100.433906019000077, -0.918286673999877, 0.0 ], [ 100.433764249000077, -0.917912346999902, 0.0 ], [ 100.433849880000054, -0.917649184999977, 0.0 ], [ 100.434175820000021, -0.917191058999908, 0.0 ], [ 100.434351062000047, -0.916666665999951, 0.0 ], [ 100.434359574000041, -0.916623808999869, 0.0 ], [ 100.434367468000062, -0.916560688999887, 0.0 ], [ 100.434369877000094, -0.916490790999877, 0.0 ], [ 100.434366116000049, -0.916364319999893, 0.0 ], [ 100.434358777000057, -0.916290178999887, 0.0 ], [ 100.434353831000095, -0.916160680999919, 0.0 ], [ 100.43436113000007, -0.916078253999938, 0.0 ], [ 100.434379361000069, -0.915963044999909, 0.0 ], [ 100.434391544000022, -0.915902717999892, 0.0 ], [ 100.434403682000038, -0.915789962999888, 0.0 ], [ 100.434409727000101, -0.915672057999902, 0.0 ], [ 100.434396289000048, -0.915595848999903, 0.0 ], [ 100.434374335000101, -0.915535193999947, 0.0 ], [ 100.434316969000065, -0.91542525499991, 0.0 ], [ 100.434256570000045, -0.915312209999971, 0.0 ], [ 100.434241923000073, -0.915246647999876, 0.0 ], [ 100.434240687000056, -0.915172243999937, 0.0 ], [ 100.43425281, -0.915020270999886, 0.0 ], [ 100.434264908000017, -0.914769771999943, 0.0 ], [ 100.434275844000041, -0.914659870999909, 0.0 ], [ 100.43428125500013, -0.91448192799993, 0.0 ], [ 100.434272656000033, -0.914396989999918, 0.0 ], [ 100.434258617000026, -0.914325912999988, 0.0 ], [ 100.434239706000071, -0.914257905999868, 0.0 ], [ 100.434204242000064, -0.914165582999956, 0.0 ], [ 100.434165835000087, -0.914093902999976, 0.0 ], [ 100.434115196000064, -0.914008482999925, 0.0 ], [ 100.434103248000056, -0.913982505999908, 0.0 ], [ 100.434083590000029, -0.91391216699995, 0.0 ], [ 100.4340823080001, -0.913775170999894, 0.0 ], [ 100.434095751000058, -0.913561112999947, 0.0 ], [ 100.434105530000068, -0.913471013999864, 0.0 ], [ 100.434154595000038, -0.913436436999934, 0.0 ], [ 100.434198755000054, -0.913411734999933, 0.0 ], [ 100.434231882000034, -0.913409253999905, 0.0 ], [ 100.434299367000023, -0.913416630999894, 0.0 ], [ 100.43435090600012, -0.913433889, 0.0 ], [ 100.43440613000007, -0.913463486999952, 0.0 ], [ 100.434462578000122, -0.913484445999909, 0.0 ], [ 100.434508518000101, -0.913491239999939, 0.0 ], [ 100.434564413000018, -0.913488773999912, 0.0 ], [ 100.434688540000082, -0.91347395799993, 0.0 ], [ 100.434764073000025, -0.913468027999972, 0.0 ], [ 100.434815625000027, -0.913470124999879, 0.0 ], [ 100.434871392000019, -0.913482800999862, 0.0 ], [ 100.434948207000062, -0.91351557799991, 0.0 ], [ 100.435049233000072, -0.913576919999922, 0.0 ], [ 100.435204352000127, -0.913656792999959, 0.0 ], [ 100.435296020000067, -0.913692504999982, 0.0 ], [ 100.435428839000039, -0.913730083999894, 0.0 ], [ 100.435470003000077, -0.913760170999986, 0.0 ], [ 100.43554858600001, -0.913814703999879, 0.0 ], [ 100.435584118000108, -0.913797755999898, 0.0 ], [ 100.435655180000126, -0.91375256899989, 0.0 ], [ 100.435722504000097, -0.913718675999927, 0.0 ], [ 100.43576793900003, -0.913684500999942, 0.0 ], [ 100.43582896300002, -0.913611301999925, 0.0 ], [ 100.435890070000099, -0.913522086999915, 0.0 ], [ 100.435977055000109, -0.913396608999925, 0.0 ], [ 100.436040766000048, -0.913282427999892, 0.0 ], [ 100.436169432000042, -0.913437874999875, 0.0 ], [ 100.436227910000085, -0.913490118999935, 0.0 ], [ 100.436273421000024, -0.913603783999925, 0.0 ], [ 100.436287864000064, -0.913646116999875, 0.0 ], [ 100.43636715600006, -0.913774143999898, 0.0 ], [ 100.436445130000024, -0.913856432999957, 0.0 ], [ 100.436545086000123, -0.913930965999906, 0.0 ], [ 100.436625398000018, -0.913975400999941, 0.0 ], [ 100.436721943000094, -0.914015291999867, 0.0 ], [ 100.436816905000057, -0.914045260999949, 0.0 ], [ 100.436876796000035, -0.914061898999904, 0.0 ], [ 100.437022061000064, -0.914082347999909, 0.0 ], [ 100.437092583000037, -0.914091307999939, 0.0 ], [ 100.437206630000063, -0.914103047999934, 0.0 ], [ 100.437202742000096, -0.914150192999927, 0.0 ], [ 100.437200470000079, -0.914243916999954, 0.0 ], [ 100.437205190000029, -0.914327199999917, 0.0 ], [ 100.437212246000072, -0.914392411999895, 0.0 ], [ 100.437224795000049, -0.914445399999927, 0.0 ], [ 100.437238868000065, -0.914479964999945, 0.0 ], [ 100.437287324000067, -0.914544374999945, 0.0 ], [ 100.437321707000081, -0.914582858999932, 0.0 ], [ 100.437362470000068, -0.914611268999973, 0.0 ], [ 100.437446848000036, -0.914657592999898, 0.0 ], [ 100.437499192000104, -0.91468350099991, 0.0 ], [ 100.437545282000102, -0.914690553999961, 0.0 ], [ 100.437598434000051, -0.914684118999961, 0.0 ], [ 100.437655480000075, -0.91465356599992, 0.0 ], [ 100.437780495000112, -0.914568030999948, 0.0 ], [ 100.437870307000082, -0.914499605999882, 0.0 ], [ 100.437941916000057, -0.914450728999924, 0.0 ], [ 100.438035476000067, -0.914390528999917, 0.0 ], [ 100.438125296000038, -0.914337980999921, 0.0 ], [ 100.438213902000086, -0.91429275999991, 0.0 ], [ 100.438284542000076, -0.914255684999951, 0.0 ], [ 100.438380439000099, -0.914216566999912, 0.0 ], [ 100.438475121000025, -0.914185998999869, 0.0 ], [ 100.438531677000086, -0.914166130999913, 0.0 ], [ 100.438565726000064, -0.914157553999914, 0.0 ], [ 100.438677350000063, -0.914150846999981, 0.0 ], [ 100.43874167900006, -0.914154627999938, 0.0 ], [ 100.438826829000092, -0.914189799999917, 0.0 ], [ 100.439193101000015, -0.914227945999876, 0.0 ], [ 100.439258111000072, -0.914224439999941, 0.0 ], [ 100.439323055000017, -0.914208545999958, 0.0 ], [ 100.439375931000043, -0.914179592999961, 0.0 ], [ 100.439439385000057, -0.914129337999888, 0.0 ], [ 100.43949373300002, -0.914078118999914, 0.0 ], [ 100.439537666000021, -0.914014101999946, 0.0 ], [ 100.439568876000024, -0.91395474599992, 0.0 ], [ 100.439590828000064, -0.913890737999953, 0.0 ], [ 100.439608342, -0.913805171999979, 0.0 ], [ 100.439633760000063, -0.913727199999922, 0.0 ], [ 100.439674215000124, -0.913648059999947, 0.0 ], [ 100.439701956000107, -0.913595684999965, 0.0 ], [ 100.439738025000068, -0.913559052999954, 0.0 ], [ 100.439800475000084, -0.913515974999942, 0.0 ], [ 100.439868713000052, -0.913485693999924, 0.0 ], [ 100.439940427000039, -0.913471700999921, 0.0 ], [ 100.440099282000034, -0.913456398999898, 0.0 ], [ 100.440192978000056, -0.913448216999932, 0.0 ], [ 100.440305177000099, -0.913430716999905, 0.0 ], [ 100.440394542000035, -0.913419017999914, 0.0 ], [ 100.44049864800003, -0.913413155999873, 0.0 ], [ 100.440677105000063, -0.913410773999942, 0.0 ], [ 100.440780059000048, -0.913409569999931, 0.0 ], [ 100.440867964000034, -0.913386261999957, 0.0 ], [ 100.440935044000085, -0.913354817999931, 0.0 ], [ 100.441027654000024, -0.913284844999914, 0.0 ], [ 100.441167780000072, -0.913175203, 0.0 ], [ 100.441226808000067, -0.91310814999995, 0.0 ], [ 100.441282932, -0.913018765999926, 0.0 ], [ 100.441338045000037, -0.912946844999926, 0.0 ], [ 100.441372747000059, -0.912906771999896, 0.0 ], [ 100.441469826000102, -0.912838734999951, 0.0 ], [ 100.441529038000027, -0.912808923999883, 0.0 ], [ 100.441588254000038, -0.912788358999869, 0.0 ], [ 100.441711945000065, -0.912753255999984, 0.0 ], [ 100.441822533000064, -0.912729484999883, 0.0 ], [ 100.441944716000052, -0.912717750999889, 0.0 ], [ 100.442216350000052, -0.912697422999894, 0.0 ], [ 100.44217767400005, -0.912627462999968, 0.0 ], [ 100.442158020000107, -0.912564174999883, 0.0 ], [ 100.442150257, -0.912477787999929, 0.0 ], [ 100.442156226000051, -0.912375846999932, 0.0 ], [ 100.442194881000049, -0.912288092999955, 0.0 ], [ 100.442226645000105, -0.912256979999956, 0.0 ], [ 100.442265283000012, -0.912233638999979, 0.0 ], [ 100.4422824480001, -0.912204259999946, 0.0 ], [ 100.442288447000067, -0.912168836999946, 0.0 ], [ 100.44228928400004, -0.912117002999921, 0.0 ], [ 100.442283230000072, -0.912002201999925, 0.0 ], [ 100.442282323000086, -0.911880392999883, 0.0 ], [ 100.442285731000112, -0.911811279999938, 0.0 ], [ 100.442299443000081, -0.911736977999919, 0.0 ], [ 100.442311424000096, -0.91162416399991, 0.0 ], [ 100.442311392000093, -0.911543822999924, 0.0 ], [ 100.442302774000012, -0.91146780299994, 0.0 ], [ 100.44228299600006, -0.911409066999965, 0.0 ], [ 100.442265766000048, -0.911326465999881, 0.0 ], [ 100.442261443000049, -0.911258219999919, 0.0 ], [ 100.442264849000068, -0.911183059999917, 0.0 ], [ 100.442270826000112, -0.911094939999909, 0.0 ], [ 100.442268205000076, -0.911011620999943, 0.0 ], [ 100.442255284000069, -0.910915734999914, 0.0 ], [ 100.442216520000059, -0.910854046999873, 0.0 ], [ 100.442183012000044, -0.910819505999946, 0.0 ], [ 100.442138344000085, -0.910797925999937, 0.0 ], [ 100.442086812000085, -0.910790172999917, 0.0 ], [ 100.442043870000077, -0.910791052, 0.0 ], [ 100.44201209800012, -0.910799704999906, 0.0 ], [ 100.441977755000025, -0.910824771999938, 0.0 ], [ 100.441938250000049, -0.910826513999904, 0.0 ], [ 100.441897017000102, -0.910809254999897, 0.0 ], [ 100.441867804000083, -0.910771254999862, 0.0 ], [ 100.441844596000024, -0.91072461299991, 0.0 ], [ 100.44182302900002, -0.91060689499994, 0.0 ], [ 100.441816106000061, -0.910479904999914, 0.0 ], [ 100.441825472000033, -0.910291185999931, 0.0 ], [ 100.441836557000073, -0.910105041999895, 0.0 ], [ 100.441840812000066, -0.910009147999954, 0.0 ], [ 100.441835602000083, -0.90986704399992, 0.0 ], [ 100.441836424000059, -0.909757842999944, 0.0 ], [ 100.441856138000091, -0.909660214999949, 0.0 ], [ 100.441856978000075, -0.909611837999943, 0.0 ], [ 100.441841476000036, -0.909496329999978, 0.0 ], [ 100.441815687000116, -0.909437595999915, 0.0 ], [ 100.441777016000032, -0.909375409999921, 0.0 ], [ 100.441661033000017, -0.909266606999889, 0.0 ], [ 100.44155595600003, -0.909175571999906, 0.0 ], [ 100.441470901000102, -0.909096126999906, 0.0 ], [ 100.441419359000093, -0.90906159099989, 0.0 ], [ 100.441315416000023, -0.909001161999864, 0.0 ], [ 100.441246292000073, -0.908952536999927, 0.0 ], [ 100.441193889, -0.908912817999926, 0.0 ], [ 100.441137189000116, -0.908868781999924, 0.0 ], [ 100.441091541000063, -0.90882352899991, 0.0 ], [ 100.441070055000068, -0.908783798999909, 0.0 ], [ 100.441064885000074, -0.908739741999906, 0.0 ], [ 100.441066583000037, -0.908693091999954, 0.0 ], [ 100.441079491000039, -0.908641478999858, 0.0 ], [ 100.441109530000048, -0.90859308899994, 0.0 ], [ 100.441149025000115, -0.90856542899996, 0.0 ], [ 100.441217716000025, -0.908529117999887, 0.0 ], [ 100.441366263000063, -0.908454763999952, 0.0 ], [ 100.441534920000066, -0.908373092999945, 0.0 ], [ 100.441646542000072, -0.908306529999944, 0.0 ], [ 100.441777905, -0.908212310999875, 0.0 ], [ 100.441911963000095, -0.908108450999986, 0.0 ], [ 100.441967768, -0.908061777999944, 0.0 ], [ 100.442008108000053, -0.90800042599993, 0.0 ], [ 100.442027973, -0.907956045999899, 0.0 ], [ 100.442047693000035, -0.907873104999965, 0.0 ], [ 100.442061416000016, -0.907795920999884, 0.0 ], [ 100.442093136000068, -0.9075406259999, 0.0 ], [ 100.442114564000065, -0.907433495999918, 0.0 ], [ 100.442148097000086, -0.907332790999934, 0.0 ], [ 100.442197860000121, -0.907209232999925, 0.0 ], [ 100.442227037000052, -0.907153068999897, 0.0 ], [ 100.442239974000046, -0.907090403999952, 0.0 ], [ 100.442243383000061, -0.907022155999901, 0.0 ], [ 100.442230473000066, -0.906953047999867, 0.0 ], [ 100.442202112000118, -0.906902088999914, 0.0 ], [ 100.442158226000032, -0.906844550999949, 0.0 ], [ 100.442104092000093, -0.906772871999969, 0.0 ], [ 100.442090335000017, -0.906734864999933, 0.0 ], [ 100.442084308000048, -0.906695127999932, 0.0 ], [ 100.442089448000033, -0.906657978999878, 0.0 ], [ 100.44210917500007, -0.906591449999969, 0.0 ], [ 100.442140098000053, -0.906494259999921, 0.0 ], [ 100.442146092000101, -0.906451063999899, 0.0 ], [ 100.442142641, -0.906409598999932, 0.0 ], [ 100.44212973900008, -0.906357769999907, 0.0 ], [ 100.442102179000102, -0.906305497999934, 0.0 ], [ 100.442059216000104, -0.906248499999926, 0.0 ], [ 100.442005950000052, -0.906202734999958, 0.0 ], [ 100.441944098000079, -0.906162156999887, 0.0 ], [ 100.441885682000049, -0.906122440999976, 0.0 ], [ 100.441829885000047, -0.90607118999991, 0.0 ], [ 100.44178450900003, -0.906024832999893, 0.0 ], [ 100.441748056000023, -0.905979220999939, 0.0 ], [ 100.441709196, -0.905913587999926, 0.0 ], [ 100.441674966000022, -0.905846282999953, 0.0 ], [ 100.441626579000015, -0.905713162999952, 0.0 ], [ 100.441609457000112, -0.905664551999926, 0.0 ], [ 100.441597476000098, -0.905594498999903, 0.0 ], [ 100.441597442, -0.90550848099998, 0.0 ], [ 100.44160931400009, -0.905442655999952, 0.0 ], [ 100.441611521000098, -0.905384311999921, 0.0 ], [ 100.441604029000104, -0.905320088999936, 0.0 ], [ 100.441578703000047, -0.905209398999926, 0.0 ], [ 100.441531073000107, -0.905108440999921, 0.0 ], [ 100.441490898000069, -0.905053853999934, 0.0 ], [ 100.441429160000027, -0.905001520999956, 0.0 ], [ 100.441362131000076, -0.904943781999975, 0.0 ], [ 100.441280314000053, -0.904888463999928, 0.0 ], [ 100.441184831000058, -0.904832842999944, 0.0 ], [ 100.441112685000036, -0.904784252999921, 0.0 ], [ 100.441060558000075, -0.904731592999916, 0.0 ], [ 100.44105254800003, -0.904718721999917, 0.0 ], [ 100.441050925000084, -0.904711308999925, 0.0 ], [ 100.441050741000069, -0.904699373999915, 0.0 ], [ 100.441053790000055, -0.904677669999895, 0.0 ], [ 100.441059178000046, -0.904662195999947, 0.0 ], [ 100.441082352000109, -0.904614079999874, 0.0 ], [ 100.441113128000069, -0.904548744999886, 0.0 ], [ 100.44117126, -0.904433900999887, 0.0 ], [ 100.441286941000072, -0.904267449999971, 0.0 ], [ 100.441356859000081, -0.904158527999929, 0.0 ], [ 100.44142431300007, -0.904054608999946, 0.0 ], [ 100.441480837000128, -0.90397807999992, 0.0 ], [ 100.441543865000099, -0.903902201999859, 0.0 ], [ 100.441655714000021, -0.903793467999922, 0.0 ], [ 100.441738886000067, -0.903707119999972, 0.0 ], [ 100.441823470000045, -0.903610620999892, 0.0 ], [ 100.441864404000057, -0.903558945999968, 0.0 ], [ 100.441884538000039, -0.90351447199993, 0.0 ], [ 100.44190407300006, -0.903454615999951, 0.0 ], [ 100.441928095, -0.903377445999961, 0.0 ], [ 100.441952783, -0.903336896999981, 0.0 ], [ 100.44199242100008, -0.903299607999916, 0.0 ], [ 100.442081712000103, -0.903256063999955, 0.0 ], [ 100.442127175000039, -0.90324181699993, 0.0 ], [ 100.442196886000033, -0.903229593999896, 0.0 ], [ 100.442292866000074, -0.903217359999861, 0.0 ], [ 100.44232923900006, -0.903216328999953, 0.0 ], [ 100.442329222000069, -0.903174656999969, 0.0 ], [ 100.442321095000096, -0.903060831999877, 0.0 ], [ 100.442322071, -0.902978506999904, 0.0 ], [ 100.442327183000074, -0.902952666999898, 0.0 ], [ 100.442346366000066, -0.902918103999969, 0.0 ], [ 100.442373621000101, -0.902853047999916, 0.0 ], [ 100.442389778000106, -0.902828647999939, 0.0 ], [ 100.442409979000089, -0.902813394999921, 0.0 ], [ 100.442434228000053, -0.902810334999934, 0.0 ], [ 100.442457468000015, -0.902811342999929, 0.0 ], [ 100.442496869000081, -0.902809295999937, 0.0 ], [ 100.442527177000017, -0.902799119999894, 0.0 ], [ 100.442568947, -0.902772424999906, 0.0 ], [ 100.442616419000018, -0.902733784999906, 0.0 ], [ 100.44263863400009, -0.902701252999968, 0.0 ], [ 100.442649238000072, -0.902672440999893, 0.0 ], [ 100.44265078200003, -0.902661146999936, 0.0 ], [ 100.442648454, -0.902647907999906, 0.0 ], [ 100.442635668000023, -0.902617149999937, 0.0 ], [ 100.442635266000067, -0.902582881999944, 0.0 ], [ 100.442635650000014, -0.902572367999873, 0.0 ], [ 100.442642998000096, -0.902541015999944, 0.0 ], [ 100.442643767000064, -0.902527385999971, 0.0 ], [ 100.442643375000031, -0.902512589999901, 0.0 ], [ 100.442641045000101, -0.902498571999896, 0.0 ], [ 100.442640655000076, -0.902488058999914, 0.0 ], [ 100.442641424000044, -0.902474428999941, 0.0 ], [ 100.442643743000062, -0.902465860999943, 0.0 ], [ 100.442650322000077, -0.902457680999888, 0.0 ], [ 100.442659998000082, -0.902454561999896, 0.0 ], [ 100.442670450000051, -0.902452608999912, 0.0 ], [ 100.442678579000102, -0.902448713999945, 0.0 ], [ 100.442682059000035, -0.902444427999946, 0.0 ], [ 100.442683219000045, -0.902438195999874, 0.0 ], [ 100.442682494000067, -0.902415337999937, 0.0 ], [ 100.442684038000024, -0.902402097999907, 0.0 ], [ 100.442687905000071, -0.90239080299995, 0.0 ], [ 100.442696803000018, -0.902376392999912, 0.0 ], [ 100.44270879900003, -0.90236743099997, 0.0 ], [ 100.442720412000099, -0.902363142999882, 0.0 ], [ 100.442746736000061, -0.902363132999881, 0.0 ], [ 100.442777323000101, -0.902372853999974, 0.0 ], [ 100.442787775000085, -0.902372849999885, 0.0 ], [ 100.442797453000082, -0.90237206899991, 0.0 ], [ 100.442843324000052, -0.902359538999939, 0.0 ], [ 100.44287158200008, -0.902357970999898, 0.0 ], [ 100.442887454000072, -0.902359133999905, 0.0 ], [ 100.44294591900011, -0.902380915999931, 0.0 ], [ 100.442983634000115, -0.902398973999915, 0.0 ], [ 100.443016162000063, -0.902421157999886, 0.0 ], [ 100.443026614000033, -0.902425436999973, 0.0 ], [ 100.443033970000016, -0.902425433999884, 0.0 ], [ 100.443041324, -0.902423872999933, 0.0 ], [ 100.44304442, -0.902418420999926, 0.0 ], [ 100.443044802000031, -0.902408295999976, 0.0 ], [ 100.443042475000098, -0.902393888999939, 0.0 ], [ 100.443027365, -0.902362351999905, 0.0 ], [ 100.443009160000102, -0.902337826999918, 0.0 ], [ 100.44297178600003, -0.902301689999948, 0.0 ], [ 100.442951027000092, -0.902286160999907, 0.0 ], [ 100.442919648000071, -0.902266270999949, 0.0 ], [ 100.442900819000016, -0.902251712999899, 0.0 ], [ 100.442881028000073, -0.902239584999961, 0.0 ], [ 100.442866545000115, -0.902226481999943, 0.0 ], [ 100.442856403000079, -0.902210951999901, 0.0 ], [ 100.442851084000083, -0.902188621999919, 0.0 ], [ 100.442851076000082, -0.902166290999936, 0.0 ], [ 100.442845255000037, -0.902116052999865, 0.0 ], [ 100.442834144000102, -0.902088871999926, 0.0 ], [ 100.442810483000088, -0.9020563539999, 0.0 ], [ 100.442772790000078, -0.901994799999958, 0.0 ], [ 100.442766507, -0.901976353999942, 0.0 ], [ 100.442766502000012, -0.901962759999883, 0.0 ], [ 100.442769874000106, -0.901948195999921, 0.0 ], [ 100.442813764, -0.901873414999951, 0.0 ], [ 100.442843863000107, -0.901837555999915, 0.0 ], [ 100.442847468000039, -0.901804484999932, 0.0 ], [ 100.442854053000062, -0.901787500999948, 0.0 ], [ 100.44286621100008, -0.901769638999891, 0.0 ], [ 100.442880998000064, -0.901753757999909, 0.0 ], [ 100.44293271, -0.901706597999915, 0.0 ], [ 100.442991215000035, -0.90167218199991, 0.0 ], [ 100.443038651000052, -0.901645568999928, 0.0 ], [ 100.443065927000092, -0.90161910199987, 0.0 ], [ 100.443090966000028, -0.901596847999894, 0.0 ], [ 100.443105428000067, -0.901588903999947, 0.0 ], [ 100.443151446000059, -0.901570366999923, 0.0 ], [ 100.443192866000018, -0.901557784999948, 0.0 ], [ 100.443214563000041, -0.901553806999974, 0.0 ], [ 100.443234946000047, -0.901552475999953, 0.0 ], [ 100.443253028000029, -0.901555445999932, 0.0 ], [ 100.443280976000025, -0.901563702, 0.0 ], [ 100.443306771000039, -0.901584573999944, 0.0 ], [ 100.443319269000085, -0.901597134999918, 0.0 ], [ 100.443328478000055, -0.901605068999952, 0.0 ], [ 100.44333571200012, -0.901609362999952, 0.0 ], [ 100.443346562000045, -0.901610683999884, 0.0 ], [ 100.443356753000089, -0.901610347999945, 0.0 ], [ 100.44336562700002, -0.901606044999944, 0.0 ], [ 100.443375488000029, -0.901597773999882, 0.0 ], [ 100.44338336900006, -0.901578920999921, 0.0 ], [ 100.443405751000057, -0.901494187999926, 0.0 ], [ 100.443427813000099, -0.901401816999922, 0.0 ], [ 100.443439140000066, -0.901328395999887, 0.0 ], [ 100.443447365000026, -0.901258329999951, 0.0 ], [ 100.443460743000074, -0.901141793999901, 0.0 ], [ 100.443470029000039, -0.901079327999973, 0.0 ], [ 100.443470536000078, -0.901057011, 0.0 ], [ 100.443466401000094, -0.901038328999956, 0.0 ], [ 100.44345039300002, -0.901002006999882, 0.0 ], [ 100.443436972000057, -0.900984365999932, 0.0 ], [ 100.4434116420001, -0.900959195999981, 0.0 ], [ 100.44338996500008, -0.9009410409999, 0.0 ], [ 100.443366742000109, -0.900926516999942, 0.0 ], [ 100.443345583000053, -0.900910436999943, 0.0 ], [ 100.443289332000106, -0.90087724299995, 0.0 ], [ 100.44326456, -0.900860125999955, 0.0 ], [ 100.443225333000044, -0.90082225599993, 0.0 ], [ 100.443158085000078, -0.900757107999869, 0.0 ], [ 100.443088408000079, -0.900690703999881, 0.0 ], [ 100.443003100000041, -0.900620517999936, 0.0 ], [ 100.442974715, -0.900596654999916, 0.0 ], [ 100.442946777, -0.900566875999939, 0.0 ], [ 100.442936969000073, -0.90055234699998, 0.0 ], [ 100.442935415000036, -0.90053885399993, 0.0 ], [ 100.442935408000039, -0.900521727999934, 0.0 ], [ 100.44293850000011, -0.900511346999963, 0.0 ], [ 100.442974605000089, -0.900482268999955, 0.0 ], [ 100.442977699000068, -0.900469142999935, 0.0 ], [ 100.442974598, -0.900455649999973, 0.0 ], [ 100.442965303000022, -0.900436451999894, 0.0 ], [ 100.442952732000052, -0.900421209999877, 0.0 ], [ 100.442923661000037, -0.900391175999967, 0.0 ], [ 100.442904762000083, -0.90037581799994, 0.0 ], [ 100.442883048000056, -0.900363693999914, 0.0 ], [ 100.442829571000075, -0.900342281999919, 0.0 ], [ 100.442794188000079, -0.900332994999861, 0.0 ], [ 100.442720615000027, -0.900320890999925, 0.0 ], [ 100.442700109000015, -0.9003120039999, 0.0 ], [ 100.442688786000062, -0.900305836999923, 0.0 ], [ 100.442677123000067, -0.900293304999952, 0.0 ], [ 100.442669880000011, -0.900276727999913, 0.0 ], [ 100.442667056000033, -0.90025367899996, 0.0 ], [ 100.442668252000047, -0.900224561999948, 0.0 ], [ 100.442677045000067, -0.900149106999923, 0.0 ], [ 100.44268385, -0.90007226999996, 0.0 ], [ 100.442684640000067, -0.900040905999941, 0.0 ], [ 100.442678180000073, -0.899974183999927, 0.0 ], [ 100.442653160000049, -0.899856155999931, 0.0 ], [ 100.442647115000071, -0.899820571999918, 0.0 ], [ 100.442649100000068, -0.899758292999916, 0.0 ], [ 100.442639396000061, -0.899625791999878, 0.0 ], [ 100.44262671400007, -0.89949140899995, 0.0 ], [ 100.442617677000044, -0.899391858999884, 0.0 ], [ 100.442617658000032, -0.899341175999954, 0.0 ], [ 100.442622125000057, -0.899252062999953, 0.0 ], [ 100.442617593000122, -0.899171516999949, 0.0 ], [ 100.442610379000058, -0.899126266999936, 0.0 ], [ 100.442600465000041, -0.899089165999886, 0.0 ], [ 100.442577882000123, -0.899040760999966, 0.0 ], [ 100.44253736800006, -0.898971088999886, 0.0 ], [ 100.442495954, -0.8989068489999, 0.0 ], [ 100.4424391310001, -0.898843161999871, 0.0 ], [ 100.442390514000067, -0.898761727999972, 0.0 ], [ 100.442374295000064, -0.898699285999957, 0.0 ], [ 100.44236978000005, -0.898660371999934, 0.0 ], [ 100.442367031000089, -0.898535019999954, 0.0 ], [ 100.442357107000063, -0.898469859999981, 0.0 ], [ 100.442329344000072, -0.898371516999926, 0.0 ], [ 100.442297517000014, -0.898261154999943, 0.0 ], [ 100.442281103000084, -0.89820171799991, 0.0 ], [ 100.442277366000042, -0.898147273999935, 0.0 ], [ 100.442280012000083, -0.898129123999944, 0.0 ], [ 100.442290104000023, -0.898106995999978, 0.0 ], [ 100.442311319000098, -0.898078163, 0.0 ], [ 100.442331475000074, -0.89805787199991, 0.0 ], [ 100.442375561000077, -0.898021926999956, 0.0 ], [ 100.442414805000041, -0.897961060999894, 0.0 ], [ 100.442426987000076, -0.897903939999875, 0.0 ], [ 100.442434096000042, -0.897857044, 0.0 ], [ 100.442432255000057, -0.897838605999887, 0.0 ], [ 100.442425832000069, -0.897817404999909, 0.0 ], [ 100.442404731000096, -0.897762101999952, 0.0 ], [ 100.44236529100003, -0.897680069999915, 0.0 ], [ 100.442353369000017, -0.897659792999924, 0.0 ], [ 100.442312108000067, -0.89760726399993, 0.0 ], [ 100.44225343, -0.897547363999948, 0.0 ], [ 100.442260764000082, -0.897553813999949, 0.0 ], [ 100.442222792000052, -0.89751745599996, 0.0 ], [ 100.442188873000092, -0.897489812999893, 0.0 ], [ 100.442136621000031, -0.897456645, 0.0 ], [ 100.442068783000096, -0.897408734999935, 0.0 ], [ 100.441997274000045, -0.89734330999994, 0.0 ], [ 100.441976031000067, -0.897324489999892, 0.0 ], [ 100.441928352000019, -0.897266430999885, 0.0 ], [ 100.441903591000113, -0.897225878999905, 0.0 ], [ 100.441886163000092, -0.897185322999924, 0.0 ], [ 100.441860463000097, -0.897085769999947, 0.0 ], [ 100.44184209000008, -0.896981171999908, 0.0 ], [ 100.441817312000069, -0.896892681999869, 0.0 ], [ 100.441805384000062, -0.896860421999953, 0.0 ], [ 100.441776033000039, -0.896799587999983, 0.0 ], [ 100.441738295000022, -0.896735535999923, 0.0 ], [ 100.441694280000021, -0.896671021999914, 0.0 ], [ 100.441647523000057, -0.89662863499996, 0.0 ], [ 100.441591094, -0.896577609999913, 0.0 ], [ 100.441537138000072, -0.896526993999899, 0.0 ], [ 100.441496673000103, -0.896486320999909, 0.0 ], [ 100.441466095000052, -0.896450162999937, 0.0 ], [ 100.441417518000037, -0.896360663999904, 0.0 ], [ 100.441387625000047, -0.896294047999898, 0.0 ], [ 100.441360630000034, -0.896223527999926, 0.0 ], [ 100.441337229000055, -0.896147582999948, 0.0 ], [ 100.441310224000034, -0.896051743999923, 0.0 ], [ 100.441274134000068, -0.89590022999991, 0.0 ], [ 100.44125073, -0.895814336999909, 0.0 ], [ 100.441246253000074, -0.895771557999922, 0.0 ], [ 100.441247138000065, -0.895736290999935, 0.0 ], [ 100.441255210000108, -0.895691075999924, 0.0 ], [ 100.441306409000077, -0.895587070999934, 0.0 ], [ 100.441340659000076, -0.895531592999873, 0.0 ], [ 100.441390142000074, -0.895469884999919, 0.0 ], [ 100.441446753000051, -0.895414704999883, 0.0 ], [ 100.44150606400008, -0.895370372999945, 0.0 ], [ 100.441577057000089, -0.89531699499997, 0.0 ], [ 100.441641954000048, -0.895264169999951, 0.0 ], [ 100.441713837000037, -0.895184570999938, 0.0 ], [ 100.441737196000105, -0.89515381799988, 0.0 ], [ 100.441757855000034, -0.895109500999943, 0.0 ], [ 100.441776113000046, -0.895057411999986, 0.0 ], [ 100.441791225000046, -0.895000986999936, 0.0 ], [ 100.441799220000092, -0.894954417999902, 0.0 ], [ 100.441805492000071, -0.894888640999966, 0.0 ], [ 100.441787647000112, -0.894784767999898, 0.0 ], [ 100.441757034000062, -0.894666172999944, 0.0 ], [ 100.441839705000064, -0.894624488999959, 0.0 ], [ 100.441918630000018, -0.894586042999887, 0.0 ], [ 100.441973961000073, -0.894566194999932, 0.0 ], [ 100.442059991000079, -0.894545954999945, 0.0 ], [ 100.442152644000018, -0.894523735999883, 0.0 ], [ 100.442288696000091, -0.894474115999952, 0.0 ], [ 100.442363603000061, -0.894441948999955, 0.0 ], [ 100.442451141000021, -0.894397687999934, 0.0 ], [ 100.442508169000035, -0.89437234699988, 0.0 ], [ 100.44258281900008, -0.894324658999931, 0.0 ], [ 100.442662859000052, -0.894243194999941, 0.0 ], [ 100.442745531000043, -0.894137396999891, 0.0 ], [ 100.44278568900009, -0.89408133499996, 0.0 ], [ 100.442845973, -0.893981616999969, 0.0 ], [ 100.442883895000037, -0.893906698999899, 0.0 ], [ 100.442921799000061, -0.893809662999953, 0.0 ], [ 100.442944939000114, -0.893707203999913, 0.0 ], [ 100.442954766000042, -0.893634378999927, 0.0 ], [ 100.442969548000022, -0.893552223999968, 0.0 ], [ 100.442984524000011, -0.893455339999946, 0.0 ], [ 100.4429876680001, -0.893354155999923, 0.0 ], [ 100.442980217000098, -0.89328376199996, 0.0 ], [ 100.442974357000068, -0.893210169999911, 0.0 ], [ 100.442966900000073, -0.893131506999975, 0.0 ], [ 100.442972184000055, -0.893078708999958, 0.0 ], [ 100.44299231100004, -0.893030704999894, 0.0 ], [ 100.443032652000085, -0.892975458999942, 0.0 ], [ 100.443099951000065, -0.892893302999894, 0.0 ], [ 100.443121145000035, -0.892861832999866, 0.0 ], [ 100.443137195000034, -0.892833276, 0.0 ], [ 100.443146200000072, -0.892811408999869, 0.0 ], [ 100.443159957000049, -0.89274367299986, 0.0 ], [ 100.44316259900009, -0.892663501999888, 0.0 ], [ 100.443161004000046, -0.89264910399994, 0.0 ], [ 100.443139178000109, -0.892564275999938, 0.0 ], [ 100.443107063000028, -0.892464199999917, 0.0 ], [ 100.443093955, -0.892424037999881, 0.0 ], [ 100.443093291000039, -0.892401650999894, 0.0 ], [ 100.4430938900001, -0.892272217999931, 0.0 ], [ 100.44310696300002, -0.892220851999944, 0.0 ], [ 100.443129249, -0.892183706999891, 0.0 ], [ 100.443147570000093, -0.892161310999903, 0.0 ], [ 100.443204504, -0.892122438999884, 0.0 ], [ 100.443269949000097, -0.892078952999928, 0.0 ], [ 100.443320337, -0.892034815999917, 0.0 ], [ 100.443345975000085, -0.892006790999908, 0.0 ], [ 100.443391110000078, -0.891923147999915, 0.0 ], [ 100.44340817700008, -0.891866931999971, 0.0 ], [ 100.443406771000042, -0.89180048499998, 0.0 ], [ 100.443403269000029, -0.891726487999897, 0.0 ], [ 100.443407669000038, -0.891665936999949, 0.0 ], [ 100.443426905000109, -0.8916084469999, 0.0 ], [ 100.443458194000044, -0.891552048999941, 0.0 ], [ 100.443489116000109, -0.891506621999913, 0.0 ], [ 100.443557362000078, -0.891429254999906, 0.0 ], [ 100.443642323000091, -0.891335599999884, 0.0 ], [ 100.443674195000057, -0.891291124999935, 0.0 ], [ 100.443689016000036, -0.891250468999946, 0.0 ], [ 100.443688230000063, -0.891217267999952, 0.0 ], [ 100.443669624000037, -0.891171080999861, 0.0 ], [ 100.443591616000063, -0.891052344999895, 0.0 ], [ 100.443560939000108, -0.890993904999945, 0.0 ], [ 100.443540963000046, -0.890941667999886, 0.0 ], [ 100.443525608000115, -0.890888132999986, 0.0 ], [ 100.443520675000059, -0.890854037999919, 0.0 ], [ 100.443519001000098, -0.890758817999945, 0.0 ], [ 100.443514606000093, -0.890712224999909, 0.0 ], [ 100.44348804400002, -0.890625758999949, 0.0 ], [ 100.443423297, -0.890510974999867, 0.0 ], [ 100.443398306000063, -0.890455286999966, 0.0 ], [ 100.443384725, -0.890405020999893, 0.0 ], [ 100.44338234000007, -0.890354540999979, 0.0 ], [ 100.443386195000031, -0.890309437999978, 0.0 ], [ 100.443410474000089, -0.890210663999888, 0.0 ], [ 100.443426592, -0.890133490999986, 0.0 ], [ 100.443444216000032, -0.89006280199991, 0.0 ], [ 100.443444188000029, -0.889999275999983, 0.0 ], [ 100.443441559000078, -0.889884475999899, 0.0 ], [ 100.443432483000038, -0.889804510999944, 0.0 ], [ 100.443423633000023, -0.889736033999963, 0.0 ], [ 100.443395403000082, -0.889620404999899, 0.0 ], [ 100.443379284000088, -0.889567551999967, 0.0 ], [ 100.443375026000083, -0.88955349899987, 0.0 ], [ 100.443344896999989, -0.88947789099992, 0.0 ], [ 100.443338503000078, -0.889433590999896, 0.0 ], [ 100.443344251000028, -0.889379038999913, 0.0 ], [ 100.443380098000063, -0.889269696999925, 0.0 ], [ 100.443406198000091, -0.889209798999943, 0.0 ], [ 100.443470592, -0.88906402199996, 0.0 ], [ 100.443527993000046, -0.888965163999952, 0.0 ], [ 100.443544107000037, -0.888934777999925, 0.0 ], [ 100.443577489000049, -0.888857767999948, 0.0 ], [ 100.443601490000077, -0.888795278999929, 0.0 ], [ 100.443631246000052, -0.888715683999916, 0.0 ], [ 100.443671636000019, -0.888626017999957, 0.0 ], [ 100.443730032000062, -0.888519364999926, 0.0 ], [ 100.443769803000066, -0.888471071999927, 0.0 ], [ 100.443819375, -0.888430003999904, 0.0 ], [ 100.443867053000119, -0.888400957999988, 0.0 ], [ 100.444013611000074, -0.888338621999893, 0.0 ], [ 100.445159619000037, -0.887380753999953, 0.0 ], [ 100.445113025000097, -0.887229939999909, 0.0 ], [ 100.444997410000028, -0.886878040999925, 0.0 ], [ 100.444942115000075, -0.886696609999923, 0.0 ], [ 100.444926561000031, -0.886587389999946, 0.0 ], [ 100.444904082000036, -0.886400157999908, 0.0 ], [ 100.444860937000016, -0.886254540999939, 0.0 ], [ 100.444801192000043, -0.886144221999871, 0.0 ], [ 100.445227119000023, -0.885313537999885, 0.0 ], [ 100.445196956000103, -0.885240797999906, 0.0 ], [ 100.445177340000086, -0.885171084999911, 0.0 ], [ 100.445168280000047, -0.885116522999926, 0.0 ], [ 100.44517578600005, -0.885049829999915, 0.0 ], [ 100.445230084000102, -0.88493670199988, 0.0 ], [ 100.445386684000084, -0.884669882999919, 0.0 ], [ 100.445448536000058, -0.88454800399996, 0.0 ], [ 100.445487736000103, -0.884405300999966, 0.0 ], [ 100.44549975400011, -0.884309807999969, 0.0 ], [ 100.445490665000079, -0.884184011999952, 0.0 ], [ 100.445475608000066, -0.884044079999921, 0.0 ], [ 100.445440838000039, -0.883834190999963, 0.0 ], [ 100.445416683000076, -0.883711429999931, 0.0 ], [ 100.44537293800002, -0.883581098999983, 0.0 ], [ 100.445317026000097, -0.883465189999896, 0.0 ], [ 100.445270285000049, -0.883386395999949, 0.0 ], [ 100.445203959000068, -0.883312151999935, 0.0 ], [ 100.445127092000106, -0.883256103999916, 0.0 ], [ 100.44505422600011, -0.883213638999955, 0.0 ], [ 100.444988551, -0.883176137999961, 0.0 ], [ 100.444901982000033, -0.88313414199995, 0.0 ], [ 100.444831832, -0.883096642999867, 0.0 ], [ 100.444675122, -0.883039661999948, 0.0 ], [ 100.444563186000067, -0.882999174999885, 0.0 ], [ 100.444475136000065, -0.882988703999906, 0.0 ], [ 100.444349787000093, -0.882985749999929, 0.0 ], [ 100.444273194000061, -0.882969067999969, 0.0 ], [ 100.444140365000081, -0.882922586999943, 0.0 ], [ 100.444044850000083, -0.882900106999948, 0.0 ], [ 100.443994977000045, -0.882884938999936, 0.0 ], [ 100.443914397000043, -0.882889472999956, 0.0 ], [ 100.443839791000087, -0.882910517999921, 0.0 ], [ 100.443709963000089, -0.882906065999908, 0.0 ], [ 100.443641305000085, -0.882871566999896, 0.0 ], [ 100.443590554000068, -0.882835560999936, 0.0 ], [ 100.443520391000035, -0.882765036999963, 0.0 ], [ 100.443587525000083, -0.882719978999877, 0.0 ], [ 100.443702395000088, -0.882629867999881, 0.0 ], [ 100.443806822000013, -0.882547266999886, 0.0 ], [ 100.443878424000076, -0.882473684999926, 0.0 ], [ 100.443980515000092, -0.882385572999919, 0.0 ], [ 100.444058099000117, -0.88234801499992, 0.0 ], [ 100.444161056000013, -0.882323956999883, 0.0 ], [ 100.444271485000101, -0.882328417999897, 0.0 ], [ 100.444346107000058, -0.882347902999911, 0.0 ], [ 100.444444610000033, -0.882380888999887, 0.0 ], [ 100.444537147000048, -0.88242888599995, 0.0 ], [ 100.444592235000073, -0.882479240999942, 0.0 ], [ 100.444646412000026, -0.882530751999941, 0.0 ], [ 100.444683014000034, -0.882554294999935, 0.0 ], [ 100.444740104000061, -0.882567523999963, 0.0 ], [ 100.44484695700001, -0.882573372999914, 0.0 ], [ 100.445041629000045, -0.882576240999885, 0.0 ], [ 100.44514116000002, -0.882574729999938, 0.0 ], [ 100.445196782000011, -0.88258059699989, 0.0 ], [ 100.445263066000066, -0.882601511999933, 0.0 ], [ 100.445352369, -0.882645646999944, 0.0 ], [ 100.445447534000053, -0.882708922999939, 0.0 ], [ 100.445507564000053, -0.882760430999937, 0.0 ], [ 100.445530991000041, -0.882776617999944, 0.0 ], [ 100.445561728000087, -0.882778077999888, 0.0 ], [ 100.445610028, -0.882772168999931, 0.0 ], [ 100.445659786000036, -0.882751534999912, 0.0 ], [ 100.445709539000063, -0.882720597999928, 0.0 ], [ 100.445776847000033, -0.882666094999948, 0.0 ], [ 100.445861721000043, -0.882608640999901, 0.0 ], [ 100.445977635000048, -0.882543230999907, 0.0 ], [ 100.446020808000057, -0.882511838999974, 0.0 ], [ 100.44607117300005, -0.882457918999865, 0.0 ], [ 100.446115136000046, -0.882395152999912, 0.0 ], [ 100.446154564000025, -0.882330297999875, 0.0 ], [ 100.446189722, -0.882247421999946, 0.0 ], [ 100.44621529300008, -0.88219833899997, 0.0 ], [ 100.446254462000027, -0.882146837999883, 0.0 ], [ 100.44634252000013, -0.882063559999921, 0.0 ], [ 100.44643845300007, -0.881969399999946, 0.0 ], [ 100.446491447000099, -0.881894253999945, 0.0 ], [ 100.446541796000091, -0.881804936999927, 0.0 ], [ 100.446567358000081, -0.881725283999909, 0.0 ], [ 100.446590559000043, -0.881626613999916, 0.0 ], [ 100.446612906000027, -0.881506737999945, 0.0 ], [ 100.446645664000073, -0.881423864999928, 0.0 ], [ 100.44667611200002, -0.881353542999882, 0.0 ], [ 100.446741664000015, -0.881281112999929, 0.0 ], [ 100.446817099000043, -0.881222768999987, 0.0 ], [ 100.446989806000033, -0.881122944999898, 0.0 ], [ 100.447087357000029, -0.881069813999943, 0.0 ], [ 100.447299540000088, -0.880980335999912, 0.0 ], [ 100.447506650000079, -0.880910264999887, 0.0 ], [ 100.447581055000015, -0.880891406999925, 0.0 ], [ 100.447598920000075, -0.880759969999886, 0.0 ], [ 100.447605929000034, -0.880716683999946, 0.0 ], [ 100.447625132000027, -0.88062631499993, 0.0 ], [ 100.447638194000035, -0.880504551999891, 0.0 ], [ 100.447634681000096, -0.880439230999905, 0.0 ], [ 100.447591798000104, -0.88030452099995, 0.0 ], [ 100.447521535000064, -0.880053940999911, 0.0 ], [ 100.44728933600004, -0.87902556299991, 0.0 ], [ 100.447516265000075, -0.879103075999929, 0.0 ], [ 100.447865710000116, -0.87915771499992, 0.0 ], [ 100.447938318000084, -0.879157686999918, 0.0 ], [ 100.448147075000037, -0.87918955899989, 0.0 ], [ 100.448410553000087, -0.879167103999986, 0.0 ], [ 100.448578162, -0.879134613999963, 0.0 ], [ 100.448722381000039, -0.879070977999937, 0.0 ], [ 100.44892652200005, -0.878966819999935, 0.0 ], [ 100.44899847800005, -0.87890855399991, 0.0 ], [ 100.449075104000087, -0.878787326999916, 0.0 ], [ 100.44984006200005, -0.877934305999947, 0.0 ], [ 100.45023080600005, -0.877373256999888, 0.0 ], [ 100.450770513000037, -0.876583296999986, 0.0 ], [ 100.451142008000048, -0.875964231999923, 0.0 ], [ 100.451366121000021, -0.87542259099996, 0.0 ], [ 100.451455730000063, -0.875113096999932, 0.0 ], [ 100.451494135000047, -0.875, 0.0 ], [ 100.452010325000032, -0.874680218, 0.0 ], [ 100.452071604000039, -0.874632562999963, 0.0 ], [ 100.452131578000035, -0.874605635999956, 0.0 ], [ 100.452211007000031, -0.874578699999947, 0.0 ], [ 100.45231186200003, -0.874532404999936, 0.0 ], [ 100.452398664000015, -0.874460678999952, 0.0 ], [ 100.452537279000026, -0.874322459999973, 0.0 ], [ 100.452666840000091, -0.874225952999893, 0.0 ], [ 100.452794152000052, -0.874132825999915, 0.0 ], [ 100.452943148000116, -0.874031097999936, 0.0 ], [ 100.453087320000066, -0.87391067799992, 0.0 ], [ 100.453163943, -0.873836694999927, 0.0 ], [ 100.453267891000081, -0.87374703099988, 0.0 ], [ 100.45341763600004, -0.873560256999969, 0.0 ], [ 100.45351862800004, -0.873394190999907, 0.0 ], [ 100.453569070000043, -0.873290985999983, 0.0 ], [ 100.453593582000025, -0.87319039599992, 0.0 ], [ 100.453569113000043, -0.873079031999943, 0.0 ], [ 100.453510414000078, -0.872884146999983, 0.0 ], [ 100.453489216, -0.872810451999925, 0.0 ], [ 100.45349897200002, -0.872777688999967, 0.0 ], [ 100.453596663000013, -0.872735066999905, 0.0 ], [ 100.454090304, -0.872527701999889, 0.0 ], [ 100.454640543000053, -0.872355568999946, 0.0 ], [ 100.455190977000129, -0.872242443999912, 0.0 ], [ 100.455628336000075, -0.87216895299996, 0.0 ], [ 100.45629845900001, -0.872052974999956, 0.0 ], [ 100.45646247100008, -0.872034582999945, 0.0 ], [ 100.456576464000094, -0.872017095999919, 0.0 ], [ 100.456661343000107, -0.872009796999937, 0.0 ], [ 100.456691139000085, -0.872000702999983, 0.0 ], [ 100.456710098000045, -0.871989797999969, 0.0 ], [ 100.456723773000121, -0.871962326999917, 0.0 ], [ 100.456751722000035, -0.871846061999978, 0.0 ], [ 100.456823223000086, -0.871656701999942, 0.0 ], [ 100.456901706000096, -0.871453230999983, 0.0 ], [ 100.456954420000017, -0.871221719999923, 0.0 ], [ 100.456933551000063, -0.870996287999922, 0.0 ], [ 100.456822654000035, -0.87071311299994, 0.0 ], [ 100.45666544000008, -0.870357265999896, 0.0 ], [ 100.456597092000024, -0.870075083999907, 0.0 ], [ 100.456576222000081, -0.869738699999964, 0.0 ], [ 100.456565644000094, -0.869206086999949, 0.0 ], [ 100.456601697000053, -0.868698636999973, 0.0 ], [ 100.456601588000041, -0.868411790999954, 0.0 ], [ 100.456606637000021, -0.868133939999968, 0.0 ], [ 100.456647940000053, -0.867656718999918, 0.0 ], [ 100.456780081000062, -0.866956270999871, 0.0 ], [ 100.456917516000075, -0.866529997999951, 0.0 ], [ 100.456935642000062, -0.866467405999924, 0.0 ], [ 100.456938208000096, -0.86639699799996, 0.0 ], [ 100.456837021000069, -0.866206674999933, 0.0 ], [ 100.456792863000061, -0.866002266999896, 0.0 ], [ 100.456829060000032, -0.865738874999952, 0.0 ], [ 100.456840693000018, -0.86561408399993, 0.0 ], [ 100.456864710000048, -0.865579243999889, 0.0 ], [ 100.456932553000073, -0.865567131999953, 0.0 ], [ 100.457147088000056, -0.865570571999971, 0.0 ], [ 100.457364768000033, -0.865569066999935, 0.0 ], [ 100.457632426000075, -0.865584384999959, 0.0 ], [ 100.457766976000102, -0.865603481999941, 0.0 ], [ 100.457929465000049, -0.86566597399996, 0.0 ], [ 100.458076022000085, -0.865715910999917, 0.0 ], [ 100.458171223000065, -0.865736297999916, 0.0 ], [ 100.458333332000066, -0.865760635999887, 0.0 ], [ 100.4588833870001, -0.8658230519999, 0.0 ], [ 100.459416327000056, -0.86558247399989, 0.0 ], [ 100.459495669000049, -0.864886671999962, 0.0 ], [ 100.459052614000072, -0.861185275999951, 0.0 ], [ 100.459012903000072, -0.858499349999938, 0.0 ], [ 100.459268243000054, -0.856909336999919, 0.0 ], [ 100.459362335000023, -0.856639831999914, 0.0 ], [ 100.459415177000054, -0.856263736999882, 0.0 ], [ 100.459476413000047, -0.855906155999961, 0.0 ], [ 100.459547444000066, -0.855751397999946, 0.0 ], [ 100.459609219000029, -0.855644770999916, 0.0 ], [ 100.459940795000108, -0.855344859999882, 0.0 ], [ 100.460437174000049, -0.854735585999919, 0.0 ], [ 100.460818993000032, -0.854289611999878, 0.0 ], [ 100.461150187000072, -0.85383879899997, 0.0 ], [ 100.46159086400003, -0.853339681999973, 0.0 ], [ 100.461948912000082, -0.852923753999931, 0.0 ], [ 100.462575456000053, -0.85209193199994, 0.0 ], [ 100.463147507000045, -0.851392171999951, 0.0 ], [ 100.463549, -0.850929301999933, 0.0 ], [ 100.463768023000043, -0.850627065999973, 0.0 ], [ 100.463981236, -0.850175775999936, 0.0 ], [ 100.464418911000081, -0.849060006999899, 0.0 ], [ 100.464599517000096, -0.848616661999898, 0.0 ], [ 100.464823117000037, -0.847708406999978, 0.0 ], [ 100.465016906000088, -0.846888860999936, 0.0 ], [ 100.465118283000038, -0.846070464999901, 0.0 ], [ 100.46532134900005, -0.845263397999915, 0.0 ], [ 100.465547735000044, -0.844789805999898, 0.0 ], [ 100.465732663000068, -0.844577944999955, 0.0 ], [ 100.466051523000075, -0.844250510999863, 0.0 ], [ 100.466434078000106, -0.843659920999936, 0.0 ], [ 100.466572658000118, -0.843370389999961, 0.0 ], [ 100.466708106000041, -0.842870418999894, 0.0 ], [ 100.466803571000028, -0.842254264999894, 0.0 ], [ 100.466860767000057, -0.841704799999906, 0.0 ], [ 100.466905318000016, -0.840855254999958, 0.0 ], [ 100.467312418000034, -0.839289154999964, 0.0 ], [ 100.467642295000061, -0.838381972999954, 0.0 ], [ 100.468044963000068, -0.837621184999889, 0.0 ], [ 100.468248579000047, -0.837284059999884, 0.0 ], [ 100.468387483000086, -0.837114428999882, 0.0 ], [ 100.468851920000048, -0.836608048999906, 0.0 ], [ 100.46937725800008, -0.836272966999893, 0.0 ], [ 100.470038213000066, -0.83589962099991, 0.0 ], [ 100.470576058000063, -0.835453560999951, 0.0 ], [ 100.470817937, -0.835077191999986, 0.0 ], [ 100.471054286000111, -0.834522344999907, 0.0 ], [ 100.471279544000097, -0.833903920999898, 0.0 ], [ 100.471522826000069, -0.833547143999954, 0.0 ], [ 100.472134135000019, -0.832904949999932, 0.0 ], [ 100.472470838000078, -0.832664086999898, 0.0 ], [ 100.473019013000041, -0.832475610999936, 0.0 ], [ 100.473489969000113, -0.832360552999919, 0.0 ], [ 100.474163468000057, -0.832128480999902, 0.0 ], [ 100.4749078400001, -0.831807219999966, 0.0 ], [ 100.475643320000117, -0.831414632999902, 0.0 ], [ 100.47601544300008, -0.83108459399995, 0.0 ], [ 100.476192615000087, -0.830852707999948, 0.0 ], [ 100.476511461000086, -0.830255205999894, 0.0 ], [ 100.476777133000041, -0.829675555999895, 0.0 ], [ 100.477051672000115, -0.829095904999985, 0.0 ], [ 100.477316814000019, -0.828642707999968, 0.0 ], [ 100.477869198000079, -0.827889121999878, 0.0 ], [ 100.478687143000073, -0.826978971999889, 0.0 ], [ 100.479835212000026, -0.825909834999891, 0.0 ], [ 100.481055295, -0.82492308299987, 0.0 ], [ 100.481694130000093, -0.824457994999935, 0.0 ], [ 100.481903147000068, -0.824201927999976, 0.0 ], [ 100.481981602000076, -0.823957664999927, 0.0 ], [ 100.481981470000065, -0.823598498999964, 0.0 ], [ 100.481831308000068, -0.823023886999937, 0.0 ], [ 100.481674003000109, -0.822442095999939, 0.0 ], [ 100.481645168000043, -0.821702222999917, 0.0 ], [ 100.481680794000056, -0.821493892999911, 0.0 ], [ 100.481830656000014, -0.821256787999921, 0.0 ], [ 100.482237547000025, -0.820940568999958, 0.0 ], [ 100.482680165000048, -0.820696169999898, 0.0 ], [ 100.482979993000086, -0.820502108999918, 0.0 ], [ 100.483193507000067, -0.820283074999914, 0.0 ], [ 100.483612587000025, -0.819645484999917, 0.0 ], [ 100.484255157000078, -0.81862347799991, 0.0 ], [ 100.48468155000009, -0.817829490999941, 0.0 ], [ 100.48487897600009, -0.817282761999912, 0.0 ], [ 100.485139609000072, -0.816542118999916, 0.0 ], [ 100.485582256000015, -0.815730609999917, 0.0 ], [ 100.486239083, -0.814677425999907, 0.0 ], [ 100.486447936000047, -0.814053823999913, 0.0 ], [ 100.486553552, -0.813528225999946, 0.0 ], [ 100.486602021000095, -0.812825633999989, 0.0 ], [ 100.486765834000067, -0.812190532999931, 0.0 ], [ 100.486990802000022, -0.811789971999918, 0.0 ], [ 100.487261729000053, -0.811157008999949, 0.0 ], [ 100.487673590000028, -0.810338499999904, 0.0 ], [ 100.488055462, -0.808859463999919, 0.0 ], [ 100.488195280000028, -0.808490894999977, 0.0 ], [ 100.488342009000093, -0.807874756999979, 0.0 ], [ 100.488384731000068, -0.807388277999962, 0.0 ], [ 100.488342655000054, -0.806880781999894, 0.0 ], [ 100.488168560000034, -0.806207675999889, 0.0 ], [ 100.48803882200005, -0.805400346999882, 0.0 ], [ 100.487983272000079, -0.804701071999933, 0.0 ], [ 100.487809786000113, -0.803736885999914, 0.0 ], [ 100.487655942000075, -0.803247808999949, 0.0 ], [ 100.487580424000043, -0.802842910999931, 0.0 ], [ 100.487524492000034, -0.802302604, 0.0 ], [ 100.487546127000059, -0.801703570999898, 0.0 ], [ 100.48762236500005, -0.801033073999932, 0.0 ], [ 100.487712625000057, -0.800498270999913, 0.0 ], [ 100.48787363200006, -0.79942489999992, 0.0 ], [ 100.487959717000081, -0.798915922999907, 0.0 ], [ 100.488160938000121, -0.798462688999976, 0.0 ], [ 100.488336055000048, -0.79802260699989, 0.0 ], [ 100.488513588000075, -0.797845319999965, 0.0 ], [ 100.488795694000061, -0.797772194999954, 0.0 ], [ 100.490054914000069, -0.797817386999963, 0.0 ], [ 100.490662641000071, -0.797854814999951, 0.0 ], [ 100.49096894900002, -0.797894963999898, 0.0 ], [ 100.491438364000047, -0.79808082299991, 0.0 ], [ 100.492017072000053, -0.798253329999973, 0.0 ], [ 100.492621173000032, -0.798304283999926, 0.0 ], [ 100.492970886000109, -0.798252980999944, 0.0 ], [ 100.493466812000108, -0.798092874999931, 0.0 ], [ 100.493719792000078, -0.797932654999908, 0.0 ], [ 100.494220581000036, -0.797723795999946, 0.0 ], [ 100.494503887000022, -0.797693154999898, 0.0 ], [ 100.494822652000025, -0.797789740999985, 0.0 ], [ 100.495262871000122, -0.797967717999878, 0.0 ], [ 100.49606231300001, -0.798201547999952, 0.0 ], [ 100.497562672000072, -0.798472698999916, 0.0 ], [ 100.499209143000044, -0.798719578999915, 0.0 ], [ 100.499999995000024, -0.798762504999914, 0.0 ], [ 100.500781465000031, -0.798804920999959, 0.0 ], [ 100.501576206000053, -0.798755465999864, 0.0 ], [ 100.502668110000073, -0.798528379999904, 0.0 ], [ 100.503651807000026, -0.798234081999979, 0.0 ], [ 100.504572527000079, -0.797709181999892, 0.0 ], [ 100.505618976000065, -0.797035007999977, 0.0 ], [ 100.506669884000075, -0.79627491199988, 0.0 ], [ 100.507511256000058, -0.795857254999873, 0.0 ], [ 100.508098185000037, -0.795636774999927, 0.0 ], [ 100.508565328000046, -0.795500939999968, 0.0 ], [ 100.510307611000059, -0.794990744999943, 0.0 ], [ 100.510384026000068, -0.794950015999948, 0.0 ], [ 100.510434221000054, -0.794953668999895, 0.0 ], [ 100.511566001000077, -0.795036024999959, 0.0 ], [ 100.511833908000753, -0.79503065903442, 0.0 ], [ 100.511846489990688, -0.795030407531602, 0.0 ], [ 100.512816982000018, -0.795010968999929, 0.0 ], [ 100.512953060000086, -0.794947569999923, 0.0 ], [ 100.513685794000054, -0.794606190999921, 0.0 ], [ 100.514137016000092, -0.794395967999936, 0.0 ], [ 100.514959904868064, -0.79396021675063, 0.0 ], [ 100.515625009000104, -0.793608017999933, 0.0 ], [ 100.516333922000044, -0.793155718999902, 0.0 ], [ 100.516357014, -0.793140985999926, 0.0 ], [ 100.517310995000074, -0.792526031999937, 0.0 ], [ 100.518764391000062, -0.791824465999976, 0.0 ], [ 100.519043001000028, -0.791689978999951, 0.0 ], [ 100.519441348000029, -0.791453672999939, 0.0 ], [ 100.520286975, -0.790952033999911, 0.0 ], [ 100.521439021000035, -0.790041958999929, 0.0 ], [ 100.522239975000048, -0.789722019999925, 0.0 ], [ 100.523391974000063, -0.789499969999937, 0.0 ], [ 100.52413675800004, -0.789749829999916, 0.0 ], [ 100.524635032000063, -0.789916990999892, 0.0 ], [ 100.525774370921312, -0.790775631104509, 0.0 ], [ 100.52629897000007, -0.791170984999908, 0.0 ], [ 100.528174967000027, -0.792914984999879, 0.0 ], [ 100.529115493788751, -0.793830494217026, 0.0 ], [ 100.529248759976966, -0.793960216023656, 0.0 ], [ 100.529639980000098, -0.79434102999992, 0.0 ], [ 100.530530066000026, -0.795540141999925, 0.0 ], [ 100.530950537675466, -0.79610659524095, 0.0 ], [ 100.531226976000042, -0.796479009999892, 0.0 ], [ 100.532547006000115, -0.798495016999897, 0.0 ], [ 100.533972150000082, -0.800557117999986, 0.0 ], [ 100.534873969000088, -0.80186199699995, 0.0 ], [ 100.536139990000038, -0.803262966999959, 0.0 ], [ 100.537192577000084, -0.804417507999918, 0.0 ], [ 100.537511918028457, -0.804767780974011, 0.0 ], [ 100.538246018000024, -0.805572986999955, 0.0 ], [ 100.539027257, -0.806840200999911, 0.0 ], [ 100.539246017000082, -0.807195042999961, 0.0 ], [ 100.539387561000069, -0.807315981999931, 0.0 ], [ 100.540292645031343, -0.808089312963286, 0.0 ], [ 100.54083303000003, -0.80855103399989, 0.0 ], [ 100.541466, -0.808991999999872, 0.0 ], [ 100.541950240951337, -0.809328811070017, 0.0 ], [ 100.542274, -0.809554, 0.0 ], [ 100.543538985021769, -0.810345204965287, 0.0 ], [ 100.543884, -0.810561, 0.0 ], [ 100.544937, -0.812085, 0.0 ], [ 100.54480242721867, -0.814387157012749, 0.0 ], [ 100.544773300000088, -0.814885443999977, 0.0 ], [ 100.544411997000026, -0.814768039999944, 0.0 ], [ 100.544405222000094, -0.814800933999912, 0.0 ], [ 100.544205020000049, -0.815772973999959, 0.0 ], [ 100.544373943000082, -0.816093848999952, 0.0 ], [ 100.544503726000073, -0.816340376999921, 0.0 ], [ 100.544891014000058, -0.81707604399995, 0.0 ], [ 100.545590294720398, -0.8177265713006, 0.0 ], [ 100.545722973000053, -0.81785, 0.0 ], [ 100.545814523000075, -0.817915005999911, 0.0 ], [ 100.546489274105653, -0.818394119851259, 0.0 ], [ 100.547089003000011, -0.818819962999914, 0.0 ], [ 100.547372455163, -0.819295882902956, 0.0 ], [ 100.547797590861734, -0.820009690082276, 0.0 ], [ 100.5478209770001, -0.820048955999905, 0.0 ], [ 100.548178969000048, -0.820755358999911, 0.0 ], [ 100.548474859000109, -0.821339219999903, 0.0 ], [ 100.548531015000052, -0.821450028999923, 0.0 ], [ 100.548878934000058, -0.822430323999942, 0.0 ], [ 100.549193969000015, -0.823317963999933, 0.0 ], [ 100.549470746047419, -0.824187535984841, 0.0 ], [ 100.549668381717737, -0.824808462089773, 0.0 ], [ 100.54982800600007, -0.825309966999907, 0.0 ], [ 100.5498086202428, -0.825641855014044, 0.0 ], [ 100.549705985000102, -0.827399016999916, 0.0 ], [ 100.549371526170759, -0.8285531290494, 0.0 ], [ 100.549370983000088, -0.828555003999906, 0.0 ], [ 100.548833036000076, -0.829634031999923, 0.0 ], [ 100.548742759187746, -0.829794797105329, 0.0 ], [ 100.548004667000015, -0.831109196999943, 0.0 ], [ 100.547919993000022, -0.831259985999896, 0.0 ], [ 100.547161171021969, -0.831666064040689, 0.0 ], [ 100.545897998000058, -0.832342041999897, 0.0 ], [ 100.544380027000045, -0.83312903699991, 0.0 ], [ 100.544202166000076, -0.833305208999921, 0.0 ], [ 100.543212987000032, -0.834284993999986, 0.0 ], [ 100.543087151000108, -0.834641546999911, 0.0 ], [ 100.542608645000129, -0.835997380999917, 0.0 ], [ 100.542509965000036, -0.836276986999959, 0.0 ], [ 100.542458016000097, -0.836425026999951, 0.0 ], [ 100.542314990613363, -0.837951460963712, 0.0 ], [ 100.542312971000086, -0.837973010999956, 0.0 ], [ 100.541701969000073, -0.838464965999893, 0.0 ], [ 100.540770997000038, -0.838956956999922, 0.0 ], [ 100.539284028000026, -0.839842955999867, 0.0 ], [ 100.538377719, -0.840462414999873, 0.0 ], [ 100.537520995000079, -0.841047981999917, 0.0 ], [ 100.536862730000053, -0.841667823999955, 0.0 ], [ 100.536475975000116, -0.842032003999979, 0.0 ], [ 100.535744025000042, -0.843556987999946, 0.0 ], [ 100.535735570176001, -0.843595034039065, 0.0 ], [ 100.535436418881872, -0.844941221973613, 0.0 ], [ 100.53537802700005, -0.845203985999884, 0.0 ], [ 100.535477033000063, -0.846974044999968, 0.0 ], [ 100.535787968000037, -0.848106001999923, 0.0 ], [ 100.53601232000004, -0.848672823999927, 0.0 ], [ 100.536524143000022, -0.849965933999894, 0.0 ], [ 100.537140028000081, -0.851521957999942, 0.0 ], [ 100.539017253000068, -0.854894919999868, 0.0 ], [ 100.539343989000102, -0.855481993999948, 0.0 ], [ 100.541295187990386, -0.858233494006718, 0.0 ], [ 100.541872311000034, -0.859047328999981, 0.0 ], [ 100.54215997700004, -0.859452983999972, 0.0 ], [ 100.54246639200008, -0.859440142999976, 0.0 ], [ 100.54621699900008, -0.859282967999938, 0.0 ], [ 100.546835906140458, -0.859055115381388, 0.0 ], [ 100.547339948091661, -0.858869551248617, 0.0 ], [ 100.548560979000044, -0.858420025999948, 0.0 ], [ 100.549241029957187, -0.858257945819648, 0.0 ], [ 100.550532988000043, -0.857950025999962, 0.0 ], [ 100.553514013000054, -0.858377042999944, 0.0 ], [ 100.555000015000076, -0.859166984999934, 0.0 ], [ 100.55563598300003, -0.859971018999936, 0.0 ], [ 100.556236017000032, -0.861135032999879, 0.0 ], [ 100.556500030000024, -0.863449971999927, 0.0 ], [ 100.556663998, -0.865681040999963, 0.0 ], [ 100.556658898000109, -0.865907151999931, 0.0 ] ] ] ] } },
{ "type": "Feature", "properties": { "NAMOBJ": "KOTOBARU", "REMARK": "Wilayah Administrasi Kecamatan", "WADMKK": "SOLOK", "WADMPR": "SUMATERA BARAT", "Shape_Leng": 0.69907675169000005, "Shape_Area": 0.01135566385 }, "geometry": { "type": "MultiPolygon", "coordinates": [ [ [ [ 100.558410529917495, -0.879977453008326, 0.0 ], [ 100.558530090971075, -0.881146989002865, 0.0 ], [ 100.558417407000036, -0.880879566999923, 0.0 ], [ 100.558394645000106, -0.880156060999923, 0.0 ], [ 100.558410529917495, -0.879977453008326, 0.0 ] ] ], [ [ [ 100.556600037000038, -0.868517028999957, 0.0 ], [ 100.556637642000041, -0.86890982499995, 0.0 ], [ 100.556629036000032, -0.868856409999971, 0.0 ], [ 100.556561347000027, -0.868110313999967, 0.0 ], [ 100.556592414000121, -0.867183297999915, 0.0 ], [ 100.556610013000068, -0.866278896999958, 0.0 ], [ 100.556658898000109, -0.865907151999931, 0.0 ], [ 100.556600037000038, -0.868517028999957, 0.0 ] ] ] ] } },
{ "type": "Feature", "properties": { "NAMOBJ": "KOTOTENGAH", "REMARK": "Wilayah Administrasi Kecamatan", "WADMKK": "KOTA PADANG", "WADMPR": "SUMATERA BARAT", "Shape_Leng": 0.73800044033000001, "Shape_Area": 0.01790171402 }, "geometry": { "type": "MultiPolygon", "coordinates": [ [ [ [ 100.510384026000068, -0.794950015999948, 0.0 ], [ 100.510307611000059, -0.794990744999943, 0.0 ], [ 100.508565328000046, -0.795500939999968, 0.0 ], [ 100.508098185000037, -0.795636774999927, 0.0 ], [ 100.507511256000058, -0.795857254999873, 0.0 ], [ 100.506669884000075, -0.79627491199988, 0.0 ], [ 100.505618976000065, -0.797035007999977, 0.0 ], [ 100.504572527000079, -0.797709181999892, 0.0 ], [ 100.503651807000026, -0.798234081999979, 0.0 ], [ 100.502668110000073, -0.798528379999904, 0.0 ], [ 100.501576206000053, -0.798755465999864, 0.0 ], [ 100.500781465000031, -0.798804920999959, 0.0 ], [ 100.499999995000024, -0.798762504999914, 0.0 ], [ 100.499209143000044, -0.798719578999915, 0.0 ], [ 100.497562672000072, -0.798472698999916, 0.0 ], [ 100.49606231300001, -0.798201547999952, 0.0 ], [ 100.495262871000122, -0.797967717999878, 0.0 ], [ 100.494822652000025, -0.797789740999985, 0.0 ], [ 100.494503887000022, -0.797693154999898, 0.0 ], [ 100.494220581000036, -0.797723795999946, 0.0 ], [ 100.493719792000078, -0.797932654999908, 0.0 ], [ 100.493466812000108, -0.798092874999931, 0.0 ], [ 100.492970886000109, -0.798252980999944, 0.0 ], [ 100.492621173000032, -0.798304283999926, 0.0 ], [ 100.492017072000053, -0.798253329999973, 0.0 ], [ 100.491438364000047, -0.79808082299991, 0.0 ], [ 100.49096894900002, -0.797894963999898, 0.0 ], [ 100.490662641000071, -0.797854814999951, 0.0 ], [ 100.490054914000069, -0.797817386999963, 0.0 ], [ 100.488795694000061, -0.797772194999954, 0.0 ], [ 100.488513588000075, -0.797845319999965, 0.0 ], [ 100.488336055000048, -0.79802260699989, 0.0 ], [ 100.488160938000121, -0.798462688999976, 0.0 ], [ 100.487959717000081, -0.798915922999907, 0.0 ], [ 100.48787363200006, -0.79942489999992, 0.0 ], [ 100.487712625000057, -0.800498270999913, 0.0 ], [ 100.48762236500005, -0.801033073999932, 0.0 ], [ 100.487546127000059, -0.801703570999898, 0.0 ], [ 100.487524492000034, -0.802302604, 0.0 ], [ 100.487580424000043, -0.802842910999931, 0.0 ], [ 100.487655942000075, -0.803247808999949, 0.0 ], [ 100.487809786000113, -0.803736885999914, 0.0 ], [ 100.487983272000079, -0.804701071999933, 0.0 ], [ 100.48803882200005, -0.805400346999882, 0.0 ], [ 100.488168560000034, -0.806207675999889, 0.0 ], [ 100.488342655000054, -0.806880781999894, 0.0 ], [ 100.488384731000068, -0.807388277999962, 0.0 ], [ 100.488342009000093, -0.807874756999979, 0.0 ], [ 100.488195280000028, -0.808490894999977, 0.0 ], [ 100.488055462, -0.808859463999919, 0.0 ], [ 100.487673590000028, -0.810338499999904, 0.0 ], [ 100.487261729000053, -0.811157008999949, 0.0 ], [ 100.486990802000022, -0.811789971999918, 0.0 ], [ 100.486765834000067, -0.812190532999931, 0.0 ], [ 100.486602021000095, -0.812825633999989, 0.0 ], [ 100.486553552, -0.813528225999946, 0.0 ], [ 100.486447936000047, -0.814053823999913, 0.0 ], [ 100.486239083, -0.814677425999907, 0.0 ], [ 100.485582256000015, -0.815730609999917, 0.0 ], [ 100.485139609000072, -0.816542118999916, 0.0 ], [ 100.48487897600009, -0.817282761999912, 0.0 ], [ 100.48468155000009, -0.817829490999941, 0.0 ], [ 100.484255157000078, -0.81862347799991, 0.0 ], [ 100.483612587000025, -0.819645484999917, 0.0 ], [ 100.483193507000067, -0.820283074999914, 0.0 ], [ 100.482979993000086, -0.820502108999918, 0.0 ], [ 100.482680165000048, -0.820696169999898, 0.0 ], [ 100.482237547000025, -0.820940568999958, 0.0 ], [ 100.481830656000014, -0.821256787999921, 0.0 ], [ 100.481680794000056, -0.821493892999911, 0.0 ], [ 100.481645168000043, -0.821702222999917, 0.0 ], [ 100.481674003000109, -0.822442095999939, 0.0 ], [ 100.481831308000068, -0.823023886999937, 0.0 ], [ 100.481981470000065, -0.823598498999964, 0.0 ], [ 100.481981602000076, -0.823957664999927, 0.0 ], [ 100.481903147000068, -0.824201927999976, 0.0 ], [ 100.481694130000093, -0.824457994999935, 0.0 ], [ 100.481055295, -0.82492308299987, 0.0 ], [ 100.479835212000026, -0.825909834999891, 0.0 ], [ 100.478687143000073, -0.826978971999889, 0.0 ], [ 100.477869198000079, -0.827889121999878, 0.0 ], [ 100.477316814000019, -0.828642707999968, 0.0 ], [ 100.477051672000115, -0.829095904999985, 0.0 ], [ 100.476777133000041, -0.829675555999895, 0.0 ], [ 100.476511461000086, -0.830255205999894, 0.0 ], [ 100.476192615000087, -0.830852707999948, 0.0 ], [ 100.47601544300008, -0.83108459399995, 0.0 ], [ 100.475643320000117, -0.831414632999902, 0.0 ], [ 100.4749078400001, -0.831807219999966, 0.0 ], [ 100.474234646000085, -0.831580716999966, 0.0 ], [ 100.472751503000026, -0.830586845999978, 0.0 ], [ 100.471814731000052, -0.82982829399992, 0.0 ], [ 100.470851783000057, -0.828624869999913, 0.0 ], [ 100.470018962000069, -0.827578412999927, 0.0 ], [ 100.468093359000079, -0.825956639999944, 0.0 ], [ 100.465543690000061, -0.825067831999945, 0.0 ], [ 100.464112340000028, -0.823419697999913, 0.0 ], [ 100.461797074000046, -0.823289705999905, 0.0 ], [ 100.459299918000013, -0.823735505999931, 0.0 ], [ 100.455866758000084, -0.825542455999869, 0.0 ], [ 100.454592407000064, -0.826432684999897, 0.0 ], [ 100.450895314000064, -0.827405490999919, 0.0 ], [ 100.449337517000046, -0.827825216999919, 0.0 ], [ 100.447915614000081, -0.828308674999953, 0.0 ], [ 100.446702106000032, -0.828974297999871, 0.0 ], [ 100.446023017000073, -0.829667062999903, 0.0 ], [ 100.445878281, -0.830186499999982, 0.0 ], [ 100.445756200000019, -0.831088990999959, 0.0 ], [ 100.445792287000074, -0.831436249999914, 0.0 ], [ 100.445881001000046, -0.831716655999933, 0.0 ], [ 100.445976207000015, -0.831855170999937, 0.0 ], [ 100.446214162000075, -0.832028901999923, 0.0 ], [ 100.446331938000043, -0.832240464999931, 0.0 ], [ 100.44643718500005, -0.832452032999939, 0.0 ], [ 100.446507378, -0.83266613099989, 0.0 ], [ 100.446534098000072, -0.8329979479999, 0.0 ], [ 100.446567979000037, -0.83321395499992, 0.0 ], [ 100.446608709000031, -0.833333331999938, 0.0 ], [ 100.44660384800008, -0.833443501999905, 0.0 ], [ 100.446595585000097, -0.833580707999889, 0.0 ], [ 100.446573991, -0.833751961999937, 0.0 ], [ 100.446549109000074, -0.833895870999942, 0.0 ], [ 100.446505796000039, -0.834048793999894, 0.0 ], [ 100.446449331000082, -0.834206096999942, 0.0 ], [ 100.446352976000099, -0.834381821999916, 0.0 ], [ 100.446251313000033, -0.834506428999923, 0.0 ], [ 100.446118360000057, -0.834611891999945, 0.0 ], [ 100.445952152000061, -0.834702305999876, 0.0 ], [ 100.445771865000069, -0.834793288999943, 0.0 ], [ 100.445595683000064, -0.834883708999875, 0.0 ], [ 100.445479350000113, -0.834979124999954, 0.0 ], [ 100.445376895000081, -0.835083608999984, 0.0 ], [ 100.445313053000035, -0.835173336999947, 0.0 ], [ 100.445247466000026, -0.835288806999909, 0.0 ], [ 100.445229696000069, -0.835438319999934, 0.0 ], [ 100.445250541000107, -0.835572868999964, 0.0 ], [ 100.445284780000094, -0.835753184999873, 0.0 ], [ 100.445287773000075, -0.835815974999917, 0.0 ], [ 100.445280387000082, -0.835931098999939, 0.0 ], [ 100.44523363700003, -0.836053340999928, 0.0 ], [ 100.445111174000033, -0.836246886999955, 0.0 ], [ 100.444980040000104, -0.836453715999926, 0.0 ], [ 100.444916701000096, -0.836562186999931, 0.0 ], [ 100.444844649000089, -0.836711819999966, 0.0 ], [ 100.444802430000067, -0.836803271999894, 0.0 ], [ 100.444745426000054, -0.8369096119999, 0.0 ], [ 100.444660511000038, -0.837031445999944, 0.0 ], [ 100.444561257, -0.837146308999944, 0.0 ], [ 100.444461996000044, -0.837237780999874, 0.0 ], [ 100.444355916000063, -0.837357626999932, 0.0 ], [ 100.444292584000067, -0.837485234999921, 0.0 ], [ 100.444233492000066, -0.837653242999966, 0.0 ], [ 100.44416150000005, -0.837854050999972, 0.0 ], [ 100.444121391000024, -0.837941248999904, 0.0 ], [ 100.444039038000042, -0.838049725999909, 0.0 ], [ 100.44387134800003, -0.838229096999917, 0.0 ], [ 100.443620069000104, -0.83837654899995, 0.0 ], [ 100.443375054000086, -0.838521150999924, 0.0 ], [ 100.443235654, -0.838618961999934, 0.0 ], [ 100.443095758000069, -0.838764121999865, 0.0 ], [ 100.442933146000115, -0.838940571999899, 0.0 ], [ 100.442793775000041, -0.839110636999937, 0.0 ], [ 100.442696313000056, -0.839215564999915, 0.0 ], [ 100.442609741000098, -0.839338857, 0.0 ], [ 100.442457661000034, -0.839645933999908, 0.0 ], [ 100.442362648000071, -0.839801105999868, 0.0 ], [ 100.442269736000029, -0.839924401999944, 0.0 ], [ 100.44221695600001, -0.84002430299995, 0.0 ], [ 100.442183711000013, -0.840148609999932, 0.0 ], [ 100.442155548000088, -0.840325345999901, 0.0 ], [ 100.442155626, -0.840535510999881, 0.0 ], [ 100.442163615000041, -0.84082498199994, 0.0 ], [ 100.442163742000048, -0.841076271999949, 0.0 ], [ 100.442114111000123, -0.841384565999878, 0.0 ], [ 100.442096374000073, -0.841600156999952, 0.0 ], [ 100.441908415000057, -0.842680982999941, 0.0 ], [ 100.441720457000059, -0.843761810999929, 0.0 ], [ 100.441532499000047, -0.844842639999918, 0.0 ], [ 100.441344542000039, -0.845923467999906, 0.0 ], [ 100.441255152000011, -0.846034482999943, 0.0 ], [ 100.44118531, -0.846121764999971, 0.0 ], [ 100.441124539000043, -0.846241602999939, 0.0 ], [ 100.44107575, -0.846339657999969, 0.0 ], [ 100.441051111, -0.846544893999987, 0.0 ], [ 100.441026476, -0.846764639999961, 0.0 ], [ 100.44098122200009, -0.84691598599996, 0.0 ], [ 100.440918778000068, -0.846989518999916, 0.0 ], [ 100.440865253000084, -0.847053803999905, 0.0 ], [ 100.440778765000033, -0.847101513999945, 0.0 ], [ 100.440657035000086, -0.847179176999887, 0.0 ], [ 100.440507009000015, -0.847264914999876, 0.0 ], [ 100.440335352000019, -0.847382609999933, 0.0 ], [ 100.44023683900005, -0.847470344999909, 0.0 ], [ 100.440143100000014, -0.847596724999974, 0.0 ], [ 100.440046479000017, -0.847733269999903, 0.0 ], [ 100.439940442000037, -0.847875974999898, 0.0 ], [ 100.439891403000061, -0.84792682099993, 0.0 ], [ 100.439840918000058, -0.847967501999921, 0.0 ], [ 100.43969482600005, -0.848067949999972, 0.0 ], [ 100.439536061000055, -0.848116983999944, 0.0 ], [ 100.439396711000072, -0.848155444999929, 0.0 ], [ 100.439269501000027, -0.84817835699987, 0.0 ], [ 100.439180916000069, -0.848214973999969, 0.0 ], [ 100.439096874000043, -0.848256161999913, 0.0 ], [ 100.438987166000032, -0.848343231999923, 0.0 ], [ 100.438906703000029, -0.848404826999957, 0.0 ], [ 100.438787437000116, -0.848534732999958, 0.0 ], [ 100.43870151500002, -0.848581219999986, 0.0 ], [ 100.438602738000014, -0.848628527999903, 0.0 ], [ 100.438517569000084, -0.84866964299993, 0.0 ], [ 100.43839689900004, -0.848689335999961, 0.0 ], [ 100.43831882700006, -0.848728662999928, 0.0 ], [ 100.438223027000049, -0.84880907799992, 0.0 ], [ 100.438035956000107, -0.849063551999926, 0.0 ], [ 100.437844376000072, -0.849286898999932, 0.0 ], [ 100.437682228000057, -0.849425398999934, 0.0 ], [ 100.437575783000042, -0.849520106999865, 0.0 ], [ 100.437444492000026, -0.849611251999946, 0.0 ], [ 100.437339808000061, -0.849668449999971, 0.0 ], [ 100.437252872000059, -0.849729213999936, 0.0 ], [ 100.43712886500002, -0.849862596999959, 0.0 ], [ 100.43709234100001, -0.849992861, 0.0 ], [ 100.437086774000093, -0.850151430999965, 0.0 ], [ 100.437074072000101, -0.850292110999881, 0.0 ], [ 100.437061441000125, -0.850369983999929, 0.0 ], [ 100.437016465000042, -0.850467687999931, 0.0 ], [ 100.436946026000072, -0.850585798999933, 0.0 ], [ 100.436864474000075, -0.850675024999944, 0.0 ], [ 100.436736511000063, -0.850782672999969, 0.0 ], [ 100.436640358, -0.850841307999936, 0.0 ], [ 100.436602409000074, -0.850923434999981, 0.0 ], [ 100.436609476000029, -0.851015456999956, 0.0 ], [ 100.436595438000026, -0.851090498999948, 0.0 ], [ 100.436557486000083, -0.85116696599988, 0.0 ], [ 100.43643172700007, -0.851249596999878, 0.0 ], [ 100.436281236000056, -0.851300620999925, 0.0 ], [ 100.436178559000084, -0.851320481999881, 0.0 ], [ 100.436085753000043, -0.851405460999896, 0.0 ], [ 100.435815098000035, -0.851443464999932, 0.0 ], [ 100.435446026000051, -0.851504136999889, 0.0 ], [ 100.435125090000042, -0.851552684999909, 0.0 ], [ 100.434864344000061, -0.851633494999934, 0.0 ], [ 100.434651753000054, -0.851742538999897, 0.0 ], [ 100.434507366, -0.851851554999946, 0.0 ], [ 100.43441113300004, -0.852000910999958, 0.0 ], [ 100.434318911000048, -0.852138158999946, 0.0 ], [ 100.434246726000111, -0.852222933999943, 0.0 ], [ 100.434130427000085, -0.852348083999907, 0.0 ], [ 100.433926550000095, -0.852519320999864, 0.0 ], [ 100.433839461000076, -0.852571928999954, 0.0 ], [ 100.433783723, -0.852606998999924, 0.0 ], [ 100.433738453000075, -0.852677113999952, 0.0 ], [ 100.433679270000056, -0.852810325999872, 0.0 ], [ 100.433630558000019, -0.852996105999967, 0.0 ], [ 100.433599256, -0.853150333999938, 0.0 ], [ 100.433564510000068, -0.853413217999929, 0.0 ], [ 100.433525741000054, -0.853550014999879, 0.0 ], [ 100.433458292000068, -0.85365429399998, 0.0 ], [ 100.433306381000108, -0.853788061999946, 0.0 ], [ 100.433190920000058, -0.853854490999936, 0.0 ], [ 100.433184330000046, -0.853884364999921, 0.0 ], [ 100.433200844000083, -0.853927507999938, 0.0 ], [ 100.433247084000087, -0.854050298999883, 0.0 ], [ 100.433247107000099, -0.854110042999942, 0.0 ], [ 100.433237236000082, -0.854183069999944, 0.0 ], [ 100.433197671000087, -0.854269382999981, 0.0 ], [ 100.433115630000046, -0.854382974999965, 0.0 ], [ 100.432122906000075, -0.8550187549999, 0.0 ], [ 100.431130181000086, -0.855654531999924, 0.0 ], [ 100.431135485000084, -0.855721205999934, 0.0 ], [ 100.431148151000059, -0.855902869999955, 0.0 ], [ 100.431150984000027, -0.856008967999941, 0.0 ], [ 100.431124434000054, -0.856145578999875, 0.0 ], [ 100.431080713000085, -0.856262916999903, 0.0 ], [ 100.431011759000057, -0.856450815999906, 0.0 ], [ 100.430942783000035, -0.856577451999904, 0.0 ], [ 100.430503829000045, -0.857042147999895, 0.0 ], [ 100.430251311000021, -0.858092638999949, 0.0 ], [ 100.429998794000085, -0.859143128999914, 0.0 ], [ 100.428985310000073, -0.859612442999932, 0.0 ], [ 100.427971823000064, -0.86008175399995, 0.0 ], [ 100.427850389000056, -0.860211098999905, 0.0 ], [ 100.42776956400003, -0.860271310999913, 0.0 ], [ 100.427679026000092, -0.860307129999946, 0.0 ], [ 100.427609500000102, -0.86031528699991, 0.0 ], [ 100.427525415000076, -0.860310439999953, 0.0 ], [ 100.427385214000111, -0.860332836999941, 0.0 ], [ 100.427235368000055, -0.860434951999952, 0.0 ], [ 100.427090154000041, -0.860590415999937, 0.0 ], [ 100.427009039000069, -0.860768576999934, 0.0 ], [ 100.426970335000064, -0.860846512999899, 0.0 ], [ 100.426938838000041, -0.860924445999952, 0.0 ], [ 100.426928278000048, -0.860988048999975, 0.0 ], [ 100.426928309000061, -0.861074270999914, 0.0 ], [ 100.426935462000117, -0.861145461999943, 0.0 ], [ 100.426952839000037, -0.86122962299989, 0.0 ], [ 100.42695902200002, -0.861354076999884, 0.0 ], [ 100.426981531000109, -0.861485851999863, 0.0 ], [ 100.426987692000083, -0.861588494999918, 0.0 ], [ 100.426988772000087, -0.861747007999888, 0.0 ], [ 100.426983698000114, -0.861822966999956, 0.0 ], [ 100.426972157000037, -0.861873242999941, 0.0 ], [ 100.426936846000046, -0.862001037999946, 0.0 ], [ 100.426888311000127, -0.862142530999929, 0.0 ], [ 100.426855596000081, -0.862209727999893, 0.0 ], [ 100.426817635000049, -0.86225716599991, 0.0 ], [ 100.426741698000072, -0.862304617999929, 0.0 ], [ 100.426648734000111, -0.862354711999899, 0.0 ], [ 100.426530892000031, -0.86240744999991, 0.0 ], [ 100.426409966000065, -0.862454173999868, 0.0 ], [ 100.426175583000131, -0.862549111999908, 0.0 ], [ 100.426021763, -0.862630735999911, 0.0 ], [ 100.42595169100008, -0.862675659999987, 0.0 ], [ 100.42589265900007, -0.862764361999954, 0.0 ], [ 100.425835083000024, -0.862886895999967, 0.0 ], [ 100.425797156000073, -0.863026547999887, 0.0 ], [ 100.425782430000098, -0.863101855999901, 0.0 ], [ 100.425760204000042, -0.863200665999905, 0.0 ], [ 100.42571963000006, -0.863267864999958, 0.0 ], [ 100.425584763000089, -0.86332060999997, 0.0 ], [ 100.425500546000052, -0.863323298999926, 0.0 ], [ 100.425411491000048, -0.863315428999897, 0.0 ], [ 100.425339454000039, -0.863294376999932, 0.0 ], [ 100.425231686000103, -0.863246941999915, 0.0 ], [ 100.425160951000109, -0.863203495999873, 0.0 ], [ 100.425057468000077, -0.863138985999953, 0.0 ], [ 100.424995387000081, -0.863113990999928, 0.0 ], [ 100.424912879, -0.863100849, 0.0 ], [ 100.424817280000099, -0.863104835999881, 0.0 ], [ 100.424699431000107, -0.863140448999896, 0.0 ], [ 100.424611703000053, -0.863183954999943, 0.0 ], [ 100.424517120000033, -0.863237002999892, 0.0 ], [ 100.424421550000034, -0.863318712999902, 0.0 ], [ 100.424270810000081, -0.863457353999916, 0.0 ], [ 100.424188333000103, -0.863531157999894, 0.0 ], [ 100.424074423, -0.86359706799993, 0.0 ], [ 100.423824449, -0.863719353999922, 0.0 ], [ 100.423616200000097, -0.863813445999892, 0.0 ], [ 100.423543751000054, -0.86385291999996, 0.0 ], [ 100.423493029000042, -0.863886515999987, 0.0 ], [ 100.423447653000011, -0.86393891199997, 0.0 ], [ 100.423419639000087, -0.864004731999909, 0.0 ], [ 100.42340737300006, -0.864071008999886, 0.0 ], [ 100.42340072600004, -0.864146221999892, 0.0 ], [ 100.423384720000044, -0.864190549999918, 0.0 ], [ 100.423362034000036, -0.864220103999966, 0.0 ], [ 100.42332332200003, -0.86424160799988, 0.0 ], [ 100.423233629000066, -0.86427680799995, 0.0 ], [ 100.423128166000041, -0.864311765999911, 0.0 ], [ 100.42302669900009, -0.864321204999893, 0.0 ], [ 100.422929232000016, -0.864322583999918, 0.0 ], [ 100.422813073, -0.864318598999944, 0.0 ], [ 100.422712541000024, -0.864313264999947, 0.0 ], [ 100.422631096000046, -0.864309266999971, 0.0 ], [ 100.42252694900013, -0.864298561999885, 0.0 ], [ 100.422453691000015, -0.864283061999934, 0.0 ], [ 100.422349844000038, -0.86426642499989, 0.0 ], [ 100.422255222000032, -0.864263100999882, 0.0 ], [ 100.422192889000115, -0.864275442999926, 0.0 ], [ 100.422158387000096, -0.86428777399988, 0.0 ], [ 100.422061321000058, -0.864329451999954, 0.0 ], [ 100.421981191, -0.864375391999936, 0.0 ], [ 100.42187182, -0.864437237999901, 0.0 ], [ 100.421776108000088, -0.864489902999907, 0.0 ], [ 100.421695975000034, -0.864529123999954, 0.0 ], [ 100.421585785000062, -0.864563876999899, 0.0 ], [ 100.421526675000052, -0.864574364999967, 0.0 ], [ 100.421532257000067, -0.864620270999946, 0.0 ], [ 100.421534465000079, -0.864810493999876, 0.0 ], [ 100.421509612000065, -0.864947134999902, 0.0 ], [ 100.421480015000014, -0.865029289999949, 0.0 ], [ 100.421435778000088, -0.865094378999917, 0.0 ], [ 100.421391554000067, -0.865189145999942, 0.0 ], [ 100.42137986600008, -0.865241775999944, 0.0 ], [ 100.421240940000033, -0.865176074999926, 0.0 ], [ 100.421111232000058, -0.865108580999937, 0.0 ], [ 100.420998463000046, -0.865072459999968, 0.0 ], [ 100.420902038000065, -0.865042906999921, 0.0 ], [ 100.420779465000052, -0.865010075999958, 0.0 ], [ 100.420642187000055, -0.86498218499996, 0.0 ], [ 100.420565373, -0.864959199999923, 0.0 ], [ 100.420325098000021, -0.864869633999884, 0.0 ], [ 100.420006718000053, -0.86478657599994, 0.0 ], [ 100.419589661000018, -0.864777197999963, 0.0 ], [ 100.419191585000121, -0.864829787999962, 0.0 ], [ 100.418556616000075, -0.86502810699994, 0.0 ], [ 100.418423784000097, -0.865083159999877, 0.0 ], [ 100.418281257000018, -0.865152521999931, 0.0 ], [ 100.41815774200002, -0.865233825999908, 0.0 ], [ 100.41805323400007, -0.865322293999945, 0.0 ], [ 100.417953487, -0.865429876999876, 0.0 ], [ 100.417870368000038, -0.865525505999884, 0.0 ], [ 100.417794366000066, -0.865597232999956, 0.0 ], [ 100.417732607000104, -0.865640274999965, 0.0 ], [ 100.417667879000078, -0.865731396999866, 0.0 ], [ 100.41745209700008, -0.865694042999973, 0.0 ], [ 100.417326136000042, -0.865636849999948, 0.0 ], [ 100.417239723000094, -0.865581671999912, 0.0 ], [ 100.417142324000025, -0.865489233999902, 0.0 ], [ 100.417026968000073, -0.865404537999911, 0.0 ], [ 100.416902145000051, -0.86531900999994, 0.0 ], [ 100.416795169000082, -0.865283163999905, 0.0 ], [ 100.416669001000031, -0.865259748999922, 0.0 ], [ 100.416666665, -0.865258667999921, 0.0 ], [ 100.415663893, -0.86479409099994, 0.0 ], [ 100.414627732000071, -0.864538543999934, 0.0 ], [ 100.413846224000068, -0.864318784999959, 0.0 ], [ 100.413507162000073, -0.864394804999943, 0.0 ], [ 100.413424110000037, -0.864481985999873, 0.0 ], [ 100.413353923, -0.864547960999914, 0.0 ], [ 100.41326689, -0.86461136199992, 0.0 ], [ 100.413152972, -0.864674669999918, 0.0 ], [ 100.413106493000058, -0.864710275999933, 0.0 ], [ 100.413073354000062, -0.864742495999934, 0.0 ], [ 100.413007132000089, -0.864824014999929, 0.0 ], [ 100.412926993000028, -0.864935173999889, 0.0 ], [ 100.412882831000019, -0.865001473999957, 0.0 ], [ 100.412834502000109, -0.865068615999917, 0.0 ], [ 100.41276459, -0.865142710999919, 0.0 ], [ 100.41271220000003, -0.86521703599994, 0.0 ], [ 100.41268975100003, -0.865284153999898, 0.0 ], [ 100.412681552000066, -0.865398012999904, 0.0 ], [ 100.412688311000096, -0.865519064999884, 0.0 ], [ 100.412690033000061, -0.865602439999943, 0.0 ], [ 100.412687519000116, -0.865663697999949, 0.0 ], [ 100.412677397000081, -0.865724957999866, 0.0 ], [ 100.412657199000094, -0.865779344999925, 0.0 ], [ 100.412614277, -0.865893462999953, 0.0 ], [ 100.412584471000031, -0.865976949999933, 0.0 ], [ 100.41255076200008, -0.866063731999919, 0.0 ], [ 100.412518059000035, -0.866149008999958, 0.0 ], [ 100.412469955000049, -0.866236227999892, 0.0 ], [ 100.41240258600007, -0.866301172999936, 0.0 ], [ 100.412349864000063, -0.866336447999924, 0.0 ], [ 100.412270131000042, -0.866368116999968, 0.0 ], [ 100.412208024000051, -0.866378170999912, 0.0 ], [ 100.412094494000073, -0.866405175999926, 0.0 ], [ 100.4120336430001, -0.866427681999923, 0.0 ], [ 100.411984350000111, -0.866454833999949, 0.0 ], [ 100.411953546000049, -0.866475778999906, 0.0 ], [ 100.411912731000044, -0.866513008999966, 0.0 ], [ 100.411824617000036, -0.866595271999934, 0.0 ], [ 100.411720169, -0.866680208999945, 0.0 ], [ 100.411642017000119, -0.866723854999915, 0.0 ], [ 100.411566946000036, -0.866762243999982, 0.0 ], [ 100.411501458000032, -0.866776331999905, 0.0 ], [ 100.411454301000035, -0.866773713999955, 0.0 ], [ 100.411424609000065, -0.866769328999947, 0.0 ], [ 100.411384435000031, -0.866759677999948, 0.0 ], [ 100.411298566000127, -0.866740160999932, 0.0 ], [ 100.411219304000042, -0.866733081999879, 0.0 ], [ 100.411139256000084, -0.866734692999923, 0.0 ], [ 100.411088158000027, -0.866740937999907, 0.0 ], [ 100.411016329000034, -0.866763795999933, 0.0 ], [ 100.410909223000061, -0.866817105999903, 0.0 ], [ 100.410780747000089, -0.866875528999941, 0.0 ], [ 100.410573171000053, -0.866980081999888, 0.0 ], [ 100.410472220000045, -0.86702162399995, 0.0 ], [ 100.410363091000079, -0.867033168999928, 0.0 ], [ 100.410281781, -0.867021077999905, 0.0 ], [ 100.410177383000075, -0.867002931999913, 0.0 ], [ 100.410084026000078, -0.866987815999906, 0.0 ], [ 100.409897295000093, -0.866928031999933, 0.0 ], [ 100.409829085000041, -0.866902006999911, 0.0 ], [ 100.409756899000016, -0.866888506999949, 0.0 ], [ 100.409698998000025, -0.866894681999927, 0.0 ], [ 100.409644654000061, -0.866917450999946, 0.0 ], [ 100.409606228000072, -0.86694970199995, 0.0 ], [ 100.409538371000053, -0.86703533999993, 0.0 ], [ 100.409502674000038, -0.867090695999892, 0.0 ], [ 100.409457969000059, -0.867155542999928, 0.0 ], [ 100.409424276000024, -0.867201241999979, 0.0 ], [ 100.409378001000022, -0.867249657999899, 0.0 ], [ 100.409295261000096, -0.867301128999895, 0.0 ], [ 100.409257389000075, -0.867313506999942, 0.0 ], [ 100.409156054000036, -0.867345998999966, 0.0 ], [ 100.409070327000052, -0.867378406999894, 0.0 ], [ 100.408989096000084, -0.867407900999936, 0.0 ], [ 100.408902013000073, -0.867441078999928, 0.0 ], [ 100.4088303, -0.867476460999924, 0.0 ], [ 100.408750743000084, -0.867523449, 0.0 ], [ 100.408673321000066, -0.867582457999902, 0.0 ], [ 100.40860950500003, -0.867641464999899, 0.0 ], [ 100.408533082000105, -0.867722656999955, 0.0 ], [ 100.408432656000045, -0.867833435999973, 0.0 ], [ 100.408341809, -0.867970689999872, 0.0 ], [ 100.408267703, -0.868105534999927, 0.0 ], [ 100.408162973000032, -0.868280181999989, 0.0 ], [ 100.408076903, -0.868399163999886, 0.0 ], [ 100.407975645000079, -0.868538545999961, 0.0 ], [ 100.407882835000038, -0.868688119999902, 0.0 ], [ 100.407798450000072, -0.868796905999933, 0.0 ], [ 100.407725032000116, -0.868858204999942, 0.0 ], [ 100.407664838000116, -0.868893307999915, 0.0 ], [ 100.407580350000046, -0.868937988999971, 0.0 ], [ 100.407513820000048, -0.868977346999941, 0.0 ], [ 100.407470525000022, -0.869013506999913, 0.0 ], [ 100.407418002000028, -0.869076183999947, 0.0 ], [ 100.407368986000066, -0.869147017999946, 0.0 ], [ 100.407302923000017, -0.869248971999944, 0.0 ], [ 100.407217671000069, -0.869349863999943, 0.0 ], [ 100.407171836, -0.869375630999944, 0.0 ], [ 100.407124929000119, -0.869385306999945, 0.0 ], [ 100.407019951000052, -0.86937512, 0.0 ], [ 100.406711265000084, -0.86936127199991, 0.0 ], [ 100.406197951000067, -0.869357973999904, 0.0 ], [ 100.405927815000013, -0.869394107999874, 0.0 ], [ 100.405211483000073, -0.869754903999883, 0.0 ], [ 100.404583102000032, -0.870008138999875, 0.0 ], [ 100.404061637000055, -0.870208209999909, 0.0 ], [ 100.403810847, -0.870328384999905, 0.0 ], [ 100.403732793000117, -0.870364014999922, 0.0 ], [ 100.403663266000052, -0.870366495999949, 0.0 ], [ 100.403579096000016, -0.870356705999939, 0.0 ], [ 100.40348394300004, -0.87033464499989, 0.0 ], [ 100.403390887000072, -0.870299967999863, 0.0 ], [ 100.403317380000033, -0.870263010999913, 0.0 ], [ 100.403225496000061, -0.870223144999901, 0.0 ], [ 100.403089837000024, -0.870161421999946, 0.0 ], [ 100.403003626, -0.870129609999889, 0.0 ], [ 100.402896682000033, -0.870095606999918, 0.0 ], [ 100.402859576000068, -0.870075854999882, 0.0 ], [ 100.402822462000117, -0.870031943999891, 0.0 ], [ 100.402755861000017, -0.869919960999951, 0.0 ], [ 100.402694488000094, -0.869943155999916, 0.0 ], [ 100.402490330000077, -0.870021358999903, 0.0 ], [ 100.402346960000031, -0.870077345999917, 0.0 ], [ 100.402198031000054, -0.870132217999927, 0.0 ], [ 100.40201092300002, -0.870202320999955, 0.0 ], [ 100.401898150000108, -0.870242821999931, 0.0 ], [ 100.40169493500008, -0.870322693999878, 0.0 ], [ 100.401555367000071, -0.870378940999913, 0.0 ], [ 100.401380456000084, -0.870437296999945, 0.0 ], [ 100.401277204000067, -0.870470652999863, 0.0 ], [ 100.40121494300007, -0.870497648999965, 0.0 ], [ 100.401107941000092, -0.870522637999901, 0.0 ], [ 100.401051084000102, -0.870552847999914, 0.0 ], [ 100.401013594000105, -0.870562922999948, 0.0 ], [ 100.400989222000035, -0.870562304999897, 0.0 ], [ 100.400964755000061, -0.870551497999891, 0.0 ], [ 100.400932634000071, -0.870534339999892, 0.0 ], [ 100.400879431000106, -0.8704990109999, 0.0 ], [ 100.400761485000032, -0.870408577999967, 0.0 ], [ 100.400596615000069, -0.870280052999902, 0.0 ], [ 100.400435830000077, -0.870121198999904, 0.0 ], [ 100.400299041000039, -0.870008352999893, 0.0 ], [ 100.400273896, -0.870028519999963, 0.0 ], [ 100.40024609800011, -0.870055776999909, 0.0 ], [ 100.400221963000064, -0.870093344999908, 0.0 ], [ 100.400211352000071, -0.870147360999937, 0.0 ], [ 100.400211371000069, -0.870392305999864, 0.0 ], [ 100.400203057000098, -0.870525287999943, 0.0 ], [ 100.400177403000015, -0.870691187, 0.0 ], [ 100.40016664800001, -0.870771333999873, 0.0 ], [ 100.400146768000056, -0.870842301999971, 0.0 ], [ 100.400116435000129, -0.8709208789999, 0.0 ], [ 100.399895484000055, -0.870921993999904, 0.0 ], [ 100.399343838000064, -0.870887502999892, 0.0 ], [ 100.398944693000075, -0.870865998999889, 0.0 ], [ 100.398859037000094, -0.870859296999868, 0.0 ], [ 100.398749296000076, -0.87085933799996, 0.0 ], [ 100.398663645000084, -0.870867450999921, 0.0 ], [ 100.398592291000043, -0.870877416999946, 0.0 ], [ 100.39854698800012, -0.87087591399991, 0.0 ], [ 100.398518291000059, -0.870860725999897, 0.0 ], [ 100.398474468000074, -0.870780196999895, 0.0 ], [ 100.398438211, -0.870737657999928, 0.0 ], [ 100.398345760000083, -0.870701921999903, 0.0 ], [ 100.398223849000033, -0.870688822999973, 0.0 ], [ 100.398067115000032, -0.870697642999904, 0.0 ], [ 100.397932145000055, -0.870697693999908, 0.0 ], [ 100.397727508000088, -0.870680243999974, 0.0 ], [ 100.397495573000072, -0.870701391999948, 0.0 ], [ 100.397178368000127, -0.870747944999891, 0.0 ], [ 100.397091036000091, -0.870745562999961, 0.0 ], [ 100.396797285000034, -0.870829348999965, 0.0 ], [ 100.3964148620001, -0.870963376999953, 0.0 ], [ 100.396160866000045, -0.871060652999919, 0.0 ], [ 100.395701223000032, -0.871236313999887, 0.0 ], [ 100.395193998000067, -0.871340198999956, 0.0 ], [ 100.394694685000061, -0.871412174999872, 0.0 ], [ 100.394076487000063, -0.871492174999918, 0.0 ], [ 100.393512900000061, -0.87151246299991, 0.0 ], [ 100.393426566000116, -0.871524323999914, 0.0 ], [ 100.39293515600005, -0.871532483999879, 0.0 ], [ 100.392657746000097, -0.871532586999887, 0.0 ], [ 100.392251957, -0.87144318199995, 0.0 ], [ 100.39209853700001, -0.871406019999895, 0.0 ], [ 100.391945123000113, -0.871390915999889, 0.0 ], [ 100.391833465000019, -0.871395022999874, 0.0 ], [ 100.391721968000027, -0.871409091999972, 0.0 ], [ 100.391602117000062, -0.871445605999885, 0.0 ], [ 100.391468343, -0.871524207999904, 0.0 ], [ 100.39134851700004, -0.871630857999936, 0.0 ], [ 100.391256569000063, -0.871743108999897, 0.0 ], [ 100.391184114000026, -0.871802048999889, 0.0 ], [ 100.391047531000098, -0.871824541999974, 0.0 ], [ 100.390798811000124, -0.871812012999914, 0.0 ], [ 100.390572947000081, -0.871834829999937, 0.0 ], [ 100.390318847000017, -0.871851972999934, 0.0 ], [ 100.390063628000036, -0.871857555999952, 0.0 ], [ 100.390004446000034, -0.871860885999961, 0.0 ], [ 100.389959516000047, -0.871879654999915, 0.0 ], [ 100.389938705000091, -0.871913855999903, 0.0 ], [ 100.389936406000089, -0.871982378999977, 0.0 ], [ 100.389936431000081, -0.872052515999918, 0.0 ], [ 100.389929810000069, -0.872100389999972, 0.0 ], [ 100.389929833000068, -0.872163847999893, 0.0 ], [ 100.389935188000067, -0.87220567399989, 0.0 ], [ 100.389959644000058, -0.872276255999957, 0.0 ], [ 100.389963625000021, -0.872384121999911, 0.0 ], [ 100.389954487000068, -0.872443080999904, 0.0 ], [ 100.389953612000085, -0.872484248999935, 0.0 ], [ 100.389944740000061, -0.872536158999878, 0.0 ], [ 100.3899011970001, -0.872621194999898, 0.0 ], [ 100.389881465000073, -0.87267775399987, 0.0 ], [ 100.389859427000019, -0.872775711999981, 0.0 ], [ 100.389848423000089, -0.872865586999957, 0.0 ], [ 100.389845716000039, -0.872960069999959, 0.0 ], [ 100.38984573200004, -0.873005976999938, 0.0 ], [ 100.389841304000029, -0.873021916999924, 0.0 ], [ 100.389815964000064, -0.873028940999973, 0.0 ], [ 100.389722350000042, -0.873009265999944, 0.0 ], [ 100.389601658000103, -0.872988880999944, 0.0 ], [ 100.389508803000055, -0.872976457999894, 0.0 ], [ 100.389391189, -0.872966117999926, 0.0 ], [ 100.389302461000028, -0.872953691999964, 0.0 ], [ 100.389224044000031, -0.872928802999947, 0.0 ], [ 100.389128087000088, -0.872892498999875, 0.0 ], [ 100.389039321000027, -0.872863498999962, 0.0 ], [ 100.388952217000011, -0.872844512, 0.0 ], [ 100.38882992000002, -0.872823179999912, 0.0 ], [ 100.388735460000106, -0.872802891999921, 0.0 ], [ 100.388647511000016, -0.872780633999945, 0.0 ], [ 100.388567283000043, -0.872750185999912, 0.0 ], [ 100.388483583000053, -0.872719683999964, 0.0 ], [ 100.388416622000108, -0.872695494999917, 0.0 ], [ 100.388348615000069, -0.872668146999963, 0.0 ], [ 100.388270145000064, -0.87263553799993, 0.0 ], [ 100.38817179500009, -0.872595568999909, 0.0 ], [ 100.388103387000029, -0.872573461999945, 0.0 ], [ 100.388071302000043, -0.872569747999904, 0.0 ], [ 100.388049917000046, -0.872575136999906, 0.0 ], [ 100.388038948000116, -0.872595312999977, 0.0 ], [ 100.388045929000072, -0.872646684999964, 0.0 ], [ 100.388035737000024, -0.872698065999952, 0.0 ], [ 100.388017165000093, -0.872755632999919, 0.0 ], [ 100.387996946000015, -0.87284916299993, 0.0 ], [ 100.387966440000071, -0.872977124999949, 0.0 ], [ 100.387948807000029, -0.873049917999932, 0.0 ], [ 100.387916034000071, -0.873121019999864, 0.0 ], [ 100.387875686000115, -0.873167584999987, 0.0 ], [ 100.387816835000038, -0.873209922999937, 0.0 ], [ 100.387750136000108, -0.873234225, 0.0 ], [ 100.387728181000071, -0.873257529999879, 0.0 ], [ 100.387721663000065, -0.873286208999943, 0.0 ], [ 100.387733546000078, -0.873317866999987, 0.0 ], [ 100.387772745000035, -0.873378188999915, 0.0 ], [ 100.387824868000081, -0.873467571999939, 0.0 ], [ 100.387858255000083, -0.873524161999914, 0.0 ], [ 100.38786303300013, -0.873553902999976, 0.0 ], [ 100.387856369000104, -0.87358172699988, 0.0 ], [ 100.387819205000056, -0.873617238999888, 0.0 ], [ 100.387738144000096, -0.873677109999957, 0.0 ], [ 100.387710190000092, -0.87370743099989, 0.0 ], [ 100.387696216000094, -0.873738827999912, 0.0 ], [ 100.387663949000085, -0.873741004999914, 0.0 ], [ 100.38760694700008, -0.873756181999926, 0.0 ], [ 100.387559630000069, -0.873786509999949, 0.0 ], [ 100.387518772000064, -0.87382766199989, 0.0 ], [ 100.387436701000027, -0.873889244999923, 0.0 ], [ 100.38725481200008, -0.874010552999923, 0.0 ], [ 100.38708521500007, -0.874131855999924, 0.0 ], [ 100.386878898000063, -0.874283112999915, 0.0 ], [ 100.386696726000082, -0.874408931999934, 0.0 ], [ 100.386549254000045, -0.87451552299996, 0.0 ], [ 100.386387906000024, -0.874643081999945, 0.0 ], [ 100.386170915, -0.874785926999952, 0.0 ], [ 100.38605301100003, -0.87485316899992, 0.0 ], [ 100.385902675000111, -0.874917313999898, 0.0 ], [ 100.385755014000054, -0.874965672999902, 0.0 ], [ 100.385589691000064, -0.875, 0.0 ], [ 100.384229996, -0.875370635999925, 0.0 ], [ 100.383799984000035, -0.8756483629999, 0.0 ], [ 100.383427142000102, -0.876026419999917, 0.0 ], [ 100.383265006, -0.876491812999966, 0.0 ], [ 100.383940161000083, -0.877381126999918, 0.0 ], [ 100.384347491000042, -0.878091926999932, 0.0 ], [ 100.384930560000058, -0.878996719999922, 0.0 ], [ 100.385498779000088, -0.879541430999961, 0.0 ], [ 100.385583151000048, -0.879658994999918, 0.0 ], [ 100.385627390000067, -0.879761328999948, 0.0 ], [ 100.385645481000054, -0.87984841799987, 0.0 ], [ 100.385581147000067, -0.879901220999887, 0.0 ], [ 100.385526458000072, -0.879962052999947, 0.0 ], [ 100.385480385000079, -0.880024720999891, 0.0 ], [ 100.385442526000048, -0.880097543999966, 0.0 ], [ 100.385409496000065, -0.880181849999925, 0.0 ], [ 100.385376558000104, -0.880303607999963, 0.0 ], [ 100.385368749000079, -0.880401707999908, 0.0 ], [ 100.385368808000081, -0.880562398999881, 0.0 ], [ 100.385360673000022, -0.880584762999955, 0.0 ], [ 100.385319679000105, -0.880620550999897, 0.0 ], [ 100.385247751000094, -0.880681785999901, 0.0 ], [ 100.385178816000078, -0.880750120999959, 0.0 ], [ 100.385113145000062, -0.880837235999884, 0.0 ], [ 100.385060996, -0.880923767999938, 0.0 ], [ 100.384954251000067, -0.881094861999884, 0.0 ], [ 100.384906436, -0.88116531799994, 0.0 ], [ 100.384866181000064, -0.881207373999867, 0.0 ], [ 100.384815927000076, -0.881239284999932, 0.0 ], [ 100.384724792000085, -0.881262023999948, 0.0 ], [ 100.384619266000058, -0.881304345999986, 0.0 ], [ 100.384584691000043, -0.881321755999917, 0.0 ], [ 100.38454112000008, -0.881362509999914, 0.0 ], [ 100.384493271000025, -0.881429748999881, 0.0 ], [ 100.384450724000061, -0.881525377999889, 0.0 ], [ 100.384405847000068, -0.881634958999896, 0.0 ], [ 100.384376386000028, -0.881665123999905, 0.0 ], [ 100.384318787000069, -0.881678859999976, 0.0 ], [ 100.384213082000116, -0.881682773999945, 0.0 ], [ 100.384028836000056, -0.88171646199989, 0.0 ], [ 100.383851532000037, -0.881792397999956, 0.0 ], [ 100.383725893000033, -0.88189120399996, 0.0 ], [ 100.383626816000103, -0.881991009999957, 0.0 ], [ 100.383540179000036, -0.882117570999949, 0.0 ], [ 100.383476749000025, -0.882243389999879, 0.0 ], [ 100.383403835000124, -0.882356674999926, 0.0 ], [ 100.383321974000097, -0.882433475999974, 0.0 ], [ 100.38324690200001, -0.882469158999907, 0.0 ], [ 100.383182992000059, -0.882471888999866, 0.0 ], [ 100.383107332000108, -0.882455788999955, 0.0 ], [ 100.382998598000071, -0.882440851999963, 0.0 ], [ 100.382900592000055, -0.882454264999918, 0.0 ], [ 100.382827743000064, -0.882521556999979, 0.0 ], [ 100.382797959000087, -0.882608254999958, 0.0 ], [ 100.382796562000053, -0.882693375999896, 0.0 ], [ 100.382818886000038, -0.882779778999939, 0.0 ], [ 100.382828268000111, -0.882822885999865, 0.0 ], [ 100.382826878000074, -0.882829899999912, 0.0 ], [ 100.382795198000039, -0.882866030999882, 0.0 ], [ 100.382721577000069, -0.882928577999905, 0.0 ], [ 100.382615425000083, -0.883004420999963, 0.0 ], [ 100.382515487000077, -0.883129707999938, 0.0 ], [ 100.382460017000099, -0.883242922999891, 0.0 ], [ 100.382434490000037, -0.8833095899999, 0.0 ], [ 100.382399558000074, -0.883359836999883, 0.0 ], [ 100.382345087, -0.883410447999896, 0.0 ], [ 100.382297360000052, -0.88345522799996, 0.0 ], [ 100.382224822000097, -0.88352797799994, 0.0 ], [ 100.38207075400004, -0.883666526999946, 0.0 ], [ 100.381963233000121, -0.883705081999938, 0.0 ], [ 100.381900151000053, -0.883835988999934, 0.0 ], [ 100.381877074, -0.883935903999941, 0.0 ], [ 100.381877373000037, -0.884049099999981, 0.0 ], [ 100.38185726100005, -0.884124397999905, 0.0 ], [ 100.38182203100007, -0.884173691999898, 0.0 ], [ 100.38176697300004, -0.884214596999907, 0.0 ], [ 100.381680743000018, -0.884241598999921, 0.0 ], [ 100.381582734000077, -0.884270998999956, 0.0 ], [ 100.381489335000083, -0.884343477999913, 0.0 ], [ 100.381420775, -0.88442466299988, 0.0 ], [ 100.381362228000043, -0.884536854999926, 0.0 ], [ 100.38132589500006, -0.884654734999909, 0.0 ], [ 100.381315291000064, -0.884747159999918, 0.0 ], [ 100.381291186000027, -0.884816807999908, 0.0 ], [ 100.381264218000098, -0.88486954999992, 0.0 ], [ 100.381219139, -0.884929608999915, 0.0 ], [ 100.381132793000063, -0.884979078999923, 0.0 ], [ 100.381045992000082, -0.885035598999892, 0.0 ], [ 100.380914786000062, -0.885142950999981, 0.0 ], [ 100.380860760000118, -0.8852095959999, 0.0 ], [ 100.380790144000045, -0.885329979999913, 0.0 ], [ 100.380786785000041, -0.885400128999944, 0.0 ], [ 100.380742516000012, -0.885414714999907, 0.0 ], [ 100.3806298370001, -0.88543955999992, 0.0 ], [ 100.380517573000049, -0.885541060999969, 0.0 ], [ 100.38048598200001, -0.885644727999932, 0.0 ], [ 100.380468580000084, -0.885729046999892, 0.0 ], [ 100.380457077000116, -0.885846508999929, 0.0 ], [ 100.380441769000086, -0.885897466999882, 0.0 ], [ 100.380426750000083, -0.885927952999918, 0.0 ], [ 100.380416034000092, -0.885942432999961, 0.0 ], [ 100.380383220000041, -0.885947852999966, 0.0 ], [ 100.380287889000058, -0.885922553999915, 0.0 ], [ 100.380137730000072, -0.886003843999891, 0.0 ], [ 100.380021927000072, -0.886124332999913, 0.0 ], [ 100.379983432000088, -0.886200157999969, 0.0 ], [ 100.379947177000105, -0.886330033999968, 0.0 ], [ 100.379915147000034, -0.886402213999901, 0.0 ], [ 100.379850467000011, -0.88654211999993, 0.0 ], [ 100.379815867000076, -0.886576284999915, 0.0 ], [ 100.379707223000068, -0.886669958999939, 0.0 ], [ 100.379599012000085, -0.886766015999982, 0.0 ], [ 100.37951708600005, -0.886854626999941, 0.0 ], [ 100.379469565000122, -0.886910401999938, 0.0 ], [ 100.379435768000079, -0.886995721999892, 0.0 ], [ 100.379395771000048, -0.887053256999945, 0.0 ], [ 100.379341211000067, -0.887085315999933, 0.0 ], [ 100.379321087000093, -0.88710233999992, 0.0 ], [ 100.37929162500005, -0.887122414999983, 0.0 ], [ 100.37923253700005, -0.887142698999973, 0.0 ], [ 100.37921119400005, -0.887157376999944, 0.0 ], [ 100.379186156000031, -0.887162587999931, 0.0 ], [ 100.379181619000093, -0.887154844999912, 0.0 ], [ 100.379174211000105, -0.887141086999929, 0.0 ], [ 100.379176403000102, -0.887110664999899, 0.0 ], [ 100.379191755000051, -0.887024354999951, 0.0 ], [ 100.379175730000057, -0.886934635999989, 0.0 ], [ 100.379141358000055, -0.88685902899995, 0.0 ], [ 100.379037440000062, -0.886778456999945, 0.0 ], [ 100.378936476000064, -0.886737730999862, 0.0 ], [ 100.378806989000097, -0.886736659999951, 0.0 ], [ 100.378674147000112, -0.886731214999944, 0.0 ], [ 100.378586892, -0.886709288999906, 0.0 ], [ 100.378467495000066, -0.886633782999965, 0.0 ], [ 100.3783497350001, -0.886566793999929, 0.0 ], [ 100.378321937000109, -0.886546986999978, 0.0 ], [ 100.378316406000096, -0.88653757399991, 0.0 ], [ 100.378312731000051, -0.886497647999892, 0.0 ], [ 100.378312694000059, -0.886398673999963, 0.0 ], [ 100.378289778000024, -0.88630655999998, 0.0 ], [ 100.378211387000107, -0.886219412999875, 0.0 ], [ 100.378136655000048, -0.886168458999922, 0.0 ], [ 100.378032769000072, -0.886125819999947, 0.0 ], [ 100.377963862000058, -0.886095324999911, 0.0 ], [ 100.377871939, -0.886044282999951, 0.0 ], [ 100.377657580000033, -0.885932990999891, 0.0 ], [ 100.377513004000051, -0.885866528999898, 0.0 ], [ 100.377399695000094, -0.885830501999937, 0.0 ], [ 100.377319386000025, -0.885789700999936, 0.0 ], [ 100.377230345000029, -0.885717241999892, 0.0 ], [ 100.377100768000048, -0.885658435999911, 0.0 ], [ 100.376998137, -0.885634234999952, 0.0 ], [ 100.376943487000091, -0.885618431999887, 0.0 ], [ 100.376894107000098, -0.885582734999954, 0.0 ], [ 100.376849299000028, -0.885548644999975, 0.0 ], [ 100.376815515, -0.885505357999946, 0.0 ], [ 100.376738053000068, -0.88548428099989, 0.0 ], [ 100.376659854000081, -0.885495148999901, 0.0 ], [ 100.376578398000092, -0.88551278999994, 0.0 ], [ 100.376556206000032, -0.885513739999929, 0.0 ], [ 100.376542559000058, -0.885507379999936, 0.0 ], [ 100.376532345, -0.885489271999948, 0.0 ], [ 100.376525738000083, -0.885453183999982, 0.0 ], [ 100.376527979000087, -0.885388542999962, 0.0 ], [ 100.376515923000071, -0.885288344999932, 0.0 ], [ 100.376458596000035, -0.885222317999887, 0.0 ], [ 100.376393105000034, -0.885171580999952, 0.0 ], [ 100.376301529, -0.885157010999901, 0.0 ], [ 100.376250872000071, -0.885183266999942, 0.0 ], [ 100.376196405000101, -0.88520327899991, 0.0 ], [ 100.37616052900006, -0.885205273999897, 0.0 ], [ 100.376134224000012, -0.885188866999961, 0.0 ], [ 100.376098451000075, -0.885134100999959, 0.0 ], [ 100.376060809000066, -0.885042629999941, 0.0 ], [ 100.376020725000046, -0.884922376999938, 0.0 ], [ 100.375898396000039, -0.884842666999916, 0.0 ], [ 100.375782731000072, -0.884818988999911, 0.0 ], [ 100.375664294000032, -0.884807812999963, 0.0 ], [ 100.375564007, -0.88480467799997, 0.0 ], [ 100.375486650000084, -0.88480371199989, 0.0 ], [ 100.375413477000066, -0.884784929999935, 0.0 ], [ 100.375373217000018, -0.884758828999907, 0.0 ], [ 100.375320297000087, -0.884707488999922, 0.0 ], [ 100.375260991000061, -0.884648157999898, 0.0 ], [ 100.375183859000074, -0.884597341999957, 0.0 ], [ 100.375087292000075, -0.884566857999921, 0.0 ], [ 100.375006167000024, -0.884558849999969, 0.0 ], [ 100.374881992000056, -0.884553886999914, 0.0 ], [ 100.374803935000088, -0.884550397999892, 0.0 ], [ 100.374736522, -0.884542235999927, 0.0 ], [ 100.374573386000108, -0.88452283499992, 0.0 ], [ 100.374456935000055, -0.884505038999958, 0.0 ], [ 100.374387497, -0.884503614999929, 0.0 ], [ 100.374302065000037, -0.884511608999969, 0.0 ], [ 100.374208475000017, -0.884553163999943, 0.0 ], [ 100.374129550000063, -0.8846095419999, 0.0 ], [ 100.374050617000108, -0.884682082999952, 0.0 ], [ 100.373964218000054, -0.884792301999923, 0.0 ], [ 100.373912299000025, -0.884892080999919, 0.0 ], [ 100.373871726000047, -0.884998577999937, 0.0 ], [ 100.373833360000063, -0.885121591, 0.0 ], [ 100.373828915000061, -0.885130566999933, 0.0 ], [ 100.373827745000042, -0.885130983999879, 0.0 ], [ 100.373770129000079, -0.885145037999976, 0.0 ], [ 100.37364113200006, -0.885154290999942, 0.0 ], [ 100.373549279000102, -0.885199337999939, 0.0 ], [ 100.37349613800005, -0.885267718999913, 0.0 ], [ 100.373470213000047, -0.885269321999957, 0.0 ], [ 100.373350286000061, -0.885294584999915, 0.0 ], [ 100.373220855000014, -0.885329912999907, 0.0 ], [ 100.373189013000044, -0.885346593999955, 0.0 ], [ 100.373124976999989, -0.885366227999892, 0.0 ], [ 100.373004947000098, -0.885459215999948, 0.0 ], [ 100.372944481000062, -0.885549729999976, 0.0 ], [ 100.372914632000075, -0.885642349999912, 0.0 ], [ 100.37288951900004, -0.885676061999948, 0.0 ], [ 100.372850740000032, -0.885788182999899, 0.0 ], [ 100.372862271000102, -0.88595505899994, 0.0 ], [ 100.372913764, -0.886131614999893, 0.0 ], [ 100.372947855000078, -0.886207001999914, 0.0 ], [ 100.372972031000032, -0.886297422999935, 0.0 ], [ 100.37300843200002, -0.886392216999962, 0.0 ], [ 100.373033020000022, -0.886473910999882, 0.0 ], [ 100.373033013000011, -0.886474192, 0.0 ], [ 100.373014007000037, -0.886467878999916, 0.0 ], [ 100.372985030000038, -0.886446545999927, 0.0 ], [ 100.372948812000061, -0.886390665999922, 0.0 ], [ 100.372915231000036, -0.886325373999938, 0.0 ], [ 100.37284561500006, -0.88614769499998, 0.0 ], [ 100.372811019000039, -0.886053548999918, 0.0 ], [ 100.372724315000056, -0.885967391999895, 0.0 ], [ 100.372613413000025, -0.885926121999944, 0.0 ], [ 100.372589164000061, -0.885910711999912, 0.0 ], [ 100.372485631000117, -0.885910749999915, 0.0 ], [ 100.372365012000074, -0.885921698999933, 0.0 ], [ 100.372276326000119, -0.885912868999913, 0.0 ], [ 100.372261802000068, -0.885905762999858, 0.0 ], [ 100.372256025000027, -0.885866599999904, 0.0 ], [ 100.372229288000042, -0.885825553999883, 0.0 ], [ 100.372227917000018, -0.885820324999894, 0.0 ], [ 100.372197052000033, -0.885780197999949, 0.0 ], [ 100.372148264, -0.885756458999939, 0.0 ], [ 100.372071145000106, -0.885704255999883, 0.0 ], [ 100.371993488000072, -0.885680536999875, 0.0 ], [ 100.371920367000058, -0.885694819999902, 0.0 ], [ 100.371871687000024, -0.885726757999969, 0.0 ], [ 100.371852957000073, -0.885746474999912, 0.0 ], [ 100.37184337700009, -0.885746822999941, 0.0 ], [ 100.371817318000055, -0.885734557999903, 0.0 ], [ 100.371766163000089, -0.885701413999914, 0.0 ], [ 100.37171050100001, -0.885658268999986, 0.0 ], [ 100.371643708000079, -0.885624716999875, 0.0 ], [ 100.371495750000093, -0.885610707999959, 0.0 ], [ 100.371414167000097, -0.885616704999922, 0.0 ], [ 100.371322672000076, -0.88561560899992, 0.0 ], [ 100.371245799000022, -0.885616127999874, 0.0 ], [ 100.371122406000026, -0.88561525799998, 0.0 ], [ 100.371000087000127, -0.885619995999928, 0.0 ], [ 100.370931008000085, -0.885634603999893, 0.0 ], [ 100.370853773000093, -0.885669713999956, 0.0 ], [ 100.370770739000065, -0.885737280999951, 0.0 ], [ 100.370748332000076, -0.885794646999901, 0.0 ], [ 100.370730270000095, -0.885917580999948, 0.0 ], [ 100.370728473000028, -0.885982682999916, 0.0 ], [ 100.370724975000101, -0.88599548999991, 0.0 ], [ 100.370709031000018, -0.88600873299994, 0.0 ], [ 100.37067196600006, -0.886024970999863, 0.0 ], [ 100.370624231000107, -0.886041835999926, 0.0 ], [ 100.370582037000077, -0.886043968999925, 0.0 ], [ 100.370485780000109, -0.886046520999958, 0.0 ], [ 100.370428166000053, -0.886033788999971, 0.0 ], [ 100.370340347000067, -0.886010089999964, 0.0 ], [ 100.37025670400007, -0.885978060999889, 0.0 ], [ 100.370202951000067, -0.885956446999966, 0.0 ], [ 100.370124189000038, -0.885881680999908, 0.0 ], [ 100.370028387000019, -0.885795834999911, 0.0 ], [ 100.369928694000023, -0.885723382999956, 0.0 ], [ 100.36985888300002, -0.88568012799993, 0.0 ], [ 100.36980011200005, -0.885616236999972, 0.0 ], [ 100.369728726000091, -0.885581080999906, 0.0 ], [ 100.369590391000102, -0.885558223999968, 0.0 ], [ 100.369460755000034, -0.885546438999882, 0.0 ], [ 100.369360513000089, -0.885533580999883, 0.0 ], [ 100.369255915000053, -0.885514223999969, 0.0 ], [ 100.36922602100006, -0.885505433999864, 0.0 ], [ 100.369178180000105, -0.885507155999917, 0.0 ], [ 100.36915429700008, -0.885511638999933, 0.0 ], [ 100.369123162000079, -0.885503742999902, 0.0 ], [ 100.369106553000037, -0.885496827999862, 0.0 ], [ 100.369092451000114, -0.885487580999897, 0.0 ], [ 100.369073086000114, -0.885470540999908, 0.0 ], [ 100.36902631600006, -0.885440772999932, 0.0 ], [ 100.368971337000033, -0.885432030999919, 0.0 ], [ 100.368910629000084, -0.885427364999888, 0.0 ], [ 100.368808421000054, -0.885422098999896, 0.0 ], [ 100.368736261000038, -0.88541665299989, 0.0 ], [ 100.368652903000068, -0.885412626999912, 0.0 ], [ 100.368567669000029, -0.885415634999895, 0.0 ], [ 100.368468873000026, -0.885431701999892, 0.0 ], [ 100.368393930000053, -0.885525210999901, 0.0 ], [ 100.368388131000103, -0.885631890999935, 0.0 ], [ 100.368377574000121, -0.885754169999927, 0.0 ], [ 100.36837656400003, -0.885763991999941, 0.0 ], [ 100.368284531000057, -0.885768327999944, 0.0 ], [ 100.368178207000057, -0.885790553999918, 0.0 ], [ 100.368097184000092, -0.885832142999895, 0.0 ], [ 100.368037346000037, -0.885905286999908, 0.0 ], [ 100.368021397000049, -0.885991794999871, 0.0 ], [ 100.368011296000091, -0.886058010999932, 0.0 ], [ 100.368004804000094, -0.886075699999886, 0.0 ], [ 100.36797834900004, -0.886034378999931, 0.0 ], [ 100.36791306800005, -0.885906296999902, 0.0 ], [ 100.367837663000032, -0.885838417999882, 0.0 ], [ 100.367748569000028, -0.885860099999899, 0.0 ], [ 100.367697606000078, -0.885908629999918, 0.0 ], [ 100.367665513000091, -0.88597340799986, 0.0 ], [ 100.367655910000096, -0.886030536999968, 0.0 ], [ 100.367611248000031, -0.886103718999895, 0.0 ], [ 100.367559056000076, -0.88616735899992, 0.0 ], [ 100.367494267000041, -0.886207868999985, 0.0 ], [ 100.367350118000019, -0.886213228999896, 0.0 ], [ 100.367275665000065, -0.886195563999944, 0.0 ], [ 100.367152588000096, -0.886218742999908, 0.0 ], [ 100.367011743, -0.886403572999924, 0.0 ], [ 100.367002073, -0.886469857999902, 0.0 ], [ 100.366973156000086, -0.886515418999942, 0.0 ], [ 100.366946429, -0.886569589999983, 0.0 ], [ 100.36690514600005, -0.886623358999902, 0.0 ], [ 100.366798443000022, -0.886701423999966, 0.0 ], [ 100.36669640800001, -0.886844439999898, 0.0 ], [ 100.366607139000095, -0.886967798999891, 0.0 ], [ 100.366547878000077, -0.887095169999949, 0.0 ], [ 100.366492333000096, -0.887202067999912, 0.0 ], [ 100.36647038200006, -0.887277231999914, 0.0 ], [ 100.366432429000028, -0.887482066999898, 0.0 ], [ 100.366392636000015, -0.887583459999938, 0.0 ], [ 100.366330774000048, -0.887634391999889, 0.0 ], [ 100.366244467000016, -0.88764396099997, 0.0 ], [ 100.36607286600011, -0.887610989999907, 0.0 ], [ 100.365856535000063, -0.887578038999933, 0.0 ], [ 100.365267185000064, -0.887606567999985, 0.0 ], [ 100.364367083000019, -0.887646001999872, 0.0 ], [ 100.36372151100008, -0.887746022999977, 0.0 ], [ 100.363165697000099, -0.887906673999947, 0.0 ], [ 100.36303406200004, -0.887966962999872, 0.0 ], [ 100.362591169000069, -0.888169808999958, 0.0 ], [ 100.362408268000038, -0.888256377999927, 0.0 ], [ 100.362162447000046, -0.888372242999921, 0.0 ], [ 100.361790305000071, -0.88854493699991, 0.0 ], [ 100.361638365000019, -0.888626350999985, 0.0 ], [ 100.36142385600003, -0.888741289999903, 0.0 ], [ 100.361067354000028, -0.888932314999987, 0.0 ], [ 100.360780559, -0.889085986999913, 0.0 ], [ 100.360658847000067, -0.889167000999954, 0.0 ], [ 100.360419412000056, -0.888811524999941, 0.0 ], [ 100.360367863000064, -0.888678977999987, 0.0 ], [ 100.36033326600004, -0.888534723999953, 0.0 ], [ 100.360318889, -0.888455609999891, 0.0 ], [ 100.36031219300007, -0.888444880999891, 0.0 ], [ 100.360310567000028, -0.888444553999864, 0.0 ], [ 100.360267112000074, -0.888449898999951, 0.0 ], [ 100.360236829000058, -0.888456352999864, 0.0 ], [ 100.360190866000067, -0.888483828999917, 0.0 ], [ 100.359942354000026, -0.888637459999927, 0.0 ], [ 100.359463701000038, -0.888843850999951, 0.0 ], [ 100.357839007000081, -0.889681002999939, 0.0 ], [ 100.35774322400006, -0.889730356999937, 0.0 ], [ 100.356323374000084, -0.890451842999948, 0.0 ], [ 100.354859157000078, -0.891202599999893, 0.0 ], [ 100.352449020000066, -0.892319499999935, 0.0 ], [ 100.352345450000101, -0.891271181999972, 0.0 ], [ 100.352244196000072, -0.890069761999953, 0.0 ], [ 100.352187265000069, -0.889606761999925, 0.0 ], [ 100.351015116999989, -0.889765521999916, 0.0 ], [ 100.350903971000037, -0.889771259999947, 0.0 ], [ 100.350011682000101, -0.889815591999884, 0.0 ], [ 100.349196454000065, -0.889913168999964, 0.0 ], [ 100.347866294000042, -0.890235923999935, 0.0 ], [ 100.34745282400003, -0.890357266999938, 0.0 ], [ 100.347077716000086, -0.890354953999925, 0.0 ], [ 100.346727932000093, -0.890378426999913, 0.0 ], [ 100.346763552000112, -0.890161908999939, 0.0 ], [ 100.346765530000098, -0.890090399999973, 0.0 ], [ 100.346756699000082, -0.889971699999922, 0.0 ], [ 100.346704520000017, -0.889842603999899, 0.0 ], [ 100.346668741000087, -0.889698298999949, 0.0 ], [ 100.346631047000074, -0.889620147999967, 0.0 ], [ 100.346611121000109, -0.889604344999903, 0.0 ], [ 100.346539097000104, -0.889611606999882, 0.0 ], [ 100.346534699000088, -0.889577790999926, 0.0 ], [ 100.346544858000044, -0.88951617399989, 0.0 ], [ 100.346559352, -0.889270086999957, 0.0 ], [ 100.346526433000037, -0.889032537999931, 0.0 ], [ 100.346464433000051, -0.888809973, 0.0 ], [ 100.346435579000058, -0.888675220999943, 0.0 ], [ 100.34646831000002, -0.888619321999936, 0.0 ], [ 100.346492082000026, -0.888511950999934, 0.0 ], [ 100.346468218000012, -0.888364981999942, 0.0 ], [ 100.346407798000072, -0.888209976999907, 0.0 ], [ 100.346292910000074, -0.888078309999937, 0.0 ], [ 100.346183049000047, -0.887987702, 0.0 ], [ 100.346132268000105, -0.887983889999941, 0.0 ], [ 100.346066751000095, -0.887999291999972, 0.0 ], [ 100.345988129, -0.888016895999918, 0.0 ], [ 100.345863648, -0.8880520959999, 0.0 ], [ 100.345743518000091, -0.888036758999874, 0.0 ], [ 100.345664880000072, -0.888010424999916, 0.0 ], [ 100.345514150000028, -0.887935781999957, 0.0 ], [ 100.345424597, -0.887920436999931, 0.0 ], [ 100.345337525000076, -0.887973332999866, 0.0 ], [ 100.345308599000077, -0.887991567999954, 0.0 ], [ 100.345235383000059, -0.888008056999986, 0.0 ], [ 100.345145334000065, -0.88798674399991, 0.0 ], [ 100.345121377000041, -0.887956453999891, 0.0 ], [ 100.345103299000058, -0.887882337999887, 0.0 ], [ 100.345077659000069, -0.887871312999952, 0.0 ], [ 100.344942715000087, -0.887887859999989, 0.0 ], [ 100.344893528000014, -0.887884060999941, 0.0 ], [ 100.344856061000115, -0.887866319999894, 0.0 ], [ 100.344820577000021, -0.887812271999952, 0.0 ], [ 100.34474821200007, -0.887772365999936, 0.0 ], [ 100.344474186000042, -0.887845909999893, 0.0 ], [ 100.343878873000079, -0.88801440899989, 0.0 ], [ 100.343169740203422, -0.88818936696072, 0.0 ], [ 100.343092231000099, -0.887787271999926, 0.0 ], [ 100.342759476000097, -0.887884380999878, 0.0 ], [ 100.34270964500007, -0.887891642999946, 0.0 ], [ 100.342678625000076, -0.887858207999933, 0.0 ], [ 100.342677507000076, -0.887819749999949, 0.0 ], [ 100.342697429000026, -0.887799119999929, 0.0 ], [ 100.342735626, -0.887777370999906, 0.0 ], [ 100.34307556900005, -0.887657402999928, 0.0 ], [ 100.342844406000026, -0.886940697999869, 0.0 ], [ 100.342668905000068, -0.887014331999922, 0.0 ], [ 100.342590275000049, -0.887018258999891, 0.0 ], [ 100.342536011000092, -0.887013819999879, 0.0 ], [ 100.34249391700007, -0.886970917999971, 0.0 ], [ 100.342486152000049, -0.886940827999968, 0.0 ], [ 100.342504957000088, -0.886888423999896, 0.0 ], [ 100.342538726000043, -0.886866668999961, 0.0 ], [ 100.342788421000094, -0.88677517099994, 0.0 ], [ 100.342547300000049, -0.886075182999932, 0.0 ], [ 100.34233261200005, -0.886145032999938, 0.0 ], [ 100.342282322000059, -0.88614898599991, 0.0 ], [ 100.342253654000089, -0.886135356999937, 0.0 ], [ 100.342240878, -0.886115426999886, 0.0 ], [ 100.3422398270001, -0.886089983999913, 0.0 ], [ 100.342252589000083, -0.886070569999905, 0.0 ], [ 100.342516780000011, -0.88598653799988, 0.0 ], [ 100.342289358000102, -0.885225754, 0.0 ], [ 100.341991985000021, -0.885340486999894, 0.0 ], [ 100.341946284000059, -0.885335981999965, 0.0 ], [ 100.341911056000072, -0.885295274999972, 0.0 ], [ 100.341913288000072, -0.885256054999925, 0.0 ], [ 100.341941750000032, -0.88522362, 0.0 ], [ 100.342229387000032, -0.885117183999981, 0.0 ], [ 100.342000602000013, -0.884316404999893, 0.0 ], [ 100.341632811000053, -0.884430412999912, 0.0 ], [ 100.341586364000122, -0.88442514699992, 0.0 ], [ 100.341563130000054, -0.884409317999943, 0.0 ], [ 100.341551888000112, -0.884378407999961, 0.0 ], [ 100.341556371000124, -0.884351253999935, 0.0 ], [ 100.34159606800003, -0.884324095999908, 0.0 ], [ 100.341938382000109, -0.884198781999931, 0.0 ], [ 100.341716392000038, -0.883529972999927, 0.0 ], [ 100.341358340000085, -0.883643968999944, 0.0 ], [ 100.34130140200007, -0.883646258999867, 0.0 ], [ 100.341273670000092, -0.883614594999912, 0.0 ], [ 100.34127515800013, -0.883576135999927, 0.0 ], [ 100.341309597000048, -0.883521066999901, 0.0 ], [ 100.341681143000059, -0.883431198999926, 0.0 ], [ 100.341494343000051, -0.882692234999979, 0.0 ], [ 100.341097349000066, -0.882857527999889, 0.0 ], [ 100.341057642000067, -0.88285528099988, 0.0 ], [ 100.341035914000045, -0.882825123999961, 0.0 ], [ 100.34103513900007, -0.882770076999936, 0.0 ], [ 100.34146583400009, -0.882571586999944, 0.0 ], [ 100.341159918000088, -0.881837947999905, 0.0 ], [ 100.340694771000059, -0.882055300999948, 0.0 ], [ 100.340646826000096, -0.882059848999969, 0.0 ], [ 100.340626596000021, -0.882044017999903, 0.0 ], [ 100.340622838000058, -0.882014605999867, 0.0 ], [ 100.340654288000096, -0.881970103999915, 0.0 ], [ 100.341097919000021, -0.881739390999922, 0.0 ], [ 100.340734824, -0.881064101999915, 0.0 ], [ 100.340286721000055, -0.88130295599996, 0.0 ], [ 100.340241114, -0.881287895999957, 0.0 ], [ 100.340218954000036, -0.88125511699991, 0.0 ], [ 100.340218940000042, -0.88121839399998, 0.0 ], [ 100.340241075, -0.881175106999951, 0.0 ], [ 100.340661825, -0.88096052099996, 0.0 ], [ 100.34052298400006, -0.880710074999932, 0.0 ], [ 100.34027134900002, -0.880200654999971, 0.0 ], [ 100.339874043000108, -0.880399484999902, 0.0 ], [ 100.339832998000077, -0.880399500999903, 0.0 ], [ 100.339804984000068, -0.88038049899993, 0.0 ], [ 100.339793247000074, -0.880347713999882, 0.0 ], [ 100.33980170100007, -0.880320169999912, 0.0 ], [ 100.340197054, -0.880114122999917, 0.0 ], [ 100.339897207000064, -0.879415365999922, 0.0 ], [ 100.339471996000057, -0.879647781999967, 0.0 ], [ 100.339434025000017, -0.879648518999939, 0.0 ], [ 100.33941001000008, -0.879631215999929, 0.0 ], [ 100.339405341000045, -0.879590460999932, 0.0 ], [ 100.339425395000021, -0.879563410999914, 0.0 ], [ 100.339830170000113, -0.879320899999922, 0.0 ], [ 100.339533978000034, -0.878616271999885, 0.0 ], [ 100.339246998000093, -0.878752282999859, 0.0 ], [ 100.339224526000095, -0.878751141999942, 0.0 ], [ 100.339202533000048, -0.878733114999871, 0.0 ], [ 100.339199921000017, -0.878715242999903, 0.0 ], [ 100.339203984000079, -0.878694916999908, 0.0 ], [ 100.339214190000035, -0.878667055999912, 0.0 ], [ 100.339474057000047, -0.878524660999943, 0.0 ], [ 100.33913504800006, -0.877786408999967, 0.0 ], [ 100.33884847300007, -0.877948486999966, 0.0 ], [ 100.338822416000042, -0.877947836999912, 0.0 ], [ 100.338797004000071, -0.877916369999973, 0.0 ], [ 100.338783962000065, -0.877880963999885, 0.0 ], [ 100.338787201000059, -0.877842278999882, 0.0 ], [ 100.339031436000113, -0.877678904999865, 0.0 ], [ 100.338681242000092, -0.876971464999951, 0.0 ], [ 100.33841257000006, -0.877117299999938, 0.0 ], [ 100.338381238000039, -0.877117609999964, 0.0 ], [ 100.338371272000103, -0.877112593999904, 0.0 ], [ 100.338361303000084, -0.877100331999955, 0.0 ], [ 100.33835740900011, -0.877069680999906, 0.0 ], [ 100.338369585000052, -0.877043482999959, 0.0 ], [ 100.338628159000052, -0.876876892999942, 0.0 ], [ 100.338573489000055, -0.876681766999962, 0.0 ], [ 100.338398005000016, -0.876251069999942, 0.0 ], [ 100.338276447000084, -0.875991062999923, 0.0 ], [ 100.338204503000071, -0.875819236999916, 0.0 ], [ 100.338132563000073, -0.875656455999948, 0.0 ], [ 100.338015696000085, -0.875493691999981, 0.0 ], [ 100.337871844000091, -0.875249533999941, 0.0 ], [ 100.337781940000113, -0.87510484899996, 0.0 ], [ 100.33770102700008, -0.874978250999966, 0.0 ], [ 100.337620098000045, -0.87480642799996, 0.0 ], [ 100.337521199000022, -0.874634611999955, 0.0 ], [ 100.337431285000051, -0.87446279299995, 0.0 ], [ 100.337341374000076, -0.874300018999982, 0.0 ], [ 100.337233489000113, -0.874128205999977, 0.0 ], [ 100.337134593000101, -0.873965434999921, 0.0 ], [ 100.337026709000057, -0.873793621999916, 0.0 ], [ 100.336936791000085, -0.873612757999961, 0.0 ], [ 100.336819925, -0.873449992999905, 0.0 ], [ 100.336738996000051, -0.8732781709999, 0.0 ], [ 100.336692357000018, -0.873220805999949, 0.0 ], [ 100.336649108000074, -0.87317870999993, 0.0 ], [ 100.336637062000065, -0.873162792999945, 0.0 ], [ 100.336622129000062, -0.873115405999933, 0.0 ], [ 100.336568192000044, -0.873043066999987, 0.0 ], [ 100.336424334000043, -0.87278081799996, 0.0 ], [ 100.336217554000072, -0.872446233999899, 0.0 ], [ 100.336082700000105, -0.872238250999921, 0.0 ], [ 100.335893900000116, -0.871930794999972, 0.0 ], [ 100.335741057000092, -0.871668549999857, 0.0 ], [ 100.335624159000091, -0.871415336999956, 0.0 ], [ 100.335516265000052, -0.871216388999926, 0.0 ], [ 100.335399392000056, -0.871035534999972, 0.0 ], [ 100.335237573000086, -0.870800426999882, 0.0 ], [ 100.335102704000022, -0.870547219999892, 0.0 ], [ 100.334976827, -0.870312099999978, 0.0 ], [ 100.334823997000058, -0.870086032999925, 0.0 ], [ 100.334662188, -0.869878059999948, 0.0 ], [ 100.33458126000005, -0.869706236999942, 0.0 ], [ 100.334509320000052, -0.869543455999974, 0.0 ], [ 100.334428395000018, -0.869380677999917, 0.0 ], [ 100.33436546300004, -0.869281206999947, 0.0 ], [ 100.33429354200004, -0.869172694999939, 0.0 ], [ 100.334248584000051, -0.869082262999918, 0.0 ], [ 100.334185655000084, -0.868991836999896, 0.0 ], [ 100.3341407, -0.868910449999913, 0.0 ], [ 100.334104727000053, -0.868820013999891, 0.0 ], [ 100.334041801000083, -0.868738632999907, 0.0 ], [ 100.333996843000094, -0.868648200999885, 0.0 ], [ 100.33393392000005, -0.86857586499994, 0.0 ], [ 100.333879977000024, -0.868485434999918, 0.0 ], [ 100.33382603600009, -0.868404050999935, 0.0 ], [ 100.333781078000101, -0.868313618999913, 0.0 ], [ 100.333727137000082, -0.86823223499993, 0.0 ], [ 100.333682182000089, -0.868150846999857, 0.0 ], [ 100.333637227000011, -0.868069459999962, 0.0 ], [ 100.333538322, -0.86787955299997, 0.0 ], [ 100.333439436000077, -0.867743915999938, 0.0 ], [ 100.333340537000069, -0.867572098999933, 0.0 ], [ 100.33328659700004, -0.867490714999949, 0.0 ], [ 100.333232656000021, -0.867409330999966, 0.0 ], [ 100.333169743000056, -0.867364128999956, 0.0 ], [ 100.333151763000075, -0.867337000999932, 0.0 ], [ 100.33312478200007, -0.867264651999896, 0.0 ], [ 100.333079827000077, -0.867183263999912, 0.0 ], [ 100.333034869000087, -0.86709283199998, 0.0 ], [ 100.332962957000092, -0.867011453999908, 0.0 ], [ 100.332909014000066, -0.866921024999886, 0.0 ], [ 100.33283710300006, -0.866839646999903, 0.0 ], [ 100.332783159000044, -0.866749217999882, 0.0 ], [ 100.332711245000041, -0.86665879499995, 0.0 ], [ 100.332657302000115, -0.866568365999928, 0.0 ], [ 100.332603358000085, -0.866477935999907, 0.0 ], [ 100.332576367000073, -0.866378452999935, 0.0 ], [ 100.332540394000034, -0.866288016999913, 0.0 ], [ 100.332513407000107, -0.86619757799998, 0.0 ], [ 100.332486416000094, -0.86609809499992, 0.0 ], [ 100.332362483000054, -0.866051757, 0.0 ], [ 100.332329645000087, -0.866033868999935, 0.0 ], [ 100.332311163000071, -0.865987745999938, 0.0 ], [ 100.332311156000074, -0.865966400999948, 0.0 ], [ 100.333210627000057, -0.865513687999972, 0.0 ], [ 100.333055151000082, -0.865220083999926, 0.0 ], [ 100.332918828000075, -0.864962646999942, 0.0 ], [ 100.332864877000048, -0.86486076299995, 0.0 ], [ 100.33206529800006, -0.865212790999944, 0.0 ], [ 100.332006083000053, -0.865212223999897, 0.0 ], [ 100.331972648000033, -0.865181545999935, 0.0 ], [ 100.331984363000032, -0.86515262499994, 0.0 ], [ 100.332045788000045, -0.865103318999946, 0.0 ], [ 100.332081707, -0.865039992999858, 0.0 ], [ 100.332045750000049, -0.864994780999936, 0.0 ], [ 100.332009768, -0.864877210999978, 0.0 ], [ 100.331955825000065, -0.864786781999957, 0.0 ], [ 100.331919852000027, -0.864696345999935, 0.0 ], [ 100.331883876000063, -0.864596865999875, 0.0 ], [ 100.33186587100009, -0.864497378999904, 0.0 ], [ 100.331838880000078, -0.864397894999932, 0.0 ], [ 100.331820871, -0.864289363999923, 0.0 ], [ 100.331766931000075, -0.864207978999939, 0.0 ], [ 100.331721979000079, -0.864135635999904, 0.0 ], [ 100.331647945000086, -0.864108421999962, 0.0 ], [ 100.331633668000052, -0.864072530999923, 0.0 ], [ 100.331644350000047, -0.86402586099997, 0.0 ], [ 100.331829765000023, -0.86396836099992, 0.0 ], [ 100.331820745000087, -0.86392756999992, 0.0 ], [ 100.331811725000051, -0.863828079999948, 0.0 ], [ 100.331793723000061, -0.863737637999925, 0.0 ], [ 100.331784707000025, -0.863647192999903, 0.0 ], [ 100.331784675000023, -0.86355674499988, 0.0 ], [ 100.331775655000087, -0.863457254999908, 0.0 ], [ 100.331757653000096, -0.863366812999974, 0.0 ], [ 100.331730666000084, -0.863276373999952, 0.0 ], [ 100.331454271000041, -0.863208181999905, 0.0 ], [ 100.331405020000062, -0.863195807999947, 0.0 ], [ 100.331389756000036, -0.863150363999917, 0.0 ], [ 100.331400301000116, -0.86311377299991, 0.0 ], [ 100.331457740000062, -0.86307656999994, 0.0 ], [ 100.331888049000057, -0.862979040999953, 0.0 ], [ 100.331773033000047, -0.862682809999956, 0.0 ], [ 100.331557643000068, -0.862054350999916, 0.0 ], [ 100.331166054000093, -0.86221029499994, 0.0 ], [ 100.331146704000091, -0.862197910999893, 0.0 ], [ 100.331133784000087, -0.862148339999965, 0.0 ], [ 100.331152533000036, -0.862113510999926, 0.0 ], [ 100.331549393000017, -0.861948121999919, 0.0 ], [ 100.331273592000016, -0.861229976999919, 0.0 ], [ 100.330832758000042, -0.861398918999953, 0.0 ], [ 100.330793475000078, -0.861399528999915, 0.0 ], [ 100.330764160000058, -0.861384189999978, 0.0 ], [ 100.330748896000031, -0.8613381669999, 0.0 ], [ 100.330760025000075, -0.86130215499994, 0.0 ], [ 100.331220782000088, -0.86111668299996, 0.0 ], [ 100.331106919, -0.860754946999961, 0.0 ], [ 100.331044621000075, -0.860594944999956, 0.0 ], [ 100.330918853000071, -0.860271930999875, 0.0 ], [ 100.33080823400006, -0.859987823999905, 0.0 ], [ 100.330409610000032, -0.860146130999947, 0.0 ], [ 100.330353909000038, -0.860143789999931, 0.0 ], [ 100.330330448000055, -0.860116056999946, 0.0 ], [ 100.330331016000102, -0.860068254999899, 0.0 ], [ 100.330354450000087, -0.860019847999979, 0.0 ], [ 100.330738407000055, -0.859826135999938, 0.0 ], [ 100.330536559000052, -0.859352889999951, 0.0 ], [ 100.330324170000068, -0.85892921399989, 0.0 ], [ 100.329930848000032, -0.859141814999894, 0.0 ], [ 100.329904458000073, -0.859138875999918, 0.0 ], [ 100.329880998000078, -0.859115275999919, 0.0 ], [ 100.32987277700002, -0.859066879999911, 0.0 ], [ 100.329877455000059, -0.859030879999953, 0.0 ], [ 100.330237351000079, -0.858792910999981, 0.0 ], [ 100.330182199000049, -0.858661327999929, 0.0 ], [ 100.330036113000034, -0.858366290999943, 0.0 ], [ 100.329890054000032, -0.858178073999913, 0.0 ], [ 100.329551835000117, -0.858376490999898, 0.0 ], [ 100.329509627000078, -0.858391257999877, 0.0 ], [ 100.329469755000076, -0.85837829299987, 0.0 ], [ 100.329442185000104, -0.858346428999898, 0.0 ], [ 100.329440412000039, -0.858284462999922, 0.0 ], [ 100.329469705000065, -0.858234877999905, 0.0 ], [ 100.329795033000067, -0.858041774999915, 0.0 ], [ 100.32956975500008, -0.857630502999903, 0.0 ], [ 100.329327476000017, -0.857218051999883, 0.0 ], [ 100.329032631000047, -0.857397568999904, 0.0 ], [ 100.328983384000068, -0.85740349199995, 0.0 ], [ 100.328956407000049, -0.857392873999959, 0.0 ], [ 100.328944083000096, -0.857352745999926, 0.0 ], [ 100.328953451000075, -0.857314971999909, 0.0 ], [ 100.329279940000092, -0.857103578999915, 0.0 ], [ 100.328926769000091, -0.856440344999928, 0.0 ], [ 100.328525820000038, -0.856657668999969, 0.0 ], [ 100.328469531000096, -0.856641751999984, 0.0 ], [ 100.32844371200008, -0.85658038299988, 0.0 ], [ 100.328456008000032, -0.856537885999916, 0.0 ], [ 100.328700103000074, -0.856410696999962, 0.0 ], [ 100.328831167, -0.856342403999907, 0.0 ], [ 100.328661642, -0.856083970999929, 0.0 ], [ 100.328582289000096, -0.855946070999888, 0.0 ], [ 100.328424638000016, -0.855672105999869, 0.0 ], [ 100.328206596000101, -0.855841564999945, 0.0 ], [ 100.328136827, -0.855846310999894, 0.0 ], [ 100.328085806000047, -0.855813865999963, 0.0 ], [ 100.328074664000013, -0.855786725999938, 0.0 ], [ 100.32809282, -0.855751309999938, 0.0 ], [ 100.328338990000034, -0.855538163999888, 0.0 ], [ 100.32832489300003, -0.855462625999944, 0.0 ], [ 100.328303763000051, -0.855395357999885, 0.0 ], [ 100.328253320000059, -0.855318647999933, 0.0 ], [ 100.328158299, -0.855210684999971, 0.0 ], [ 100.328095531000059, -0.855090310999959, 0.0 ], [ 100.328016310000066, -0.854888493999958, 0.0 ], [ 100.327953535000034, -0.854773429999941, 0.0 ], [ 100.327843286000061, -0.854696161999943, 0.0 ], [ 100.327464021000111, -0.85489459299993, 0.0 ], [ 100.327391919, -0.854909957999958, 0.0 ], [ 100.327356736000027, -0.854894032999884, 0.0 ], [ 100.327319781000085, -0.854845067999918, 0.0 ], [ 100.327329724000023, -0.854782500999892, 0.0 ], [ 100.327655049000029, -0.854581139999929, 0.0 ], [ 100.327647984000066, -0.854494383999945, 0.0 ], [ 100.327640337000048, -0.854414123999966, 0.0 ], [ 100.327594565000084, -0.854307906999971, 0.0 ], [ 100.327526511000045, -0.854177504999928, 0.0 ], [ 100.32744380000004, -0.854045920999965, 0.0 ], [ 100.327367550000034, -0.853966271999948, 0.0 ], [ 100.327304223000041, -0.853942098999902, 0.0 ], [ 100.327218025, -0.853885471999924, 0.0 ], [ 100.326843804000049, -0.853411099999931, 0.0 ], [ 100.3265020730001, -0.853642567999898, 0.0 ], [ 100.32647334900004, -0.853648483999944, 0.0 ], [ 100.326435821000047, -0.853634332999928, 0.0 ], [ 100.326408841000031, -0.853589488999948, 0.0 ], [ 100.326419375000015, -0.853545219999926, 0.0 ], [ 100.32675699300006, -0.853294868, 0.0 ], [ 100.326369249000038, -0.852688299999901, 0.0 ], [ 100.326071252000077, -0.852218622999942, 0.0 ], [ 100.325909331000091, -0.852318085999912, 0.0 ], [ 100.325854958000036, -0.852351484999922, 0.0 ], [ 100.32579692100002, -0.852375112999923, 0.0 ], [ 100.325757054000107, -0.852378074999901, 0.0 ], [ 100.325718348000095, -0.852359202999939, 0.0 ], [ 100.325701337000027, -0.852327931999927, 0.0 ], [ 100.325699559000057, -0.852281306999888, 0.0 ], [ 100.325724172000051, -0.852232907999969, 0.0 ], [ 100.325986173000047, -0.85201976499992, 0.0 ], [ 100.325832422000033, -0.851741563999905, 0.0 ], [ 100.325650608000089, -0.851412582999952, 0.0 ], [ 100.325273130000113, -0.851688328999941, 0.0 ], [ 100.325228570000078, -0.851684209999956, 0.0 ], [ 100.325203933000083, -0.851661208999918, 0.0 ], [ 100.325193952000049, -0.851611636999902, 0.0 ], [ 100.32521738500013, -0.851557332999938, 0.0 ], [ 100.325532134000056, -0.851299309999906, 0.0 ], [ 100.325109793000109, -0.850684495999928, 0.0 ], [ 100.324803220000049, -0.850858109999905, 0.0 ], [ 100.324741661000104, -0.850855769999889, 0.0 ], [ 100.324715272000063, -0.8508333569999, 0.0 ], [ 100.324710567000025, -0.850790865999937, 0.0 ], [ 100.324742203000071, -0.850733609999907, 0.0 ], [ 100.325047015000067, -0.850558812999921, 0.0 ], [ 100.324637566000021, -0.849907985999895, 0.0 ], [ 100.324320465000071, -0.850143578999937, 0.0 ], [ 100.324293492000066, -0.850147711999924, 0.0 ], [ 100.324224893000078, -0.850134168999958, 0.0 ], [ 100.324196736000047, -0.850086366999911, 0.0 ], [ 100.324208443000046, -0.850031478999899, 0.0 ], [ 100.324533169000091, -0.849812408999981, 0.0 ], [ 100.324138425000029, -0.849306177999928, 0.0 ], [ 100.323841241000039, -0.84950693999993, 0.0 ], [ 100.323810758, -0.8495205269999, 0.0 ], [ 100.323774411000016, -0.849517581999923, 0.0 ], [ 100.323739219000032, -0.849472740999943, 0.0 ], [ 100.323734517000091, -0.849436743999895, 0.0 ], [ 100.323757371000028, -0.849399551999927, 0.0 ], [ 100.324051600000033, -0.849149215999908, 0.0 ], [ 100.323805834000041, -0.848831200999886, 0.0 ], [ 100.323553057000083, -0.848561570999959, 0.0 ], [ 100.323336767000043, -0.848733388999964, 0.0 ], [ 100.32328870300006, -0.848755836999956, 0.0 ], [ 100.323242968, -0.848754667999948, 0.0 ], [ 100.323199577000054, -0.848726941999875, 0.0 ], [ 100.323186072000098, -0.84867442399997, 0.0 ], [ 100.323197203000035, -0.8486413699999, 0.0 ], [ 100.323433430000051, -0.848491974999884, 0.0 ], [ 100.323311458, -0.848425917999926, 0.0 ], [ 100.323150177000059, -0.848279020999939, 0.0 ], [ 100.323080696, -0.848188309999895, 0.0 ], [ 100.3228469310001, -0.847883114999956, 0.0 ], [ 100.322515181000099, -0.848162967999929, 0.0 ], [ 100.322491145000058, -0.848164161999939, 0.0 ], [ 100.322463585, -0.848156499999927, 0.0 ], [ 100.322446577000022, -0.848134663999897, 0.0 ], [ 100.322438352000049, -0.848096893999969, 0.0 ], [ 100.322445374000011, -0.848059120999952, 0.0 ], [ 100.322759531000059, -0.847778087999881, 0.0 ], [ 100.322545885000068, -0.847508502999958, 0.0 ], [ 100.322526676000066, -0.847484263999906, 0.0 ], [ 100.322316091000062, -0.847179216999979, 0.0 ], [ 100.321987274000023, -0.847443729999927, 0.0 ], [ 100.321965, -0.847444324999976, 0.0 ], [ 100.321920432000098, -0.847418372999872, 0.0 ], [ 100.321896375000051, -0.847382382999914, 0.0 ], [ 100.321894014000037, -0.847335756999875, 0.0 ], [ 100.321912763000086, -0.847299751999916, 0.0 ], [ 100.32220348400007, -0.847062983999866, 0.0 ], [ 100.322039259000064, -0.846878316999952, 0.0 ], [ 100.321729574000116, -0.846513697999981, 0.0 ], [ 100.321492204, -0.846738046999981, 0.0 ], [ 100.321472278000044, -0.846747496999963, 0.0 ], [ 100.321406016000068, -0.846736303999925, 0.0 ], [ 100.321372590000067, -0.846707398999932, 0.0 ], [ 100.321364374, -0.846670217999875, 0.0 ], [ 100.321374330000111, -0.846644833999907, 0.0 ], [ 100.321654493000025, -0.846408666999906, 0.0 ], [ 100.321564178000102, -0.846317218999889, 0.0 ], [ 100.321351851000031, -0.846067055999885, 0.0 ], [ 100.321196987000093, -0.845821594999915, 0.0 ], [ 100.321003561000083, -0.84595858299997, 0.0 ], [ 100.320932635000077, -0.845993428999922, 0.0 ], [ 100.320882794000042, -0.84599758099991, 0.0 ], [ 100.320838820000034, -0.845971039999934, 0.0 ], [ 100.320821795000057, -0.845925594999905, 0.0 ], [ 100.320830580000063, -0.845891365999915, 0.0 ], [ 100.321172881000052, -0.845614457999918, 0.0 ], [ 100.320832065000019, -0.845073971999962, 0.0 ], [ 100.320636298000068, -0.845248730999945, 0.0 ], [ 100.320567127000032, -0.845267640999911, 0.0 ], [ 100.32052725600002, -0.845258798999978, 0.0 ], [ 100.320488545000018, -0.8452245769999, 0.0 ], [ 100.320485019000074, -0.845186807999884, 0.0 ], [ 100.320594647000092, -0.845071565999941, 0.0 ], [ 100.320713587000071, -0.844946532999899, 0.0 ], [ 100.320585735000066, -0.844813780999928, 0.0 ], [ 100.320375789000096, -0.844668084999952, 0.0 ], [ 100.320248535000047, -0.844577824999945, 0.0 ], [ 100.320197812000032, -0.844621048999968, 0.0 ], [ 100.320062152000077, -0.844736652999941, 0.0 ], [ 100.320037523000082, -0.844736063999893, 0.0 ], [ 100.32000879600011, -0.844733125999916, 0.0 ], [ 100.319989444000015, -0.844711886999935, 0.0 ], [ 100.319989434000021, -0.844681784999931, 0.0 ], [ 100.320002318000022, -0.844656409999963, 0.0 ], [ 100.320161151, -0.844494640999901, 0.0 ], [ 100.319723308000022, -0.844031866999892, 0.0 ], [ 100.319606860000064, -0.844161135999929, 0.0 ], [ 100.319556932000026, -0.844151579999938, 0.0 ], [ 100.319537901000047, -0.844115689999899, 0.0 ], [ 100.319537890000049, -0.844082185999969, 0.0 ], [ 100.319680483000027, -0.843938549999898, 0.0 ], [ 100.319162066000032, -0.843491210999922, 0.0 ], [ 100.319090764000094, -0.843548670999969, 0.0 ], [ 100.319052730000053, -0.843558255999873, 0.0 ], [ 100.319024196, -0.843541514, 0.0 ], [ 100.319017055000032, -0.843515191999863, 0.0 ], [ 100.319112116999989, -0.843419434999934, 0.0 ], [ 100.318969423000084, -0.843263929999946, 0.0 ], [ 100.318722096000045, -0.843024700999869, 0.0 ], [ 100.318517698, -0.84319228999988, 0.0 ], [ 100.318472531000097, -0.843201877999963, 0.0 ], [ 100.318434488000051, -0.84318513899991, 0.0 ], [ 100.318427344, -0.84314924399996, 0.0 ], [ 100.318451098000097, -0.843091800999915, 0.0 ], [ 100.318581804000075, -0.842945775999912, 0.0 ], [ 100.318160860000063, -0.842500796999953, 0.0 ], [ 100.318042025000096, -0.842601348999924, 0.0 ], [ 100.317951708000081, -0.842668386999964, 0.0 ], [ 100.317911294000027, -0.842673186999917, 0.0 ], [ 100.317887512000098, -0.842649263999892, 0.0 ], [ 100.317885127000082, -0.842625333999866, 0.0 ], [ 100.318063360000082, -0.842417069999953, 0.0 ], [ 100.317832656000093, -0.842122793999941, 0.0 ], [ 100.317687581000072, -0.84195771699996, 0.0 ], [ 100.317589409000036, -0.84177259399992, 0.0 ], [ 100.317316723000033, -0.841993739999921, 0.0 ], [ 100.317271544000022, -0.841967430999876, 0.0 ], [ 100.317235868000097, -0.841919580999914, 0.0 ], [ 100.317409353000059, -0.841732857999918, 0.0 ], [ 100.317504428000021, -0.84167538999996, 0.0 ], [ 100.317228555000014, -0.841381128999949, 0.0 ], [ 100.316988348000038, -0.841106, 0.0 ], [ 100.316703143000069, -0.841343016999904, 0.0 ], [ 100.316629418, -0.841264068999944, 0.0 ], [ 100.316928882000099, -0.841012687999928, 0.0 ], [ 100.31646579600006, -0.840434331999948, 0.0 ], [ 100.316144241000103, -0.840687488999933, 0.0 ], [ 100.316075276000078, -0.840625290999938, 0.0 ], [ 100.316353336000077, -0.840347592999876, 0.0 ], [ 100.316259057000096, -0.840208279999896, 0.0 ], [ 100.315800652000092, -0.839747145999933, 0.0 ], [ 100.31553777500001, -0.839981719999979, 0.0 ], [ 100.315452165000039, -0.839907561999883, 0.0 ], [ 100.315723103000067, -0.839660977999909, 0.0 ], [ 100.315180885000061, -0.839129885999931, 0.0 ], [ 100.314926580000062, -0.839352532999967, 0.0 ], [ 100.314859992000066, -0.839287940999952, 0.0 ], [ 100.315162461000043, -0.839050904999968, 0.0 ], [ 100.314740895000071, -0.83860115199997, 0.0 ], [ 100.314472327000047, -0.838828589999871, 0.0 ], [ 100.314415245000035, -0.838752028999931, 0.0 ], [ 100.314681441000033, -0.838543736999927, 0.0 ], [ 100.314101171000075, -0.837969580999939, 0.0 ], [ 100.313892033000087, -0.838182639999893, 0.0 ], [ 100.313830195000037, -0.838101294999912, 0.0 ], [ 100.314146701000112, -0.837794006999889, 0.0 ], [ 100.313652318000067, -0.837224344999917, 0.0 ], [ 100.313306977000082, -0.837512759999889, 0.0 ], [ 100.313276076000108, -0.837529521999944, 0.0 ], [ 100.313211865000127, -0.837462535999908, 0.0 ], [ 100.313517511000015, -0.837142986999936, 0.0 ], [ 100.313113048000034, -0.836772281999906, 0.0 ], [ 100.312812144000091, -0.836493450999928, 0.0 ], [ 100.312510317000076, -0.836790301999887, 0.0 ], [ 100.312450858000034, -0.836718526999899, 0.0 ], [ 100.312724154000094, -0.836412113999859, 0.0 ], [ 100.312395976000033, -0.836108295999946, 0.0 ], [ 100.312160294000066, -0.835840977999943, 0.0 ], [ 100.311915739000085, -0.836084525999933, 0.0 ], [ 100.311856282000051, -0.836015144999965, 0.0 ], [ 100.312089184000044, -0.835773359999944, 0.0 ], [ 100.311962539000049, -0.835605876999942, 0.0 ], [ 100.311540118, -0.835271356999886, 0.0 ], [ 100.31150417800005, -0.83525424599998, 0.0 ], [ 100.31125939100005, -0.835500821999954, 0.0 ], [ 100.311178533000017, -0.835419481999974, 0.0 ], [ 100.311416198000046, -0.83520162699989, 0.0 ], [ 100.31131542500006, -0.835090533999935, 0.0 ], [ 100.310830073000048, -0.834656540999909, 0.0 ], [ 100.310600667000074, -0.834924296999947, 0.0 ], [ 100.310517427000022, -0.834828598999934, 0.0 ], [ 100.310731202000042, -0.834557080999939, 0.0 ], [ 100.310165299000019, -0.833991118999918, 0.0 ], [ 100.309956177000046, -0.834254433999945, 0.0 ], [ 100.309849168000071, -0.834170709999945, 0.0 ], [ 100.310053535000108, -0.833919364999932, 0.0 ], [ 100.309652618000058, -0.833517276999881, 0.0 ], [ 100.308651920000045, -0.832722303999919, 0.0 ], [ 100.307855087000107, -0.832106869999979, 0.0 ], [ 100.307749184000045, -0.832025491999907, 0.0 ], [ 100.307248913000038, -0.831641072999897, 0.0 ], [ 100.306649676000021, -0.831220079999969, 0.0 ], [ 100.305985703000061, -0.830786933999924, 0.0 ], [ 100.305051719000048, -0.830119765999878, 0.0 ], [ 100.304170220000032, -0.829430796999894, 0.0 ], [ 100.303253995, -0.828813705999906, 0.0 ], [ 100.302246967000073, -0.828237501999926, 0.0 ], [ 100.301189991000101, -0.827464653999929, 0.0 ], [ 100.300368605000088, -0.826935649999946, 0.0 ], [ 100.299955194000077, -0.826673482999926, 0.0 ], [ 100.299064150000063, -0.826034251999882, 0.0 ], [ 100.298293694000094, -0.825464935999939, 0.0 ], [ 100.297409109000085, -0.824847793999947, 0.0 ], [ 100.29651975400013, -0.824182788999902, 0.0 ], [ 100.295949023000063, -0.823689986999984, 0.0 ], [ 100.2954544, -0.823292885999901, 0.0 ], [ 100.295078673, -0.822981898999927, 0.0 ], [ 100.294655371000061, -0.822584773999932, 0.0 ], [ 100.294251084000095, -0.822173282999902, 0.0 ], [ 100.293856316000117, -0.821790506999939, 0.0 ], [ 100.293380670000019, -0.82126416799991, 0.0 ], [ 100.293169404000125, -0.820959288999909, 0.0 ], [ 100.292369440000101, -0.820127410999912, 0.0 ], [ 100.292048849000039, -0.819747340999907, 0.0 ], [ 100.291731163000051, -0.81914171599989, 0.0 ], [ 100.291563562000036, -0.818804594999975, 0.0 ], [ 100.291456495000062, -0.818541382999957, 0.0 ], [ 100.291499150000035, -0.81811060099993, 0.0 ], [ 100.291627325000064, -0.817471586999904, 0.0 ], [ 100.291499466000062, -0.817155995999904, 0.0 ], [ 100.291390016000065, -0.81705218099993, 0.0 ], [ 100.291358625000044, -0.817022406999953, 0.0 ], [ 100.291069091000068, -0.816630056999909, 0.0 ], [ 100.291753578000041, -0.815731047999954, 0.0 ], [ 100.292359473000076, -0.815010209999908, 0.0 ], [ 100.293618272000046, -0.813021931999977, 0.0 ], [ 100.294294296000018, -0.811229705999924, 0.0 ], [ 100.294957684000025, -0.808978115999878, 0.0 ], [ 100.295665400000047, -0.80766830299995, 0.0 ], [ 100.296423237000042, -0.806747671999982, 0.0 ], [ 100.297357348000062, -0.806006250999921, 0.0 ], [ 100.297660952000044, -0.805878946999957, 0.0 ], [ 100.298148809000097, -0.805803555999937, 0.0 ], [ 100.299715756000069, -0.805896199999964, 0.0 ], [ 100.301076178000102, -0.806064144999915, 0.0 ], [ 100.302203149, -0.806124169999908, 0.0 ], [ 100.303195185, -0.80608460399992, 0.0 ], [ 100.303815044000046, -0.806080367999925, 0.0 ], [ 100.304096299000051, -0.806131202999957, 0.0 ], [ 100.304180294000076, -0.806210509999946, 0.0 ], [ 100.304213841, -0.80639304399995, 0.0 ], [ 100.304263463000026, -0.806663576999952, 0.0 ], [ 100.304421388000037, -0.807383398999914, 0.0 ], [ 100.304527651000029, -0.80786974599992, 0.0 ], [ 100.304666912000101, -0.808108241999935, 0.0 ], [ 100.304687554000026, -0.808132371999889, 0.0 ], [ 100.304693295000064, -0.808137025999919, 0.0 ], [ 100.305573288000048, -0.807749940999955, 0.0 ], [ 100.305564602000032, -0.807623028999934, 0.0 ], [ 100.305579143000088, -0.807544820999947, 0.0 ], [ 100.30565768400001, -0.80747389199994, 0.0 ], [ 100.306818072000098, -0.806954680999968, 0.0 ], [ 100.306982924000053, -0.806830229999885, 0.0 ], [ 100.307045242000058, -0.806799010999967, 0.0 ], [ 100.307100387, -0.806805927999917, 0.0 ], [ 100.307169304000027, -0.806854358999928, 0.0 ], [ 100.307511547, -0.807287855999913, 0.0 ], [ 100.307791919000024, -0.807097427999967, 0.0 ], [ 100.30836465600008, -0.80787452199996, 0.0 ], [ 100.308607560000013, -0.808187896999865, 0.0 ], [ 100.309441552000095, -0.807708376999891, 0.0 ], [ 100.309722782000094, -0.807685993999904, 0.0 ], [ 100.310653803000037, -0.807274875999905, 0.0 ], [ 100.310711523000094, -0.807141255999951, 0.0 ], [ 100.310746475000059, -0.807007385999888, 0.0 ], [ 100.310767988000066, -0.806852983999903, 0.0 ], [ 100.310774060000128, -0.80672389499988, 0.0 ], [ 100.310826124000073, -0.806581935999947, 0.0 ], [ 100.310902084000062, -0.806442551999961, 0.0 ], [ 100.310995894000087, -0.806302326999905, 0.0 ], [ 100.31111501, -0.806222343999948, 0.0 ], [ 100.311242082000035, -0.806216492999908, 0.0 ], [ 100.31140364400008, -0.806300535999934, 0.0 ], [ 100.311444505000082, -0.806430014999901, 0.0 ], [ 100.311504753000094, -0.806457666999968, 0.0 ], [ 100.311575176000062, -0.806380929999925, 0.0 ], [ 100.312043307000067, -0.806170990999874, 0.0 ], [ 100.312258459000105, -0.806090962999914, 0.0 ], [ 100.312464331000086, -0.806060066999933, 0.0 ], [ 100.31254149600008, -0.806060412999962, 0.0 ], [ 100.312581017000056, -0.806025188999978, 0.0 ], [ 100.31256224000002, -0.805971715999906, 0.0 ], [ 100.312559814000082, -0.80581742799993, 0.0 ], [ 100.312670272000076, -0.805666812999902, 0.0 ], [ 100.312834177000042, -0.80558961299991, 0.0 ], [ 100.313007082000055, -0.805632353999893, 0.0 ], [ 100.313154967000031, -0.805758489999938, 0.0 ], [ 100.313273893000101, -0.805970828999921, 0.0 ], [ 100.313294478000032, -0.80596937199989, 0.0 ], [ 100.313336140000018, -0.8059394419999, 0.0 ], [ 100.313417887000028, -0.805844322999935, 0.0 ], [ 100.313593975000032, -0.805538081999909, 0.0 ], [ 100.313725758, -0.805385756999918, 0.0 ], [ 100.313852579000113, -0.805250217999983, 0.0 ], [ 100.314044006000046, -0.805152209999957, 0.0 ], [ 100.314164451000067, -0.805110611999979, 0.0 ], [ 100.31421593000006, -0.805058030999891, 0.0 ], [ 100.314287414000034, -0.804916111999962, 0.0 ], [ 100.314371427000054, -0.80472094999989, 0.0 ], [ 100.31448393600003, -0.804393165999947, 0.0 ], [ 100.314591313000037, -0.80415834199988, 0.0 ], [ 100.314703083000055, -0.804023620999924, 0.0 ], [ 100.314930146, -0.803967329999974, 0.0 ], [ 100.315115338000055, -0.804051877999953, 0.0 ], [ 100.315328440000101, -0.804126416999903, 0.0 ], [ 100.315557306000031, -0.804166791999869, 0.0 ], [ 100.315879434000038, -0.804221375999944, 0.0 ], [ 100.316218671000044, -0.804235609999967, 0.0 ], [ 100.316514417000079, -0.804318115999866, 0.0 ], [ 100.316671607000032, -0.804446146999979, 0.0 ], [ 100.316774933000062, -0.804600269999941, 0.0 ], [ 100.316781569000071, -0.804759225999948, 0.0 ], [ 100.316781592000069, -0.804829163999962, 0.0 ], [ 100.316740209000031, -0.805008274999949, 0.0 ], [ 100.316740228000029, -0.805066313999866, 0.0 ], [ 100.316754586000059, -0.80508759899994, 0.0 ], [ 100.316829771000059, -0.805177496999917, 0.0 ], [ 100.316899569000071, -0.805255637999899, 0.0 ], [ 100.317003746000069, -0.805326195999964, 0.0 ], [ 100.317158374000073, -0.805375026999918, 0.0 ], [ 100.31730198200006, -0.805394937999967, 0.0 ], [ 100.317468327000057, -0.805407817999878, 0.0 ], [ 100.317632355000029, -0.805437860999966, 0.0 ], [ 100.317807822000077, -0.805433220999937, 0.0 ], [ 100.317983768000062, -0.805433162999932, 0.0 ], [ 100.318168905000022, -0.805470365999902, 0.0 ], [ 100.318293470000114, -0.805635962999926, 0.0 ], [ 100.318301024000021, -0.80581349899996, 0.0 ], [ 100.318259261000037, -0.805978904999968, 0.0 ], [ 100.318192023000066, -0.806131329999967, 0.0 ], [ 100.318156669000075, -0.806294881999911, 0.0 ], [ 100.318156693000077, -0.806365556999896, 0.0 ], [ 100.318182109000048, -0.806380097999945, 0.0 ], [ 100.318337278000101, -0.806273793999942, 0.0 ], [ 100.318518830000102, -0.806179614999966, 0.0 ], [ 100.318648442, -0.806083594999926, 0.0 ], [ 100.319004944000099, -0.805833485999926, 0.0 ], [ 100.319170261000096, -0.805710068999929, 0.0 ], [ 100.319286133000091, -0.805577602999893, 0.0 ], [ 100.319324136000034, -0.805467320999916, 0.0 ], [ 100.31935438400005, -0.805404113999927, 0.0 ], [ 100.319343991000082, -0.805367487999916, 0.0 ], [ 100.319311473000056, -0.805328044999939, 0.0 ], [ 100.319188931000042, -0.805263209, 0.0 ], [ 100.318948056000096, -0.805170719999978, 0.0 ], [ 100.318586600000032, -0.804995311999942, 0.0 ], [ 100.318451753000062, -0.804916594999913, 0.0 ], [ 100.318294878000046, -0.804817081999939, 0.0 ], [ 100.318162068000078, -0.804706914999883, 0.0 ], [ 100.318052287000057, -0.80455886499989, 0.0 ], [ 100.318052145000038, -0.804113652999913, 0.0 ], [ 100.318017927000056, -0.803611745999952, 0.0 ], [ 100.318012953000078, -0.803290237999906, 0.0 ], [ 100.317998037000095, -0.803066181999931, 0.0 ], [ 100.318003487000013, -0.802897358999907, 0.0 ], [ 100.318041543000049, -0.802721938999959, 0.0 ], [ 100.318116946000075, -0.80248448099994, 0.0 ], [ 100.318285162000052, -0.802383599999942, 0.0 ], [ 100.318638530000058, -0.802243699999913, 0.0 ], [ 100.318735250000074, -0.80217842899993, 0.0 ], [ 100.318768594000076, -0.802115528999877, 0.0 ], [ 100.318776446000101, -0.802016883999887, 0.0 ], [ 100.318775046000084, -0.801911750999981, 0.0 ], [ 100.318788141000098, -0.80180355399991, 0.0 ], [ 100.318778243000082, -0.801752374999939, 0.0 ], [ 100.318754475000063, -0.801704618999896, 0.0 ], [ 100.318759673000045, -0.80167318299987, 0.0 ], [ 100.318839811000018, -0.801610956999962, 0.0 ], [ 100.318945576000061, -0.801545322999949, 0.0 ], [ 100.319013091000059, -0.801506114999903, 0.0 ], [ 100.319096847000054, -0.801484775999913, 0.0 ], [ 100.319193484000067, -0.801479226999898, 0.0 ], [ 100.319349657000018, -0.801473550999962, 0.0 ], [ 100.319455174000041, -0.801467038999867, 0.0 ], [ 100.319650346000032, -0.801499250999956, 0.0 ], [ 100.319810838000066, -0.80158849899988, 0.0 ], [ 100.31990606500004, -0.8016456359999, 0.0 ], [ 100.319963621000014, -0.801742819999948, 0.0 ], [ 100.319997246000042, -0.801856699999956, 0.0 ], [ 100.319980188000045, -0.802036958999949, 0.0 ], [ 100.319966525000069, -0.802176010999908, 0.0 ], [ 100.319970470000044, -0.802277609999965, 0.0 ], [ 100.320214740000011, -0.802685030999925, 0.0 ], [ 100.320642200000023, -0.803364081999977, 0.0 ], [ 100.32083865700011, -0.803605512999969, 0.0 ], [ 100.320955446000099, -0.803712693999955, 0.0 ], [ 100.321302443000036, -0.803982739999917, 0.0 ], [ 100.322386908000055, -0.804680021999967, 0.0 ], [ 100.322815957000032, -0.804975286999884, 0.0 ], [ 100.323058689000035, -0.805153365999963, 0.0 ], [ 100.323124157000038, -0.805238041999864, 0.0 ], [ 100.323167548000072, -0.805278779999948, 0.0 ], [ 100.323242793000077, -0.805377110999913, 0.0 ], [ 100.323262979000063, -0.805394561999936, 0.0 ], [ 100.323265758000034, -0.805395785999948, 0.0 ], [ 100.323296968000037, -0.805383761999931, 0.0 ], [ 100.323365137000081, -0.805317310999939, 0.0 ], [ 100.32347859000005, -0.805201486999948, 0.0 ], [ 100.323566595000045, -0.805138290999871, 0.0 ], [ 100.323678061000038, -0.805075249999895, 0.0 ], [ 100.32379203000005, -0.805061179999885, 0.0 ], [ 100.323866521000085, -0.805037474999967, 0.0 ], [ 100.323951260000086, -0.804996301999935, 0.0 ], [ 100.324335144000045, -0.804743534999893, 0.0 ], [ 100.324803211000045, -0.804423801999906, 0.0 ], [ 100.325236927000049, -0.804216395999976, 0.0 ], [ 100.325729618000054, -0.803934298999906, 0.0 ], [ 100.326063470000051, -0.803668276999922, 0.0 ], [ 100.326231527000104, -0.803583620999934, 0.0 ], [ 100.326417697000053, -0.803536995999895, 0.0 ], [ 100.326555240000062, -0.803529824999924, 0.0 ], [ 100.326749726000074, -0.803490602999876, 0.0 ], [ 100.327424999000087, -0.803204783999941, 0.0 ], [ 100.328300142000018, -0.802683121999944, 0.0 ], [ 100.328533386000046, -0.802561921999953, 0.0 ], [ 100.328695242000023, -0.802528155999912, 0.0 ], [ 100.328820051000051, -0.802528115999909, 0.0 ], [ 100.329010374000077, -0.80254674399994, 0.0 ], [ 100.329211814000047, -0.80256521699987, 0.0 ], [ 100.32936015100006, -0.802590796999944, 0.0 ], [ 100.329605728000047, -0.802605197999981, 0.0 ], [ 100.331024594000027, -0.802361434999973, 0.0 ], [ 100.331713348000079, -0.802244996999931, 0.0 ], [ 100.331942490000031, -0.802199788999921, 0.0 ], [ 100.33206162300003, -0.802141895999927, 0.0 ], [ 100.332090091000069, -0.802115544999879, 0.0 ], [ 100.332101715000064, -0.802084958999924, 0.0 ], [ 100.33210072100006, -0.802031783999965, 0.0 ], [ 100.332043405000036, -0.801834454999891, 0.0 ], [ 100.332020571, -0.8016531439999, 0.0 ], [ 100.332035, -0.801446765999966, 0.0 ], [ 100.332080832000102, -0.801283731999888, 0.0 ], [ 100.332221940000053, -0.801167436999947, 0.0 ], [ 100.33236096600011, -0.801090273999868, 0.0 ], [ 100.332477201000046, -0.801066607999864, 0.0 ], [ 100.332651431000073, -0.801050689999968, 0.0 ], [ 100.333071543000102, -0.801063303999946, 0.0 ], [ 100.333476737000055, -0.801163859999917, 0.0 ], [ 100.334010797000104, -0.801512247999877, 0.0 ], [ 100.334322839000066, -0.801825960999899, 0.0 ], [ 100.334546438000103, -0.802026375999961, 0.0 ], [ 100.335123759000084, -0.802381768999968, 0.0 ], [ 100.335278891000129, -0.802446017999955, 0.0 ], [ 100.335390772000054, -0.80251871499993, 0.0 ], [ 100.335738775000081, -0.802807631999943, 0.0 ], [ 100.336080685000027, -0.802985745999937, 0.0 ], [ 100.336223426000032, -0.803041457999928, 0.0 ], [ 100.33632319900002, -0.803056758999951, 0.0 ], [ 100.336743057000035, -0.803073347999902, 0.0 ], [ 100.336898259000094, -0.803101176999984, 0.0 ], [ 100.336995271000035, -0.803148539999906, 0.0 ], [ 100.337102005000077, -0.803269780999901, 0.0 ], [ 100.337206463000101, -0.803470279999882, 0.0 ], [ 100.337225886000013, -0.803579983999899, 0.0 ], [ 100.337235623000112, -0.803714071999892, 0.0 ], [ 100.337225986000121, -0.803887172999914, 0.0 ], [ 100.337252692000021, -0.804035882999873, 0.0 ], [ 100.337316106000017, -0.804144434999973, 0.0 ], [ 100.337416129000033, -0.804236614999961, 0.0 ], [ 100.337561388000069, -0.804320395999966, 0.0 ], [ 100.337816627000052, -0.804410810999986, 0.0 ], [ 100.338044470000071, -0.804460272999904, 0.0 ], [ 100.338275094000053, -0.804498688999974, 0.0 ], [ 100.338365630000084, -0.804539545999891, 0.0 ], [ 100.338480197000067, -0.804625927999932, 0.0 ], [ 100.338612982000129, -0.80468278799993, 0.0 ], [ 100.338708193000102, -0.804715458999968, 0.0 ], [ 100.338914839000054, -0.804695534999919, 0.0 ], [ 100.33946857100004, -0.804541182999937, 0.0 ], [ 100.339905361000035, -0.804304774999917, 0.0 ], [ 100.340187760000035, -0.804215452999898, 0.0 ], [ 100.340934672000017, -0.804219902999911, 0.0 ], [ 100.341421048000115, -0.804312827999961, 0.0 ], [ 100.342124382000051, -0.804553921999925, 0.0 ], [ 100.342499903000032, -0.804610249999879, 0.0 ], [ 100.343134646000053, -0.804567027999944, 0.0 ], [ 100.343713413000074, -0.804328611999935, 0.0 ], [ 100.344877479000019, -0.803706201999951, 0.0 ], [ 100.345602087000017, -0.803445434999958, 0.0 ], [ 100.34624154400008, -0.80323076699996, 0.0 ], [ 100.346931112000036, -0.803080631999883, 0.0 ], [ 100.347285093000011, -0.802936746999879, 0.0 ], [ 100.348077483000026, -0.802596667999985, 0.0 ], [ 100.348899066000058, -0.802135679999946, 0.0 ], [ 100.34924911700007, -0.801629759999919, 0.0 ], [ 100.34953627500002, -0.801118662999908, 0.0 ], [ 100.349746564000014, -0.80089148299994, 0.0 ], [ 100.349997933000026, -0.800767519999898, 0.0 ], [ 100.350275006000032, -0.800793234999894, 0.0 ], [ 100.350788127000044, -0.80092726799997, 0.0 ], [ 100.351039520000057, -0.800875567999956, 0.0 ], [ 100.351301131000028, -0.800694824999923, 0.0 ], [ 100.351557525000018, -0.800245678999886, 0.0 ], [ 100.351931881000084, -0.79965712999995, 0.0 ], [ 100.352358719000051, -0.799316023999882, 0.0 ], [ 100.352778957000098, -0.799065113999905, 0.0 ], [ 100.353164691000032, -0.798917257999928, 0.0 ], [ 100.35349569300007, -0.798849543999921, 0.0 ], [ 100.353801833, -0.798859457999942, 0.0 ], [ 100.354277178000061, -0.798913363999873, 0.0 ], [ 100.354617362000056, -0.798920305999914, 0.0 ], [ 100.355238694000036, -0.799072652999907, 0.0 ], [ 100.355893838000071, -0.800060544999933, 0.0 ], [ 100.357114420000073, -0.80077876299994, 0.0 ], [ 100.358245673000056, -0.801407179999888, 0.0 ], [ 100.359495933000034, -0.80185590199989, 0.0 ], [ 100.36101403300006, -0.802214703999912, 0.0 ], [ 100.362264124000021, -0.802154402999985, 0.0 ], [ 100.363008181000026, -0.802004438999923, 0.0 ], [ 100.36416887200005, -0.801644739999915, 0.0 ], [ 100.365597473000037, -0.80137477699996, 0.0 ], [ 100.367442557000018, -0.800445937999935, 0.0 ], [ 100.36827559800011, -0.799367728999897, 0.0 ], [ 100.368394244000072, -0.798110101999935, 0.0 ], [ 100.368631972000031, -0.796942263999941, 0.0 ], [ 100.369231812000095, -0.795778640999941, 0.0 ], [ 100.370027209000099, -0.794577537999949, 0.0 ], [ 100.370690023000051, -0.793526584999945, 0.0 ], [ 100.370687058000073, -0.793175630999951, 0.0 ], [ 100.370655427000116, -0.792726150999886, 0.0 ], [ 100.370760701000037, -0.792306037999943, 0.0 ], [ 100.370943169000029, -0.79188962899995, 0.0 ], [ 100.371052048000067, -0.791726209999929, 0.0 ], [ 100.371088650000075, -0.791666665999976, 0.0 ], [ 100.371088647000079, -0.791661289999975, 0.0 ], [ 100.37113931800009, -0.791574953999937, 0.0 ], [ 100.371273839000125, -0.791490553999882, 0.0 ], [ 100.371360782000039, -0.791442413999896, 0.0 ], [ 100.37145240200006, -0.791356063999945, 0.0 ], [ 100.371518657000038, -0.791214792999892, 0.0 ], [ 100.371555699000083, -0.791047215999882, 0.0 ], [ 100.371590734000051, -0.790852986999887, 0.0 ], [ 100.371635536000028, -0.790709760999938, 0.0 ], [ 100.371660851000087, -0.790599893999907, 0.0 ], [ 100.371671139000043, -0.790448425999898, 0.0 ], [ 100.371676626000053, -0.790344293999897, 0.0 ], [ 100.371687642000083, -0.790270702999937, 0.0 ], [ 100.371727640000103, -0.790199880999939, 0.0 ], [ 100.371779096000097, -0.790143725999911, 0.0 ], [ 100.371834288000045, -0.79010899699988, 0.0 ], [ 100.371867390000034, -0.790053449999902, 0.0 ], [ 100.371897723000046, -0.789964580999921, 0.0 ], [ 100.371936340000047, -0.78989514799995, 0.0 ], [ 100.371992908000024, -0.789843756999961, 0.0 ], [ 100.372165397000089, -0.789789551999917, 0.0 ], [ 100.372288206000036, -0.789742303999915, 0.0 ], [ 100.372338564000117, -0.78971350199993, 0.0 ], [ 100.372435135000018, -0.789610728999953, 0.0 ], [ 100.372530318000074, -0.789477408999936, 0.0 ], [ 100.372603401000092, -0.789302443999936, 0.0 ], [ 100.372630004000072, -0.78926467299992, 0.0 ], [ 100.372643795000059, -0.789235512999905, 0.0 ], [ 100.37268794700006, -0.78920634099989, 0.0 ], [ 100.372744524000041, -0.789188273, 0.0 ], [ 100.372841127000044, -0.789184073999912, 0.0 ], [ 100.37292117, -0.789182659999884, 0.0 ], [ 100.372981883000051, -0.789152093999931, 0.0 ], [ 100.373066048000084, -0.789100695999941, 0.0 ], [ 100.373119857000091, -0.789054859999968, 0.0 ], [ 100.373192984000113, -0.789006239999942, 0.0 ], [ 100.373272525000033, -0.788989193999953, 0.0 ], [ 100.373374645000041, -0.788980829999971, 0.0 ], [ 100.373500230000033, -0.788980788999879, 0.0 ], [ 100.373592690000052, -0.788964096999919, 0.0 ], [ 100.373655255000074, -0.788938566999938, 0.0 ], [ 100.373710457000115, -0.788938547999937, 0.0 ], [ 100.373764276000031, -0.788931589999894, 0.0 ], [ 100.373849832000104, -0.788906568999955, 0.0 ], [ 100.37394781200004, -0.788892651999959, 0.0 ], [ 100.374051922000035, -0.7888672579999, 0.0 ], [ 100.374107120000076, -0.788849189999915, 0.0 ], [ 100.374196803000032, -0.788789458999947, 0.0 ], [ 100.374242319000061, -0.788710303999881, 0.0 ], [ 100.374347177000033, -0.78862835399994, 0.0 ], [ 100.374459407000089, -0.788588801999953, 0.0 ], [ 100.37456979100007, -0.788533227999885, 0.0 ], [ 100.374699487000058, -0.788435996999922, 0.0 ], [ 100.374782262000068, -0.788352662999955, 0.0 ], [ 100.374837429000095, -0.788245738999901, 0.0 ], [ 100.374837380000102, -0.788150521999928, 0.0 ], [ 100.374841488000087, -0.788056108999932, 0.0 ], [ 100.37481107400005, -0.787889507999914, 0.0 ], [ 100.374782055000054, -0.787775667999909, 0.0 ], [ 100.374766716000025, -0.787695787999961, 0.0 ], [ 100.374745971, -0.787559729999895, 0.0 ], [ 100.374707300000082, -0.787468106999952, 0.0 ], [ 100.374692748000115, -0.787448897999962, 0.0 ], [ 100.374613296000035, -0.787377006999964, 0.0 ], [ 100.374521926000014, -0.787297126999927, 0.0 ], [ 100.374478212000042, -0.787209241999939, 0.0 ], [ 100.37446601, -0.787153988999897, 0.0 ], [ 100.374448093000041, -0.787014151999873, 0.0 ], [ 100.374471906000053, -0.786962205999927, 0.0 ], [ 100.374503646000022, -0.786872295999949, 0.0 ], [ 100.374523483000061, -0.786812356999963, 0.0 ], [ 100.374557231000011, -0.786784377999869, 0.0 ], [ 100.374656489000046, -0.786698441999864, 0.0 ], [ 100.374752777000111, -0.78668302199992, 0.0 ], [ 100.374885987000127, -0.786638300999861, 0.0 ], [ 100.374999999000053, -0.786536273999946, 0.0 ], [ 100.376284456000107, -0.785122029, 0.0 ], [ 100.376943375000081, -0.771675057999918, 0.0 ], [ 100.377451011000076, -0.771233888999919, 0.0 ], [ 100.37794407600002, -0.770928696999892, 0.0 ], [ 100.378499260000041, -0.770667587999959, 0.0 ], [ 100.37897730400006, -0.770453563999926, 0.0 ], [ 100.379273083000029, -0.770303392999935, 0.0 ], [ 100.379710422000059, -0.770056517999936, 0.0 ], [ 100.380071907000044, -0.76980966499994, 0.0 ], [ 100.380730423000074, -0.769368650999954, 0.0 ], [ 100.381216529000071, -0.769023216999884, 0.0 ], [ 100.381448434000063, -0.768776971999937, 0.0 ], [ 100.381769564000081, -0.768290227999898, 0.0 ], [ 100.381857483000076, -0.76771643699994, 0.0 ], [ 100.381839113000069, -0.767071030999919, 0.0 ], [ 100.3818813500001, -0.766133169999946, 0.0 ], [ 100.382058470000089, -0.76459102299998, 0.0 ], [ 100.382172162000089, -0.763505500999958, 0.0 ], [ 100.382163242000061, -0.762439065999917, 0.0 ], [ 100.382226001, -0.761534950999895, 0.0 ], [ 100.382360215000105, -0.76094749199996, 0.0 ], [ 100.382553476000012, -0.760433876999919, 0.0 ], [ 100.382733258000059, -0.760135128999892, 0.0 ], [ 100.383068047000052, -0.759798919999962, 0.0 ], [ 100.383382575000056, -0.759490336999921, 0.0 ], [ 100.383562447000102, -0.759276083999957, 0.0 ], [ 100.383744637000078, -0.758746483999925, 0.0 ], [ 100.383837448000023, -0.758076598999921, 0.0 ], [ 100.383912907000052, -0.757361928999941, 0.0 ], [ 100.38403055000002, -0.756968763999918, 0.0 ], [ 100.384271358000049, -0.75671557699993, 0.0 ], [ 100.384710194000036, -0.756343848999904, 0.0 ], [ 100.385111544000026, -0.755929052999868, 0.0 ], [ 100.385379099000048, -0.755616618999951, 0.0 ], [ 100.385652043000064, -0.755417273999978, 0.0 ], [ 100.386064187000059, -0.755277123999928, 0.0 ], [ 100.386931309000047, -0.755039893999928, 0.0 ], [ 100.387568132000069, -0.754831727999935, 0.0 ], [ 100.388105597000035, -0.754454911999932, 0.0 ], [ 100.389266921000029, -0.753681937999925, 0.0 ], [ 100.389756452000114, -0.753507945999917, 0.0 ], [ 100.39029010400013, -0.753391175999937, 0.0 ], [ 100.391167476000064, -0.753082561999982, 0.0 ], [ 100.392636021000072, -0.752415721999963, 0.0 ], [ 100.39394139400008, -0.751826195999946, 0.0 ], [ 100.394727196000076, -0.751545165999964, 0.0 ], [ 100.395789952000086, -0.751309593999924, 0.0 ], [ 100.397522335000076, -0.751223497999906, 0.0 ], [ 100.398680744000089, -0.750987894999952, 0.0 ], [ 100.39958401500003, -0.750570606999886, 0.0 ], [ 100.400108408000079, -0.750303530999904, 0.0 ], [ 100.400562968000116, -0.750182357999915, 0.0 ], [ 100.401188073000057, -0.750123992999882, 0.0 ], [ 100.401534951000073, -0.750087530999973, 0.0 ], [ 100.401827615000045, -0.750011097999955, 0.0 ], [ 100.401853090061124, -0.750000000666592, 0.0 ], [ 100.402470715000049, -0.74973098099996, 0.0 ], [ 100.403755712000063, -0.74920820899996, 0.0 ], [ 100.404595639, -0.748869913999947, 0.0 ], [ 100.405513011000068, -0.748206573999951, 0.0 ], [ 100.407270451000073, -0.747659968999933, 0.0 ], [ 100.408704820000096, -0.747178475999885, 0.0 ], [ 100.411273799000028, -0.747134462999885, 0.0 ], [ 100.413982425000057, -0.746740565999978, 0.0 ], [ 100.415857502000037, -0.746084924999909, 0.0 ], [ 100.418253398000033, -0.74514090199996, 0.0 ], [ 100.420440987000021, -0.744380352999915, 0.0 ], [ 100.42215989500005, -0.744065383999967, 0.0 ], [ 100.424451646000037, -0.743252399999935, 0.0 ], [ 100.426456823000038, -0.742229901999977, 0.0 ], [ 100.428798332000056, -0.741305422999957, 0.0 ], [ 100.431589911000017, -0.739753406999973, 0.0 ], [ 100.434756349000097, -0.737614371999914, 0.0 ], [ 100.43600625700013, -0.736775528999875, 0.0 ], [ 100.438172975000072, -0.735978313, 0.0 ], [ 100.440881608000012, -0.735725903999892, 0.0 ], [ 100.443298522000063, -0.735431666999883, 0.0 ], [ 100.445340173000062, -0.734508725999902, 0.0 ], [ 100.447673436000017, -0.73329224399988, 0.0 ], [ 100.449173289000043, -0.732201794999984, 0.0 ], [ 100.451859277000054, -0.730764901999933, 0.0 ], [ 100.453817430000072, -0.729380858999903, 0.0 ], [ 100.455321810000029, -0.72756680499991, 0.0 ], [ 100.456201978000109, -0.726285005999902, 0.0 ], [ 100.457062359982928, -0.726941578022519, 0.0 ], [ 100.457469291000066, -0.727252113999896, 0.0 ], [ 100.45937797100008, -0.7287109829999, 0.0 ], [ 100.460938353092146, -0.729676529851083, 0.0 ], [ 100.462294985000113, -0.730515997999944, 0.0 ], [ 100.464847020000065, -0.731067023999973, 0.0 ], [ 100.464850669000015, -0.731067827999951, 0.0 ], [ 100.468995996000075, -0.731981027999925, 0.0 ], [ 100.472243037000055, -0.732145974999984, 0.0 ], [ 100.476323495000074, -0.733365466999899, 0.0 ], [ 100.476602974000016, -0.733448992999971, 0.0 ], [ 100.47677604200004, -0.733678205999929, 0.0 ], [ 100.477639597969443, -0.734821912023062, 0.0 ], [ 100.479012267000059, -0.736639894999932, 0.0 ], [ 100.479068990000044, -0.736715019999931, 0.0 ], [ 100.47906412800009, -0.736737345999913, 0.0 ], [ 100.478332149078966, -0.740098671017083, 0.0 ], [ 100.478304510000029, -0.740225592999874, 0.0 ], [ 100.477504997000054, -0.743897040999982, 0.0 ], [ 100.477224013000068, -0.748838010999972, 0.0 ], [ 100.47782285098647, -0.75, 0.0 ], [ 100.477927980000047, -0.750203992999928, 0.0 ], [ 100.479274034000042, -0.751768958999918, 0.0 ], [ 100.484419029000037, -0.752743960999943, 0.0 ], [ 100.484778973967209, -0.752812116173803, 0.0 ], [ 100.489224981000049, -0.75365396499992, 0.0 ], [ 100.494551021000106, -0.753113022999926, 0.0 ], [ 100.5, -0.75343728268907, 0.0 ], [ 100.50017998, -0.753447992999931, 0.0 ], [ 100.505205030000099, -0.753243971999925, 0.0 ], [ 100.508007997000036, -0.753467967999896, 0.0 ], [ 100.509444007000099, -0.754667018999896, 0.0 ], [ 100.510257027000037, -0.75688101199994, 0.0 ], [ 100.510064979000049, -0.759381996999927, 0.0 ], [ 100.50898002100007, -0.763219025999881, 0.0 ], [ 100.50904902900001, -0.766292026999945, 0.0 ], [ 100.509049008, -0.768135028999936, 0.0 ], [ 100.50888097400005, -0.770421976999888, 0.0 ], [ 100.508660030000073, -0.771822978999989, 0.0 ], [ 100.508315966000026, -0.77303395699991, 0.0 ], [ 100.508250735021178, -0.774278950000958, 0.0 ], [ 100.508186966000011, -0.775496040999876, 0.0 ], [ 100.507550025000057, -0.779561960999938, 0.0 ], [ 100.507915993000054, -0.782241966999905, 0.0 ], [ 100.507660499000053, -0.785674305999947, 0.0 ], [ 100.50763699900007, -0.785990012999957, 0.0 ], [ 100.508101999000075, -0.787563023999901, 0.0 ], [ 100.508199585076639, -0.787872369975758, 0.0 ], [ 100.508613989000082, -0.789186020999985, 0.0 ], [ 100.508758693000061, -0.789840493999957, 0.0 ], [ 100.508956582000096, -0.790735516999938, 0.0 ], [ 100.509239023000106, -0.79201295699994, 0.0 ], [ 100.510017006000083, -0.79370900599994, 0.0 ], [ 100.510384026000068, -0.794950015999948, 0.0 ] ] ] ] } }
]
}
