{
"type": "FeatureCollection",
"name": "Ar_kotPadang",
"crs": { "type": "name", "properties": { "name": "urn:ogc:def:crs:OGC:1.3:CRS84" } },
"features": [
{ "type": "Feature", "properties": { "KDPPUM": "13", "NAMOBJ": "Kota Padang", "REMARK": null, "KDPBPS": null, "FCODE": null, "LUASWH": 0.0, "UUPP": null, "SRS_ID": null, "LCODE": "BA002000", "METADATA": null, "KDEBPS": null, "KDEPUM": "13.71", "KDCBPS": null, "KDCPUM": null, "KDBBPS": null, "KDBPUM": "13.71", "WADMKD": null, "WIADKD": null, "WADMKC": null, "WIADKC": null, "WADMKK": "Kota Padang", "WIADKK": null, "WADMPR": "Sumatera Barat", "WIADPR": null, "TIPADM": 0, "SHAPE_Leng": 1.8636537989899999, "SHAPE_Area": 0.05665323543 }, "geometry": { "type": "MultiPolygon", "coordinates": [ [ [ [ 100.174480521000078, -1.135881120999927, 0.0 ], [ 100.174548336000015, -1.135977489, 0.0 ], [ 100.174584028000126, -1.13605244199998, 0.0 ], [ 100.17459830500006, -1.136109549, 0.0 ], [ 100.174584028000126, -1.13614880999996, 0.0 ], [ 100.174534059000067, -1.13619877899992, 0.0 ], [ 100.174517929000075, -1.136208187999988, 0.0 ], [ 100.174448399000084, -1.136248747999969, 0.0 ], [ 100.174362738000113, -1.136284439999902, 0.0 ], [ 100.174237816000073, -1.136337976999891, 0.0 ], [ 100.174098618000102, -1.136377238999942, 0.0 ], [ 100.173941574000082, -1.136405791999906, 0.0 ], [ 100.173734560000085, -1.136491452999977, 0.0 ], [ 100.17367031500001, -1.136534282999969, 0.0 ], [ 100.173531117000039, -1.136609235999953, 0.0 ], [ 100.173245581000046, -1.136705603999933, 0.0 ], [ 100.173084968000083, -1.136766279999979, 0.0 ], [ 100.172770879000026, -1.136869786999928, 0.0 ], [ 100.172581712000095, -1.136930462999975, 0.0 ], [ 100.172453221000026, -1.136969723999937, 0.0 ], [ 100.172371129000084, -1.136998278, 0.0 ], [ 100.172267623000039, -1.137026830999955, 0.0 ], [ 100.172189101000114, -1.137037538999953, 0.0 ], [ 100.172110578000101, -1.137030400999984, 0.0 ], [ 100.172071317000047, -1.137019692999986, 0.0 ], [ 100.172035625000035, -1.136998278, 0.0 ], [ 100.172003503000042, -1.136966154999908, 0.0 ], [ 100.171974949000074, -1.136934031999915, 0.0 ], [ 100.17196067200004, -1.13690547899995, 0.0 ], [ 100.171949965000053, -1.136851940999962, 0.0 ], [ 100.171957103000111, -1.136816248999939, 0.0 ], [ 100.171996364000066, -1.136798402999973, 0.0 ], [ 100.172067748000117, -1.136805541999942, 0.0 ], [ 100.172128424000064, -1.136834094999906, 0.0 ], [ 100.172196239000087, -1.136884063999955, 0.0 ], [ 100.172256915000048, -1.136912616999919, 0.0 ], [ 100.172310453000122, -1.136912616999919, 0.0 ], [ 100.172510328000044, -1.136869786999928, 0.0 ], [ 100.17281370900011, -1.136780556999917, 0.0 ], [ 100.173359795000081, -1.1365806819999, 0.0 ], [ 100.173648900000018, -1.136445052999957, 0.0 ], [ 100.173930866000077, -1.136341547, 0.0 ], [ 100.174045080000027, -1.13629157799996, 0.0 ], [ 100.174162863000092, -1.136248747999969, 0.0 ], [ 100.174259232000068, -1.136209487, 0.0 ], [ 100.174391292000067, -1.136170224999955, 0.0 ], [ 100.174429191000101, -1.136149817999955, 0.0 ], [ 100.174437691, -1.136145240999931, 0.0 ], [ 100.174462676000118, -1.136120257, 0.0 ], [ 100.174466245000062, -1.136080995999944, 0.0 ], [ 100.174466245000062, -1.136041734999893, 0.0 ], [ 100.174455537000057, -1.135988197, 0.0 ], [ 100.174441260000037, -1.135970350999938, 0.0 ], [ 100.174416276, -1.135941796999973, 0.0 ], [ 100.174377015000047, -1.13591324399992, 0.0 ], [ 100.174316339000086, -1.135906104999951, 0.0 ], [ 100.174277078000031, -1.13591324399992, 0.0 ], [ 100.174216401000081, -1.13591324399992, 0.0 ], [ 100.174216401000081, -1.135870412999929, 0.0 ], [ 100.174234247000044, -1.135827582999938, 0.0 ], [ 100.174262801000097, -1.135802598999914, 0.0 ], [ 100.174291354000061, -1.135802598999914, 0.0 ], [ 100.174316339000086, -1.135799028999974, 0.0 ], [ 100.174373446000104, -1.135802598999914, 0.0 ], [ 100.174441260000037, -1.135845429, 0.0 ], [ 100.174480521000078, -1.135881120999927, 0.0 ] ] ], [ [ [ 100.172053471000083, -1.134896023999954, 0.0 ], [ 100.172049902000055, -1.134924577999919, 0.0 ], [ 100.172049902000055, -1.134970976999939, 0.0 ], [ 100.172032056, -1.135017376999959, 0.0 ], [ 100.172003503000042, -1.135028083999956, 0.0 ], [ 100.171996364000066, -1.13501380699993, 0.0 ], [ 100.171992795000037, -1.134992391999934, 0.0 ], [ 100.171982087000046, -1.1349567, 0.0 ], [ 100.171967811000101, -1.134938853999945, 0.0 ], [ 100.171928550000047, -1.13491743899995, 0.0 ], [ 100.171878581, -1.134910300999892, 0.0 ], [ 100.171803628000106, -1.134935284999917, 0.0 ], [ 100.171717967000035, -1.134970976999939, 0.0 ], [ 100.171685845000042, -1.135003099999932, 0.0 ], [ 100.171596615000027, -1.135120883, 0.0 ], [ 100.171575200000035, -1.135167282999928, 0.0 ], [ 100.171525231000075, -1.135292203999961, 0.0 ], [ 100.171500247000054, -1.135381433999972, 0.0 ], [ 100.17147526200003, -1.135459955999985, 0.0 ], [ 100.17147526200003, -1.135545616999967, 0.0 ], [ 100.171464555000028, -1.135631276999949, 0.0 ], [ 100.171453847000038, -1.135666968999971, 0.0 ], [ 100.171421724000126, -1.135731214999958, 0.0 ], [ 100.171357479000051, -1.135784752999947, 0.0 ], [ 100.17126468, -1.135834721, 0.0 ], [ 100.17120400400006, -1.135881120999927, 0.0 ], [ 100.171182589000054, -1.135934658999916, 0.0 ], [ 100.171164743000091, -1.135984626999964, 0.0 ], [ 100.171125481000047, -1.136031026999984, 0.0 ], [ 100.171039821000065, -1.136088134, 0.0 ], [ 100.170961299000041, -1.136109549, 0.0 ], [ 100.170889915, -1.136145240999931, 0.0 ], [ 100.170825669000109, -1.136195209999891, 0.0 ], [ 100.170811393000079, -1.136223762999944, 0.0 ], [ 100.170818531000052, -1.136280869999962, 0.0 ], [ 100.1708363770001, -1.136327269999893, 0.0 ], [ 100.170875638000069, -1.136405791999906, 0.0 ], [ 100.170922038000086, -1.13643434599996, 0.0 ], [ 100.171004129000039, -1.136452192000015, 0.0 ], [ 100.171025544000116, -1.13648074499998, 0.0 ], [ 100.171036252000121, -1.136523574999971, 0.0 ], [ 100.171039821000065, -1.136569974999902, 0.0 ], [ 100.170961299000041, -1.136602097999984, 0.0 ], [ 100.170904192000123, -1.136587820999957, 0.0 ], [ 100.170850654000034, -1.136534282999969, 0.0 ], [ 100.170811393000079, -1.13648074499998, 0.0 ], [ 100.170779270000082, -1.136423637999962, 0.0 ], [ 100.170779270000082, -1.136409360999935, 0.0 ], [ 100.170772131000021, -1.136352254, 0.0 ], [ 100.170757855, -1.13629157799996, 0.0 ], [ 100.170743578000057, -1.13619877899992, 0.0 ], [ 100.170750716000029, -1.136145240999931, 0.0 ], [ 100.170782839000111, -1.136088134, 0.0 ], [ 100.170864930000064, -1.136009611999989, 0.0 ], [ 100.17091489900011, -1.135970350999938, 0.0 ], [ 100.171007698000068, -1.135916812999949, 0.0 ], [ 100.171068374000114, -1.13586327499996, 0.0 ], [ 100.171171881000063, -1.135791890999916, 0.0 ], [ 100.171225419000052, -1.135738352999927, 0.0 ], [ 100.171275387, -1.135659830999914, 0.0 ], [ 100.171303941000062, -1.135595585999927, 0.0 ], [ 100.171321787000025, -1.135492078999978, 0.0 ], [ 100.171364617000023, -1.135374295999914, 0.0 ], [ 100.171457416000067, -1.135135159999934, 0.0 ], [ 100.171482401000091, -1.135067344999919, 0.0 ], [ 100.171532369000047, -1.134960268999941, 0.0 ], [ 100.171585907000036, -1.134885315999957, 0.0 ], [ 100.17161446100009, -1.134853193999963, 0.0 ], [ 100.171653722000045, -1.134831778999968, 0.0 ], [ 100.171710829000062, -1.134810362999972, 0.0 ], [ 100.171800059000077, -1.134796086999946, 0.0 ], [ 100.17187144200004, -1.134796086999946, 0.0 ], [ 100.171899996, -1.134806793999943, 0.0 ], [ 100.171942826000077, -1.134813933, 0.0 ], [ 100.171996364000066, -1.13482107099997, 0.0 ], [ 100.172024918000034, -1.134838916999937, 0.0 ], [ 100.172042764000082, -1.134846055, 0.0 ], [ 100.172053471000083, -1.134896023999954, 0.0 ] ] ], [ [ [ 100.351995605000027, -1.133448620000011, 0.0 ], [ 100.351893299, -1.133449582, 0.0 ], [ 100.351788276000022, -1.133440512999962, 0.0 ], [ 100.351659699000038, -1.133407767999917, 0.0 ], [ 100.351342774000017, -1.133275782999921, 0.0 ], [ 100.351163465000099, -1.133174719999908, 0.0 ], [ 100.3510303690001, -1.133145620999898, 0.0 ], [ 100.350855626000026, -1.133122919999974, 0.0 ], [ 100.35071076100003, -1.133096569000014, 0.0 ], [ 100.350527845000087, -1.133006431999928, 0.0 ], [ 100.350370271000102, -1.132918122, 0.0 ], [ 100.350219932000101, -1.132795173999946, 0.0 ], [ 100.350102175000046, -1.132665825999902, 0.0 ], [ 100.350029849000094, -1.132552880999882, 0.0 ], [ 100.350025172000059, -1.132545576999989, 0.0 ], [ 100.349978043000078, -1.13243442899994, 0.0 ], [ 100.349941798, -1.132367921999944, 0.0 ], [ 100.349912899000103, -1.132336437999915, 0.0 ], [ 100.349843973000077, -1.132261349, 0.0 ], [ 100.349661937000036, -1.132129298999918, 0.0 ], [ 100.349499835000117, -1.132023667999971, 0.0 ], [ 100.349360684000061, -1.131966823999975, 0.0 ], [ 100.349350270000087, -1.13196256999989, 0.0 ], [ 100.349330498000057, -1.131954492999932, 0.0 ], [ 100.349221821000029, -1.131877093999923, 0.0 ], [ 100.349178330000072, -1.131801471999972, 0.0 ], [ 100.349182653000071, -1.131732043999912, 0.0 ], [ 100.349182943000102, -1.13172738199997, 0.0 ], [ 100.34918462800006, -1.131700320999951, 0.0 ], [ 100.349262438000011, -1.131605513999923, 0.0 ], [ 100.349422636000043, -1.131499732999964, 0.0 ], [ 100.349566542000048, -1.131412186, 0.0 ], [ 100.349592871000084, -1.131393248999946, 0.0 ], [ 100.349637679000068, -1.131361020999944, 0.0 ], [ 100.349886023000096, -1.131182399, 0.0 ], [ 100.350009999000051, -1.131061139999912, 0.0 ], [ 100.350077849000073, -1.130957230000019, 0.0 ], [ 100.350099520000086, -1.130830556000018, 0.0 ], [ 100.35011845300005, -1.130655587000018, 0.0 ], [ 100.350169061000074, -1.130460547999957, 0.0 ], [ 100.350202465000081, -1.130272817999967, 0.0 ], [ 100.350303594000096, -1.129691384, 0.0 ], [ 100.350317065000056, -1.129438051, 0.0 ], [ 100.350345902000043, -1.129150080999975, 0.0 ], [ 100.350404588000103, -1.128816528, 0.0 ], [ 100.35046056000003, -1.128460201999915, 0.0 ], [ 100.350580677000025, -1.127823177999965, 0.0 ], [ 100.350615869000094, -1.127575298999973, 0.0 ], [ 100.350659250000035, -1.127410338999913, 0.0 ], [ 100.350747848000083, -1.1271515, 0.0 ], [ 100.350820172000027, -1.126928205999989, 0.0 ], [ 100.350949395000058, -1.12639232599997, 0.0 ], [ 100.351003594000105, -1.126127126999966, 0.0 ], [ 100.35103609100004, -1.125923903999937, 0.0 ], [ 100.351067673000074, -1.125699713999951, 0.0 ], [ 100.351073038000081, -1.125564844999894, 0.0 ], [ 100.351075701000028, -1.125434535999948, 0.0 ], [ 100.35108104900003, -1.125338347999983, 0.0 ], [ 100.351081957000105, -1.125322020999964, 0.0 ], [ 100.351081984000103, -1.125321536999924, 0.0 ], [ 100.351118029000077, -1.124953371999927, 0.0 ], [ 100.35113225500001, -1.124846677999892, 0.0 ], [ 100.351135086000056, -1.124825445999911, 0.0 ], [ 100.351154118000039, -1.124682708999914, 0.0 ], [ 100.351170343000049, -1.124540544999964, 0.0 ], [ 100.351225509000088, -1.124406566999981, 0.0 ], [ 100.351323236000084, -1.124298987999961, 0.0 ], [ 100.351468963000059, -1.124225114999978, 0.0 ], [ 100.351642762000054, -1.124171263999963, 0.0 ], [ 100.351812047000024, -1.124148410999937, 0.0 ], [ 100.35189136000011, -1.124136775999951, 0.0 ], [ 100.351901963, -1.124135221, 0.0 ], [ 100.352510011000049, -1.124046023999903, 0.0 ], [ 100.352806050000112, -1.124019457000014, 0.0 ], [ 100.352999782000069, -1.124009345999977, 0.0 ], [ 100.353206916000062, -1.124003780999961, 0.0 ], [ 100.353207103000088, -1.12400377599996, 0.0 ], [ 100.353227795000109, -1.124003499999938, 0.0 ], [ 100.35341894500003, -1.124000946, 0.0 ], [ 100.353613596000059, -1.123994479, 0.0 ], [ 100.353812749000014, -1.12395155, 0.0 ], [ 100.35402184200008, -1.123872176, 0.0 ], [ 100.35418206300001, -1.123815607999934, 0.0 ], [ 100.354312147000115, -1.123767479999949, 0.0 ], [ 100.354352236000068, -1.123752647999965, 0.0 ], [ 100.354368084000043, -1.123747196999958, 0.0 ], [ 100.354506115000092, -1.123699719999938, 0.0 ], [ 100.354666348000123, -1.12367231099998, 0.0 ], [ 100.35476737700013, -1.123660420999973, 0.0 ], [ 100.354798515000127, -1.123656756999936, 0.0 ], [ 100.354829815000059, -1.123648485999962, 0.0 ], [ 100.354929775000059, -1.123622070999908, 0.0 ], [ 100.355055592000085, -1.123573714, 0.0 ], [ 100.355214904000036, -1.123516232999944, 0.0 ], [ 100.355381469000051, -1.123481522, 0.0 ], [ 100.355564343000083, -1.123464124999985, 0.0 ], [ 100.355680225000071, -1.12346407099998, 0.0 ], [ 100.35578615700004, -1.123476774999966, 0.0 ], [ 100.35591564500001, -1.123536861999963, 0.0 ], [ 100.35600983900008, -1.123622470999941, 0.0 ], [ 100.356081406000044, -1.123726325999919, 0.0 ], [ 100.356140315000033, -1.123857518999938, 0.0 ], [ 100.356167532000072, -1.123987813999972, 0.0 ], [ 100.356166673000089, -1.124077121999989, 0.0 ], [ 100.356137750000087, -1.124180099999895, 0.0 ], [ 100.356082569000051, -1.124280369999931, 0.0 ], [ 100.355979422000047, -1.124420746999911, 0.0 ], [ 100.355880799000062, -1.124533788999938, 0.0 ], [ 100.355849001000095, -1.124564876999934, 0.0 ], [ 100.355848053000017, -1.124565803999922, 0.0 ], [ 100.355697092000042, -1.124713393999966, 0.0 ], [ 100.355530575000031, -1.124852895999962, 0.0 ], [ 100.355400259000092, -1.124965039999915, 0.0 ], [ 100.355293488000044, -1.125081729999978, 0.0 ], [ 100.355211166000075, -1.125213903999989, 0.0 ], [ 100.355143346000062, -1.125400745, 0.0 ], [ 100.35504571900006, -1.125724284999941, 0.0 ], [ 100.354947177000085, -1.126012287999967, 0.0 ], [ 100.354849544000089, -1.126322160999938, 0.0 ], [ 100.354783564000044, -1.126560936999977, 0.0 ], [ 100.354692238000041, -1.126812485999918, 0.0 ], [ 100.354559279000057, -1.127074989999966, 0.0 ], [ 100.354512298000074, -1.12728733799995, 0.0 ], [ 100.354523234000084, -1.127441336999902, 0.0 ], [ 100.354577606000063, -1.127555221, 0.0 ], [ 100.354726141000086, -1.127683632999966, 0.0 ], [ 100.354892786000022, -1.127819334, 0.0 ], [ 100.354997867000108, -1.127955064999953, 0.0 ], [ 100.355035035000071, -1.128058020999945, 0.0 ], [ 100.355028727000075, -1.128135473999959, 0.0 ], [ 100.354967210000055, -1.128235744999906, 0.0 ], [ 100.354862254000068, -1.12836974699998, 0.0 ], [ 100.354722932000087, -1.128573935, 0.0 ], [ 100.354568221000079, -1.128787245999974, 0.0 ], [ 100.354424345000083, -1.12896136, 0.0 ], [ 100.354184557000039, -1.129217538999961, 0.0 ], [ 100.353994531000041, -1.129430856999936, 0.0 ], [ 100.353819896000076, -1.129640533999965, 0.0 ], [ 100.353429030000058, -1.130155569999947, 0.0 ], [ 100.35323993300004, -1.130398056999938, 0.0 ], [ 100.353106935000056, -1.130598596999921, 0.0 ], [ 100.352987511000038, -1.130771786999952, 0.0 ], [ 100.352888936000042, -1.130987803999973, 0.0 ], [ 100.352831983000044, -1.131181929999959, 0.0 ], [ 100.352757835000034, -1.131366034999915, 0.0 ], [ 100.352722258000114, -1.131426767999966, 0.0 ], [ 100.352653930000059, -1.131543411999936, 0.0 ], [ 100.35264837400004, -1.131552896999922, 0.0 ], [ 100.352644385000062, -1.131557677999962, 0.0 ], [ 100.352563205000095, -1.131654967000018, 0.0 ], [ 100.35247646000002, -1.131758926, 0.0 ], [ 100.352295477000055, -1.131941261999903, 0.0 ], [ 100.352133485000067, -1.132091689999915, 0.0 ], [ 100.351914484000062, -1.132278601999926, 0.0 ], [ 100.351733494000101, -1.132445444999964, 0.0 ], [ 100.351578767, -1.132623220999929, 0.0 ], [ 100.351486491000088, -1.13278090399992, 0.0 ], [ 100.351468438000026, -1.132896649, 0.0 ], [ 100.351481065000087, -1.132995435999907, 0.0 ], [ 100.351481373000112, -1.132997846999928, 0.0 ], [ 100.351482064000081, -1.133003252999932, 0.0 ], [ 100.351550925000097, -1.133122592999947, 0.0 ], [ 100.351675918000041, -1.133231886000019, 0.0 ], [ 100.351801789000064, -1.133301994999958, 0.0 ], [ 100.351935796000049, -1.133336564999976, 0.0 ], [ 100.352029062000042, -1.133376616, 0.0 ], [ 100.352036321000114, -1.133413967999986, 0.0 ], [ 100.351995605000027, -1.133448620000011, 0.0 ] ] ], [ [ [ 100.338233856000016, -1.123503924, 0.0 ], [ 100.338165102000104, -1.123518634999965, 0.0 ], [ 100.338138615000048, -1.123517694999976, 0.0 ], [ 100.338106764000074, -1.123516563999972, 0.0 ], [ 100.338054664000111, -1.123497711999922, 0.0 ], [ 100.338025476000013, -1.123455783999916, 0.0 ], [ 100.338018344000048, -1.123446004999907, 0.0 ], [ 100.338002539000072, -1.123424335999979, 0.0 ], [ 100.337942081000037, -1.123346760999955, 0.0 ], [ 100.33791497300011, -1.123311117999937, 0.0 ], [ 100.337914472000065, -1.123306925999946, 0.0 ], [ 100.337912553000081, -1.12329087699995, 0.0 ], [ 100.337908704000114, -1.123258687999951, 0.0 ], [ 100.337914899000097, -1.123149632999987, 0.0 ], [ 100.337927080000043, -1.123133265999965, 0.0 ], [ 100.337933641000049, -1.123124450999947, 0.0 ], [ 100.337943361000058, -1.123115083999971, 0.0 ], [ 100.337981543000112, -1.123078291999946, 0.0 ], [ 100.33803571100006, -1.123061488999977, 0.0 ], [ 100.338125300000101, -1.123036285999935, 0.0 ], [ 100.338203269000061, -1.123015511999903, 0.0 ], [ 100.338215803000125, -1.123012171999982, 0.0 ], [ 100.338235715000081, -1.123006865999987, 0.0 ], [ 100.338304466000096, -1.122983770999942, 0.0 ], [ 100.33836696500002, -1.122969060999968, 0.0 ], [ 100.33843363500003, -1.122954351, 0.0 ], [ 100.338502393000041, -1.122948023999915, 0.0 ], [ 100.338583651000093, -1.12294379099992, 0.0 ], [ 100.338629499000078, -1.122947965, 0.0 ], [ 100.338660758000088, -1.122960532999973, 0.0 ], [ 100.338698273000077, -1.122996169, 0.0 ], [ 100.338717039000031, -1.123023422999936, 0.0 ], [ 100.338727483000099, -1.123067465999939, 0.0 ], [ 100.338719200000028, -1.123191201999963, 0.0 ], [ 100.338615057000126, -1.123277238999976, 0.0 ], [ 100.338502581000057, -1.123361181999905, 0.0 ], [ 100.338394266000066, -1.123424155999964, 0.0 ], [ 100.338340104000025, -1.123455637999904, 0.0 ], [ 100.338233856000016, -1.123503924, 0.0 ] ] ], [ [ [ 100.34127987800008, -1.124641476999966, 0.0 ], [ 100.341178837000058, -1.124648403, 0.0 ], [ 100.341042483000066, -1.124647696999948, 0.0 ], [ 100.340903046000065, -1.124624633999905, 0.0 ], [ 100.340779703000081, -1.124601553999949, 0.0 ], [ 100.340641028000064, -1.124556900999985, 0.0 ], [ 100.340470161000042, -1.124480642999981, 0.0 ], [ 100.340210385000049, -1.124303411999972, 0.0 ], [ 100.340141455000023, -1.124240790999942, 0.0 ], [ 100.340085497000103, -1.124189955, 0.0 ], [ 100.339916871000099, -1.124036761999936, 0.0 ], [ 100.339696152000045, -1.123829449999925, 0.0 ], [ 100.339525244000114, -1.123664514999956, 0.0 ], [ 100.339389584000074, -1.123510364, 0.0 ], [ 100.339212505, -1.123251365999967, 0.0 ], [ 100.339151935000046, -1.123141129, 0.0 ], [ 100.339118934000069, -1.123014688999924, 0.0 ], [ 100.339114309000038, -1.122940668999928, 0.0 ], [ 100.339119633000038, -1.122851222999899, 0.0 ], [ 100.33926027000004, -1.122156427999966, 0.0 ], [ 100.339419349000053, -1.121579594999933, 0.0 ], [ 100.339501191000082, -1.121318939999949, 0.0 ], [ 100.339601411000018, -1.121019718999972, 0.0 ], [ 100.339801191000035, -1.120673410999918, 0.0 ], [ 100.339923679000037, -1.120497551999933, 0.0 ], [ 100.340073745000026, -1.120318594999959, 0.0 ], [ 100.340105248000057, -1.120285949999922, 0.0 ], [ 100.340139265000019, -1.120250699999937, 0.0 ], [ 100.340180943000092, -1.120207510999916, 0.0 ], [ 100.340544713000085, -1.11996985399997, 0.0 ], [ 100.340877892000037, -1.119845561999989, 0.0 ], [ 100.340959848000068, -1.119813911999946, 0.0 ], [ 100.341041803000095, -1.119801536999987, 0.0 ], [ 100.341065552000018, -1.119799978999947, 0.0 ], [ 100.341183533, -1.119806871999985, 0.0 ], [ 100.341322200000022, -1.119837649999956, 0.0 ], [ 100.34139346300006, -1.119884650999937, 0.0 ], [ 100.341542910000072, -1.120026458999946, 0.0 ], [ 100.34163872, -1.120150554, 0.0 ], [ 100.34171689900009, -1.12023070899997, 0.0 ], [ 100.341777435000026, -1.120283881999929, 0.0 ], [ 100.341857918000116, -1.120370981999941, 0.0 ], [ 100.341930222000059, -1.120478962999905, 0.0 ], [ 100.342122599000078, -1.121002575999975, 0.0 ], [ 100.342282596000089, -1.121519672999949, 0.0 ], [ 100.342349684000041, -1.121871673999942, 0.0 ], [ 100.342397321000078, -1.122191077, 0.0 ], [ 100.342419035, -1.122456179999987, 0.0 ], [ 100.34243858500011, -1.122725622999988, 0.0 ], [ 100.342442991000027, -1.122927707999922, 0.0 ], [ 100.342440922000037, -1.123118933999934, 0.0 ], [ 100.342423714000034, -1.123258014999984, 0.0 ], [ 100.342365665000031, -1.123418007999899, 0.0 ], [ 100.34221565600005, -1.123719557999981, 0.0 ], [ 100.341946943000025, -1.124101361999952, 0.0 ], [ 100.341751707000029, -1.124341257, 0.0 ], [ 100.341626502000068, -1.124449554999985, 0.0 ], [ 100.341594729000107, -1.12447703799995, 0.0 ], [ 100.341463150000052, -1.124557041999908, 0.0 ], [ 100.341417053000058, -1.12458507, 0.0 ], [ 100.341331972000035, -1.124620234999985, 0.0 ], [ 100.341328707000031, -1.124621587, 0.0 ], [ 100.341280726000051, -1.124641418999961, 0.0 ], [ 100.34127987800008, -1.124641476999966, 0.0 ] ] ], [ [ [ 100.355683148000054, -1.119760804, 0.0 ], [ 100.355645546000048, -1.119768183999981, 0.0 ], [ 100.355603761000054, -1.119767153999896, 0.0 ], [ 100.355584261000033, -1.119768564999924, 0.0 ], [ 100.355555713000072, -1.119787155999952, 0.0 ], [ 100.355424825000085, -1.119867824999965, 0.0 ], [ 100.35539175400001, -1.119881859999972, 0.0 ], [ 100.355347531000078, -1.119874869999927, 0.0 ], [ 100.355306774000084, -1.119842291999896, 0.0 ], [ 100.355270180000076, -1.119776770999981, 0.0 ], [ 100.355267039000083, -1.11974347799998, 0.0 ], [ 100.35528199900007, -1.119723138999984, 0.0 ], [ 100.355354066000089, -1.119701027999931, 0.0 ], [ 100.355489863000045, -1.11968729699995, 0.0 ], [ 100.355570296000039, -1.119687259999947, 0.0 ], [ 100.355634363, -1.119682670999922, 0.0 ], [ 100.355679269000078, -1.119647954999981, 0.0 ], [ 100.355735987000074, -1.119569067999937, 0.0 ], [ 100.355923553000039, -1.119320141999947, 0.0 ], [ 100.355981347000025, -1.119294527999959, 0.0 ], [ 100.356112265000021, -1.119276936999925, 0.0 ], [ 100.356495598000038, -1.119205965999915, 0.0 ], [ 100.356604923000106, -1.119172964999938, 0.0 ], [ 100.356626512000034, -1.119182072999892, 0.0 ], [ 100.356618520000083, -1.119214319999984, 0.0 ], [ 100.356580248000029, -1.119268660999951, 0.0 ], [ 100.356508893000068, -1.119335289999957, 0.0 ], [ 100.356427770000025, -1.119357758999951, 0.0 ], [ 100.356325055000042, -1.119365865999911, 0.0 ], [ 100.356216077000084, -1.119390798999931, 0.0 ], [ 100.356143670000051, -1.119434291999977, 0.0 ], [ 100.356075805000032, -1.119504419999918, 0.0 ], [ 100.356026033, -1.119546149, 0.0 ], [ 100.355961277000063, -1.119574923999978, 0.0 ], [ 100.35588920900004, -1.119595984999944, 0.0 ], [ 100.355822725000053, -1.119640525999988, 0.0 ], [ 100.355783392, -1.119675944999899, 0.0 ], [ 100.355722827000051, -1.119735902999975, 0.0 ], [ 100.355683148000054, -1.119760804, 0.0 ] ] ], [ [ [ 100.38288863800004, -1.121225163, 0.0 ], [ 100.382802842000046, -1.121225973999985, 0.0 ], [ 100.382730063000068, -1.121219069999946, 0.0 ], [ 100.382611311000105, -1.121172094999968, 0.0 ], [ 100.38227491300006, -1.120951728999942, 0.0 ], [ 100.382154598000056, -1.120848468999925, 0.0 ], [ 100.382078737000086, -1.120803779999958, 0.0 ], [ 100.38199675500006, -1.120774522999935, 0.0 ], [ 100.381871121000046, -1.120768413999962, 0.0 ], [ 100.381775165000107, -1.120757928999983, 0.0 ], [ 100.381772242000039, -1.120757609999957, 0.0 ], [ 100.38175161300002, -1.120755355999948, 0.0 ], [ 100.381609869000016, -1.120695284999951, 0.0 ], [ 100.381471163000086, -1.120578919, 0.0 ], [ 100.381349309000129, -1.12046794599997, 0.0 ], [ 100.381268054000074, -1.120361582999963, 0.0 ], [ 100.381227429, -1.120305308999925, 0.0 ], [ 100.381209236000089, -1.12024668799996, 0.0 ], [ 100.381207168000088, -1.120240023999941, 0.0 ], [ 100.381201350000055, -1.120221277999989, 0.0 ], [ 100.381153809000025, -1.120132626999937, 0.0 ], [ 100.381086369000045, -1.120071752999963, 0.0 ], [ 100.381008160000064, -1.120058566999938, 0.0 ], [ 100.380990858000047, -1.120055649999963, 0.0 ], [ 100.380986007000089, -1.120054831999895, 0.0 ], [ 100.380855009000086, -1.120032535999916, 0.0 ], [ 100.38072475900006, -1.119991733999915, 0.0 ], [ 100.380599097000058, -1.119923942, 0.0 ], [ 100.380486443000052, -1.119833005000015, 0.0 ], [ 100.380394491000089, -1.119772132999953, 0.0 ], [ 100.38030177400006, -1.119714355999968, 0.0 ], [ 100.38020218300008, -1.119692812999962, 0.0 ], [ 100.380101056000058, -1.119672038999931, 0.0 ], [ 100.380011404000101, -1.119632755999967, 0.0 ], [ 100.379943532000084, -1.119585981999916, 0.0 ], [ 100.37994320600005, -1.119585756999897, 0.0 ], [ 100.379888895000093, -1.119540941, 0.0 ], [ 100.379883436000085, -1.119536437, 0.0 ], [ 100.379865804000048, -1.119512539999968, 0.0 ], [ 100.37986042700004, -1.119484785999892, 0.0 ], [ 100.379873428000053, -1.119442368999935, 0.0 ], [ 100.379890225000025, -1.119415724999951, 0.0 ], [ 100.379894970000052, -1.11940819799995, 0.0 ], [ 100.379909406000095, -1.11938529799992, 0.0 ], [ 100.379949971000073, -1.119312795999961, 0.0 ], [ 100.379964493000031, -1.119237228999926, 0.0 ], [ 100.379974403000062, -1.119140066999969, 0.0 ], [ 100.379987401000065, -1.119072984999925, 0.0 ], [ 100.380025651000039, -1.118968103999952, 0.0 ], [ 100.380144284000082, -1.118722712999987, 0.0 ], [ 100.380171828000044, -1.118671948999961, 0.0 ], [ 100.38022235300005, -1.118608693999968, 0.0 ], [ 100.38028360900006, -1.118551611999952, 0.0 ], [ 100.380409996000125, -1.118513763999929, 0.0 ], [ 100.380433584000031, -1.118512908999947, 0.0 ], [ 100.380495412000087, -1.118510665999939, 0.0 ], [ 100.380582350000083, -1.118507512999945, 0.0 ], [ 100.380737858000074, -1.118507439999939, 0.0 ], [ 100.380941616000058, -1.118498090999965, 0.0 ], [ 100.381180611000033, -1.118476387999945, 0.0 ], [ 100.381349146000034, -1.118487875999919, 0.0 ], [ 100.381444157000075, -1.118534095000013, 0.0 ], [ 100.381523873, -1.118638919999982, 0.0 ], [ 100.381617396000109, -1.118770728999963, 0.0 ], [ 100.381752293000076, -1.118927959999916, 0.0 ], [ 100.381802136000033, -1.119039737000016, 0.0 ], [ 100.381808323000101, -1.11916464899996, 0.0 ], [ 100.381809162000081, -1.119326565999946, 0.0 ], [ 100.38183372400006, -1.119429879999967, 0.0 ], [ 100.381939493000019, -1.119538546999899, 0.0 ], [ 100.38205365000006, -1.119580124999964, 0.0 ], [ 100.382186182000098, -1.119599345999956, 0.0 ], [ 100.382281962000022, -1.119655583999902, 0.0 ], [ 100.382349424000012, -1.119765036999987, 0.0 ], [ 100.382353296000062, -1.119839056999983, 0.0 ], [ 100.38230662200003, -1.119970162999906, 0.0 ], [ 100.382286769000075, -1.120096624999978, 0.0 ], [ 100.382292946000049, -1.12020148599995, 0.0 ], [ 100.382374207000026, -1.120337152999984, 0.0 ], [ 100.38254588800001, -1.120526745999951, 0.0 ], [ 100.382688452000082, -1.120687835999957, 0.0 ], [ 100.382845570000114, -1.120862783999955, 0.0 ], [ 100.382949818000043, -1.121004607999965, 0.0 ], [ 100.383000434000053, -1.121115615999913, 0.0 ], [ 100.382992031000072, -1.121171135999888, 0.0 ], [ 100.38294532300003, -1.121211253999921, 0.0 ], [ 100.38288863800004, -1.121225163, 0.0 ] ] ], [ [ [ 100.368207448000078, -1.117505525, 0.0 ], [ 100.368213107000102, -1.117618373, 0.0 ], [ 100.368234788000024, -1.117730416999952, 0.0 ], [ 100.368338144000049, -1.117827101999958, 0.0 ], [ 100.3684502710001, -1.117851234999912, 0.0 ], [ 100.368593635000053, -1.117857617, 0.0 ], [ 100.368780238000042, -1.117862357999944, 0.0 ], [ 100.368981279000067, -1.117921922999899, 0.0 ], [ 100.369186361000075, -1.118051608999971, 0.0 ], [ 100.369217596000084, -1.11808868199993, 0.0 ], [ 100.369231403000072, -1.118105070999953, 0.0 ], [ 100.369333, -1.118225658999983, 0.0 ], [ 100.369399525000034, -1.118347351999927, 0.0 ], [ 100.369420409000071, -1.118464225999916, 0.0 ], [ 100.3694229070001, -1.118537075999904, 0.0 ], [ 100.369423881, -1.118565494999946, 0.0 ], [ 100.369425273000033, -1.118606097999931, 0.0 ], [ 100.369412526000048, -1.118750394999968, 0.0 ], [ 100.369388574000098, -1.118896313999962, 0.0 ], [ 100.369391022000045, -1.118999494999973, 0.0 ], [ 100.369413497000039, -1.11911717399994, 0.0 ], [ 100.369484048000103, -1.119279972, 0.0 ], [ 100.369605805000049, -1.119469916, 0.0 ], [ 100.369637226000066, -1.119504976999964, 0.0 ], [ 100.369680143000068, -1.119542355999948, 0.0 ], [ 100.369692872000059, -1.119552815999925, 0.0 ], [ 100.369696758000018, -1.119556008999923, 0.0 ], [ 100.36974297700003, -1.119593989999957, 0.0 ], [ 100.369811190000078, -1.119652937999949, 0.0 ], [ 100.369863082000023, -1.119697099999962, 0.0 ], [ 100.369870960000043, -1.119703803999895, 0.0 ], [ 100.369882518000026, -1.119714399999972, 0.0 ], [ 100.369923074000013, -1.11975158099994, 0.0 ], [ 100.369949323000043, -1.119783255999985, 0.0 ], [ 100.369956594000115, -1.119792029999911, 0.0 ], [ 100.369974816000109, -1.119814018999954, 0.0 ], [ 100.369997749000063, -1.119863699999979, 0.0 ], [ 100.370002036000059, -1.119872985999948, 0.0 ], [ 100.370002127000063, -1.11987717499994, 0.0 ], [ 100.370003211000068, -1.119927344, 0.0 ], [ 100.369987152000064, -1.119985185, 0.0 ], [ 100.369953477000124, -1.12004881199993, 0.0 ], [ 100.369899883000045, -1.120123635, 0.0 ], [ 100.369849362000124, -1.120195744999919, 0.0 ], [ 100.369793845000061, -1.120247434999933, 0.0 ], [ 100.369736789000044, -1.12027483999998, 0.0 ], [ 100.369672442000052, -1.120277564999939, 0.0 ], [ 100.36960907700005, -1.120281139999968, 0.0 ], [ 100.369607641000115, -1.120281220999975, 0.0 ], [ 100.369575917000063, -1.120283010999946, 0.0 ], [ 100.369482472000058, -1.120298856000013, 0.0 ], [ 100.369381373000039, -1.120340924999941, 0.0 ], [ 100.36937098000007, -1.120345572999971, 0.0 ], [ 100.369262273000047, -1.12039419, 0.0 ], [ 100.369210338000102, -1.12041378399993, 0.0 ], [ 100.369199859000034, -1.120417737, 0.0 ], [ 100.36914431700005, -1.120419299999942, 0.0 ], [ 100.369074227000027, -1.120417795, 0.0 ], [ 100.369007952000047, -1.120407027999904, 0.0 ], [ 100.368898403000046, -1.120385488999987, 0.0 ], [ 100.368791908000034, -1.120355853999933, 0.0 ], [ 100.368715672000022, -1.120319267999926, 0.0 ], [ 100.368643636000016, -1.120270724, 0.0 ], [ 100.368553598000034, -1.120211776999914, 0.0 ], [ 100.368507592000043, -1.120172565999956, 0.0 ], [ 100.368490489000052, -1.120157989, 0.0 ], [ 100.368468153000066, -1.120138951999928, 0.0 ], [ 100.368391127000081, -1.120061113999971, 0.0 ], [ 100.368319850000049, -1.119981726999886, 0.0 ], [ 100.368228651000052, -1.11990389499993, 0.0 ], [ 100.368134781, -1.119837242999922, 0.0 ], [ 100.368044364000085, -1.119776368999948, 0.0 ], [ 100.367959678, -1.119710101999972, 0.0 ], [ 100.36791331600007, -1.119663082999989, 0.0 ], [ 100.367901306000064, -1.119640467999983, 0.0 ], [ 100.367883025000054, -1.119606043999977, 0.0 ], [ 100.367851980000069, -1.119552468999896, 0.0 ], [ 100.367826942000121, -1.119527780999896, 0.0 ], [ 100.367792970000067, -1.119494283999967, 0.0 ], [ 100.367740080000047, -1.119435319999973, 0.0 ], [ 100.367690257000092, -1.119368257999931, 0.0 ], [ 100.367646173000082, -1.119292719999987, 0.0 ], [ 100.367615501000031, -1.119228345999901, 0.0 ], [ 100.367578703, -1.119167455999926, 0.0 ], [ 100.367528122000095, -1.119108489999932, 0.0 ], [ 100.367454923000068, -1.119032575999957, 0.0 ], [ 100.367409703000064, -1.118965900999947, 0.0 ], [ 100.367363164000025, -1.118883740999899, 0.0 ], [ 100.367361014000025, -1.11887994499994, 0.0 ], [ 100.367332887000018, -1.11883699799994, 0.0 ], [ 100.367236830000053, -1.118690326999972, 0.0 ], [ 100.36716094500008, -1.118592824999987, 0.0 ], [ 100.367086598000057, -1.118503028999929, 0.0 ], [ 100.366987348000109, -1.118403609999963, 0.0 ], [ 100.366906116000052, -1.118345436999946, 0.0 ], [ 100.36682299200001, -1.118314632999973, 0.0 ], [ 100.366718421000058, -1.1183115979999, 0.0 ], [ 100.366633011000019, -1.118309703, 0.0 ], [ 100.366532651000057, -1.118300116999927, 0.0 ], [ 100.36648475, -1.118285197999936, 0.0 ], [ 100.366481670000013, -1.118284238999945, 0.0 ], [ 100.366439948000021, -1.118271244999936, 0.0 ], [ 100.366377497000101, -1.118231179, 0.0 ], [ 100.366326536000059, -1.118188791999953, 0.0 ], [ 100.366291269000072, -1.118136765, 0.0 ], [ 100.366246054000058, -1.118101702999941, 0.0 ], [ 100.366203927000043, -1.118097868999979, 0.0 ], [ 100.366127704000036, -1.118109463999962, 0.0 ], [ 100.365918076000099, -1.118155517999953, 0.0 ], [ 100.365874847000072, -1.118196645999981, 0.0 ], [ 100.36582603100004, -1.118264378999901, 0.0 ], [ 100.365757167000112, -1.118293434, 0.0 ], [ 100.365752545000078, -1.118293539, 0.0 ], [ 100.365747589000122, -1.118293652000014, 0.0 ], [ 100.365685093000096, -1.118295077999954, 0.0 ], [ 100.365535314000056, -1.11827177699998, 0.0 ], [ 100.365426366000094, -1.118208948999933, 0.0 ], [ 100.365295789000044, -1.118121141999951, 0.0 ], [ 100.365165199000074, -1.118028502999924, 0.0 ], [ 100.365053037000024, -1.117929398999896, 0.0 ], [ 100.364964883000098, -1.11780853100002, 0.0 ], [ 100.364880738000068, -1.117687650999966, 0.0 ], [ 100.364848701000085, -1.117653489999982, 0.0 ], [ 100.364824763000058, -1.117627964999913, 0.0 ], [ 100.364787795000012, -1.117588546999937, 0.0 ], [ 100.364718079000028, -1.117502321, 0.0 ], [ 100.364692458000036, -1.117458529000015, 0.0 ], [ 100.364661971, -1.117406418999967, 0.0 ], [ 100.364660272000037, -1.11739476799998, 0.0 ], [ 100.364647512000047, -1.117307277999935, 0.0 ], [ 100.36464667000007, -1.117212958999947, 0.0 ], [ 100.364671459000078, -1.117149264, 0.0 ], [ 100.364724316, -1.117135535999936, 0.0 ], [ 100.364806011000013, -1.117164522999937, 0.0 ], [ 100.36484255000002, -1.117181841999948, 0.0 ], [ 100.364844420000082, -1.117182729000022, 0.0 ], [ 100.364904545000087, -1.117211228999982, 0.0 ], [ 100.364938194000032, -1.117239551999927, 0.0 ], [ 100.364943790000041, -1.117244261999962, 0.0 ], [ 100.365012705000069, -1.117302266999965, 0.0 ], [ 100.365089328000096, -1.117361322999966, 0.0 ], [ 100.365110524000073, -1.117377659999897, 0.0 ], [ 100.365146499000033, -1.11740538699997, 0.0 ], [ 100.365316330000056, -1.117515742999953, 0.0 ], [ 100.365482922000069, -1.117541460999949, 0.0 ], [ 100.365606246000056, -1.117529309999921, 0.0 ], [ 100.365641655000061, -1.117516986999967, 0.0 ], [ 100.365731061000076, -1.117485873999969, 0.0 ], [ 100.365740770000087, -1.117482494999956, 0.0 ], [ 100.365842443000062, -1.117400222999987, 0.0 ], [ 100.365940307000074, -1.117270081999966, 0.0 ], [ 100.36594249400008, -1.117267173, 0.0 ], [ 100.36595389200005, -1.117250605999954, 0.0 ], [ 100.366032930000102, -1.117135729999952, 0.0 ], [ 100.366160212000068, -1.117011531999979, 0.0 ], [ 100.366421183000071, -1.116767962999988, 0.0 ], [ 100.366679744000066, -1.11651715099993, 0.0 ], [ 100.366785434000107, -1.116474372999943, 0.0 ], [ 100.366941603000058, -1.116463012999891, 0.0 ], [ 100.367129003000016, -1.116462119999906, 0.0 ], [ 100.367282768000038, -1.116458828999989, 0.0 ], [ 100.367406099000036, -1.11646038099994, 0.0 ], [ 100.367514229000093, -1.116486125999939, 0.0 ], [ 100.367653622, -1.116572309999964, 0.0 ], [ 100.367803444000046, -1.116710089, 0.0 ], [ 100.367969291000094, -1.116855107999915, 0.0 ], [ 100.36807345600009, -1.116973551999945, 0.0 ], [ 100.368117550000093, -1.117070263999953, 0.0 ], [ 100.368123134000115, -1.117173725999987, 0.0 ], [ 100.368123206000035, -1.11717506299992, 0.0 ], [ 100.368126133, -1.117189193999935, 0.0 ], [ 100.368144072000078, -1.117275811, 0.0 ], [ 100.368189792000038, -1.117412020999986, 0.0 ], [ 100.368207448000078, -1.117505525, 0.0 ] ] ], [ [ [ 100.297319262000116, -1.07710308799992, 0.0 ], [ 100.297187599000054, -1.077122581999935, 0.0 ], [ 100.297015967000064, -1.077120800999965, 0.0 ], [ 100.296860937000119, -1.07709486399995, 0.0 ], [ 100.296709575000122, -1.077024340999977, 0.0 ], [ 100.296561892000071, -1.076924086999942, 0.0 ], [ 100.29652475200001, -1.076890079999971, 0.0 ], [ 100.296507087000066, -1.076873904999965, 0.0 ], [ 100.296438197000043, -1.076810825999897, 0.0 ], [ 100.296355101000103, -1.076699408999915, 0.0 ], [ 100.296295979, -1.076543389999885, 0.0 ], [ 100.296238681000062, -1.076342797999897, 0.0 ], [ 100.296222003000096, -1.076175618, 0.0 ], [ 100.296210853000062, -1.075986148999964, 0.0 ], [ 100.296255039000073, -1.075737212999972, 0.0 ], [ 100.296350850000096, -1.075380512999947, 0.0 ], [ 100.296487276000022, -1.07504050899997, 0.0 ], [ 100.296599758000085, -1.074815692999931, 0.0 ], [ 100.29676019700004, -1.074544410999956, 0.0 ], [ 100.296820989000096, -1.074468758999914, 0.0 ], [ 100.296916984000049, -1.074349298999977, 0.0 ], [ 100.297022632000079, -1.074277615, 0.0 ], [ 100.297097793, -1.074226616999952, 0.0 ], [ 100.297206647000039, -1.074157838999946, 0.0 ], [ 100.297348733000064, -1.074115048999958, 0.0 ], [ 100.297409571000031, -1.074107634999966, 0.0 ], [ 100.297455769000038, -1.074102005999944, 0.0 ], [ 100.297546202000063, -1.074118682, 0.0 ], [ 100.297645875000043, -1.074161368999971, 0.0 ], [ 100.297719737000122, -1.074261645, 0.0 ], [ 100.297791769000042, -1.074389789999953, 0.0 ], [ 100.298057829000115, -1.07511971199995, 0.0 ], [ 100.298063027000097, -1.075143921999911, 0.0 ], [ 100.298088809000021, -1.075263997999987, 0.0 ], [ 100.298098508000109, -1.075309167999905, 0.0 ], [ 100.298118868000103, -1.075452195999927, 0.0 ], [ 100.29808388400005, -1.075637975999933, 0.0 ], [ 100.298041506000104, -1.075790319999926, 0.0 ], [ 100.298037866000058, -1.075801512999964, 0.0 ], [ 100.297859031000101, -1.076351392999897, 0.0 ], [ 100.29766185000004, -1.076761505, 0.0 ], [ 100.297628554000127, -1.076830757999947, 0.0 ], [ 100.297499430000101, -1.076990563999936, 0.0 ], [ 100.297326002000048, -1.077102089999927, 0.0 ], [ 100.297319262000116, -1.07710308799992, 0.0 ] ] ], [ [ [ 100.397142615000092, -1.042456279999915, 0.0 ], [ 100.397098586000098, -1.0424563, 0.0 ], [ 100.396975922000067, -1.042431028999958, 0.0 ], [ 100.396903564000041, -1.042374080999953, 0.0 ], [ 100.396897254000052, -1.042329765000017, 0.0 ], [ 100.396919240000088, -1.042263278999934, 0.0 ], [ 100.396985241000039, -1.042168279999978, 0.0 ], [ 100.397085842000109, -1.042082765, 0.0 ], [ 100.397189599000072, -1.042025737999908, 0.0 ], [ 100.397280792000075, -1.042000370999941, 0.0 ], [ 100.39739085600003, -1.041981329999964, 0.0 ], [ 100.397466337000054, -1.041987625999952, 0.0 ], [ 100.397541827000083, -1.042012917999913, 0.0 ], [ 100.397579589000017, -1.042066716999924, 0.0 ], [ 100.397579610000022, -1.042114200999944, 0.0 ], [ 100.397567065000047, -1.04219334499992, 0.0 ], [ 100.397529354000127, -1.04225667399992, 0.0 ], [ 100.397325002000088, -1.042411880999972, 0.0 ], [ 100.397218088000031, -1.042443584999931, 0.0 ], [ 100.397142615000092, -1.042456279999915, 0.0 ] ] ], [ [ [ 100.172158814000099, -1.034892834999924, 0.0 ], [ 100.172201645000087, -1.034895689999893, 0.0 ], [ 100.172243047000052, -1.034894261999953, 0.0 ], [ 100.172297299, -1.034895689999893, 0.0 ], [ 100.172334419000066, -1.034898544999952, 0.0 ], [ 100.172357698000027, -1.034892661999909, 0.0 ], [ 100.172430509000023, -1.034916932999963, 0.0 ], [ 100.172471912000063, -1.03493406499996, 0.0 ], [ 100.172516170000094, -1.034951196999956, 0.0 ], [ 100.172553289000049, -1.034965473999894, 0.0 ], [ 100.172587554000046, -1.03498117799995, 0.0 ], [ 100.172670359000051, -1.035009731999915, 0.0 ], [ 100.172716044000111, -1.035021152999971, 0.0 ], [ 100.172743170000047, -1.03502829099994, 0.0 ], [ 100.172777435000029, -1.035043996, 0.0 ], [ 100.172811699000121, -1.03507112200002, 0.0 ], [ 100.172827403000085, -1.035092536999927, 0.0 ], [ 100.172834375000036, -1.035101833999897, 0.0 ], [ 100.172844535000081, -1.035115379999952, 0.0 ], [ 100.172887366000069, -1.035141077999946, 0.0 ], [ 100.172933051000115, -1.035162492999942, 0.0 ], [ 100.172938762000058, -1.035162492999942, 0.0 ], [ 100.172950183000026, -1.035141077999946, 0.0 ], [ 100.172983020000075, -1.035141077999946, 0.0 ], [ 100.173004435000081, -1.035141077999946, 0.0 ], [ 100.173030133000069, -1.035143933, 0.0 ], [ 100.173155769000076, -1.035203895999904, 0.0 ], [ 100.173212876, -1.035235304999927, 0.0 ], [ 100.173232863000052, -1.035255291999893, 0.0 ], [ 100.173252851000115, -1.035279561999947, 0.0 ], [ 100.173265700000016, -1.035293838999974, 0.0 ], [ 100.173295681000099, -1.035303832999912, 0.0 ], [ 100.173304247000019, -1.035302404999883, 0.0 ], [ 100.173309958000047, -1.035285272999976, 0.0 ], [ 100.173309958000047, -1.035275278999948, 0.0 ], [ 100.173311386000066, -1.03526671299995, 0.0 ], [ 100.173344222000125, -1.03526385799998, 0.0 ], [ 100.17338990800009, -1.035270995999949, 0.0 ], [ 100.173488418000062, -1.035300977999943, 0.0 ], [ 100.173589783000097, -1.035330958999936, 0.0 ], [ 100.173629758000033, -1.035343807999934, 0.0 ], [ 100.173675443, -1.035365222999929, 0.0 ], [ 100.173721129000043, -1.035383782999955, 0.0 ], [ 100.173795368000057, -1.035423757999976, 0.0 ], [ 100.173802506000115, -1.035435178999944, 0.0 ], [ 100.173835343000079, -1.035449455999971, 0.0 ], [ 100.173868180000042, -1.03545659399994, 0.0 ], [ 100.17392528700006, -1.035460876999939, 0.0 ], [ 100.174040928000039, -1.035522267999956, 0.0 ], [ 100.174055205000059, -1.035533689000013, 0.0 ], [ 100.174065199, -1.03554939299998, 0.0 ], [ 100.174070910000026, -1.035566524999976, 0.0 ], [ 100.174079476000031, -1.035586512999942, 0.0 ], [ 100.174090897000085, -1.035600789999969, 0.0 ], [ 100.174105174000019, -1.035605072999968, 0.0 ], [ 100.174138010000078, -1.035602217, 0.0 ], [ 100.174160853000018, -1.035602217, 0.0 ], [ 100.1741779850001, -1.035609355999967, 0.0 ], [ 100.1741908340001, -1.035620776999935, 0.0 ], [ 100.174205111000035, -1.035637908999932, 0.0 ], [ 100.174232237000055, -1.035652185999958, 0.0 ], [ 100.174272212000076, -1.035663606999926, 0.0 ], [ 100.17430504900004, -1.035677883999953, 0.0 ], [ 100.174333602, -1.03569358899992, 0.0 ], [ 100.174386426000112, -1.03574070199991, 0.0 ], [ 100.17441498000008, -1.035767827999934, 0.0 ], [ 100.174443533000044, -1.035793525999929, 0.0 ], [ 100.174464948000036, -1.035806374999926, 0.0 ], [ 100.174523483000087, -1.035827789999922, 0.0 ], [ 100.174552037000055, -1.035837783999949, 0.0 ], [ 100.174579162000072, -1.035859198999945, 0.0 ], [ 100.174641980000033, -1.035910595999934, 0.0 ], [ 100.174647691000061, -1.035927727999931, 0.0 ], [ 100.174650546000024, -1.035950569999955, 0.0 ], [ 100.17466767800002, -1.035980551999949, 0.0 ], [ 100.174721930000075, -1.036021954, 0.0 ], [ 100.174754767000124, -1.036043369, 0.0 ], [ 100.174773326000064, -1.036060501999903, 0.0 ], [ 100.174830434000086, -1.036097620999954, 0.0 ], [ 100.17487326400007, -1.036134740999917, 0.0 ], [ 100.17492323300003, -1.036170432999939, 0.0 ], [ 100.174973201000086, -1.036216117999989, 0.0 ], [ 100.175026025000093, -1.036263231999979, 0.0 ], [ 100.175031736000037, -1.036280363999976, 0.0 ], [ 100.175053151000029, -1.03630891699994, 0.0 ], [ 100.175083132000026, -1.036337471, 0.0 ], [ 100.175120252000085, -1.036370306999957, 0.0 ], [ 100.175147378000105, -1.036407427, 0.0 ], [ 100.175221617000034, -1.036475955, 0.0 ], [ 100.175244460000059, -1.036510219999987, 0.0 ], [ 100.175257309000045, -1.03654305599995, 0.0 ], [ 100.175287290000043, -1.036584458999912, 0.0 ], [ 100.175327265000064, -1.036608728999966, 0.0 ], [ 100.175355819000032, -1.036662980999925, 0.0 ], [ 100.175370095000062, -1.03668582399995, 0.0 ], [ 100.17539436600002, -1.036707238999946, 0.0 ], [ 100.175430058000046, -1.03673436499997, 0.0 ], [ 100.175474316000063, -1.036778623, 0.0 ], [ 100.175521429000057, -1.036845723999947, 0.0 ], [ 100.175539989000086, -1.036872849999971, 0.0 ], [ 100.175619939000029, -1.036957081999923, 0.0 ], [ 100.175668480000056, -1.03701561699997, 0.0 ], [ 100.175698461000053, -1.037041314999965, 0.0 ], [ 100.175719876000045, -1.037055591999903, 0.0 ], [ 100.175741291000037, -1.037079862999957, 0.0 ], [ 100.175745574000032, -1.037121264999919, 0.0 ], [ 100.175748430000098, -1.037144107999944, 0.0 ], [ 100.175754140000038, -1.037166950999969, 0.0 ], [ 100.175759851000066, -1.037195503999933, 0.0 ], [ 100.17576984500009, -1.037212636999929, 0.0 ], [ 100.175786977000087, -1.037232623999985, 0.0 ], [ 100.175809820000026, -1.037249755999981, 0.0 ], [ 100.175828927000097, -1.037265223999928, 0.0 ], [ 100.175839801000023, -1.037274026999946, 0.0 ], [ 100.17585693300002, -1.037306863, 0.0 ], [ 100.175864071000078, -1.03735254899996, 0.0 ], [ 100.175892625000031, -1.037409655999977, 0.0 ], [ 100.175906902000065, -1.037435353999972, 0.0 ], [ 100.175922606000114, -1.037453914, 0.0 ], [ 100.175946877000086, -1.037475329, 0.0 ], [ 100.175966864000046, -1.037529580999952, 0.0 ], [ 100.175975430000051, -1.037553850999918, 0.0 ], [ 100.175982569000013, -1.037573838999973, 0.0 ], [ 100.17599399000008, -1.037603819999966, 0.0 ], [ 100.176009694000044, -1.037628090999932, 0.0 ], [ 100.176036820000064, -1.037650932999957, 0.0 ], [ 100.176051097000098, -1.037676631999951, 0.0 ], [ 100.176058235000056, -1.037706612999945, 0.0 ], [ 100.176095355000115, -1.037750870999965, 0.0 ], [ 100.176108204000016, -1.0377822799999, 0.0 ], [ 100.176121053000017, -1.037812260999982, 0.0 ], [ 100.176126764000045, -1.037839387, 0.0 ], [ 100.17614960700007, -1.037859373999972, 0.0 ], [ 100.176158173000076, -1.03787507899994, 0.0 ], [ 100.176166739000067, -1.037899348999905, 0.0 ], [ 100.176183871000063, -1.037936468999956, 0.0 ], [ 100.176208141000117, -1.037989292999975, 0.0 ], [ 100.176229557000028, -1.038039260999935, 0.0 ], [ 100.176279525000069, -1.038133488, 0.0 ], [ 100.176305223000071, -1.038184884, 0.0 ], [ 100.176316645000043, -1.038210582999988, 0.0 ], [ 100.176310934000099, -1.038239135999953, 0.0 ], [ 100.176315217000095, -1.038291959999882, 0.0 ], [ 100.176345198, -1.038384758999922, 0.0 ], [ 100.176362331000092, -1.038410456999917, 0.0 ], [ 100.17637518, -1.038473274999963, 0.0 ], [ 100.17637375200006, -1.038497546000017, 0.0 ], [ 100.176372324000027, -1.038523244000012, 0.0 ], [ 100.176376607000023, -1.038560362999974, 0.0 ], [ 100.17638802900008, -1.03858463399994, 0.0 ], [ 100.176403733000043, -1.038598910999966, 0.0 ], [ 100.17642372100002, -1.038618897999933, 0.0 ], [ 100.17642943100013, -1.038650306999956, 0.0 ], [ 100.17642086500004, -1.038707413999973, 0.0 ], [ 100.17642372100002, -1.038734539999909, 0.0 ], [ 100.17642372100002, -1.03877165899996, 0.0 ], [ 100.17642514800005, -1.038844470999945, 0.0 ], [ 100.17642514800005, -1.038972961999918, 0.0 ], [ 100.17642514800005, -1.039004370999941, 0.0 ], [ 100.176418010000077, -1.039041489999904, 0.0 ], [ 100.176390884000057, -1.039075754999986, 0.0 ], [ 100.176382437000058, -1.039109810999961, 0.0 ], [ 100.176361498000105, -1.039151688999962, 0.0 ], [ 100.176353883, -1.039193567999964, 0.0 ], [ 100.176340558000064, -1.039241156999904, 0.0 ], [ 100.17632533000004, -1.039271613999937, 0.0 ], [ 100.176304391000087, -1.039302070999971, 0.0 ], [ 100.176283451000046, -1.039334431999984, 0.0 ], [ 100.176256801000065, -1.039387731999953, 0.0 ], [ 100.176245380000097, -1.039429609999954, 0.0 ], [ 100.176222537000072, -1.039492428, 0.0 ], [ 100.176199694000047, -1.039541921, 0.0 ], [ 100.176163527000071, -1.039579991999962, 0.0 ], [ 100.176134973000018, -1.039612352999975, 0.0 ], [ 100.176093095000013, -1.039648520999948, 0.0 ], [ 100.175879895000051, -1.039854106, 0.0 ], [ 100.175845631000058, -1.039880755999978, 0.0 ], [ 100.175788524000041, -1.039915019999971, 0.0 ], [ 100.175761874000059, -1.039949283999964, 0.0 ], [ 100.175710477000067, -1.039964512999981, 0.0 ], [ 100.175668599000062, -1.039993066999945, 0.0 ], [ 100.175617202000069, -1.040031137999986, 0.0 ], [ 100.175563902000107, -1.040044462999934, 0.0 ], [ 100.175502988000034, -1.040076823999947, 0.0 ], [ 100.175445881000115, -1.040099665999972, 0.0 ], [ 100.175240296000069, -1.040173905999986, 0.0 ], [ 100.175166057000055, -1.040187230999934, 0.0 ], [ 100.175065167000056, -1.040210072999959, 0.0 ], [ 100.175004253000068, -1.040223398, 0.0 ], [ 100.174941435000022, -1.040229108999935, 0.0 ], [ 100.174882425000121, -1.040234819999964, 0.0 ], [ 100.174823414000031, -1.04025195199996, 0.0 ], [ 100.174775825, -1.040261469999948, 0.0 ], [ 100.174718718000079, -1.040261469999948, 0.0 ], [ 100.174674936000088, -1.04025004799998, 0.0 ], [ 100.17463686400005, -1.04025004799998, 0.0 ], [ 100.174528361000043, -1.040246241000021, 0.0 ], [ 100.17449409700005, -1.040248145, 0.0 ], [ 100.174457929000084, -1.040259565999968, 0.0 ], [ 100.174459832000053, -1.040269083999957, 0.0 ], [ 100.174425568000061, -1.040274794999985, 0.0 ], [ 100.174376075000055, -1.040280504999925, 0.0 ], [ 100.174317065000054, -1.040263372999928, 0.0 ], [ 100.174254247000107, -1.040259565999968, 0.0 ], [ 100.174197140000089, -1.040259565999968, 0.0 ], [ 100.174130515000073, -1.040263372999928, 0.0 ], [ 100.174056276000059, -1.040269083999957, 0.0 ], [ 100.174004880000069, -1.040267179999977, 0.0 ], [ 100.173951580000022, -1.04025575899992, 0.0 ], [ 100.173884955000105, -1.040248145, 0.0 ], [ 100.173822137000059, -1.040229108999935, 0.0 ], [ 100.173753608000069, -1.040208169999979, 0.0 ], [ 100.173686984000057, -1.040206265999911, 0.0 ], [ 100.173616552000098, -1.040198652, 0.0 ], [ 100.173544216000067, -1.040162483999929, 0.0 ], [ 100.173462362000038, -1.040141544999885, 0.0 ], [ 100.173407159000092, -1.040122509, 0.0 ], [ 100.173384316000067, -1.04011108799994, 0.0 ], [ 100.173308173000066, -1.040095858999924, 0.0 ], [ 100.173252970000121, -1.040073015999988, 0.0 ], [ 100.173203477000115, -1.040044462999934, 0.0 ], [ 100.173159695000038, -1.040021619999909, 0.0 ], [ 100.17310258800002, -1.040000680999953, 0.0 ], [ 100.173060709000112, -1.039981644999977, 0.0 ], [ 100.172984567000029, -1.039951187999944, 0.0 ], [ 100.172906520000055, -1.039897887999886, 0.0 ], [ 100.17285322, -1.039867430999942, 0.0 ], [ 100.172798017000048, -1.039838876999977, 0.0 ], [ 100.172761849000082, -1.039823648999961, 0.0 ], [ 100.172628599000063, -1.039745602999987, 0.0 ], [ 100.172520096000056, -1.039659941999916, 0.0 ], [ 100.172493446000075, -1.039612352999975, 0.0 ], [ 100.172459182000082, -1.039576184999913, 0.0 ], [ 100.17239366700008, -1.039529213999935, 0.0 ], [ 100.172332277000066, -1.039487811999973, 0.0 ], [ 100.172308007000098, -1.039463541, 0.0 ], [ 100.172296585000126, -1.039440697999983, 0.0 ], [ 100.172288019000035, -1.039426421999956, 0.0 ], [ 100.172260893000015, -1.039406433999901, 0.0 ], [ 100.172239478000023, -1.039386446999935, 0.0 ], [ 100.172209497000026, -1.039363604, 0.0 ], [ 100.172142396000069, -1.039287936999956, 0.0 ], [ 100.172118126000015, -1.039263666999902, 0.0 ], [ 100.172066729000022, -1.03921940899997, 0.0 ], [ 100.172065302000092, -1.039180860999978, 0.0 ], [ 100.172061019000083, -1.039166584999951, 0.0 ], [ 100.172039603000087, -1.039149451999955, 0.0 ], [ 100.171986779000079, -1.039108049999904, 0.0 ], [ 100.171949660000024, -1.039089489999967, 0.0 ], [ 100.171936811000108, -1.039070929999942, 0.0 ], [ 100.171922534, -1.039039520999919, 0.0 ], [ 100.171898263000031, -1.038996690999928, 0.0 ], [ 100.171883987000101, -1.038968137999963, 0.0 ], [ 100.171856861000066, -1.038946721999968, 0.0 ], [ 100.171809747000083, -1.038899608999977, 0.0 ], [ 100.17179832600003, -1.03888675999998, 0.0 ], [ 100.171772628000028, -1.038853923000016, 0.0 ], [ 100.171738364000035, -1.038825369999963, 0.0 ], [ 100.1717112380001, -1.038826797999904, 0.0 ], [ 100.171686967000042, -1.038825369999963, 0.0 ], [ 100.171659841000022, -1.038806809999937, 0.0 ], [ 100.171644137000058, -1.038779684, 0.0 ], [ 100.171644137000058, -1.038759696999947, 0.0 ], [ 100.171638426000115, -1.038732571000012, 0.0 ], [ 100.171632716, -1.038711156000017, 0.0 ], [ 100.171635571000053, -1.038686884999962, 0.0 ], [ 100.171649848000087, -1.038645482999912, 0.0 ], [ 100.171655558000026, -1.038631205999974, 0.0 ], [ 100.171652703000049, -1.038612645999948, 0.0 ], [ 100.171627005000062, -1.038569815999957, 0.0 ], [ 100.171589885000103, -1.038501286999971, 0.0 ], [ 100.171569898000129, -1.038468451, 0.0 ], [ 100.171560270000043, -1.038454846999948, 0.0 ], [ 100.171504225000021, -1.038375651999968, 0.0 ], [ 100.171492803000064, -1.038342815, 0.0 ], [ 100.171492803000064, -1.038314261999951, 0.0 ], [ 100.171481382000096, -1.038281424999988, 0.0 ], [ 100.17146425, -1.038248587999935, 0.0 ], [ 100.171449973000065, -1.038212896999913, 0.0 ], [ 100.171435696000046, -1.038182914999919, 0.0 ], [ 100.171428558000073, -1.038148651000015, 0.0 ], [ 100.171408570000011, -1.03810011, 0.0 ], [ 100.17137716100008, -1.038020159999953, 0.0 ], [ 100.171368595000089, -1.037984467999931, 0.0 ], [ 100.171347180000083, -1.037935927, 0.0 ], [ 100.171337186000059, -1.037885958999952, 0.0 ], [ 100.171317199, -1.037827423999905, 0.0 ], [ 100.171305778000033, -1.037790303999942, 0.0 ], [ 100.171288645000047, -1.037766033999977, 0.0 ], [ 100.171254381000054, -1.037744618999981, 0.0 ], [ 100.171244388000019, -1.03770464399996, 0.0 ], [ 100.171247243000082, -1.037677517999936, 0.0 ], [ 100.171255809000073, -1.037668951999938, 0.0 ], [ 100.171257237000106, -1.03765752999997, 0.0 ], [ 100.171238677000076, -1.037604705999951, 0.0 ], [ 100.171231538000114, -1.037576152999987, 0.0 ], [ 100.171215834000051, -1.037509051999941, 0.0 ], [ 100.171217262000084, -1.037493347999974, 0.0 ], [ 100.171198702000055, -1.037429101999988, 0.0 ], [ 100.171187280000098, -1.037396265999935, 0.0 ], [ 100.171169434000035, -1.037336302999948, 0.0 ], [ 100.171150161000043, -1.03725207, 0.0 ], [ 100.171142309000103, -1.037213522999914, 0.0 ], [ 100.171135, -1.037191352999945, 0.0 ], [ 100.171120893000108, -1.037148563999957, 0.0 ], [ 100.171117324000079, -1.037131431999961, 0.0 ], [ 100.171109472000055, -1.037108588999936, 0.0 ], [ 100.171104475000078, -1.037094312, 0.0 ], [ 100.17109733700002, -1.037071468999973, 0.0 ], [ 100.171071639000033, -1.037008650999927, 0.0 ], [ 100.17106592800009, -1.036970103999935, 0.0 ], [ 100.171070925000052, -1.036912996999917, 0.0 ], [ 100.171070925000052, -1.036891581999922, 0.0 ], [ 100.17106592800009, -1.036795927999912, 0.0 ], [ 100.171064500000057, -1.036780222999945, 0.0 ], [ 100.171066642000056, -1.036761662999919, 0.0 ], [ 100.171058790000117, -1.036747386999893, 0.0 ], [ 100.171040944000069, -1.036733823999925, 0.0 ], [ 100.171035947000092, -1.036716691999929, 0.0 ], [ 100.171038802000069, -1.036703841999931, 0.0 ], [ 100.171045227000064, -1.036694562999963, 0.0 ], [ 100.171048796, -1.036677429999966, 0.0 ], [ 100.171051651000056, -1.036633885999916, 0.0 ], [ 100.171055220000085, -1.036554649999933, 0.0 ], [ 100.171053079000089, -1.036538945999966, 0.0 ], [ 100.171050223000037, -1.036524668999939, 0.0 ], [ 100.171035947000092, -1.036500397999974, 0.0 ], [ 100.17102024200004, -1.036481838999948, 0.0 ], [ 100.171015245000063, -1.036466847999951, 0.0 ], [ 100.171013104000068, -1.036446860999985, 0.0 ], [ 100.171015959000044, -1.036381186999969, 0.0 ], [ 100.171013818000034, -1.036356202999944, 0.0 ], [ 100.171020956000092, -1.036340498999977, 0.0 ], [ 100.171035947000092, -1.03632907699992, 0.0 ], [ 100.17104951000006, -1.036322652999922, 0.0 ], [ 100.171057362000084, -1.036311230999954, 0.0 ], [ 100.171067356000023, -1.036296954999927, 0.0 ], [ 100.17106592800009, -1.036279108999961, 0.0 ], [ 100.171070925000052, -1.036260548999935, 0.0 ], [ 100.171075922000028, -1.036248413999908, 0.0 ], [ 100.171083060000086, -1.03623770599991, 0.0 ], [ 100.171085202000086, -1.036219859999943, 0.0 ], [ 100.171075922000028, -1.036201299999918, 0.0 ], [ 100.17106378600009, -1.03618845099992, 0.0 ], [ 100.171058076000065, -1.036174887999953, 0.0 ], [ 100.171045940000027, -1.036155614999957, 0.0 ], [ 100.17103451900006, -1.036142051999989, 0.0 ], [ 100.171021670000073, -1.036108500999966, 0.0 ], [ 100.171017387000063, -1.036079947999913, 0.0 ], [ 100.171017387000063, -1.036057104999977, 0.0 ], [ 100.171025953000068, -1.036039258999922, 0.0 ], [ 100.171039516000036, -1.036032120999953, 0.0 ], [ 100.171053793000056, -1.036026410000013, 0.0 ], [ 100.171063073000113, -1.036010704999957, 0.0 ], [ 100.171064500000057, -1.035992859, 0.0 ], [ 100.17106592800009, -1.035970729999936, 0.0 ], [ 100.171075244000065, -1.035941540999919, 0.0 ], [ 100.17107663600008, -1.03593718, 0.0 ], [ 100.171084488000119, -1.035916478999977, 0.0 ], [ 100.171092340000058, -1.035895776999952, 0.0 ], [ 100.17109876400005, -1.035870792999927, 0.0 ], [ 100.171111614000054, -1.035844380999962, 0.0 ], [ 100.171121607000075, -1.035806547999941, 0.0 ], [ 100.171135170000042, -1.035765858999949, 0.0 ], [ 100.171165865, -1.035708751999931, 0.0 ], [ 100.17117800100003, -1.035676628999938, 0.0 ], [ 100.171175145000063, -1.035648075999974, 0.0 ], [ 100.171183711000069, -1.035630942999977, 0.0 ], [ 100.171199416000036, -1.03561523900001, 0.0 ], [ 100.17122368600009, -1.035596678999984, 0.0 ], [ 100.171240818000086, -1.035565269999961, 0.0 ], [ 100.17128793200007, -1.035468187999922, 0.0 ], [ 100.171309347000062, -1.035462477999983, 0.0 ], [ 100.171329334000035, -1.035438206999928, 0.0 ], [ 100.171353605, -1.035408225999935, 0.0 ], [ 100.171390724000048, -1.035359684999915, 0.0 ], [ 100.17141071200011, -1.035316854999924, 0.0 ], [ 100.171434132000087, -1.035285404999986, 0.0 ], [ 100.17146068100007, -1.035249753999968, 0.0 ], [ 100.171477813000067, -1.035218344999945, 0.0 ], [ 100.171496372, -1.035188363999951, 0.0 ], [ 100.171536347000114, -1.035149815999959, 0.0 ], [ 100.17160344800007, -1.035124117999964, 0.0 ], [ 100.171636285000034, -1.035108414, 0.0 ], [ 100.171656272000078, -1.035072721999975, 0.0 ], [ 100.171689109000042, -1.035029891999984, 0.0 ], [ 100.17173193900004, -1.034991343999903, 0.0 ], [ 100.17179190100002, -1.034967073999938, 0.0 ], [ 100.171856147000099, -1.03495708, 0.0 ], [ 100.171886128000011, -1.034951368999971, 0.0 ], [ 100.171931814000061, -1.034945658999942, 0.0 ], [ 100.17198321000005, -1.034935665, 0.0 ], [ 100.172027468000067, -1.034915676999948, 0.0 ], [ 100.172056022000035, -1.034889978999954, 0.0 ], [ 100.172073154000032, -1.034879985999926, 0.0 ], [ 100.172115984000101, -1.034881412999956, 0.0 ], [ 100.172158814000099, -1.034892834999924, 0.0 ] ] ], [ [ [ 100.362748454000041, -1.019730239999917, 0.0 ], [ 100.36267339000004, -1.019733356999908, 0.0 ], [ 100.362586827000072, -1.019722592999906, 0.0 ], [ 100.362523238000051, -1.019704892999951, 0.0 ], [ 100.362468833000079, -1.019669441999949, 0.0 ], [ 100.362421324000053, -1.019623198999942, 0.0 ], [ 100.362387600000019, -1.019574634, 0.0 ], [ 100.362361871000118, -1.019526835999963, 0.0 ], [ 100.362353272000021, -1.019510860999973, 0.0 ], [ 100.362352330000121, -1.019509110999917, 0.0 ], [ 100.362323949000086, -1.019410427000012, 0.0 ], [ 100.362286358000077, -1.019275505999951, 0.0 ], [ 100.362266371000032, -1.019118217, 0.0 ], [ 100.362245576000078, -1.018855297, 0.0 ], [ 100.362260066000033, -1.018695677999937, 0.0 ], [ 100.362285306000089, -1.018607770999947, 0.0 ], [ 100.36231898500003, -1.018546840999968, 0.0 ], [ 100.36236722400011, -1.018493619, 0.0 ], [ 100.362430793000044, -1.018463518, 0.0 ], [ 100.362525766, -1.018430320999919, 0.0 ], [ 100.362704995000087, -1.018394009999935, 0.0 ], [ 100.362807648000043, -1.018396272999945, 0.0 ], [ 100.362890385000057, -1.018409352999961, 0.0 ], [ 100.362965465000045, -1.018446331999912, 0.0 ], [ 100.363017572, -1.018486404999941, 0.0 ], [ 100.3630444, -1.018521088999969, 0.0 ], [ 100.363090389, -1.018588922999897, 0.0 ], [ 100.363117994000064, -1.018657532999979, 0.0 ], [ 100.363131048000071, -1.018737718999952, 0.0 ], [ 100.363134922000128, -1.018824843999966, 0.0 ], [ 100.363144192000092, -1.019009125999937, 0.0 ], [ 100.363142708000055, -1.019132496999931, 0.0 ], [ 100.363135099000047, -1.019246616999959, 0.0 ], [ 100.363115972000074, -1.019319109, 0.0 ], [ 100.363043268000098, -1.019461783999909, 0.0 ], [ 100.362982718000055, -1.019552333999941, 0.0 ], [ 100.362945279000073, -1.019608322999955, 0.0 ], [ 100.362923641000052, -1.019629818999957, 0.0 ], [ 100.36289014700013, -1.019663094999957, 0.0 ], [ 100.362828111000056, -1.019706299999979, 0.0 ], [ 100.362748454000041, -1.019730239999917, 0.0 ] ] ], [ [ [ 100.375618195000044, -1.000562646999914, 0.0 ], [ 100.375580878000065, -1.000575086999967, 0.0 ], [ 100.375560146000041, -1.000562646999914, 0.0 ], [ 100.37554356, -1.000537768999988, 0.0 ], [ 100.37554356, -1.00051703699996, 0.0 ], [ 100.375539414000102, -1.000479719999892, 0.0 ], [ 100.375539414000102, -1.00042996399995, 0.0 ], [ 100.375539414000102, -1.000400938999946, 0.0 ], [ 100.375572585, -1.000347035999927, 0.0 ], [ 100.375626488000108, -1.000284840999933, 0.0 ], [ 100.375651366000042, -1.000264108999905, 0.0 ], [ 100.375804782000031, -1.000214351999962, 0.0 ], [ 100.375891855000035, -1.000181180999971, 0.0 ], [ 100.375958197000017, -1.00014800999998, 0.0 ], [ 100.376024539000099, -1.000081667999908, 0.0 ], [ 100.376033002000085, -1.000071088999921, 0.0 ], [ 100.376057710000083, -1.000040204999942, 0.0 ], [ 100.376066513000097, -1.000022599, 0.0 ], [ 100.376077812638044, -1.0, 0.0 ], [ 100.376107467000026, -0.999940691999968, 0.0 ], [ 100.37611161300002, -0.999878495999973, 0.0 ], [ 100.376119906000085, -0.999770691000024, 0.0 ], [ 100.37612819800006, -0.999687762999913, 0.0 ], [ 100.376153077000069, -0.999596542999915, 0.0 ], [ 100.376182101000069, -0.999488737999966, 0.0 ], [ 100.376231858000011, -0.999426541999971, 0.0 ], [ 100.376385273000011, -0.999389225, 0.0 ], [ 100.376493079000042, -0.999389225, 0.0 ], [ 100.376563567000105, -0.999409956999931, 0.0 ], [ 100.376638202000066, -0.99946385899995, 0.0 ], [ 100.37667137300005, -0.999488737999966, 0.0 ], [ 100.37667137300005, -0.99955093299996, 0.0 ], [ 100.376675519000045, -0.999584103999951, 0.0 ], [ 100.376634056000071, -0.999642152999958, 0.0 ], [ 100.376584299000044, -0.999691909999989, 0.0 ], [ 100.376455762000063, -0.999799714999939, 0.0 ], [ 100.376372834000051, -0.999915813999952, 0.0 ], [ 100.376306492000069, -0.999969716999972, 0.0 ], [ 100.376265393531256, -1.0, 0.0 ], [ 100.376227711000027, -1.000027765999978, 0.0 ], [ 100.376143077000037, -1.000064563, 0.0 ], [ 100.376141395000076, -1.000065293999975, 0.0 ], [ 100.37613234500013, -1.000069228999945, 0.0 ], [ 100.376057710000083, -1.000118985999976, 0.0 ], [ 100.376004454000025, -1.000168691999915, 0.0 ], [ 100.375997433000066, -1.000175245000013, 0.0 ], [ 100.375995515000085, -1.000177034999983, 0.0 ], [ 100.375925026000033, -1.000235083999901, 0.0 ], [ 100.375883563000059, -1.000301425999973, 0.0 ], [ 100.375796489000052, -1.000405084999934, 0.0 ], [ 100.375779903000108, -1.000425816999962, 0.0 ], [ 100.375734293000065, -1.000467280999929, 0.0 ], [ 100.375713561000026, -1.000492158999944, 0.0 ], [ 100.375701122000066, -1.000512890999972, 0.0 ], [ 100.375688683000106, -1.000525329999935, 0.0 ], [ 100.375651366000042, -1.000554354999939, 0.0 ], [ 100.375618195000044, -1.000562646999914, 0.0 ] ] ], [ [ [ 100.338568154000058, -0.990678428999925, 0.0 ], [ 100.338652171, -0.990679561000019, 0.0 ], [ 100.338681893000057, -0.990674564999961, 0.0 ], [ 100.33871231500008, -0.990663870999964, 0.0 ], [ 100.33875404700008, -0.990626814999918, 0.0 ], [ 100.3387972, -0.990591178999989, 0.0 ], [ 100.338929512000021, -0.990567627, 0.0 ], [ 100.339019385000086, -0.990566875999932, 0.0 ], [ 100.339094391000074, -0.990571114999928, 0.0 ], [ 100.339222483000114, -0.990600983, 0.0 ], [ 100.339359781000013, -0.990660042999914, 0.0 ], [ 100.339426803000052, -0.990706570999945, 0.0 ], [ 100.339809950000046, -0.990972547999925, 0.0 ], [ 100.340207766, -0.991297183999962, 0.0 ], [ 100.340774804000034, -0.991881734999922, 0.0 ], [ 100.341118886000075, -0.992340300999939, 0.0 ], [ 100.341269974000056, -0.992751596999953, 0.0 ], [ 100.341320982000099, -0.992899023999983, 0.0 ], [ 100.341374221000066, -0.993322089999904, 0.0 ], [ 100.341389119000056, -0.99340755799996, 0.0 ], [ 100.341399855000049, -0.993715256999928, 0.0 ], [ 100.341389336000077, -0.993948173999926, 0.0 ], [ 100.341287560000083, -0.994247372, 0.0 ], [ 100.341168770000124, -0.994469651, 0.0 ], [ 100.341064818000049, -0.994629957999938, 0.0 ], [ 100.340912040000021, -0.994796697999967, 0.0 ], [ 100.340727420000107, -0.994971989, 0.0 ], [ 100.340540659000013, -0.995093863999952, 0.0 ], [ 100.340383601000084, -0.99516658499993, 0.0 ], [ 100.340315674000053, -0.995175160000017, 0.0 ], [ 100.340039718000043, -0.995224422, 0.0 ], [ 100.339714940000093, -0.995265147999914, 0.0 ], [ 100.339430481000093, -0.995282358999916, 0.0 ], [ 100.339216071000109, -0.995273898999927, 0.0 ], [ 100.339048361, -0.995269697999935, 0.0 ], [ 100.338891291000067, -0.995310364999924, 0.0 ], [ 100.338791544000074, -0.995383052999988, 0.0 ], [ 100.338681207, -0.995509173999943, 0.0 ], [ 100.338526300000055, -0.99565454199998, 0.0 ], [ 100.338367125000033, -0.995759309999944, 0.0 ], [ 100.338207941000093, -0.995840578999919, 0.0 ], [ 100.338057254000063, -0.995911153999985, 0.0 ], [ 100.337900196000035, -0.996005238999953, 0.0 ], [ 100.337772867000069, -0.996107858999918, 0.0 ], [ 100.337688613000026, -0.996163202999967, 0.0 ], [ 100.337547711000099, -0.99616693199992, 0.0 ], [ 100.337469723000126, -0.996164213999962, 0.0 ], [ 100.337401322000062, -0.99615643699994, 0.0 ], [ 100.337363916000072, -0.99613901299992, 0.0 ], [ 100.337333347000126, -0.996094498999967, 0.0 ], [ 100.337304591000049, -0.99602427699993, 0.0 ], [ 100.337274476000047, -0.995993077000013, 0.0 ], [ 100.33722567800001, -0.995974273999967, 0.0 ], [ 100.337166397000075, -0.995968789999957, 0.0 ], [ 100.337115769000064, -0.995961465999884, 0.0 ], [ 100.337028656000044, -0.99592432699992, 0.0 ], [ 100.336938345000121, -0.995865609999947, 0.0 ], [ 100.336894094000101, -0.995829818999916, 0.0 ], [ 100.33686717000009, -0.995776582999953, 0.0 ], [ 100.336860301000058, -0.995721964999963, 0.0 ], [ 100.336863921000088, -0.995652653, 0.0 ], [ 100.336873465000082, -0.995565428999979, 0.0 ], [ 100.336886662000026, -0.995492440999979, 0.0 ], [ 100.33700622800005, -0.995388766999928, 0.0 ], [ 100.337153373000064, -0.995289936999922, 0.0 ], [ 100.33726183800006, -0.995199671, 0.0 ], [ 100.337314624000086, -0.995078086999979, 0.0 ], [ 100.337325907000036, -0.994980262999968, 0.0 ], [ 100.337306037000076, -0.994839714999974, 0.0 ], [ 100.337270098000033, -0.994625096999891, 0.0 ], [ 100.337220016000074, -0.994434226, 0.0 ], [ 100.33714724, -0.994118954999935, 0.0 ], [ 100.337110361000057, -0.993912882999937, 0.0 ], [ 100.337092384000073, -0.993786578999967, 0.0 ], [ 100.337028118, -0.993515939999956, 0.0 ], [ 100.337012997000087, -0.993454214999912, 0.0 ], [ 100.3369714170001, -0.993288033999929, 0.0 ], [ 100.336949667000084, -0.993164581000017, 0.0 ], [ 100.336939646000047, -0.992760490999978, 0.0 ], [ 100.336930582, -0.99262990499992, 0.0 ], [ 100.336931460000088, -0.992467504999984, 0.0 ], [ 100.336932337000064, -0.992300357, 0.0 ], [ 100.336930395000081, -0.992165498999953, 0.0 ], [ 100.33691053400004, -0.992043945000021, 0.0 ], [ 100.33686143900006, -0.991961341999937, 0.0 ], [ 100.336790646000068, -0.991883493999979, 0.0 ], [ 100.336768916000054, -0.991808477, 0.0 ], [ 100.336774535000075, -0.99170685599993, 0.0 ], [ 100.336818453000063, -0.991451448999936, 0.0 ], [ 100.336859667000098, -0.99137817, 0.0 ], [ 100.33689279, -0.991290239999921, 0.0 ], [ 100.336918626000084, -0.991184404999957, 0.0 ], [ 100.337004149000066, -0.990686181999945, 0.0 ], [ 100.337021106000037, -0.990621866999953, 0.0 ], [ 100.337050190000056, -0.990550219999975, 0.0 ], [ 100.33708331800004, -0.990475315, 0.0 ], [ 100.337251592000101, -0.990163734999972, 0.0 ], [ 100.337286957000103, -0.990111721999932, 0.0 ], [ 100.337315245000042, -0.990071822999917, 0.0 ], [ 100.337347782000066, -0.990050437000012, 0.0 ], [ 100.337390945, -0.990039022999956, 0.0 ], [ 100.337462414000058, -0.990033296000015, 0.0 ], [ 100.337517600000083, -0.990024725999928, 0.0 ], [ 100.337569253000098, -0.990011173999961, 0.0 ], [ 100.337780077000048, -0.989909234999964, 0.0 ], [ 100.33785648900006, -0.989880711999914, 0.0 ], [ 100.33794776600007, -0.989860731999948, 0.0 ], [ 100.338044710000091, -0.989857127999916, 0.0 ], [ 100.338131749000098, -0.989868489999968, 0.0 ], [ 100.338216676000016, -0.989899795999983, 0.0 ], [ 100.33829170700001, -0.9899482, 0.0 ], [ 100.338354708000068, -0.99002153699993, 0.0 ], [ 100.338382343000049, -0.990101300999958, 0.0 ], [ 100.338402905000066, -0.990218820999911, 0.0 ], [ 100.338410747000097, -0.990345606999921, 0.0 ], [ 100.338419973000057, -0.990430363, 0.0 ], [ 100.338448316, -0.990527220999938, 0.0 ], [ 100.338479477000092, -0.99059202299997, 0.0 ], [ 100.338568154000058, -0.990678428999925, 0.0 ] ] ], [ [ [ 100.353509109000115, -0.991582545999948, 0.0 ], [ 100.353304262000037, -0.991661779999931, 0.0 ], [ 100.353141482000069, -0.991711457999956, 0.0 ], [ 100.352979801000103, -0.991723781, 0.0 ], [ 100.352856307000096, -0.991713239999926, 0.0 ], [ 100.352608211000089, -0.991657046999895, 0.0 ], [ 100.352465339000076, -0.991629799999949, 0.0 ], [ 100.352395566000084, -0.991629267999905, 0.0 ], [ 100.352312515000051, -0.991637107999932, 0.0 ], [ 100.352253819000083, -0.991652733999982, 0.0 ], [ 100.352182955000075, -0.991687322999913, 0.0 ], [ 100.352137562000053, -0.991714656999954, 0.0 ], [ 100.352077223000038, -0.991756486999951, 0.0 ], [ 100.352016314000053, -0.991765980999937, 0.0 ], [ 100.351967034000069, -0.991760990999969, 0.0 ], [ 100.351931026000017, -0.991730904999966, 0.0 ], [ 100.35193377300007, -0.991680180999944, 0.0 ], [ 100.351949811000054, -0.991632236999973, 0.0 ], [ 100.351974714000079, -0.991597116, 0.0 ], [ 100.352005717000068, -0.991583725999956, 0.0 ], [ 100.352043924000029, -0.991582596999952, 0.0 ], [ 100.35210095900004, -0.991569195999909, 0.0 ], [ 100.352155764000045, -0.991531827999926, 0.0 ], [ 100.352214990000064, -0.991471049999959, 0.0 ], [ 100.352258145000079, -0.991398013999956, 0.0 ], [ 100.352293550000084, -0.991313276999962, 0.0 ], [ 100.352321731000103, -0.991163882999946, 0.0 ], [ 100.352364816000019, -0.99089688199997, 0.0 ], [ 100.352398530000059, -0.99074135299998, 0.0 ], [ 100.352423977000029, -0.990676129999913, 0.0 ], [ 100.352469351000053, -0.990600306999945, 0.0 ], [ 100.352524145000061, -0.990533398, 0.0 ], [ 100.352580608000025, -0.990484885999899, 0.0 ], [ 100.352650362000119, -0.990459216, 0.0 ], [ 100.352729550000092, -0.990455284999936, 0.0 ], [ 100.352822577000069, -0.990455245999933, 0.0 ], [ 100.353140971000116, -0.990453441999962, 0.0 ], [ 100.353350274000022, -0.990437745999906, 0.0 ], [ 100.353458803000123, -0.99041931299998, 0.0 ], [ 100.353553483000056, -0.990395866, 0.0 ], [ 100.353631551000035, -0.990375763000018, 0.0 ], [ 100.353694663000098, -0.990347870999931, 0.0 ], [ 100.353766075000053, -0.990292098999935, 0.0 ], [ 100.353833599000055, -0.990218500999974, 0.0 ], [ 100.353902773000087, -0.990117027999927, 0.0 ], [ 100.354235410000072, -0.989721146999945, 0.0 ], [ 100.354275267000091, -0.989689915999937, 0.0 ], [ 100.354317340000108, -0.989674296999977, 0.0 ], [ 100.354373264000031, -0.989669254, 0.0 ], [ 100.354419227, -0.989673694000015, 0.0 ], [ 100.354469080000044, -0.989696529999951, 0.0 ], [ 100.354501755000086, -0.989728280999914, 0.0 ], [ 100.354516168000032, -0.989752243999942, 0.0 ], [ 100.354527262000062, -0.989810207999942, 0.0 ], [ 100.354528955000035, -0.989884898, 0.0 ], [ 100.354528429000069, -0.989961813999963, 0.0 ], [ 100.354513458000085, -0.990025032999953, 0.0 ], [ 100.354510740000123, -0.990036512999926, 0.0 ], [ 100.354489731000072, -0.990101182999948, 0.0 ], [ 100.354445464000051, -0.990180903999971, 0.0 ], [ 100.354371860000086, -0.990284604999936, 0.0 ], [ 100.354101756000034, -0.990575666999949, 0.0 ], [ 100.354014314000082, -0.990699443999977, 0.0 ], [ 100.353983880000044, -0.990766903999963, 0.0 ], [ 100.353968418000107, -0.990860549999984, 0.0 ], [ 100.353967892000057, -0.990936905999907, 0.0 ], [ 100.353968006000073, -0.990951115999928, 0.0 ], [ 100.353968479000017, -0.991009924, 0.0 ], [ 100.353963526000058, -0.991093535999899, 0.0 ], [ 100.353948596000066, -0.991147610999932, 0.0 ], [ 100.353917067000026, -0.991216734999967, 0.0 ], [ 100.353864487000024, -0.991290886999974, 0.0 ], [ 100.353697878, -0.991449807999978, 0.0 ], [ 100.353509109000115, -0.991582545999948, 0.0 ] ] ], [ [ [ 100.20916524700003, -0.985084818999938, 0.0 ], [ 100.208829411000039, -0.98513197700002, 0.0 ], [ 100.208524225000104, -0.985127673999931, 0.0 ], [ 100.20825114700007, -0.98510131699997, 0.0 ], [ 100.208035012000039, -0.985042601, 0.0 ], [ 100.207813018000053, -0.984938327999985, 0.0 ], [ 100.207230258000067, -0.984572541, 0.0 ], [ 100.207046211000019, -0.984412399, 0.0 ], [ 100.206900123000111, -0.984234593999934, 0.0 ], [ 100.206794921000011, -0.984055310999932, 0.0 ], [ 100.206729148000079, -0.983890711, 0.0 ], [ 100.206670666000036, -0.983692306, 0.0 ], [ 100.206638465000125, -0.983480659, 0.0 ], [ 100.206626723000042, -0.983314564999927, 0.0 ], [ 100.206623711000063, -0.983055871000016, 0.0 ], [ 100.206629482000011, -0.98286184799995, 0.0 ], [ 100.206662976000118, -0.98259432199993, 0.0 ], [ 100.206740272000019, -0.982340012999939, 0.0 ], [ 100.206824891000096, -0.982131262999897, 0.0 ], [ 100.206931420000032, -0.981928383999986, 0.0 ], [ 100.207030659000068, -0.981768128999961, 0.0 ], [ 100.207126992000042, -0.981653443999975, 0.0 ], [ 100.207262745, -0.981531403, 0.0 ], [ 100.207395597000072, -0.981432868999932, 0.0 ], [ 100.207556187000122, -0.981334333999951, 0.0 ], [ 100.207632105000101, -0.981296090999895, 0.0 ], [ 100.207786869000117, -0.981237239999911, 0.0 ], [ 100.207865720000058, -0.981234272999932, 0.0 ], [ 100.208046795000129, -0.981253309999908, 0.0 ], [ 100.208245403000035, -0.981295867999965, 0.0 ], [ 100.208467396000017, -0.981400142999978, 0.0 ], [ 100.209035536000044, -0.98171742399994, 0.0 ], [ 100.209261944000033, -0.981908423999934, 0.0 ], [ 100.209513166000036, -0.982080309999945, 0.0 ], [ 100.209717667000078, -0.982272780999971, 0.0 ], [ 100.209973297, -0.982531382999963, 0.0 ], [ 100.21006615900005, -0.982638293000016, 0.0 ], [ 100.210070832999989, -0.982643674000017, 0.0 ], [ 100.210215795000082, -0.98281056699997, 0.0 ], [ 100.210344369000069, -0.983013358999963, 0.0 ], [ 100.210448130000032, -0.983235273999939, 0.0 ], [ 100.210519741000013, -0.983414569999941, 0.0 ], [ 100.210528556000028, -0.983563017999967, 0.0 ], [ 100.210497171000014, -0.983676918999977, 0.0 ], [ 100.210489390000077, -0.983705158, 0.0 ], [ 100.210477520000069, -0.983748236999927, 0.0 ], [ 100.210395838000068, -0.984001082999975, 0.0 ], [ 100.210299561000085, -0.984275984999983, 0.0 ], [ 100.210166772000022, -0.984542072999973, 0.0 ], [ 100.210032504000111, -0.984744961999973, 0.0 ], [ 100.209871925000058, -0.984874367999933, 0.0 ], [ 100.209692353000037, -0.984962623999952, 0.0 ], [ 100.209458740000059, -0.985033262999935, 0.0 ], [ 100.20916524700003, -0.985084818999938, 0.0 ] ] ], [ [ [ 100.230939654000068, -0.957044375999961, 0.0 ], [ 100.230786328000079, -0.957050310999919, 0.0 ], [ 100.23067097300013, -0.957038592999926, 0.0 ], [ 100.230517629000062, -0.95698867399997, 0.0 ], [ 100.230337998000024, -0.956907901999949, 0.0 ], [ 100.230181727000058, -0.956837405999978, 0.0 ], [ 100.230003536000069, -0.956712528999948, 0.0 ], [ 100.229874987000088, -0.956570004999969, 0.0 ], [ 100.229769803000082, -0.956431876999909, 0.0 ], [ 100.229718662000025, -0.956326067999947, 0.0 ], [ 100.229690864000034, -0.95618643799994, 0.0 ], [ 100.229682045000018, -0.956026232999919, 0.0 ], [ 100.229680528000074, -0.955852790999956, 0.0 ], [ 100.229693609, -0.955694043999967, 0.0 ], [ 100.229744643000046, -0.955473549000019, 0.0 ], [ 100.229816127, -0.95530154599991, 0.0 ], [ 100.229894945000055, -0.955208922999973, 0.0 ], [ 100.229978156000101, -0.955136865999962, 0.0 ], [ 100.230038005000068, -0.955094222999986, 0.0 ], [ 100.23016795400008, -0.955051546999919, 0.0 ], [ 100.230257021000071, -0.95504857399994, 0.0 ], [ 100.230375302000098, -0.955050005999969, 0.0 ], [ 100.230474599000047, -0.95505584999992, 0.0 ], [ 100.230619189000024, -0.955151333999916, 0.0 ], [ 100.231090935000068, -0.955415734999943, 0.0 ], [ 100.231216548000063, -0.955512698999972, 0.0 ], [ 100.231314414000082, -0.955615552999956, 0.0 ], [ 100.231393304000036, -0.955724292999983, 0.0 ], [ 100.231441530000026, -0.955824224, 0.0 ], [ 100.231456168000079, -0.955922703999968, 0.0 ], [ 100.23145915300006, -0.956103487999916, 0.0 ], [ 100.231459188000073, -0.956201972999982, 0.0 ], [ 100.231457786000036, -0.956376878999976, 0.0 ], [ 100.231446145000049, -0.956491530999959, 0.0 ], [ 100.231403862000022, -0.956656168999904, 0.0 ], [ 100.231344032000038, -0.956778192999963, 0.0 ], [ 100.231272521000079, -0.956873753999965, 0.0 ], [ 100.231167419000087, -0.956966395999904, 0.0 ], [ 100.231076902000055, -0.957013463999979, 0.0 ], [ 100.230939654000068, -0.957044375999961, 0.0 ] ] ], [ [ [ 100.235712305000078, -0.954901095, 0.0 ], [ 100.235620316, -0.954902594999941, 0.0 ], [ 100.235547305000097, -0.954901155, 0.0 ], [ 100.235500572000049, -0.954880593999985, 0.0 ], [ 100.235490335000094, -0.954849726, 0.0 ], [ 100.235453793, -0.954735091999937, 0.0 ], [ 100.235424505000069, -0.954501402999964, 0.0 ], [ 100.235377717000105, -0.954327978, 0.0 ], [ 100.235349930000027, -0.954219219999975, 0.0 ], [ 100.235348458, -0.954173650999935, 0.0 ], [ 100.235352822, -0.954141313000012, 0.0 ], [ 100.235412681000071, -0.954101609999925, 0.0 ], [ 100.2354871430001, -0.954091289999959, 0.0 ], [ 100.235558701000073, -0.954101557999921, 0.0 ], [ 100.23566385500007, -0.95415295899991, 0.0 ], [ 100.235792383000046, -0.954236697999911, 0.0 ], [ 100.235893161000035, -0.954317497999935, 0.0 ], [ 100.235985202000094, -0.954437991999957, 0.0 ], [ 100.236007147000052, -0.954570269999977, 0.0 ], [ 100.236030544000116, -0.954664330999944, 0.0 ], [ 100.23605686500008, -0.954768684999963, 0.0 ], [ 100.236051039000031, -0.95480836799996, 0.0 ], [ 100.236017465000018, -0.954826017999911, 0.0 ], [ 100.23592694400007, -0.954859860999957, 0.0 ], [ 100.235813058000062, -0.954889299999906, 0.0 ], [ 100.235712305000078, -0.954901095, 0.0 ] ] ], [ [ [ 100.139728645000091, -0.951403798999906, 0.0 ], [ 100.139560712000048, -0.951406793999976, 0.0 ], [ 100.139401548000109, -0.951403908, 0.0 ], [ 100.139258439000088, -0.951392196999923, 0.0 ], [ 100.139093412000108, -0.951354033999963, 0.0 ], [ 100.138951751000022, -0.951286465999968, 0.0 ], [ 100.138520908, -0.951095522999979, 0.0 ], [ 100.138389449000044, -0.950986794999953, 0.0 ], [ 100.138282818, -0.950872177999973, 0.0 ], [ 100.138176164000072, -0.950720810999973, 0.0 ], [ 100.138059278000071, -0.950518003999979, 0.0 ], [ 100.137973069000054, -0.950343118999986, 0.0 ], [ 100.137914598000094, -0.950153518000019, 0.0 ], [ 100.137891182000018, -0.949996251999974, 0.0 ], [ 100.137877955000079, -0.949749314999971, 0.0 ], [ 100.137876427000052, -0.949528830999935, 0.0 ], [ 100.13788073800005, -0.949331864999981, 0.0 ], [ 100.137895277000013, -0.949137833999914, 0.0 ], [ 100.137931730000091, -0.948961434999974, 0.0 ], [ 100.137988631, -0.948823245, 0.0 ], [ 100.138121447000074, -0.948602717999958, 0.0 ], [ 100.13825426700005, -0.948424812999982, 0.0 ], [ 100.138388561000056, -0.948271898999942, 0.0 ], [ 100.138540373000097, -0.948104280999929, 0.0 ], [ 100.138629424000086, -0.948014592999969, 0.0 ], [ 100.138814827000061, -0.947877826999933, 0.0 ], [ 100.138982732000017, -0.947791052999947, 0.0 ], [ 100.139190062000111, -0.947714548999923, 0.0 ], [ 100.139464561000082, -0.947626264999902, 0.0 ], [ 100.139712781000114, -0.947551213999909, 0.0 ], [ 100.139943485000103, -0.947504099999919, 0.0 ], [ 100.140130389000021, -0.947479054999978, 0.0 ], [ 100.140323140000078, -0.947470170999954, 0.0 ], [ 100.140527577000029, -0.947475983999902, 0.0 ], [ 100.140929217000036, -0.947538295999906, 0.0 ], [ 100.140964784000047, -0.947543814, 0.0 ], [ 100.141066435000113, -0.94755958499998, 0.0 ], [ 100.141189112000049, -0.947609518999937, 0.0 ], [ 100.141300114000089, -0.947677097999933, 0.0 ], [ 100.14137801400004, -0.947738671999965, 0.0 ], [ 100.141402357000104, -0.947757912999958, 0.0 ], [ 100.14149438700008, -0.947849015999947, 0.0 ], [ 100.141502694000053, -0.947862352999985, 0.0 ], [ 100.14157036000006, -0.947970987, 0.0 ], [ 100.141647801000076, -0.948126769999925, 0.0 ], [ 100.141706631000062, -0.948233761999984, 0.0 ], [ 100.141754467000013, -0.948320758999988, 0.0 ], [ 100.141773693000104, -0.94835464899995, 0.0 ], [ 100.141808003000094, -0.94841512999998, 0.0 ], [ 100.141869723000056, -0.948523927999923, 0.0 ], [ 100.141902034000054, -0.948580884999928, 0.0 ], [ 100.141970717000063, -0.94872343799991, 0.0 ], [ 100.142043782000059, -0.948882161999987, 0.0 ], [ 100.142075665000036, -0.948976617999986, 0.0 ], [ 100.142097858000099, -0.94904236699992, 0.0 ], [ 100.142102640000047, -0.949081165999933, 0.0 ], [ 100.142115429000043, -0.949184935, 0.0 ], [ 100.142115472000043, -0.949317224999924, 0.0 ], [ 100.142108222000061, -0.949461276999942, 0.0 ], [ 100.142081987000026, -0.949612688999946, 0.0 ], [ 100.14206133800009, -0.949678484999972, 0.0 ], [ 100.142055372000044, -0.949697494999946, 0.0 ], [ 100.142028010000089, -0.949784679999966, 0.0 ], [ 100.141959435000018, -0.949941984999925, 0.0 ], [ 100.141877713, -0.950100759999917, 0.0 ], [ 100.141793071, -0.950262475999975, 0.0 ], [ 100.141674838000085, -0.950422729, 0.0 ], [ 100.141514259000033, -0.95056977299991, 0.0 ], [ 100.141330313000097, -0.950709477000012, 0.0 ], [ 100.141120085000111, -0.950859475999988, 0.0 ], [ 100.140936133000082, -0.950983009, 0.0 ], [ 100.140782839000096, -0.95106977899998, 0.0 ], [ 100.140544860000034, -0.951213906999915, 0.0 ], [ 100.13988488300005, -0.951387573999985, 0.0 ], [ 100.139728645000091, -0.951403798999906, 0.0 ] ] ], [ [ [ 100.205266741000045, -0.875923303999937, 0.0 ], [ 100.20516015500003, -0.875933632999904, 0.0 ], [ 100.205049180000074, -0.87593072999993, 0.0 ], [ 100.204925050000028, -0.875902837999932, 0.0 ], [ 100.204771717000128, -0.875848506999966, 0.0 ], [ 100.204635889000073, -0.875769178999975, 0.0 ], [ 100.204511751000027, -0.875685432999973, 0.0 ], [ 100.204419727000044, -0.875600210999939, 0.0 ], [ 100.204340844000086, -0.875495880999922, 0.0 ], [ 100.204260497000107, -0.875368024999912, 0.0 ], [ 100.204193286000049, -0.875235758999982, 0.0 ], [ 100.204136290000037, -0.875096144999888, 0.0 ], [ 100.204121647000079, -0.874968267999965, 0.0 ], [ 100.204123055000096, -0.874793358999971, 0.0 ], [ 100.204127813000056, -0.874710070999918, 0.0 ], [ 100.204133216000059, -0.874615498, 0.0 ], [ 100.204172589000024, -0.874439102999969, 0.0 ], [ 100.204258681000042, -0.874265630999916, 0.0 ], [ 100.204337481000081, -0.874111274999934, 0.0 ], [ 100.204396195000058, -0.873995835999975, 0.0 ], [ 100.204427957000107, -0.873933388999959, 0.0 ], [ 100.204514071000034, -0.873801073999936, 0.0 ], [ 100.204591428000043, -0.873711391999977, 0.0 ], [ 100.204658534, -0.873652402999981, 0.0 ], [ 100.204671719000018, -0.87364081299991, 0.0 ], [ 100.204757857000047, -0.873609912999929, 0.0 ], [ 100.204855691000063, -0.873602536999941, 0.0 ], [ 100.204957906000075, -0.87360838399998, 0.0 ], [ 100.205090785000053, -0.873625977999926, 0.0 ], [ 100.205271853000028, -0.873637678999917, 0.0 ], [ 100.205413499000116, -0.873646452999933, 0.0 ], [ 100.205523016000114, -0.873671400999954, 0.0 ], [ 100.205677815000044, -0.873733085, 0.0 ], [ 100.205774207000033, -0.87379038099994, 0.0 ], [ 100.205889591000073, -0.873871182999964, 0.0 ], [ 100.205981604000044, -0.873947585999891, 0.0 ], [ 100.206066321000037, -0.874029868999949, 0.0 ], [ 100.206136439000062, -0.874122452999971, 0.0 ], [ 100.206187577000037, -0.874207687999918, 0.0 ], [ 100.206227026000107, -0.874295866999931, 0.0 ], [ 100.206248957000057, -0.874369352999971, 0.0 ], [ 100.206262142000071, -0.874517798999908, 0.0 ], [ 100.206240093000119, -0.874680082999924, 0.0 ], [ 100.206212612000058, -0.874882338999961, 0.0 ], [ 100.206177616, -0.875036690999942, 0.0 ], [ 100.206119248000064, -0.875157237999969, 0.0 ], [ 100.206059106000069, -0.875276082999943, 0.0 ], [ 100.206043366000088, -0.875307187999941, 0.0 ], [ 100.205942670000113, -0.875470369999943, 0.0 ], [ 100.205834649000053, -0.875574769999965, 0.0 ], [ 100.205687200000028, -0.875685051999942, 0.0 ], [ 100.205535376000071, -0.875799748999929, 0.0 ], [ 100.205420046000128, -0.875864460999954, 0.0 ], [ 100.205366089, -0.87588517099998, 0.0 ], [ 100.205266741000045, -0.875923303999937, 0.0 ] ] ], [ [ [ 100.302105730000022, -0.859311343999914, 0.0 ], [ 100.302033927000124, -0.859319258999947, 0.0 ], [ 100.302004353000072, -0.85931690399993, 0.0 ], [ 100.301779468000021, -0.859333685999986, 0.0 ], [ 100.301401680000126, -0.859273458999977, 0.0 ], [ 100.301127920000027, -0.859158479999967, 0.0 ], [ 100.300963664000022, -0.859043500999957, 0.0 ], [ 100.300870586000059, -0.858884719999964, 0.0 ], [ 100.300826784000066, -0.858698562999927, 0.0 ], [ 100.300788458000099, -0.858490505999943, 0.0 ], [ 100.300788458000099, -0.858431208999922, 0.0 ], [ 100.300788458000099, -0.858348150999977, 0.0 ], [ 100.300790155000058, -0.85834220999993, 0.0 ], [ 100.300821309000057, -0.858233170999967, 0.0 ], [ 100.300908912000025, -0.858101766999931, 0.0 ], [ 100.30101294100011, -0.857997737999939, 0.0 ], [ 100.301094930000048, -0.857937325, 0.0 ], [ 100.301116969000105, -0.857921084999902, 0.0 ], [ 100.30122099800009, -0.857860857999893, 0.0 ], [ 100.301445481000101, -0.857778729999937, 0.0 ], [ 100.301604262000097, -0.857729452999945, 0.0 ], [ 100.301795894000051, -0.857691126999971, 0.0 ], [ 100.301954675000047, -0.857691126999971, 0.0 ], [ 100.302102505000022, -0.857707552, 0.0 ], [ 100.302173683000049, -0.857718502999927, 0.0 ], [ 100.30221081900001, -0.857746117, 0.0 ], [ 100.302283187000043, -0.857773254999928, 0.0 ], [ 100.302447443000048, -0.857866333, 0.0 ], [ 100.302606223000041, -0.858014162999965, 0.0 ], [ 100.302684915000071, -0.858081196999916, 0.0 ], [ 100.302754054000019, -0.858140093, 0.0 ], [ 100.302781584000073, -0.858174963999947, 0.0 ], [ 100.302794837000107, -0.858191751999915, 0.0 ], [ 100.302836182000064, -0.858255072, 0.0 ], [ 100.302863558000112, -0.858309823999915, 0.0 ], [ 100.302874508000031, -0.858408377999987, 0.0 ], [ 100.302890934000061, -0.85851240599989, 0.0 ], [ 100.302890934000061, -0.858594533999935, 0.0 ], [ 100.302879983000039, -0.858665711999962, 0.0 ], [ 100.302847132000082, -0.858758789999936, 0.0 ], [ 100.302792380000085, -0.858846394, 0.0 ], [ 100.302748578, -0.858917570999929, 0.0 ], [ 100.302688351000086, -0.85897232299993, 0.0 ], [ 100.302622649000071, -0.859032549999939, 0.0 ], [ 100.302573372000083, -0.859081826999931, 0.0 ], [ 100.302540521000111, -0.859109202999975, 0.0 ], [ 100.302436492000126, -0.859174905, 0.0 ], [ 100.302365315, -0.859218706999976, 0.0 ], [ 100.302310563000091, -0.85925703299995, 0.0 ], [ 100.302201059000097, -0.859300834999932, 0.0 ], [ 100.302105730000022, -0.859311343999914, 0.0 ] ] ], [ [ [ 100.484419029000051, -0.752743960999969, 0.0 ], [ 100.489224981000049, -0.753653964999946, 0.0 ], [ 100.494551021000106, -0.753113022999952, 0.0 ], [ 100.5, -0.753437282689096, 0.0 ], [ 100.50017998, -0.753447992999956, 0.0 ], [ 100.505205030000113, -0.753243971999951, 0.0 ], [ 100.508007997000036, -0.753467967999922, 0.0 ], [ 100.509444007000099, -0.754667018999922, 0.0 ], [ 100.510257027000051, -0.756881011999966, 0.0 ], [ 100.510064979000049, -0.759381996999953, 0.0 ], [ 100.508980021000085, -0.763219025999907, 0.0 ], [ 100.50904902900001, -0.766292026999971, 0.0 ], [ 100.509049008000019, -0.768135028999962, 0.0 ], [ 100.50888097400005, -0.770421976999914, 0.0 ], [ 100.508660030000073, -0.771822979000015, 0.0 ], [ 100.508315966000026, -0.773033956999936, 0.0 ], [ 100.508186966000011, -0.775496040999902, 0.0 ], [ 100.507550025000072, -0.779561960999964, 0.0 ], [ 100.507915993000054, -0.782241966999931, 0.0 ], [ 100.507660499000053, -0.785674305999973, 0.0 ], [ 100.50763699900007, -0.785990012999982, 0.0 ], [ 100.50810199900009, -0.787563023999927, 0.0 ], [ 100.508613989000082, -0.789186021000011, 0.0 ], [ 100.508758693000061, -0.789840493999983, 0.0 ], [ 100.508956582000096, -0.790735516999963, 0.0 ], [ 100.509239023000106, -0.792012956999966, 0.0 ], [ 100.510017006000083, -0.793709005999966, 0.0 ], [ 100.510384026000068, -0.794950015999974, 0.0 ], [ 100.510434221000054, -0.794953668999921, 0.0 ], [ 100.511566001000077, -0.795036024999985, 0.0 ], [ 100.512816982000032, -0.795010968999954, 0.0 ], [ 100.5129530600001, -0.794947569999949, 0.0 ], [ 100.513685794000054, -0.794606190999947, 0.0 ], [ 100.514137016000092, -0.794395967999962, 0.0 ], [ 100.515625009000104, -0.793608017999959, 0.0 ], [ 100.516333922000058, -0.793155718999928, 0.0 ], [ 100.516357014, -0.793140985999952, 0.0 ], [ 100.517310995000074, -0.792526031999963, 0.0 ], [ 100.518764391000062, -0.791824466, 0.0 ], [ 100.519043001000028, -0.791689978999977, 0.0 ], [ 100.519441348000029, -0.791453672999965, 0.0 ], [ 100.520286975000019, -0.790952033999937, 0.0 ], [ 100.521439021000035, -0.790041958999955, 0.0 ], [ 100.522239975000048, -0.78972201999995, 0.0 ], [ 100.523391974000063, -0.789499969999963, 0.0 ], [ 100.52413675800004, -0.789749829999942, 0.0 ], [ 100.524635032000063, -0.789916990999918, 0.0 ], [ 100.52629897000007, -0.791170984999934, 0.0 ], [ 100.528174967000041, -0.792914984999904, 0.0 ], [ 100.529639980000098, -0.794341029999946, 0.0 ], [ 100.530530066000026, -0.795540141999951, 0.0 ], [ 100.531226976000056, -0.796479009999918, 0.0 ], [ 100.532547006000115, -0.798495016999923, 0.0 ], [ 100.533972150000082, -0.800557118000012, 0.0 ], [ 100.534873969000088, -0.801861996999976, 0.0 ], [ 100.536139990000038, -0.803262966999985, 0.0 ], [ 100.537192577000084, -0.804417507999944, 0.0 ], [ 100.538246018000024, -0.805572986999981, 0.0 ], [ 100.539027257000015, -0.806840200999937, 0.0 ], [ 100.539246017000082, -0.807195042999987, 0.0 ], [ 100.539387561000069, -0.807315981999957, 0.0 ], [ 100.54083303000003, -0.808551033999916, 0.0 ], [ 100.541466, -0.808991999999898, 0.0 ], [ 100.542274, -0.809554, 0.0 ], [ 100.543884, -0.810561, 0.0 ], [ 100.544937, -0.812085, 0.0 ], [ 100.544773300000088, -0.814885444, 0.0 ], [ 100.54441199700004, -0.814768039999969, 0.0 ], [ 100.544405222000094, -0.814800933999938, 0.0 ], [ 100.544205020000049, -0.815772973999985, 0.0 ], [ 100.544373943000082, -0.816093848999977, 0.0 ], [ 100.544503726000073, -0.816340376999947, 0.0 ], [ 100.544891014000058, -0.817076043999976, 0.0 ], [ 100.545722973000053, -0.81785, 0.0 ], [ 100.545814523000089, -0.817915005999937, 0.0 ], [ 100.547089003000025, -0.81881996299994, 0.0 ], [ 100.5478209770001, -0.820048955999931, 0.0 ], [ 100.548178969000048, -0.820755358999937, 0.0 ], [ 100.548474859000109, -0.821339219999929, 0.0 ], [ 100.548531015000052, -0.821450028999949, 0.0 ], [ 100.548878934000058, -0.822430323999968, 0.0 ], [ 100.549193969000015, -0.823317963999959, 0.0 ], [ 100.54982800600007, -0.825309966999932, 0.0 ], [ 100.549705985000102, -0.827399016999942, 0.0 ], [ 100.549370983000088, -0.828555003999932, 0.0 ], [ 100.548833036000076, -0.829634031999949, 0.0 ], [ 100.548004667000015, -0.831109196999969, 0.0 ], [ 100.547919993000036, -0.831259985999922, 0.0 ], [ 100.545897998000058, -0.832342041999923, 0.0 ], [ 100.544380027000059, -0.833129036999936, 0.0 ], [ 100.544202166000076, -0.833305208999946, 0.0 ], [ 100.543212987000032, -0.834284994000012, 0.0 ], [ 100.543087151000108, -0.834641546999937, 0.0 ], [ 100.542608645000129, -0.835997380999943, 0.0 ], [ 100.54250996500005, -0.836276986999985, 0.0 ], [ 100.542458016000097, -0.836425026999977, 0.0 ], [ 100.542312971000086, -0.837973010999982, 0.0 ], [ 100.541701969000073, -0.838464965999919, 0.0 ], [ 100.540770997000052, -0.838956956999948, 0.0 ], [ 100.539284028000026, -0.839842955999893, 0.0 ], [ 100.538377719, -0.840462414999899, 0.0 ], [ 100.537520995000079, -0.841047981999943, 0.0 ], [ 100.536862730000067, -0.841667823999981, 0.0 ], [ 100.53647597500013, -0.842032004, 0.0 ], [ 100.535744025000042, -0.843556987999972, 0.0 ], [ 100.53537802700005, -0.84520398599991, 0.0 ], [ 100.535477033000078, -0.846974045, 0.0 ], [ 100.535787968000037, -0.848106001999949, 0.0 ], [ 100.53601232000004, -0.848672823999952, 0.0 ], [ 100.536524143000022, -0.849965933999919, 0.0 ], [ 100.537140028000096, -0.851521957999968, 0.0 ], [ 100.539017253000068, -0.854894919999894, 0.0 ], [ 100.539343989000102, -0.855481993999974, 0.0 ], [ 100.541872311000049, -0.859047329, 0.0 ], [ 100.54215997700004, -0.859452984, 0.0 ], [ 100.54246639200008, -0.859440143, 0.0 ], [ 100.54621699900008, -0.859282967999964, 0.0 ], [ 100.548560979000044, -0.858420025999973, 0.0 ], [ 100.550532988000043, -0.857950025999988, 0.0 ], [ 100.553514013000054, -0.85837704299997, 0.0 ], [ 100.555000015000076, -0.85916698499996, 0.0 ], [ 100.55563598300003, -0.859971018999961, 0.0 ], [ 100.556236017000032, -0.861135032999905, 0.0 ], [ 100.556500030000024, -0.863449971999953, 0.0 ], [ 100.556663998, -0.865681040999989, 0.0 ], [ 100.556600037000038, -0.868517028999983, 0.0 ], [ 100.556993034000044, -0.872621974999988, 0.0 ], [ 100.558102981000047, -0.876969037999953, 0.0 ], [ 100.558716966000048, -0.882974983999952, 0.0 ], [ 100.559363721000096, -0.884196486999945, 0.0 ], [ 100.561411991000099, -0.888064983999926, 0.0 ], [ 100.564214564000082, -0.893278538999909, 0.0 ], [ 100.564388965000035, -0.89360297199993, 0.0 ], [ 100.564867007000061, -0.895842372999945, 0.0 ], [ 100.56517351200003, -0.897278205, 0.0 ], [ 100.565610010000086, -0.899322992999985, 0.0 ], [ 100.565589024000118, -0.901880003999989, 0.0 ], [ 100.565583011000072, -0.902717028999967, 0.0 ], [ 100.565059428, -0.903643205999949, 0.0 ], [ 100.563350012000043, -0.906667026999942, 0.0 ], [ 100.563149987000102, -0.908918044999941, 0.0 ], [ 100.563062034000026, -0.909163433999905, 0.0 ], [ 100.562350016, -0.911149974999959, 0.0 ], [ 100.560080032000116, -0.914366959999946, 0.0 ], [ 100.558532985000099, -0.918816974, 0.0 ], [ 100.556884966000084, -0.92071300999993, 0.0 ], [ 100.555967017000071, -0.922517039999982, 0.0 ], [ 100.555501999000043, -0.923404997, 0.0 ], [ 100.554922877000095, -0.9245115969999, 0.0 ], [ 100.553370999000038, -0.927476961999941, 0.0 ], [ 100.552799645, -0.928061548, 0.0 ], [ 100.551684971000057, -0.929202036999944, 0.0 ], [ 100.550532974000049, -0.929283020999983, 0.0 ], [ 100.548761982000059, -0.930537042, 0.0 ], [ 100.547302032000061, -0.933388036999905, 0.0 ], [ 100.546082964000092, -0.936472035, 0.0 ], [ 100.543732971000068, -0.938539026999952, 0.0 ], [ 100.542732996000026, -0.941666969999944, 0.0 ], [ 100.542047979000102, -0.942642018999973, 0.0 ], [ 100.541562017000032, -0.944255988999932, 0.0 ], [ 100.541078980000037, -0.946118978999977, 0.0 ], [ 100.540999996000082, -0.947610969999968, 0.0 ], [ 100.541450003000094, -0.947959976999891, 0.0 ], [ 100.541598984000075, -0.948614018999916, 0.0 ], [ 100.541404965000098, -0.949313968999921, 0.0 ], [ 100.541546976000035, -0.950455024999919, 0.0 ], [ 100.541511968000066, -0.951703038999974, 0.0 ], [ 100.541052006000115, -0.953130007, 0.0 ], [ 100.540484980000102, -0.953701003999908, 0.0 ], [ 100.540203016000035, -0.955555044999923, 0.0 ], [ 100.539388991000095, -0.957802027999944, 0.0 ], [ 100.538515470000036, -0.958917042999919, 0.0 ], [ 100.538510008000017, -0.958924014999963, 0.0 ], [ 100.535703005000116, -0.962401348, 0.0 ], [ 100.533882915000063, -0.967211928999945, 0.0 ], [ 100.533397059, -0.967460558, 0.0 ], [ 100.533000025000021, -0.96779631199998, 0.0 ], [ 100.532426027000056, -0.968526813999937, 0.0 ], [ 100.531859984000022, -0.969230242999964, 0.0 ], [ 100.531293938, -0.969933674999901, 0.0 ], [ 100.530727894000051, -0.970637105000017, 0.0 ], [ 100.530161848000034, -0.971340536999954, 0.0 ], [ 100.529857920000012, -0.971846146999956, 0.0 ], [ 100.529513810000054, -0.972733847999952, 0.0 ], [ 100.529169698, -0.973621551999948, 0.0 ], [ 100.528825586000039, -0.974509253999945, 0.0 ], [ 100.528487745000064, -0.975168525999959, 0.0 ], [ 100.527875059000095, -0.976774281999949, 0.0 ], [ 100.527705679000107, -0.977733064999964, 0.0 ], [ 100.527536300000037, -0.97869184899998, 0.0 ], [ 100.527366920000063, -0.979650633999907, 0.0 ], [ 100.527197541000078, -0.980609416999923, 0.0 ], [ 100.527030072000073, -0.981797508999905, 0.0 ], [ 100.526862603000069, -0.982985601999887, 0.0 ], [ 100.526758782000101, -0.984481800999959, 0.0 ], [ 100.52677208700004, -0.985715397999976, 0.0 ], [ 100.526846066000033, -0.986785399999957, 0.0 ], [ 100.527312839000018, -0.98846431799996, 0.0 ], [ 100.527449319000127, -0.989655227, 0.0 ], [ 100.52772467700008, -0.990773886999919, 0.0 ], [ 100.527910564000095, -0.991317894999988, 0.0 ], [ 100.528080962000075, -0.992359359, 0.0 ], [ 100.528251829000084, -0.993493896999909, 0.0 ], [ 100.528298525000039, -0.994348848999949, 0.0 ], [ 100.528206277000052, -0.995126198999963, 0.0 ], [ 100.528051806000065, -0.995468176000014, 0.0 ], [ 100.527881582000091, -0.995732491999946, 0.0 ], [ 100.527380910000062, -0.996097846999889, 0.0 ], [ 100.526503031000075, -0.996499678, 0.0 ], [ 100.526050646000044, -0.996563415999952, 0.0 ], [ 100.525262149000085, -0.996421744999954, 0.0 ], [ 100.524078044000078, -0.996026573999942, 0.0 ], [ 100.522686316000033, -0.995672978, 0.0 ], [ 100.521722732000057, -0.995476982999944, 0.0 ], [ 100.520759146000088, -0.995280989999981, 0.0 ], [ 100.519697033000057, -0.995051537999914, 0.0 ], [ 100.518634922000018, -0.994822087999936, 0.0 ], [ 100.516903146000075, -0.995143058999937, 0.0 ], [ 100.516365416000085, -0.995299064999966, 0.0 ], [ 100.51563665, -0.995729952, 0.0 ], [ 100.51470155700008, -0.996444380999962, 0.0 ], [ 100.513766465000074, -0.997158807999921, 0.0 ], [ 100.513429766000101, -0.997529996, 0.0 ], [ 100.512776326000036, -0.998259488999953, 0.0 ], [ 100.512154358, -0.99907180899993, 0.0 ], [ 100.511532390000056, -0.999884127, 0.0 ], [ 100.511450452000119, -1.0, 0.0 ], [ 100.508051455000071, -1.001349998999957, 0.0 ], [ 100.507559058000098, -1.001518853999895, 0.0 ], [ 100.506448417000044, -1.001603683999986, 0.0 ], [ 100.505412050000089, -1.001724021, 0.0 ], [ 100.50395381500006, -1.002083652999908, 0.0 ], [ 100.502710617000048, -1.002524084999934, 0.0 ], [ 100.501284848000111, -1.003396238999888, 0.0 ], [ 100.500074029000118, -1.004027018999943, 0.0 ], [ 100.5, -1.004064288610363, 0.0 ], [ 100.498860769, -1.004637829999944, 0.0 ], [ 100.49768777600012, -1.004841787999944, 0.0 ], [ 100.496676476000019, -1.004801571, 0.0 ], [ 100.4959077890001, -1.004557824999986, 0.0 ], [ 100.493877581000078, -1.003557290999979, 0.0 ], [ 100.492439237999989, -1.002815717, 0.0 ], [ 100.491171247000068, -1.002188257999948, 0.0 ], [ 100.489651903000023, -1.00158475699993, 0.0 ], [ 100.488427553000065, -1.001412483999975, 0.0 ], [ 100.486961468000089, -1.001547056999919, 0.0 ], [ 100.485300677000069, -1.001838257999943, 0.0 ], [ 100.484153058000061, -1.002013688999981, 0.0 ], [ 100.482155042000045, -1.002528710999962, 0.0 ], [ 100.481202967000044, -1.002720688999948, 0.0 ], [ 100.479817232000059, -1.00307460100001, 0.0 ], [ 100.478482394000096, -1.003801059999987, 0.0 ], [ 100.477616649000055, -1.004491014999965, 0.0 ], [ 100.476823255000042, -1.00558015499993, 0.0 ], [ 100.476102098000055, -1.006814432999914, 0.0 ], [ 100.475236548000026, -1.007939900999955, 0.0 ], [ 100.474293516000074, -1.008978837999941, 0.0 ], [ 100.473424784000045, -1.009918123999943, 0.0 ], [ 100.472813624000111, -1.010954420999977, 0.0 ], [ 100.472106139000104, -1.012541144999902, 0.0 ], [ 100.470972663000026, -1.014329935999936, 0.0 ], [ 100.469785279000092, -1.015442784, 0.0 ], [ 100.468556896000067, -1.016473259, 0.0 ], [ 100.467082983000068, -1.018039401999904, 0.0 ], [ 100.465951358000041, -1.019275521999952, 0.0 ], [ 100.465495406000073, -1.020160886999933, 0.0 ], [ 100.465428326000023, -1.020927374999936, 0.0 ], [ 100.465492603000101, -1.021698944, 0.0 ], [ 100.465812551000013, -1.022406094999984, 0.0 ], [ 100.466196509999989, -1.023273962999938, 0.0 ], [ 100.466293161000081, -1.02494571199997, 0.0 ], [ 100.46575037700002, -1.026264101999986, 0.0 ], [ 100.46540066600005, -1.026881562, 0.0 ], [ 100.464920477000106, -1.027580456999922, 0.0 ], [ 100.463699763000093, -1.028288070999939, 0.0 ], [ 100.462590032000023, -1.028958420999982, 0.0 ], [ 100.460555339000067, -1.029778049999941, 0.0 ], [ 100.459815620000057, -1.03044822999997, 0.0 ], [ 100.459482829000052, -1.030932154999953, 0.0 ], [ 100.459298398000072, -1.03219749100002, 0.0 ], [ 100.459335926000065, -1.033351084, 0.0 ], [ 100.459336147000087, -1.03383485699996, 0.0 ], [ 100.45902637600004, -1.03456633799991, 0.0 ], [ 100.45848572900006, -1.035174927999905, 0.0 ], [ 100.457782908000084, -1.035621813000021, 0.0 ], [ 100.456969218, -1.036366455, 0.0 ], [ 100.456192665000046, -1.037408786999905, 0.0 ], [ 100.454594322000048, -1.039338252999944, 0.0 ], [ 100.452764298000076, -1.041521563999937, 0.0 ], [ 100.451309570000049, -1.042986120999967, 0.0 ], [ 100.449534745000022, -1.044527276999941, 0.0 ], [ 100.448176388000078, -1.045662602999909, 0.0 ], [ 100.446779745000072, -1.047184780999911, 0.0 ], [ 100.446177735000077, -1.048293969999937, 0.0 ], [ 100.44561499200006, -1.050052110999922, 0.0 ], [ 100.445181852000104, -1.05170448699995, 0.0 ], [ 100.444754448000097, -1.052554927999972, 0.0 ], [ 100.444405790000104, -1.05304897, 0.0 ], [ 100.443850396000073, -1.053549612999938, 0.0 ], [ 100.443221650000098, -1.05378459699993, 0.0 ], [ 100.442541271000024, -1.053917014999961, 0.0 ], [ 100.44201646300003, -1.054025072999932, 0.0 ], [ 100.441540729000025, -1.054161834999968, 0.0 ], [ 100.441180824000085, -1.054599805999968, 0.0 ], [ 100.440874263000026, -1.05484230999996, 0.0 ], [ 100.440582369000126, -1.055021556999958, 0.0 ], [ 100.440372705000101, -1.055125329999929, 0.0 ], [ 100.440120277000091, -1.055249470999986, 0.0 ], [ 100.439951798, -1.055344737999964, 0.0 ], [ 100.439591208000095, -1.055532162999929, 0.0 ], [ 100.43934234400011, -1.055577581999956, 0.0 ], [ 100.43906666600013, -1.055586426999978, 0.0 ], [ 100.438861998000064, -1.055605465999954, 0.0 ], [ 100.438694222000038, -1.055639078999982, 0.0 ], [ 100.43827785700006, -1.05571693399994, 0.0 ], [ 100.43795773500004, -1.055765539999965, 0.0 ], [ 100.43773354300005, -1.055828982999974, 0.0 ], [ 100.437471419000119, -1.055968679999986, 0.0 ], [ 100.437231804000106, -1.056125191999969, 0.0 ], [ 100.43689737300005, -1.05633704, 0.0 ], [ 100.436642472000102, -1.056475641999921, 0.0 ], [ 100.436512156000063, -1.056521963999935, 0.0 ], [ 100.436389972000086, -1.056562702999931, 0.0 ], [ 100.436343986000097, -1.056613969999909, 0.0 ], [ 100.436304584000126, -1.056677727999944, 0.0 ], [ 100.43628264600008, -1.05674169, 0.0 ], [ 100.436270618000066, -1.056806346999928, 0.0 ], [ 100.436266004000032, -1.056880832999963, 0.0 ], [ 100.43627504400007, -1.056979714999973, 0.0 ], [ 100.436330931000086, -1.057082274999932, 0.0 ], [ 100.436426931000113, -1.05725267699991, 0.0 ], [ 100.436470338000063, -1.057425856999939, 0.0 ], [ 100.436488562000065, -1.057574329999967, 0.0 ], [ 100.436517096000031, -1.057725760999973, 0.0 ], [ 100.436592595000064, -1.05788364199998, 0.0 ], [ 100.43669674800006, -1.058035674999947, 0.0 ], [ 100.436753259000028, -1.05815952499998, 0.0 ], [ 100.436814288000022, -1.058256596000018, 0.0 ], [ 100.436891630000019, -1.058420749999923, 0.0 ], [ 100.436933894000049, -1.058632944999983, 0.0 ], [ 100.436943634000059, -1.05874872499997, 0.0 ], [ 100.436941470000065, -1.059058653999945, 0.0 ], [ 100.436914454000046, -1.059242180999942, 0.0 ], [ 100.436839342000042, -1.059422300999924, 0.0 ], [ 100.436687905000042, -1.059586128999979, 0.0 ], [ 100.436527531000095, -1.059713626999959, 0.0 ], [ 100.436358194000022, -1.059770138999927, 0.0 ], [ 100.436173036000071, -1.059869227999955, 0.0 ], [ 100.43604766, -1.059959742999983, 0.0 ], [ 100.435950291000026, -1.060090208999942, 0.0 ], [ 100.435868676000027, -1.06022221899994, 0.0 ], [ 100.435786053000115, -1.060368172999937, 0.0 ], [ 100.435767928000033, -1.060450013999959, 0.0 ], [ 100.435768882000033, -1.060522274999898, 0.0 ], [ 100.435782368000076, -1.060638752999943, 0.0 ], [ 100.43581846500004, -1.060804162999951, 0.0 ], [ 100.435828230000055, -1.060929944999967, 0.0 ], [ 100.435827055000047, -1.06103456999992, 0.0 ], [ 100.435816288000041, -1.061119172, 0.0 ], [ 100.435800334000049, -1.061227646, 0.0 ], [ 100.435798375000076, -1.061325515999923, 0.0 ], [ 100.435809421, -1.061443195999979, 0.0 ], [ 100.435848858000071, -1.061581378999954, 0.0 ], [ 100.435904742000076, -1.061706355, 0.0 ], [ 100.435935301000114, -1.061848295999924, 0.0 ], [ 100.43593918500008, -1.061982945999962, 0.0 ], [ 100.435910696000036, -1.062161508, 0.0 ], [ 100.435860381000055, -1.062381065999952, 0.0 ], [ 100.43584780500008, -1.062545651999891, 0.0 ], [ 100.43587774600006, -1.06264404699995, 0.0 ], [ 100.435977165000025, -1.062746828999928, 0.0 ], [ 100.436106699000092, -1.062845824999948, 0.0 ], [ 100.43625453100006, -1.062932133999895, 0.0 ], [ 100.436419905000065, -1.06313902699996, 0.0 ], [ 100.436463458000034, -1.063341484999925, 0.0 ], [ 100.436501734000089, -1.063517380999913, 0.0 ], [ 100.436513869000024, -1.063705344999922, 0.0 ], [ 100.43649769000011, -1.063872752999917, 0.0 ], [ 100.43644659000006, -1.064018702999914, 0.0 ], [ 100.436254419000051, -1.064491827999981, 0.0 ], [ 100.436188211000086, -1.064723589999972, 0.0 ], [ 100.436153096000027, -1.064874458999932, 0.0 ], [ 100.43609148600008, -1.065062108999915, 0.0 ], [ 100.436016852000122, -1.065295767999975, 0.0 ], [ 100.435856201000064, -1.065663381000015, 0.0 ], [ 100.435776498000038, -1.065806005999915, 0.0 ], [ 100.435632929000064, -1.065998874999974, 0.0 ], [ 100.435349092000109, -1.066263853999961, 0.0 ], [ 100.435202436000054, -1.066426504999918, 0.0 ], [ 100.435094699000018, -1.066583168999913, 0.0 ], [ 100.434971523000044, -1.066799753999892, 0.0 ], [ 100.434835232000054, -1.067068071999889, 0.0 ], [ 100.434731577, -1.067324153999938, 0.0 ], [ 100.434592804000062, -1.067692348999938, 0.0 ], [ 100.434495708000028, -1.067856765999953, 0.0 ], [ 100.434435994000054, -1.067953853999904, 0.0 ], [ 100.434325108000024, -1.068095916999934, 0.0 ], [ 100.434127384000107, -1.068292392999937, 0.0 ], [ 100.433938808000036, -1.068422684999971, 0.0 ], [ 100.433664261000061, -1.068594391999967, 0.0 ], [ 100.433511199000094, -1.068711459999972, 0.0 ], [ 100.43340808100001, -1.06892397699997, 0.0 ], [ 100.433356325000076, -1.069124674999967, 0.0 ], [ 100.433312788000109, -1.069393477999914, 0.0 ], [ 100.433298007000047, -1.069636161999921, 0.0 ], [ 100.43329743, -1.06989867899997, 0.0 ], [ 100.433313221000063, -1.07004323299994, 0.0 ], [ 100.433316052000023, -1.070129205999948, 0.0 ], [ 100.433310280000086, -1.070243453999987, 0.0 ], [ 100.433300204000048, -1.070330013999954, 0.0 ], [ 100.433268581, -1.070423986, 0.0 ], [ 100.43321113500005, -1.070544660999951, 0.0 ], [ 100.433172034, -1.070617709999955, 0.0 ], [ 100.433109950000116, -1.070714768, 0.0 ], [ 100.433047879000043, -1.070826279999982, 0.0 ], [ 100.433005869000027, -1.070965452999951, 0.0 ], [ 100.432995644000073, -1.071122275999959, 0.0 ], [ 100.433021251000056, -1.071284012999929, 0.0 ], [ 100.43310218, -1.071459652999985, 0.0 ], [ 100.433279186000092, -1.071770710999965, 0.0 ], [ 100.433294513000106, -1.071845407999928, 0.0 ], [ 100.433217623000061, -1.071949022999974, 0.0 ], [ 100.43316751, -1.072005052, 0.0 ], [ 100.432971964000075, -1.072061242999934, 0.0 ], [ 100.432634487000129, -1.072343482999927, 0.0 ], [ 100.432515841000082, -1.0724376219999, 0.0 ], [ 100.432393620000084, -1.072523497999989, 0.0 ], [ 100.432230803000024, -1.072667538, 0.0 ], [ 100.432137194000106, -1.072864986999911, 0.0 ], [ 100.432103852000097, -1.073064826999926, 0.0 ], [ 100.432128196000065, -1.073264165999988, 0.0 ], [ 100.432190216000052, -1.073440182999986, 0.0 ], [ 100.43227166100003, -1.07362283, 0.0 ], [ 100.432319394000075, -1.073753661999988, 0.0 ], [ 100.432357849000056, -1.073877870999962, 0.0 ], [ 100.432389487000108, -1.074078074999918, 0.0 ], [ 100.432389556000018, -1.074224176000016, 0.0 ], [ 100.432377851000027, -1.074411123999941, 0.0 ], [ 100.432353592000069, -1.074621056, 0.0 ], [ 100.43237876100001, -1.075252892999957, 0.0 ], [ 100.432427370000127, -1.075529168999901, 0.0 ], [ 100.432581590000012, -1.076346889999969, 0.0 ], [ 100.432669849000035, -1.077098334999971, 0.0 ], [ 100.432670251000062, -1.077960333999973, 0.0 ], [ 100.43229733500003, -1.079441380999946, 0.0 ], [ 100.43212205800009, -1.080590795999925, 0.0 ], [ 100.431902754000063, -1.081585514999984, 0.0 ], [ 100.431791189000066, -1.081907286999962, 0.0 ], [ 100.431621906, -1.082170008999939, 0.0 ], [ 100.431420406000129, -1.082276483999956, 0.0 ], [ 100.431038729000079, -1.082490877999931, 0.0 ], [ 100.430843278000069, -1.082591349999984, 0.0 ], [ 100.430616190000109, -1.082693521999912, 0.0 ], [ 100.430438837000082, -1.082731957999983, 0.0 ], [ 100.430296236000103, -1.082783126999954, 0.0 ], [ 100.43012163000013, -1.082864522999938, 0.0 ], [ 100.430065100000078, -1.082912655000013, 0.0 ], [ 100.430042037000121, -1.083062971999927, 0.0 ], [ 100.430019952000066, -1.083216435999923, 0.0 ], [ 100.429978403000092, -1.083431662999968, 0.0 ], [ 100.429861847000041, -1.083651016, 0.0 ], [ 100.429793847000013, -1.083741387999926, 0.0 ], [ 100.429640282, -1.083901884999972, 0.0 ], [ 100.429466789000045, -1.083980073999958, 0.0 ], [ 100.429211470000055, -1.084101544999972, 0.0 ], [ 100.428823346000087, -1.084258543, 0.0 ], [ 100.4284842040001, -1.084455796999973, 0.0 ], [ 100.428192041000088, -1.084688316999938, 0.0 ], [ 100.428078167000081, -1.084841696999928, 0.0 ], [ 100.427975926000059, -1.084995598999961, 0.0 ], [ 100.42789292800002, -1.085165351999973, 0.0 ], [ 100.427818765000012, -1.085362544999946, 0.0 ], [ 100.427726060000069, -1.085567077, 0.0 ], [ 100.427673309000056, -1.085797255999943, 0.0 ], [ 100.427642100000057, -1.085971809999909, 0.0 ], [ 100.427595849000042, -1.086137962999978, 0.0 ], [ 100.427494858000045, -1.086288005999958, 0.0 ], [ 100.427314052, -1.08635040099997, 0.0 ], [ 100.427042187000069, -1.086380506999974, 0.0 ], [ 100.426770928000096, -1.086465130999959, 0.0 ], [ 100.426511081000086, -1.086601696999979, 0.0 ], [ 100.426274832000075, -1.086742479, 0.0 ], [ 100.426054658000069, -1.086883534999939, 0.0 ], [ 100.425814583000019, -1.087050314999972, 0.0 ], [ 100.425600209000038, -1.087229025999926, 0.0 ], [ 100.425318135000055, -1.087449917, 0.0 ], [ 100.425137931000066, -1.087526925999971, 0.0 ], [ 100.424930365000037, -1.087569092, 0.0 ], [ 100.424758859000065, -1.087577326999967, 0.0 ], [ 100.424611597000037, -1.087580825, 0.0 ], [ 100.424478618000052, -1.087652079999935, 0.0 ], [ 100.424314561000074, -1.087806661999935, 0.0 ], [ 100.424207894000034, -1.087954442999906, 0.0 ], [ 100.424080579000076, -1.08815529, 0.0 ], [ 100.423909844000065, -1.088394568, 0.0 ], [ 100.423797477000093, -1.088579495999931, 0.0 ], [ 100.423674077000015, -1.088821673999985, 0.0 ], [ 100.423408617000078, -1.089209044999973, 0.0 ], [ 100.423258921000027, -1.089413545999929, 0.0 ], [ 100.423159291000047, -1.089588635999939, 0.0 ], [ 100.423090442000031, -1.08976708699996, 0.0 ], [ 100.423020307000101, -1.089977868999903, 0.0 ], [ 100.422860679000038, -1.090341156999941, 0.0 ], [ 100.422783903000081, -1.09056966099993, 0.0 ], [ 100.422756155000087, -1.090801353, 0.0 ], [ 100.422756271000097, -1.091049479999929, 0.0 ], [ 100.422760287000074, -1.091349894999916, 0.0 ], [ 100.422753982000089, -1.091686842999906, 0.0 ], [ 100.422751516000062, -1.091921320999945, 0.0 ], [ 100.422747789000113, -1.092197031999931, 0.0 ], [ 100.422747910000027, -1.092453556999929, 0.0 ], [ 100.422745510000098, -1.092736338999967, 0.0 ], [ 100.422766700000068, -1.092923925999945, 0.0 ], [ 100.422835978000123, -1.093087590999986, 0.0 ], [ 100.423011050000042, -1.093362005999954, 0.0 ], [ 100.423126430000082, -1.093626545, 0.0 ], [ 100.423383953000069, -1.094060640999939, 0.0 ], [ 100.423574452000111, -1.094311816999938, 0.0 ], [ 100.423767204000072, -1.094546524, 0.0 ], [ 100.423951980000083, -1.09485798399992, 0.0 ], [ 100.424014185, -1.095073115999956, 0.0 ], [ 100.424015749000034, -1.095319711999932, 0.0 ], [ 100.423947312000053, -1.095549727999956, 0.0 ], [ 100.423832336000046, -1.095756605999932, 0.0 ], [ 100.423706235000097, -1.095941302999937, 0.0 ], [ 100.423590236000095, -1.096128308999956, 0.0 ], [ 100.423524124000039, -1.096317532999891, 0.0 ], [ 100.423486164000096, -1.096552407999963, 0.0 ], [ 100.423464904000113, -1.096818359999941, 0.0 ], [ 100.423460044000066, -1.097062718999909, 0.0 ], [ 100.423486758000053, -1.097310961999932, 0.0 ], [ 100.423576981000053, -1.097567052999982, 0.0 ], [ 100.423727056000047, -1.097875164999984, 0.0 ], [ 100.423885704000028, -1.098159721999903, 0.0 ], [ 100.424060228000073, -1.09843330299998, 0.0 ], [ 100.424100308000021, -1.098953520999946, 0.0 ], [ 100.424090272000072, -1.099131809999954, 0.0 ], [ 100.424078308000063, -1.099310111999963, 0.0 ], [ 100.424076001000046, -1.099503947999925, 0.0 ], [ 100.424078479000073, -1.099688729999937, 0.0 ], [ 100.4240938720001, -1.099884204999946, 0.0 ], [ 100.424122234000052, -1.100053775999943, 0.0 ], [ 100.424129950000065, -1.100226605999944, 0.0 ], [ 100.424132609000111, -1.100624864999944, 0.0 ], [ 100.424114013000079, -1.10085334900002, 0.0 ], [ 100.424087884000059, -1.101093482, 0.0 ], [ 100.424096122000023, -1.101337669999947, 0.0 ], [ 100.424112250000022, -1.101438227999918, 0.0 ], [ 100.424159080000081, -1.101710339999962, 0.0 ], [ 100.424190055000068, -1.101994636999948, 0.0 ], [ 100.424228672000069, -1.102399514999964, 0.0 ], [ 100.424281604, -1.102614528999902, 0.0 ], [ 100.424329981000099, -1.102731672999913, 0.0 ], [ 100.424438302000098, -1.102909379999962, 0.0 ], [ 100.424620689000079, -1.103121173999988, 0.0 ], [ 100.424775724000128, -1.103280618999947, 0.0 ], [ 100.424938981000039, -1.103410447999942, 0.0 ], [ 100.425081877000054, -1.103431957999946, 0.0 ], [ 100.42524567800011, -1.103441299999919, 0.0 ], [ 100.425540726000094, -1.103440301999925, 0.0 ], [ 100.425831529000078, -1.103451064999928, 0.0 ], [ 100.426050495000084, -1.103502694999936, 0.0 ], [ 100.426283822000116, -1.10361998699996, 0.0 ], [ 100.426490580000078, -1.103781902999946, 0.0 ], [ 100.426689512000024, -1.10396601, 0.0 ], [ 100.426880128000064, -1.104136018999935, 0.0 ], [ 100.427091291000039, -1.104240607999974, 0.0 ], [ 100.427309156000035, -1.104261304, 0.0 ], [ 100.427558558000072, -1.1042611839999, 0.0 ], [ 100.427773982000048, -1.104224653999986, 0.0 ], [ 100.428000538000049, -1.104213415999944, 0.0 ], [ 100.428239816000129, -1.104239854, 0.0 ], [ 100.428425412000124, -1.104309307999885, 0.0 ], [ 100.428665636000105, -1.104484473, 0.0 ], [ 100.42890190700011, -1.104679193999936, 0.0 ], [ 100.429122847000087, -1.104890697999939, 0.0 ], [ 100.429365556, -1.105134761999971, 0.0 ], [ 100.4296005570001, -1.105395394999953, 0.0 ], [ 100.42981477000005, -1.10558536199995, 0.0 ], [ 100.430032924000074, -1.105744439999968, 0.0 ], [ 100.43024554600008, -1.105847358999957, 0.0 ], [ 100.430402878000038, -1.105859581999902, 0.0 ], [ 100.430674136000022, -1.105849086000011, 0.0 ], [ 100.430921650000073, -1.105847196999943, 0.0 ], [ 100.431160986000066, -1.105848868, 0.0 ], [ 100.431504233000041, -1.105879443999947, 0.0 ], [ 100.431797993000018, -1.105953658999959, 0.0 ], [ 100.432203276000067, -1.10601796299995, 0.0 ], [ 100.432507962000045, -1.106079502999891, 0.0 ], [ 100.432749225000023, -1.106180054999951, 0.0 ], [ 100.432907155000038, -1.106358180999945, 0.0 ], [ 100.432954166000016, -1.106563473999967, 0.0 ], [ 100.432966658000069, -1.106782586999977, 0.0 ], [ 100.432999416000115, -1.107004413999946, 0.0 ], [ 100.433079144000061, -1.107202302999977, 0.0 ], [ 100.433192352, -1.107419591999926, 0.0 ], [ 100.433291517000043, -1.107615478999969, 0.0 ], [ 100.433428926000047, -1.107874059999959, 0.0 ], [ 100.433542333, -1.108143182999933, 0.0 ], [ 100.433559766000116, -1.10833900099997, 0.0 ], [ 100.433554547000043, -1.108704769999947, 0.0 ], [ 100.433492434000058, -1.109066660999958, 0.0 ], [ 100.433428477000092, -1.10939983, 0.0 ], [ 100.433391751000073, -1.109670116999973, 0.0 ], [ 100.433335980000081, -1.109900584999946, 0.0 ], [ 100.433246335000035, -1.110177050999906, 0.0 ], [ 100.433158832000075, -1.110452075999924, 0.0 ], [ 100.433102607000038, -1.11069271599994, 0.0 ], [ 100.433055972, -1.110920990999909, 0.0 ], [ 100.432996697000078, -1.111213032999914, 0.0 ], [ 100.432926996000077, -1.111515373999972, 0.0 ], [ 100.432861686000095, -1.111806643, 0.0 ], [ 100.432817818000018, -1.112086623999986, 0.0 ], [ 100.432748911, -1.112318205999963, 0.0 ], [ 100.432699068000048, -1.112520994999955, 0.0 ], [ 100.432677331000022, -1.112793577999949, 0.0 ], [ 100.432670699000099, -1.113008861, 0.0 ], [ 100.432682266000086, -1.113152713, 0.0 ], [ 100.432742386000086, -1.113528837999945, 0.0 ], [ 100.432733474000059, -1.113918954999982, 0.0 ], [ 100.432670120000054, -1.114214817999948, 0.0 ], [ 100.432590094, -1.114481991999939, 0.0 ], [ 100.432496080000035, -1.114739991999969, 0.0 ], [ 100.432413934000081, -1.115006067999958, 0.0 ], [ 100.432303343000086, -1.115281028999971, 0.0 ], [ 100.432109575000126, -1.115526952999979, 0.0 ], [ 100.431907075000069, -1.115709118999953, 0.0 ], [ 100.431732613000108, -1.115849370000011, 0.0 ], [ 100.431489139000035, -1.115959047999938, 0.0 ], [ 100.431227863000089, -1.116052330999929, 0.0 ], [ 100.430924226000101, -1.116104929999929, 0.0 ], [ 100.430663600000031, -1.116138735999884, 0.0 ], [ 100.430314455000101, -1.116175265999975, 0.0 ], [ 100.430053529000091, -1.116234864999933, 0.0 ], [ 100.429849777000115, -1.116337527999989, 0.0 ], [ 100.42964655600008, -1.116480195999981, 0.0 ], [ 100.429388836000072, -1.116703504999983, 0.0 ], [ 100.429179335000057, -1.11688344499995, 0.0 ], [ 100.428931059000035, -1.117137059999973, 0.0 ], [ 100.428665921000032, -1.117400682999937, 0.0 ], [ 100.428394696000069, -1.117666887999936, 0.0 ], [ 100.428032184000088, -1.117995251999926, 0.0 ], [ 100.427613366000074, -1.118393014999886, 0.0 ], [ 100.427511126000056, -1.118525239, 0.0 ], [ 100.427463978000063, -1.11867896099992, 0.0 ], [ 100.427407388000091, -1.118870888999902, 0.0 ], [ 100.427294765000099, -1.119335660999988, 0.0 ], [ 100.427111722000049, -1.119742771999921, 0.0 ], [ 100.426883786000104, -1.120048295999976, 0.0 ], [ 100.426694697000087, -1.120265732999937, 0.0 ], [ 100.426473209000065, -1.120500836999939, 0.0 ], [ 100.426326232000065, -1.120730988999974, 0.0 ], [ 100.426130431000033, -1.120983752000016, 0.0 ], [ 100.425916098000059, -1.121270302000011, 0.0 ], [ 100.425598063000038, -1.121565435, 0.0 ], [ 100.425263928000021, -1.121789193999956, 0.0 ], [ 100.424949858000048, -1.121962747999928, 0.0 ], [ 100.424687203000076, -1.122127917999916, 0.0 ], [ 100.424398966000041, -1.122351158, 0.0 ], [ 100.424234233000078, -1.122520993999932, 0.0 ], [ 100.424044227000081, -1.122781513, 0.0 ], [ 100.423841937000049, -1.123108457999956, 0.0 ], [ 100.423693547000113, -1.123341948, 0.0 ], [ 100.423551940000024, -1.123549683999959, 0.0 ], [ 100.423345872000127, -1.123776373999974, 0.0 ], [ 100.42314771900007, -1.123943471999945, 0.0 ], [ 100.422861551000011, -1.124089779999971, 0.0 ], [ 100.422297949000011, -1.124335863999904, 0.0 ], [ 100.421795931000048, -1.124529235999916, 0.0 ], [ 100.421325216000085, -1.124666902999938, 0.0 ], [ 100.420918550000096, -1.124778756999956, 0.0 ], [ 100.420358566000047, -1.124849487999946, 0.0 ], [ 100.419969492000092, -1.12486004100002, 0.0 ], [ 100.41964476800004, -1.124847120999928, 0.0 ], [ 100.419390433000046, -1.124722677999935, 0.0 ], [ 100.41917121000003, -1.124545042999981, 0.0 ], [ 100.418976211000057, -1.124354898999969, 0.0 ], [ 100.418713672000095, -1.124202469999969, 0.0 ], [ 100.418421456, -1.124157937999926, 0.0 ], [ 100.418149344000128, -1.124179, 0.0 ], [ 100.417903450000026, -1.124246278999952, 0.0 ], [ 100.417613803000052, -1.12437387299994, 0.0 ], [ 100.417251122000053, -1.124642508999963, 0.0 ], [ 100.416909435000036, -1.124938168, 0.0 ], [ 100.416743357000058, -1.125072872999955, 0.0 ], [ 100.416580925000034, -1.125204625999932, 0.0 ], [ 100.416278790000078, -1.125368904999935, 0.0 ], [ 100.415928764000071, -1.125418140999924, 0.0 ], [ 100.415678377000049, -1.125393033999978, 0.0 ], [ 100.415310973000018, -1.125339917999935, 0.0 ], [ 100.415056649000036, -1.125361358999933, 0.0 ], [ 100.414820008000078, -1.125421875999966, 0.0 ], [ 100.414651580000083, -1.125524921999966, 0.0 ], [ 100.414369179000076, -1.125819330999989, 0.0 ], [ 100.414078185000079, -1.125967880999935, 0.0 ], [ 100.413782646000044, -1.126097389999903, 0.0 ], [ 100.413468797000107, -1.126219912999916, 0.0 ], [ 100.413247046000052, -1.12631289399997, 0.0 ], [ 100.413053959000067, -1.126413850999975, 0.0 ], [ 100.412897844000028, -1.126473799999961, 0.0 ], [ 100.412715331000115, -1.126547750999952, 0.0 ], [ 100.412555640000036, -1.12661869999996, 0.0 ], [ 100.412384812000113, -1.126734588999956, 0.0 ], [ 100.412237993000048, -1.126868590999941, 0.0 ], [ 100.412037917000106, -1.127077502, 0.0 ], [ 100.411872548000105, -1.127218924999974, 0.0 ], [ 100.411695841000039, -1.127320874999971, 0.0 ], [ 100.411422023000043, -1.127321008999982, 0.0 ], [ 100.410341160000044, -1.127104152999981, 0.0 ], [ 100.408773747000026, -1.126452766999908, 0.0 ], [ 100.407638818000095, -1.126181588999942, 0.0 ], [ 100.405801526000047, -1.126182481999927, 0.0 ], [ 100.404530588000043, -1.126339624999962, 0.0 ], [ 100.403252107000043, -1.127307071999984, 0.0 ], [ 100.40196615000005, -1.128955986999903, 0.0 ], [ 100.401015232000063, -1.13027331999992, 0.0 ], [ 100.400021004000052, -1.131607847999939, 0.0 ], [ 100.398936042000074, -1.132336036999971, 0.0 ], [ 100.397911228000098, -1.132761003999961, 0.0 ], [ 100.396916446000034, -1.132943402999953, 0.0 ], [ 100.395891443000053, -1.132974218999927, 0.0 ], [ 100.394836263000045, -1.132944410999948, 0.0 ], [ 100.393750660000109, -1.132338551, 0.0 ], [ 100.392423788000102, -1.131550890999933, 0.0 ], [ 100.391639835000078, -1.131308714999968, 0.0 ], [ 100.391187635000051, -1.131339252, 0.0 ], [ 100.391002002000064, -1.131371170999985, 0.0 ], [ 100.390938731000062, -1.131429845999954, 0.0 ], [ 100.390902956000033, -1.131523698, 0.0 ], [ 100.390894715000059, -1.131619337, 0.0 ], [ 100.390926284000017, -1.131700486999965, 0.0 ], [ 100.390958257000079, -1.131833713999886, 0.0 ], [ 100.390979276000039, -1.131984122999897, 0.0 ], [ 100.390990637000101, -1.132129036999985, 0.0 ], [ 100.390993651000073, -1.132255578999975, 0.0 ], [ 100.391029153, -1.13257873499989, 0.0 ], [ 100.391036396000061, -1.132676198999961, 0.0 ], [ 100.391031542000107, -1.132710071999921, 0.0 ], [ 100.391007586000072, -1.132764697, 0.0 ], [ 100.390884671000038, -1.132985042999935, 0.0 ], [ 100.390565282000068, -1.133520433999913, 0.0 ], [ 100.39051627500001, -1.133609183999973, 0.0 ], [ 100.390450769000012, -1.133704523999957, 0.0 ], [ 100.390362003000035, -1.133795890999967, 0.0 ], [ 100.390274998000038, -1.133853506999938, 0.0 ], [ 100.390187331000064, -1.133889738999916, 0.0 ], [ 100.390087772000086, -1.133915012999965, 0.0 ], [ 100.389871655000064, -1.133945887999944, 0.0 ], [ 100.3897336510001, -1.133961048999955, 0.0 ], [ 100.389609380000124, -1.133988819999943, 0.0 ], [ 100.389469644000101, -1.134033578999916, 0.0 ], [ 100.389347016000087, -1.13411401199991, 0.0 ], [ 100.389245862000067, -1.13419476999993, 0.0 ], [ 100.389187871000061, -1.134249342, 0.0 ], [ 100.389142509000038, -1.134291437999935, 0.0 ], [ 100.389065474000063, -1.134328491999981, 0.0 ], [ 100.388958602000102, -1.134357950999932, 0.0 ], [ 100.388778891000058, -1.134393906999976, 0.0 ], [ 100.388629691000062, -1.134459593, 0.0 ], [ 100.388514661000045, -1.134562607, 0.0 ], [ 100.388394147000028, -1.134714376999935, 0.0 ], [ 100.388067830000111, -1.135182182999917, 0.0 ], [ 100.387917445000099, -1.135366960999929, 0.0 ], [ 100.387791800000102, -1.135554987999943, 0.0 ], [ 100.387667981000064, -1.135737038999907, 0.0 ], [ 100.387505196000106, -1.135945714999942, 0.0 ], [ 100.387358460000129, -1.136146983999898, 0.0 ], [ 100.38719791700008, -1.136339382999918, 0.0 ], [ 100.38702282400007, -1.136504492, 0.0 ], [ 100.386807432000097, -1.136665793999925, 0.0 ], [ 100.386651028000031, -1.136805514999939, 0.0 ], [ 100.38654047700004, -1.136939645999935, 0.0 ], [ 100.386430704000105, -1.1370980899999, 0.0 ], [ 100.386306749000056, -1.137269530999963, 0.0 ], [ 100.386230560000058, -1.137383625999989, 0.0 ], [ 100.386122408000091, -1.137496647999925, 0.0 ], [ 100.386066831000022, -1.137541369999984, 0.0 ], [ 100.385807735000071, -1.137359569999952, 0.0 ], [ 100.38567325300005, -1.137246877999954, 0.0 ], [ 100.385551904000039, -1.137156629999947, 0.0 ], [ 100.385415416000029, -1.137048348999959, 0.0 ], [ 100.385183198000092, -1.136873555999974, 0.0 ], [ 100.385030533000077, -1.136823428, 0.0 ], [ 100.384857536000055, -1.136816919999906, 0.0 ], [ 100.384671466000029, -1.136788741999973, 0.0 ], [ 100.384550927000092, -1.136746510999942, 0.0 ], [ 100.384424795000044, -1.136672437999942, 0.0 ], [ 100.384153523000066, -1.136425928999885, 0.0 ], [ 100.383982078000102, -1.136310105999983, 0.0 ], [ 100.3837750040001, -1.136211576999913, 0.0 ], [ 100.383490963000057, -1.136175299999931, 0.0 ], [ 100.38315332900001, -1.136163657999945, 0.0 ], [ 100.382729824000052, -1.136233202000015, 0.0 ], [ 100.382543485999989, -1.136257959999932, 0.0 ], [ 100.382398533000085, -1.136233178999924, 0.0 ], [ 100.382299933000098, -1.136189608999961, 0.0 ], [ 100.382137286000045, -1.136090731999951, 0.0 ], [ 100.382000049000055, -1.136033843999951, 0.0 ], [ 100.381822592000034, -1.136003470999925, 0.0 ], [ 100.381679965000046, -1.135998222999935, 0.0 ], [ 100.381529809000057, -1.135997118999932, 0.0 ], [ 100.381378489000056, -1.135951403999969, 0.0 ], [ 100.38123815200008, -1.135843732999942, 0.0 ], [ 100.381153582000096, -1.13568031700001, 0.0 ], [ 100.38097793300004, -1.135190881999926, 0.0 ], [ 100.380956162000103, -1.134860935999982, 0.0 ], [ 100.380948522000011, -1.134580110999928, 0.0 ], [ 100.380935981000036, -1.134348155999921, 0.0 ], [ 100.380836464000069, -1.13418463999998, 0.0 ], [ 100.380704483000073, -1.134042779999967, 0.0 ], [ 100.380562848000068, -1.133956876999965, 0.0 ], [ 100.380362393000013, -1.133860229999962, 0.0 ], [ 100.380192858000015, -1.133771223999969, 0.0 ], [ 100.380068515000033, -1.133653881999941, 0.0 ], [ 100.379545104000059, -1.13321697199994, 0.0 ], [ 100.379373015000041, -1.133055852999932, 0.0 ], [ 100.379070366000036, -1.132739368999947, 0.0 ], [ 100.378731913000109, -1.132631245999971, 0.0 ], [ 100.378472198000026, -1.132644346, 0.0 ], [ 100.377855263000043, -1.132648104999945, 0.0 ], [ 100.376863999000093, -1.132518005999928, 0.0 ], [ 100.376455005000096, -1.132428885999926, 0.0 ], [ 100.376051452000098, -1.13233351499994, 0.0 ], [ 100.375779925000103, -1.132310870999931, 0.0 ], [ 100.375494016000076, -1.132335156999987, 0.0 ], [ 100.374803182000022, -1.132387452999962, 0.0 ], [ 100.374040358000059, -1.132273604999956, 0.0 ], [ 100.373319246000079, -1.132123011999931, 0.0 ], [ 100.373070003000066, -1.132068463999947, 0.0 ], [ 100.372798731000088, -1.132007559999971, 0.0 ], [ 100.372219641000044, -1.131866159, 0.0 ], [ 100.371744656, -1.131873593999988, 0.0 ], [ 100.371187594, -1.132003830000017, 0.0 ], [ 100.370204922000056, -1.132389444999949, 0.0 ], [ 100.368903285, -1.133057650999903, 0.0 ], [ 100.367583420000045, -1.133777924, 0.0 ], [ 100.365719746000124, -1.134609309999946, 0.0 ], [ 100.365609152000033, -1.134448140999933, 0.0 ], [ 100.365516987000049, -1.134322435999924, 0.0 ], [ 100.365436853000077, -1.13421445399996, 0.0 ], [ 100.365391957, -1.134112098999929, 0.0 ], [ 100.365358259000061, -1.133976687, 0.0 ], [ 100.365282880000038, -1.133773588999898, 0.0 ], [ 100.365233180000104, -1.133681708999934, 0.0 ], [ 100.365186706000074, -1.133626919999931, 0.0 ], [ 100.365145842000061, -1.133576154, 0.0 ], [ 100.365115377000038, -1.133511678999988, 0.0 ], [ 100.36509852000006, -1.133435911999936, 0.0 ], [ 100.365059227000089, -1.133328722999949, 0.0 ], [ 100.365006315000073, -1.133207024999916, 0.0 ], [ 100.364991863000029, -1.133123197, 0.0 ], [ 100.364996640000072, -1.133077246999926, 0.0 ], [ 100.36502544700005, -1.133016769999895, 0.0 ], [ 100.36517274600007, -1.132886111999921, 0.0 ], [ 100.365176585000128, -1.132881245999962, 0.0 ], [ 100.365179802000029, -1.132877168999891, 0.0 ], [ 100.365222373000094, -1.132823209999956, 0.0 ], [ 100.365260784000071, -1.132758702999948, 0.0 ], [ 100.365284760000108, -1.132665992999915, 0.0 ], [ 100.365311136000059, -1.132553120999902, 0.0 ], [ 100.36532072100006, -1.132491855999985, 0.0 ], [ 100.365307894000068, -1.132463642999959, 0.0 ], [ 100.365268650000104, -1.132458025999939, 0.0 ], [ 100.365152553000087, -1.132519340999949, 0.0 ], [ 100.365118918000064, -1.13253305999993, 0.0 ], [ 100.365094097000053, -1.132531461999975, 0.0 ], [ 100.365040420000042, -1.132504886999908, 0.0 ], [ 100.364975084000065, -1.132451750999953, 0.0 ], [ 100.364951481000062, -1.132432554999963, 0.0 ], [ 100.364948289000068, -1.132429959000015, 0.0 ], [ 100.364866557000056, -1.132341322999964, 0.0 ], [ 100.364715928000109, -1.132193070999954, 0.0 ], [ 100.364480398000069, -1.13204083299997, 0.0 ], [ 100.36422327000011, -1.131933739, 0.0 ], [ 100.363904487000028, -1.131861343999952, 0.0 ], [ 100.363735489000078, -1.131822729999954, 0.0 ], [ 100.363651369000053, -1.131805674999964, 0.0 ], [ 100.36356889200006, -1.131788953999913, 0.0 ], [ 100.363560952000029, -1.13178808899993, 0.0 ], [ 100.363458359000063, -1.131776913999983, 0.0 ], [ 100.363363556000124, -1.131780231999902, 0.0 ], [ 100.363351393000102, -1.131780657999937, 0.0 ], [ 100.363318208000109, -1.131781818999944, 0.0 ], [ 100.363162847000041, -1.131793975999885, 0.0 ], [ 100.362932383000071, -1.131816224999949, 0.0 ], [ 100.362897169000078, -1.131819624999964, 0.0 ], [ 100.362550214000066, -1.131853119999982, 0.0 ], [ 100.362337983, -1.131869338999903, 0.0 ], [ 100.362229070000055, -1.131881481999931, 0.0 ], [ 100.362148204000022, -1.131916984999937, 0.0 ], [ 100.362045729000073, -1.131993613999971, 0.0 ], [ 100.361923245000057, -1.132096853999898, 0.0 ], [ 100.361761417000082, -1.132237061999953, 0.0 ], [ 100.36172188400009, -1.132271312999944, 0.0 ], [ 100.361637446000032, -1.132344470999958, 0.0 ], [ 100.361432501000039, -1.132512238999895, 0.0 ], [ 100.361253984000101, -1.132683213999919, 0.0 ], [ 100.361196557000056, -1.132746047999967, 0.0 ], [ 100.361176706000023, -1.132767767999987, 0.0 ], [ 100.361105100000046, -1.132846115999897, 0.0 ], [ 100.36099474600006, -1.132953965999939, 0.0 ], [ 100.360987313000066, -1.13296123, 0.0 ], [ 100.360944999000125, -1.133002583999965, 0.0 ], [ 100.360842530000085, -1.133091297999933, 0.0 ], [ 100.360814223000048, -1.133107655999955, 0.0 ], [ 100.360811884000029, -1.133109006999978, 0.0 ], [ 100.360728034000019, -1.133157459, 0.0 ], [ 100.360618330000094, -1.133188951999931, 0.0 ], [ 100.360503015000049, -1.133212376999915, 0.0 ], [ 100.360390896000098, -1.133226937999965, 0.0 ], [ 100.360287588000077, -1.133235053999926, 0.0 ], [ 100.360235522000039, -1.133212504000014, 0.0 ], [ 100.360220285000111, -1.133162528999965, 0.0 ], [ 100.36022345100011, -1.13309078599998, 0.0 ], [ 100.360266150000086, -1.132991977999976, 0.0 ], [ 100.360266654000043, -1.132990811999968, 0.0 ], [ 100.360269202000069, -1.132985579999979, 0.0 ], [ 100.360308264000111, -1.132905347, 0.0 ], [ 100.360317005000027, -1.132865658999916, 0.0 ], [ 100.360318080000027, -1.132860778999956, 0.0 ], [ 100.360330636000086, -1.132803764999946, 0.0 ], [ 100.360328205000073, -1.132735241999961, 0.0 ], [ 100.360311679000034, -1.132637619999966, 0.0 ], [ 100.360305892000085, -1.13260343699998, 0.0 ], [ 100.360292865000076, -1.13252648, 0.0 ], [ 100.36022459900002, -1.132101691999943, 0.0 ], [ 100.360197710000108, -1.131861224999942, 0.0 ], [ 100.360194438000107, -1.131831958999919, 0.0 ], [ 100.360193232000086, -1.131821175, 0.0 ], [ 100.360191552000046, -1.131668021999944, 0.0 ], [ 100.360194703000033, -1.131543067999908, 0.0 ], [ 100.360212262000061, -1.131409251999938, 0.0 ], [ 100.360233841000081, -1.131322982, 0.0 ], [ 100.360280243, -1.131220583999959, 0.0 ], [ 100.360329855000032, -1.131128665999904, 0.0 ], [ 100.36036282, -1.131094823999946, 0.0 ], [ 100.360370017000065, -1.131087435999956, 0.0 ], [ 100.360456335, -1.130998823, 0.0 ], [ 100.36054599700006, -1.130922198999962, 0.0 ], [ 100.360637541000088, -1.130853219999939, 0.0 ], [ 100.360638062000035, -1.130852827999907, 0.0 ], [ 100.36064318000011, -1.130846649999929, 0.0 ], [ 100.360722904000042, -1.130750410999959, 0.0 ], [ 100.36076609900006, -1.130634311999946, 0.0 ], [ 100.360782864000029, -1.130511773999932, 0.0 ], [ 100.360798767000105, -1.130273972999974, 0.0 ], [ 100.360823010000061, -1.129832785999974, 0.0 ], [ 100.360824205000071, -1.129811040999951, 0.0 ], [ 100.360831325000035, -1.129681464999977, 0.0 ], [ 100.360827184000058, -1.129376749999989, 0.0 ], [ 100.360826316000072, -1.129230046000019, 0.0 ], [ 100.360844691000082, -1.129127659999896, 0.0 ], [ 100.360895892000059, -1.129011556999971, 0.0 ], [ 100.360972713000109, -1.128876897999931, 0.0 ], [ 100.361004091000041, -1.128811866999968, 0.0 ], [ 100.361006038000113, -1.128807832999901, 0.0 ], [ 100.361029512000101, -1.128759182999961, 0.0 ], [ 100.361075118000045, -1.128649529999948, 0.0 ], [ 100.361111092, -1.128519729999955, 0.0 ], [ 100.361139877000085, -1.128409270999964, 0.0 ], [ 100.361140359000032, -1.128402563999942, 0.0 ], [ 100.361142967000063, -1.128366289999961, 0.0 ], [ 100.361148627, -1.12828755199993, 0.0 ], [ 100.361154956000078, -1.128093029, 0.0 ], [ 100.361155068000087, -1.128089589999981, 0.0 ], [ 100.361157308000102, -1.128020719999967, 0.0 ], [ 100.361179687000089, -1.127913502999978, 0.0 ], [ 100.361233289000083, -1.127799812999986, 0.0 ], [ 100.361332546000128, -1.127679651999903, 0.0 ], [ 100.361395785000113, -1.12761271999996, 0.0 ], [ 100.361456605000086, -1.12752160099997, 0.0 ], [ 100.36149020400002, -1.127448222999939, 0.0 ], [ 100.361530221000052, -1.127376461999952, 0.0 ], [ 100.361621455000048, -1.127240187999957, 0.0 ], [ 100.361660216000061, -1.127191068999978, 0.0 ], [ 100.361674217000058, -1.12717332700002, 0.0 ], [ 100.362006445000105, -1.126752316999913, 0.0 ], [ 100.362477117000054, -1.126226506999928, 0.0 ], [ 100.362852491000027, -1.125735409999973, 0.0 ], [ 100.362889874000103, -1.12568932799998, 0.0 ], [ 100.362897110000077, -1.125680408999952, 0.0 ], [ 100.363260704000055, -1.125232207, 0.0 ], [ 100.363500812000026, -1.124914488999907, 0.0 ], [ 100.363602476, -1.124812064999959, 0.0 ], [ 100.36370095500007, -1.12473947, 0.0 ], [ 100.36384666500004, -1.124649922999954, 0.0 ], [ 100.363967569000096, -1.12458940200001, 0.0 ], [ 100.364101286000064, -1.124527273999932, 0.0 ], [ 100.364415977000078, -1.124421519999975, 0.0 ], [ 100.3644195830001, -1.124420213999955, 0.0 ], [ 100.364429823000066, -1.124416504999915, 0.0 ], [ 100.364600948000017, -1.124354529999938, 0.0 ], [ 100.364686292000059, -1.124345018999951, 0.0 ], [ 100.364820359000049, -1.124379308999946, 0.0 ], [ 100.364850984, -1.124393614999975, 0.0 ], [ 100.364868684000044, -1.124401882999948, 0.0 ], [ 100.364941039000087, -1.124435681, 0.0 ], [ 100.365067398000065, -1.12447037600002, 0.0 ], [ 100.365123872000112, -1.124485882999971, 0.0 ], [ 100.365240233000065, -1.124493205999955, 0.0 ], [ 100.365278649000047, -1.124495623999977, 0.0 ], [ 100.365430983000039, -1.124485738999959, 0.0 ], [ 100.36551994200002, -1.124463618999905, 0.0 ], [ 100.365675315, -1.124368957999978, 0.0 ], [ 100.365677115000054, -1.124367860999976, 0.0 ], [ 100.365689245000084, -1.124362451999972, 0.0 ], [ 100.36581479600008, -1.124306463999958, 0.0 ], [ 100.366003683000073, -1.124278165999926, 0.0 ], [ 100.366118248000049, -1.124285464, 0.0 ], [ 100.366209680000068, -1.124344302999892, 0.0 ], [ 100.366211463000042, -1.124347073999943, 0.0 ], [ 100.366221445000065, -1.124362587999983, 0.0 ], [ 100.366263337000063, -1.124427696999953, 0.0 ], [ 100.366287769000053, -1.124539313999951, 0.0 ], [ 100.366312191000119, -1.124653382999974, 0.0 ], [ 100.366330513000037, -1.124681628999913, 0.0 ], [ 100.366334377000086, -1.124687585999962, 0.0 ], [ 100.366385371000035, -1.124766198999983, 0.0 ], [ 100.366492661000038, -1.124859381999966, 0.0 ], [ 100.366626757000034, -1.124935375999947, 0.0 ], [ 100.366925407000053, -1.125078754999909, 0.0 ], [ 100.367137505000102, -1.125182922999913, 0.0 ], [ 100.36727770800006, -1.125292025999969, 0.0 ], [ 100.367380149000013, -1.125428145999952, 0.0 ], [ 100.367472842000041, -1.125590019999934, 0.0 ], [ 100.367569197000108, -1.125743307999916, 0.0 ], [ 100.367675274000092, -1.125854888999911, 0.0 ], [ 100.367822769000043, -1.125917380000019, 0.0 ], [ 100.367984859000046, -1.125919755999949, 0.0 ], [ 100.368200564000034, -1.125917203, 0.0 ], [ 100.368323651000097, -1.125896295999962, 0.0 ], [ 100.368462563000051, -1.125854515999969, 0.0 ], [ 100.368610011000072, -1.125833597999926, 0.0 ], [ 100.368723360000047, -1.125832316, 0.0 ], [ 100.368864718000012, -1.125818752999941, 0.0 ], [ 100.368984128000122, -1.125769629999962, 0.0 ], [ 100.369119381000033, -1.125708233999945, 0.0 ], [ 100.369235145000019, -1.125687322, 0.0 ], [ 100.369370413000112, -1.125674992999948, 0.0 ], [ 100.369459376000094, -1.125660235999971, 0.0 ], [ 100.369688463000045, -1.125586521999911, 0.0 ], [ 100.37005794600006, -1.125412707999918, 0.0 ], [ 100.370492526000049, -1.125156853999976, 0.0 ], [ 100.37074718500007, -1.124961096999944, 0.0 ], [ 100.370870755000084, -1.124894559999945, 0.0 ], [ 100.370983029000044, -1.124885960999944, 0.0 ], [ 100.371073611000085, -1.124894464999938, 0.0 ], [ 100.371149112000111, -1.124937164999918, 0.0 ], [ 100.371233113000045, -1.124995055999912, 0.0 ], [ 100.371335961000028, -1.125006403999962, 0.0 ], [ 100.37144257500006, -1.124998755999951, 0.0 ], [ 100.371500117000025, -1.12497118899998, 0.0 ], [ 100.371577450000117, -1.124896125999986, 0.0 ], [ 100.371692530000047, -1.124835290999926, 0.0 ], [ 100.371834034000116, -1.124782990999951, 0.0 ], [ 100.371973660000037, -1.124750635999939, 0.0 ], [ 100.372047242000079, -1.124724959999946, 0.0 ], [ 100.372079280000065, -1.12463662299992, 0.0 ], [ 100.372108478000087, -1.124527393999942, 0.0 ], [ 100.372145240000108, -1.12445330099994, 0.0 ], [ 100.372217871000075, -1.124409581999964, 0.0 ], [ 100.372323528000024, -1.124374392999894, 0.0 ], [ 100.372424448000032, -1.12429741999992, 0.0 ], [ 100.372474438000083, -1.124260358999963, 0.0 ], [ 100.372524436000035, -1.124243239999967, 0.0 ], [ 100.372695208000053, -1.124233662999885, 0.0 ], [ 100.37285371900002, -1.124234536999958, 0.0 ], [ 100.372971663, -1.12424397799994, 0.0 ], [ 100.37301696900002, -1.124281943999972, 0.0 ], [ 100.373046269000056, -1.1243873469999, 0.0 ], [ 100.373044451000084, -1.12453739899997, 0.0 ], [ 100.373050184000107, -1.12469124599991, 0.0 ], [ 100.373084191, -1.124776700999964, 0.0 ], [ 100.373121001000101, -1.124804224999932, 0.0 ], [ 100.373267264000035, -1.12484404199994, 0.0 ], [ 100.373373920000077, -1.124923766999964, 0.0 ], [ 100.373402257000109, -1.124994028999915, 0.0 ], [ 100.373409840000107, -1.125068101999916, 0.0 ], [ 100.373463633000128, -1.125093719, 0.0 ], [ 100.373581571000017, -1.125091761999919, 0.0 ], [ 100.37359946400008, -1.125020527999976, 0.0 ], [ 100.373597507000099, -1.124869528, 0.0 ], [ 100.37360124600005, -1.124792600999947, 0.0 ], [ 100.373650281000025, -1.124735595999938, 0.0 ], [ 100.373745548000088, -1.124674770999968, 0.0 ], [ 100.373785142000074, -1.124603525999935, 0.0 ], [ 100.373786043000067, -1.124513304999931, 0.0 ], [ 100.373755821000046, -1.124450638999986, 0.0 ], [ 100.373688771, -1.12432056399997, 0.0 ], [ 100.373680241000017, -1.124236994999895, 0.0 ], [ 100.373688701000091, -1.124171461999979, 0.0 ], [ 100.37371833800006, -1.124154869999939, 0.0 ], [ 100.373722659000066, -1.124152453, 0.0 ], [ 100.373825493000041, -1.12413246099995, 0.0 ], [ 100.373952872000103, -1.124139048999962, 0.0 ], [ 100.374011382000063, -1.124167510999919, 0.0 ], [ 100.374066121000055, -1.124199774000012, 0.0 ], [ 100.374116130000019, -1.124204498999959, 0.0 ], [ 100.374160464000042, -1.124181685999937, 0.0 ], [ 100.374285006000051, -1.124175927999905, 0.0 ], [ 100.374442575000032, -1.124178702999957, 0.0 ], [ 100.374509553000067, -1.124153979999954, 0.0 ], [ 100.37450765300008, -1.124128337999964, 0.0 ], [ 100.374505755000101, -1.124102697999974, 0.0 ], [ 100.374460439000089, -1.124045738999969, 0.0 ], [ 100.3744283300001, -1.123981173999955, 0.0 ], [ 100.37444057600004, -1.123942231999931, 0.0 ], [ 100.374498129000102, -1.123935555999911, 0.0 ], [ 100.374660417000115, -1.12394592699997, 0.0 ], [ 100.374792507000024, -1.123940164999937, 0.0 ], [ 100.374838723000039, -1.123906904999939, 0.0 ], [ 100.374843417000065, -1.123853719999979, 0.0 ], [ 100.37480187700001, -1.123800555999932, 0.0 ], [ 100.374550816000109, -1.123617385999965, 0.0 ], [ 100.374151597000022, -1.123378252999985, 0.0 ], [ 100.373906189000053, -1.123177033999945, 0.0 ], [ 100.373632478000061, -1.122982477999924, 0.0 ], [ 100.373593777000053, -1.122946407999959, 0.0 ], [ 100.373564509000033, -1.122903685999977, 0.0 ], [ 100.373539, -1.122832470999946, 0.0 ], [ 100.373529527000073, -1.12274795299997, 0.0 ], [ 100.373532318000031, -1.122666277999962, 0.0 ], [ 100.373559646000075, -1.12259313999995, 0.0 ], [ 100.373608666000038, -1.122501945999955, 0.0 ], [ 100.373636926000074, -1.122404114999942, 0.0 ], [ 100.373649159000109, -1.122331932999921, 0.0 ], [ 100.373694406000126, -1.122241689999915, 0.0 ], [ 100.373787758000034, -1.122124834999927, 0.0 ], [ 100.37386320400006, -1.122047873999954, 0.0 ], [ 100.373930136000084, -1.121923433999961, 0.0 ], [ 100.373969724000077, -1.121839841999972, 0.0 ], [ 100.37398383900009, -1.121760060999944, 0.0 ], [ 100.373992309000073, -1.121713522999912, 0.0 ], [ 100.374036608000011, -1.12161283499993, 0.0 ], [ 100.374080919000036, -1.121541586999986, 0.0 ], [ 100.374149768000052, -1.121482672999908, 0.0 ], [ 100.374266716000051, -1.121377201999974, 0.0 ], [ 100.374378018000101, -1.121307822999918, 0.0 ], [ 100.374439323000033, -1.121257461000014, 0.0 ], [ 100.374470426000116, -1.121187167999971, 0.0 ], [ 100.37447412800006, -1.121030467999973, 0.0 ], [ 100.374473164000079, -1.121013983999942, 0.0 ], [ 100.374472072000074, -1.12099531, 0.0 ], [ 100.374466518000062, -1.120900363999955, 0.0 ], [ 100.374446970000037, -1.120783571999973, 0.0 ], [ 100.37444665000001, -1.120781662, 0.0 ], [ 100.374444075000071, -1.120772243000013, 0.0 ], [ 100.374409789000069, -1.120646823999938, 0.0 ], [ 100.374388505000084, -1.120600972999964, 0.0 ], [ 100.374384502000026, -1.120592348999961, 0.0 ], [ 100.374337065000091, -1.120490159999943, 0.0 ], [ 100.374337029000088, -1.120489920999924, 0.0 ], [ 100.374335440000053, -1.120479438999944, 0.0 ], [ 100.374312462, -1.120327869999927, 0.0 ], [ 100.374312458000105, -1.120327775, 0.0 ], [ 100.374309597000035, -1.120252845999937, 0.0 ], [ 100.374312233000083, -1.120182176999951, 0.0 ], [ 100.37431263400002, -1.12017142999995, 0.0 ], [ 100.374313320000084, -1.120153030999938, 0.0 ], [ 100.374334992000101, -1.120088441999923, 0.0 ], [ 100.374395330000112, -1.11998774599994, 0.0 ], [ 100.374481167000027, -1.119940222, 0.0 ], [ 100.374604764000125, -1.119934465999973, 0.0 ], [ 100.374709327000076, -1.119956778999954, 0.0 ], [ 100.374719397000021, -1.119958927999954, 0.0 ], [ 100.374755742, -1.119966683999974, 0.0 ], [ 100.37491428800007, -1.120042582999948, 0.0 ], [ 100.374979567000054, -1.120085092999912, 0.0 ], [ 100.37500766900007, -1.120103393, 0.0 ], [ 100.375100628000027, -1.120163927999951, 0.0 ], [ 100.375121987000028, -1.120177836999948, 0.0 ], [ 100.375314465000045, -1.120303178999927, 0.0 ], [ 100.375341887, -1.120321036999983, 0.0 ], [ 100.375492838000071, -1.120419335999945, 0.0 ], [ 100.375840134000029, -1.120596764999971, 0.0 ], [ 100.376090222000116, -1.120719155999972, 0.0 ], [ 100.376336553000058, -1.12087858699993, 0.0 ], [ 100.376522490000085, -1.121016203999948, 0.0 ], [ 100.37654617200009, -1.121035192, 0.0 ], [ 100.37655782200008, -1.121044532999982, 0.0 ], [ 100.376736748000042, -1.121187995999951, 0.0 ], [ 100.376934005000024, -1.121322758, 0.0 ], [ 100.377130302000097, -1.121418583999934, 0.0 ], [ 100.377358676000085, -1.121513443999967, 0.0 ], [ 100.377487746000014, -1.121574700999973, 0.0 ], [ 100.377506153000112, -1.121583436999985, 0.0 ], [ 100.377764477000085, -1.121706038999915, 0.0 ], [ 100.378215605000022, -1.121981234999947, 0.0 ], [ 100.378458165000012, -1.122147315999922, 0.0 ], [ 100.378643166000046, -1.122302026999933, 0.0 ], [ 100.378791382000045, -1.122480496999956, 0.0 ], [ 100.378887585000101, -1.122626741999977, 0.0 ], [ 100.378893712000078, -1.122636055999949, 0.0 ], [ 100.37891129300003, -1.122662780999939, 0.0 ], [ 100.379037822000015, -1.122872601999981, 0.0 ], [ 100.379234184000012, -1.123106130999941, 0.0 ], [ 100.379399392, -1.123307385999984, 0.0 ], [ 100.37958631, -1.123525725000019, 0.0 ], [ 100.379735464000092, -1.123694698999967, 0.0 ], [ 100.379925185000076, -1.123854156999927, 0.0 ], [ 100.380080909000071, -1.123948101999972, 0.0 ], [ 100.380314182000106, -1.124077467999929, 0.0 ], [ 100.380318737000039, -1.124079993999961, 0.0 ], [ 100.380321941000034, -1.124082061999954, 0.0 ], [ 100.380621697000052, -1.124275485999971, 0.0 ], [ 100.380749116000032, -1.124372292999987, 0.0 ], [ 100.380874670000111, -1.124512786999976, 0.0 ], [ 100.380965318000065, -1.124665643999923, 0.0 ], [ 100.381038993000033, -1.124836551999942, 0.0 ], [ 100.38107379700007, -1.124967290999924, 0.0 ], [ 100.381074039000097, -1.12496820099991, 0.0 ], [ 100.381082471000084, -1.124999877999955, 0.0 ], [ 100.381083102000048, -1.125002744999926, 0.0 ], [ 100.381117456000041, -1.125159408999921, 0.0 ], [ 100.381193008000082, -1.125310371999977, 0.0 ], [ 100.38124495800011, -1.125430957999918, 0.0 ], [ 100.381251625000047, -1.125560112999946, 0.0 ], [ 100.381230928000022, -1.125690228999965, 0.0 ], [ 100.381214009000033, -1.125825092999933, 0.0 ], [ 100.381212167000058, -1.125923860999934, 0.0 ], [ 100.381216934000108, -1.126027374999972, 0.0 ], [ 100.381267046000076, -1.126252426999941, 0.0 ], [ 100.381301058000048, -1.126348327999971, 0.0 ], [ 100.381322772000061, -1.126377757999919, 0.0 ], [ 100.381395448000035, -1.126429005999985, 0.0 ], [ 100.38154079300007, -1.126523905999933, 0.0 ], [ 100.38170125800012, -1.126669130999958, 0.0 ], [ 100.381819268000115, -1.126818174999944, 0.0 ], [ 100.381896691000037, -1.126934, 0.0 ], [ 100.381958091000058, -1.127086869999972, 0.0 ], [ 100.381996863000069, -1.127272989999917, 0.0 ], [ 100.382028070000075, -1.127423026999986, 0.0 ], [ 100.382069641000044, -1.127540766999958, 0.0 ], [ 100.382157446000022, -1.127666084999935, 0.0 ], [ 100.38228487, -1.127773336999927, 0.0 ], [ 100.382288794000061, -1.127776775999945, 0.0 ], [ 100.382417017000094, -1.127889136, 0.0 ], [ 100.382500105000048, -1.128014454999982, 0.0 ], [ 100.382524040000078, -1.128081952999971, 0.0 ], [ 100.382563405000042, -1.128192964999919, 0.0 ], [ 100.382585202000072, -1.128396187999948, 0.0 ], [ 100.382586256000067, -1.128628859999925, 0.0 ], [ 100.382586349000078, -1.128827344999917, 0.0 ], [ 100.382589247000055, -1.128969795999979, 0.0 ], [ 100.382623250000023, -1.129044804999968, 0.0 ], [ 100.382675154000054, -1.129068522999977, 0.0 ], [ 100.382709121000019, -1.129068506999976, 0.0 ], [ 100.382755347000028, -1.129057088, 0.0 ], [ 100.382821362000072, -1.128992477999902, 0.0 ], [ 100.382939241000059, -1.128864213999948, 0.0 ], [ 100.383055239000058, -1.128749246999939, 0.0 ], [ 100.383218404000061, -1.128616211999945, 0.0 ], [ 100.3833862850001, -1.128480325999893, 0.0 ], [ 100.383417744000027, -1.128465914999944, 0.0 ], [ 100.383583436000066, -1.12839001299997, 0.0 ], [ 100.383811752000042, -1.128359512999933, 0.0 ], [ 100.384027814000063, -1.128350861999928, 0.0 ], [ 100.384188212000097, -1.128354584999969, 0.0 ], [ 100.384349553000035, -1.128355456999953, 0.0 ], [ 100.384488261000058, -1.128378181999968, 0.0 ], [ 100.38461757, -1.128480685999922, 0.0 ], [ 100.384778048000058, -1.128652502999928, 0.0 ], [ 100.384909251000067, -1.128766401999937, 0.0 ], [ 100.385001735000088, -1.128806244999947, 0.0 ], [ 100.38505362600003, -1.128805269999956, 0.0 ], [ 100.38509891300005, -1.128800499999916, 0.0 ], [ 100.385133786, -1.128721658999965, 0.0 ], [ 100.385147876000104, -1.128589646999967, 0.0 ], [ 100.385175138000051, -1.12837785299994, 0.0 ], [ 100.385194875000082, -1.128217346999983, 0.0 ], [ 100.385265570000072, -1.128069161999979, 0.0 ], [ 100.385347596000102, -1.127946614999964, 0.0 ], [ 100.385526622000086, -1.127759377999927, 0.0 ], [ 100.385630087000024, -1.127648620999911, 0.0 ], [ 100.385721167000014, -1.127570432999925, 0.0 ], [ 100.385799851000044, -1.127504730999907, 0.0 ], [ 100.385839192, -1.127469979999963, 0.0 ], [ 100.385907639000081, -1.127416765, 0.0 ], [ 100.386006827000116, -1.127383613999922, 0.0 ], [ 100.386093629000101, -1.12737977499996, 0.0 ], [ 100.386145931000073, -1.127388431999965, 0.0 ], [ 100.386378961000091, -1.127638493999961, 0.0 ], [ 100.386442068000065, -1.127693274999964, 0.0 ], [ 100.386480348000035, -1.127695425999964, 0.0 ], [ 100.386527238000014, -1.12765958799993, 0.0 ], [ 100.386548223000062, -1.127571662999938, 0.0 ], [ 100.386606955000033, -1.127497289, 0.0 ], [ 100.386710454000067, -1.127457623999917, 0.0 ], [ 100.386817730000061, -1.12742772499993, 0.0 ], [ 100.386899134000046, -1.127411406, 0.0 ], [ 100.386994536000032, -1.127355464999902, 0.0 ], [ 100.387070535000106, -1.127308216, 0.0 ], [ 100.387158923000044, -1.127242508999971, 0.0 ], [ 100.387244627000129, -1.127196882999926, 0.0 ], [ 100.387294742000094, -1.127141505999963, 0.0 ], [ 100.387321137000058, -1.12709102499996, 0.0 ], [ 100.387342135000026, -1.127030235, 0.0 ], [ 100.387354497000061, -1.126950996999921, 0.0 ], [ 100.387350680000011, -1.126860372999972, 0.0 ], [ 100.387352256000057, -1.126772458999981, 0.0 ], [ 100.387357611000056, -1.126694852999955, 0.0 ], [ 100.387371598000058, -1.126630809999896, 0.0 ], [ 100.387392604000112, -1.126584672999987, 0.0 ], [ 100.387420623000125, -1.126551012999955, 0.0 ], [ 100.387487458000052, -1.126508109999958, 0.0 ], [ 100.387526811000029, -1.126498865, 0.0 ], [ 100.387603212000045, -1.126500750999971, 0.0 ], [ 100.387613076000051, -1.126500995, 0.0 ], [ 100.3877391340001, -1.126530102999912, 0.0 ], [ 100.387818404000086, -1.126564253999985, 0.0 ], [ 100.387893625000089, -1.126584568999889, 0.0 ], [ 100.387921123000055, -1.126586996999912, 0.0 ], [ 100.387941332000125, -1.126567450999983, 0.0 ], [ 100.387950199000059, -1.126507209999972, 0.0 ], [ 100.387950156000059, -1.126412783999975, 0.0 ], [ 100.387958190000106, -1.126302074999963, 0.0 ], [ 100.388020378000093, -1.126125402999912, 0.0 ], [ 100.388057534000055, -1.126027704, 0.0 ], [ 100.388122152000079, -1.125861612999935, 0.0 ], [ 100.388148746000056, -1.12566054, 0.0 ], [ 100.388170507000083, -1.12550505299992, 0.0 ], [ 100.388184162000059, -1.125308867999942, 0.0 ], [ 100.388183302000073, -1.125198976, 0.0 ], [ 100.388176779000062, -1.125084204, 0.0 ], [ 100.388170952000024, -1.125002713999923, 0.0 ], [ 100.388167822000042, -1.124958849999936, 0.0 ], [ 100.388178261000107, -1.124797669999922, 0.0 ], [ 100.388200842000103, -1.124666603, 0.0 ], [ 100.388263872000081, -1.12455993699997, 0.0 ], [ 100.388331781000019, -1.124510248999944, 0.0 ], [ 100.388375426000067, -1.124454061999914, 0.0 ], [ 100.388379430000043, -1.124371028999971, 0.0 ], [ 100.388339764000051, -1.124288834, 0.0 ], [ 100.38828310500007, -1.124186293999963, 0.0 ], [ 100.388223232000087, -1.124129342999958, 0.0 ], [ 100.388110799000032, -1.124085438999967, 0.0 ], [ 100.387935280000065, -1.124027727999899, 0.0 ], [ 100.387601313000062, -1.123876535999913, 0.0 ], [ 100.387381536000078, -1.12372062099998, 0.0 ], [ 100.387242661000045, -1.123627074999967, 0.0 ], [ 100.387072788000026, -1.123537614999937, 0.0 ], [ 100.386924480000104, -1.123450856999953, 0.0 ], [ 100.386812581000086, -1.123395285999973, 0.0 ], [ 100.386737078000053, -1.123347837999956, 0.0 ], [ 100.386660256000084, -1.12336279799995, 0.0 ], [ 100.38656728600003, -1.123432035, 0.0 ], [ 100.386505326000062, -1.123522962999968, 0.0 ], [ 100.386386044000048, -1.123584676999923, 0.0 ], [ 100.386244656000073, -1.123597162999979, 0.0 ], [ 100.386208717000031, -1.123606224999929, 0.0 ], [ 100.386154802000107, -1.123606249999932, 0.0 ], [ 100.386116451000035, -1.123602573999983, 0.0 ], [ 100.386056534000048, -1.123595422999924, 0.0 ], [ 100.386008023000031, -1.12357390899992, 0.0 ], [ 100.385966079000028, -1.123561116999928, 0.0 ], [ 100.385948094000057, -1.123533992, 0.0 ], [ 100.385921124000035, -1.123506870999969, 0.0 ], [ 100.385903135000063, -1.123470701, 0.0 ], [ 100.3858671710001, -1.123425494999897, 0.0 ], [ 100.385849186000129, -1.123398369999962, 0.0 ], [ 100.385831189000058, -1.123344110999914, 0.0 ], [ 100.385768254000098, -1.123271783999969, 0.0 ], [ 100.385705307000123, -1.123172322999911, 0.0 ], [ 100.385642359000073, -1.123072862999941, 0.0 ], [ 100.38560637800002, -1.122991477999958, 0.0 ], [ 100.385597383000075, -1.122973392999971, 0.0 ], [ 100.385552378000085, -1.122810612, 0.0 ], [ 100.385534376000109, -1.122747307999917, 0.0 ], [ 100.385489426000021, -1.122702106, 0.0 ], [ 100.385462434000019, -1.122629761999961, 0.0 ], [ 100.385417471000025, -1.122557426999927, 0.0 ], [ 100.385381507000062, -1.122512221, 0.0 ], [ 100.385318559000012, -1.122412759999947, 0.0 ], [ 100.385237614000062, -1.122259039999929, 0.0 ], [ 100.385183636000036, -1.122123396999897, 0.0 ], [ 100.385158552000092, -1.122082001999936, 0.0 ], [ 100.385075759000088, -1.12202395699993, 0.0 ], [ 100.385021785000063, -1.121897357999935, 0.0 ], [ 100.384967827000125, -1.121806938, 0.0 ], [ 100.384940827000023, -1.121716503999981, 0.0 ], [ 100.384913848000096, -1.121671293999971, 0.0 ], [ 100.384859895000076, -1.121589917999899, 0.0 ], [ 100.384832904000064, -1.121517573999953, 0.0 ], [ 100.384796856, -1.121409723999911, 0.0 ], [ 100.384780164000048, -1.121304437999904, 0.0 ], [ 100.384778853000029, -1.121228171999989, 0.0 ], [ 100.384787800000055, -1.121146765999915, 0.0 ], [ 100.384777675000109, -1.121067525999931, 0.0 ], [ 100.384796697000084, -1.12095682499992, 0.0 ], [ 100.384823637000096, -1.120920633999945, 0.0 ], [ 100.384832602000031, -1.120875405999933, 0.0 ], [ 100.384886483000059, -1.120803023999984, 0.0 ], [ 100.384913419000057, -1.120757787999971, 0.0 ], [ 100.384967317000076, -1.120721584, 0.0 ], [ 100.38503917400007, -1.120658236999906, 0.0 ], [ 100.385084073000058, -1.120594902999906, 0.0 ], [ 100.385155892000057, -1.12045015499992, 0.0 ], [ 100.385209764000066, -1.120359682999983, 0.0 ], [ 100.385299554000127, -1.120214926999908, 0.0 ], [ 100.385362391000086, -1.12007922799996, 0.0 ], [ 100.385443208000112, -1.119961609, 0.0 ], [ 100.385470131000034, -1.119889238999961, 0.0 ], [ 100.385479075000063, -1.119798788999938, 0.0 ], [ 100.3855815040001, -1.119530656999957, 0.0 ], [ 100.38558412600004, -1.11937599299995, 0.0 ], [ 100.385580030000057, -1.119262031999935, 0.0 ], [ 100.385561098000011, -1.119131798999907, 0.0 ], [ 100.385519265000099, -1.11902871, 0.0 ], [ 100.385470715000082, -1.118971752999898, 0.0 ], [ 100.385408694, -1.118931081, 0.0 ], [ 100.38536151000001, -1.118913466999961, 0.0 ], [ 100.385333145000061, -1.118862206999983, 0.0 ], [ 100.385323133000028, -1.118819744999933, 0.0 ], [ 100.385257421000105, -1.118796342999951, 0.0 ], [ 100.385201980000048, -1.118765588999982, 0.0 ], [ 100.38516178, -1.118630942999943, 0.0 ], [ 100.385199891000056, -1.118469362999986, 0.0 ], [ 100.385307614000084, -1.118243196000013, 0.0 ], [ 100.385361398, -1.117962787, 0.0 ], [ 100.385478082000063, -1.117682348999971, 0.0 ], [ 100.385525078000043, -1.117396772999968, 0.0 ], [ 100.385528400000055, -1.117385824999951, 0.0 ], [ 100.385643665, -1.117238218, 0.0 ], [ 100.385855223000092, -1.117121402999921, 0.0 ], [ 100.385862238000058, -1.116903085999977, 0.0 ], [ 100.385783099000079, -1.116614938999938, 0.0 ], [ 100.385701905000104, -1.11592758699991, 0.0 ], [ 100.38565687000002, -1.115701491999944, 0.0 ], [ 100.385432010000073, -1.115240322999978, 0.0 ], [ 100.385314991000072, -1.114806236999944, 0.0 ], [ 100.385126142000075, -1.11448976499996, 0.0 ], [ 100.384919384000028, -1.114308970000011, 0.0 ], [ 100.384640774000061, -1.114200566999924, 0.0 ], [ 100.384451992000081, -1.114028807999923, 0.0 ], [ 100.384236227000073, -1.113802794999963, 0.0 ], [ 100.38403835000004, -1.113395879999957, 0.0 ], [ 100.383958557000099, -1.113301632999975, 0.0 ], [ 100.383912481000024, -1.11325122599989, 0.0 ], [ 100.383759617000081, -1.113025181999928, 0.0 ], [ 100.383642718, -1.112844344999886, 0.0 ], [ 100.38352580100009, -1.11262732899996, 0.0 ], [ 100.383363981000031, -1.112464601999908, 0.0 ], [ 100.383310012, -1.112347047999951, 0.0 ], [ 100.383265007, -1.112184264999983, 0.0 ], [ 100.383229013000047, -1.112075746999975, 0.0 ], [ 100.383201997000029, -1.111949134999979, 0.0 ], [ 100.383085106000038, -1.111786386999925, 0.0 ], [ 100.38299518500007, -1.111650759999983, 0.0 ], [ 100.38294335300013, -1.111503964999916, 0.0 ], [ 100.382927640000077, -1.111457068999944, 0.0 ], [ 100.382914207000027, -1.111424681999929, 0.0 ], [ 100.382889102000078, -1.111408746999943, 0.0 ], [ 100.382806344000073, -1.111352375999986, 0.0 ], [ 100.382530981000031, -1.111197175999934, 0.0 ], [ 100.382386570000065, -1.111104404999897, 0.0 ], [ 100.38218851900011, -1.110977174999939, 0.0 ], [ 100.381937206000018, -1.110802192999938, 0.0 ], [ 100.381883234000071, -1.110679210999977, 0.0 ], [ 100.381825685000109, -1.1105924099999, 0.0 ], [ 100.381791504000034, -1.110518260999894, 0.0 ], [ 100.381643705000059, -1.11009993799992, 0.0 ], [ 100.381634946000048, -1.110075145999912, 0.0 ], [ 100.381439997000086, -1.109545574999971, 0.0 ], [ 100.381393495000054, -1.109450085999886, 0.0 ], [ 100.381336121000103, -1.109353606999986, 0.0 ], [ 100.381173942, -1.109192507999979, 0.0 ], [ 100.381020663000115, -1.109037373999933, 0.0 ], [ 100.380836721, -1.108838477999908, 0.0 ], [ 100.380707177000019, -1.108712184999939, 0.0 ], [ 100.380593479000126, -1.108652543999978, 0.0 ], [ 100.380472877000088, -1.108623748999904, 0.0 ], [ 100.380311760000083, -1.108619843999937, 0.0 ], [ 100.380152618000054, -1.108610964, 0.0 ], [ 100.380020159000111, -1.108592123999952, 0.0 ], [ 100.379919323000124, -1.10856132799998, 0.0 ], [ 100.379811547000088, -1.108482780999965, 0.0 ], [ 100.379712664000067, -1.108397265, 0.0 ], [ 100.379620693, -1.108297816999937, 0.0 ], [ 100.37952675300005, -1.108215282999947, 0.0 ], [ 100.379435785000084, -1.108145681999962, 0.0 ], [ 100.379258784000086, -1.107991555, 0.0 ], [ 100.37899872000007, -1.107766826999968, 0.0 ], [ 100.378541881000018, -1.107377035999957, 0.0 ], [ 100.378262025000126, -1.107098590999922, 0.0 ], [ 100.378093884000066, -1.10686884599992, 0.0 ], [ 100.377788282000012, -1.106488933000016, 0.0 ], [ 100.377666630000064, -1.106326818999926, 0.0 ], [ 100.377449009, -1.105971735999945, 0.0 ], [ 100.377293681000126, -1.105660402999942, 0.0 ], [ 100.377074056000069, -1.105245625999907, 0.0 ], [ 100.376942497000101, -1.105034765999958, 0.0 ], [ 100.376835695000068, -1.104925376999966, 0.0 ], [ 100.376714075000038, -1.10483191099996, 0.0 ], [ 100.376598409000053, -1.104791172999964, 0.0 ], [ 100.37650450400011, -1.104785247999918, 0.0 ], [ 100.376393802000095, -1.104788284999903, 0.0 ], [ 100.376279132000022, -1.104764459999974, 0.0 ], [ 100.376165438000029, -1.104712777999961, 0.0 ], [ 100.3760675730001, -1.104693919999911, 0.0 ], [ 100.375937100000058, -1.104696965999985, 0.0 ], [ 100.375912113000112, -1.104698893999967, 0.0 ], [ 100.375911520000074, -1.104698939999971, 0.0 ], [ 100.37583331900008, -1.104704973999938, 0.0 ], [ 100.375725574000043, -1.104696068999911, 0.0 ], [ 100.375620792000078, -1.10468019899993, 0.0 ], [ 100.37549127600002, -1.104612605999933, 0.0 ], [ 100.375348887000058, -1.104494277, 0.0 ], [ 100.375204526000104, -1.104385899999916, 0.0 ], [ 100.375152114000031, -1.104333193999907, 0.0 ], [ 100.37509672300007, -1.104250641, 0.0 ], [ 100.375045272000065, -1.104135255999961, 0.0 ], [ 100.374991113000121, -1.103966621999953, 0.0 ], [ 100.37498489000005, -1.103947244999948, 0.0 ], [ 100.374971071000061, -1.103904712999982, 0.0 ], [ 100.374921540000045, -1.103752271999981, 0.0 ], [ 100.374872066000037, -1.103638873999924, 0.0 ], [ 100.374795906000131, -1.103528473999938, 0.0 ], [ 100.374602610000039, -1.10334600799994, 0.0 ], [ 100.374582716000077, -1.103327228999984, 0.0 ], [ 100.374537812000099, -1.103284840999941, 0.0 ], [ 100.374315413000076, -1.103088900999983, 0.0 ], [ 100.374113689000083, -1.102925979, 0.0 ], [ 100.374108486000097, -1.102921776999922, 0.0 ], [ 100.374092798000049, -1.102909105999939, 0.0 ], [ 100.373806526000067, -1.102749919, 0.0 ], [ 100.373512103000053, -1.102643644999913, 0.0 ], [ 100.373135855, -1.102421003999965, 0.0 ], [ 100.372881703000118, -1.102247101999965, 0.0 ], [ 100.372609475000061, -1.102144344999901, 0.0 ], [ 100.372520107000042, -1.102133803999917, 0.0 ], [ 100.372454107000081, -1.102136774999985, 0.0 ], [ 100.372380519000032, -1.102149742999903, 0.0 ], [ 100.372291769000057, -1.102213277, 0.0 ], [ 100.372190769000056, -1.102312092999925, 0.0 ], [ 100.37209874300008, -1.102399262999943, 0.0 ], [ 100.372083344000046, -1.102413849999906, 0.0 ], [ 100.372021503000084, -1.102454754999916, 0.0 ], [ 100.372006853000116, -1.102464444999918, 0.0 ], [ 100.37192217700003, -1.102495642999924, 0.0 ], [ 100.371847418000073, -1.102503319999937, 0.0 ], [ 100.3718123740001, -1.102505687999956, 0.0 ], [ 100.371778498000054, -1.102503940999989, 0.0 ], [ 100.371756299000083, -1.10249513099997, 0.0 ], [ 100.37174227400007, -1.102481027999958, 0.0 ], [ 100.371728243000064, -1.102451051999965, 0.0 ], [ 100.371717714000084, -1.102416369999937, 0.0 ], [ 100.371713601000096, -1.102366399999977, 0.0 ], [ 100.371721759000067, -1.102321715999921, 0.0 ], [ 100.371732248000043, -1.102270562999952, 0.0 ], [ 100.371837879000083, -1.102078857999989, 0.0 ], [ 100.371866322000031, -1.102034173999933, 0.0 ], [ 100.371866699000066, -1.102033581999973, 0.0 ], [ 100.371914023000073, -1.10195923499995, 0.0 ], [ 100.371978235000057, -1.101879610999934, 0.0 ], [ 100.372022673000089, -1.101785073999928, 0.0 ], [ 100.37204832500008, -1.101683579999968, 0.0 ], [ 100.372057151, -1.101529365, 0.0 ], [ 100.372074879000053, -1.101390068999931, 0.0 ], [ 100.372103489000025, -1.101271660999903, 0.0 ], [ 100.372219017000077, -1.101007954999933, 0.0 ], [ 100.37240666600006, -1.100672581999985, 0.0 ], [ 100.372567634000063, -1.100352145999939, 0.0 ], [ 100.372587379, -1.100299406000016, 0.0 ], [ 100.37260810500004, -1.100230746999931, 0.0 ], [ 100.372607079000034, -1.100148169999938, 0.0 ], [ 100.372608019000026, -1.100043702999909, 0.0 ], [ 100.372586592000033, -1.099495255999916, 0.0 ], [ 100.372586338000104, -1.099488757999912, 0.0 ], [ 100.372582016000095, -1.099378118999906, 0.0 ], [ 100.372575959000045, -1.099101534999936, 0.0 ], [ 100.37257591200003, -1.098999058999895, 0.0 ], [ 100.372604536000011, -1.098907514999959, 0.0 ], [ 100.372628232000096, -1.098849797999979, 0.0 ], [ 100.372663792000111, -1.098798045999961, 0.0 ], [ 100.372705007000064, -1.098764134, 0.0 ], [ 100.37271045100006, -1.098759654999982, 0.0 ], [ 100.372723075000039, -1.098749267999922, 0.0 ], [ 100.372819866000057, -1.098701150999937, 0.0 ], [ 100.372876368000021, -1.098659609999964, 0.0 ], [ 100.372935918000067, -1.098602690999962, 0.0 ], [ 100.37297559600006, -1.098516566999941, 0.0 ], [ 100.373006098000104, -1.098407383999967, 0.0 ], [ 100.373030493000073, -1.098307428999957, 0.0 ], [ 100.373097519000027, -1.097895323999965, 0.0 ], [ 100.3731188040001, -1.097673899999941, 0.0 ], [ 100.373117189000055, -1.097480164999987, 0.0 ], [ 100.373114060000063, -1.097320255999901, 0.0 ], [ 100.373088017000043, -1.097158819999955, 0.0 ], [ 100.373037488000122, -1.096897453999913, 0.0 ], [ 100.372990059000102, -1.096736026999968, 0.0 ], [ 100.372918185000017, -1.096565387999971, 0.0 ], [ 100.372821883000043, -1.096422435999956, 0.0 ], [ 100.372653747000086, -1.096199562999989, 0.0 ], [ 100.372427572000021, -1.095996705, 0.0 ], [ 100.372123503000083, -1.095820020999938, 0.0 ], [ 100.371761385000056, -1.095641827999938, 0.0 ], [ 100.371686593000078, -1.09561537799997, 0.0 ], [ 100.371686512000082, -1.095615348999968, 0.0 ], [ 100.371228602000116, -1.095453409999981, 0.0 ], [ 100.371146195000051, -1.095416436999941, 0.0 ], [ 100.371012659000101, -1.095319032999964, 0.0 ], [ 100.370933645000051, -1.095236735999905, 0.0 ], [ 100.370859323000019, -1.095117544, 0.0 ], [ 100.370824492000068, -1.095012514, 0.0 ], [ 100.370815971000084, -1.094888551999962, 0.0 ], [ 100.370829080000092, -1.094770259999945, 0.0 ], [ 100.370869969000111, -1.094638708999985, 0.0 ], [ 100.370870532000069, -1.094636898000013, 0.0 ], [ 100.370937040000058, -1.094422921999983, 0.0 ], [ 100.370954809000111, -1.094235544999933, 0.0 ], [ 100.370950047000065, -1.09409643899997, 0.0 ], [ 100.370906741000042, -1.093950731999905, 0.0 ], [ 100.37084370900007, -1.09385896599995, 0.0 ], [ 100.370701690000033, -1.093743585, 0.0 ], [ 100.370453384000101, -1.093502396999935, 0.0 ], [ 100.370118509000108, -1.093079547999943, 0.0 ], [ 100.369685826000094, -1.092605652, 0.0 ], [ 100.369535705000018, -1.092482371999915, 0.0 ], [ 100.369526526000058, -1.092474834, 0.0 ], [ 100.369119234000024, -1.09214036399995, 0.0 ], [ 100.36908390000012, -1.092111347999947, 0.0 ], [ 100.369029367000053, -1.092066564999883, 0.0 ], [ 100.368584518, -1.091711908999938, 0.0 ], [ 100.368442524000073, -1.091632481999938, 0.0 ], [ 100.368337231000069, -1.091636318999989, 0.0 ], [ 100.368261100000069, -1.091688396999946, 0.0 ], [ 100.368227886000085, -1.091720596999946, 0.0 ], [ 100.368223965000112, -1.091724398999905, 0.0 ], [ 100.368211295000037, -1.091736681999945, 0.0 ], [ 100.368140801000067, -1.091774566999971, 0.0 ], [ 100.368041161000079, -1.091803002999925, 0.0 ], [ 100.367933047000108, -1.091807782999966, 0.0 ], [ 100.367914205000062, -1.091805108999922, 0.0 ], [ 100.367912252000082, -1.091804831999988, 0.0 ], [ 100.367839966000048, -1.091794575999939, 0.0 ], [ 100.367763797000052, -1.091742566999899, 0.0 ], [ 100.367761100000095, -1.091738516999919, 0.0 ], [ 100.367761027000086, -1.091738408, 0.0 ], [ 100.367691358000101, -1.091633773999956, 0.0 ], [ 100.367603861000049, -1.091507957999938, 0.0 ], [ 100.367320750000076, -1.09121946199996, 0.0 ], [ 100.367050582000019, -1.090970244999945, 0.0 ], [ 100.367016841000066, -1.090939120999946, 0.0 ], [ 100.366934190000066, -1.090862879999944, 0.0 ], [ 100.366828878000049, -1.090823186999946, 0.0 ], [ 100.366803076000053, -1.090827136, 0.0 ], [ 100.366786439000094, -1.09082968199995, 0.0 ], [ 100.366735817000077, -1.090837429999969, 0.0 ], [ 100.366638990000069, -1.090864914999934, 0.0 ], [ 100.366525248000073, -1.090885777999973, 0.0 ], [ 100.366387985000074, -1.090892472, 0.0 ], [ 100.366278927000025, -1.090879269999967, 0.0 ], [ 100.36620369500011, -1.090831991999964, 0.0 ], [ 100.366173584000109, -1.090775222999974, 0.0 ], [ 100.366168846000065, -1.090689111999954, 0.0 ], [ 100.36621017100002, -1.09060771799997, 0.0 ], [ 100.36624488300005, -1.09053471699997, 0.0 ], [ 100.366253378000039, -1.090516851999912, 0.0 ], [ 100.366248801000026, -1.090433901999977, 0.0 ], [ 100.366246747000034, -1.09039667, 0.0 ], [ 100.366202413000096, -1.090305880999954, 0.0 ], [ 100.366195930000089, -1.090292605999921, 0.0 ], [ 100.366146704000101, -1.090221302999972, 0.0 ], [ 100.36611690200003, -1.090178135999953, 0.0 ], [ 100.366045419000073, -1.090094894999905, 0.0 ], [ 100.366028471000092, -1.090033388999967, 0.0 ], [ 100.366043484000087, -1.089968088999982, 0.0 ], [ 100.36607074100003, -1.089955775999941, 0.0 ], [ 100.366157242000085, -1.089985067999966, 0.0 ], [ 100.366219941000026, -1.089980370999933, 0.0 ], [ 100.366220343000066, -1.08998034099993, 0.0 ], [ 100.36623339500008, -1.089979362999938, 0.0 ], [ 100.366323608000087, -1.089892257000014, 0.0 ], [ 100.36653037400005, -1.089755895999923, 0.0 ], [ 100.366608375000013, -1.089687725999966, 0.0 ], [ 100.366657210000056, -1.089562796999933, 0.0 ], [ 100.366736816000071, -1.088884262999923, 0.0 ], [ 100.366864240000055, -1.08792181499996, 0.0 ], [ 100.366866543000057, -1.08754562599992, 0.0 ], [ 100.366865888000092, -1.087409864999967, 0.0 ], [ 100.366863955000028, -1.087286849999914, 0.0 ], [ 100.366854498000038, -1.087158157000013, 0.0 ], [ 100.36674519400006, -1.086617867999984, 0.0 ], [ 100.366572855000101, -1.085955530999983, 0.0 ], [ 100.366532395000036, -1.085882684999906, 0.0 ], [ 100.366483481000074, -1.085829715999965, 0.0 ], [ 100.366415777000071, -1.085800413999938, 0.0 ], [ 100.366216675000032, -1.085789210999988, 0.0 ], [ 100.366215523000022, -1.085789145999983, 0.0 ], [ 100.366214639000034, -1.085789133999893, 0.0 ], [ 100.366085787000031, -1.085787313, 0.0 ], [ 100.365956970000028, -1.08575709, 0.0 ], [ 100.365922649000126, -1.08574098, 0.0 ], [ 100.365921991000064, -1.085740670999969, 0.0 ], [ 100.3657012, -1.085637031, 0.0 ], [ 100.36566772, -1.08560065399993, 0.0 ], [ 100.365657028000086, -1.085589037999946, 0.0 ], [ 100.365595853000087, -1.085522571999953, 0.0 ], [ 100.365572318, -1.08544214799996, 0.0 ], [ 100.365582628000055, -1.085366438999913, 0.0 ], [ 100.365601741000035, -1.085317798999974, 0.0 ], [ 100.365612640000052, -1.085290061999989, 0.0 ], [ 100.365620190000058, -1.085270846999909, 0.0 ], [ 100.365623908, -1.085185670999967, 0.0 ], [ 100.365640790000072, -1.085101449000015, 0.0 ], [ 100.365694355000059, -1.085042750999954, 0.0 ], [ 100.365747, -1.085037046999926, 0.0 ], [ 100.365782442000068, -1.08505631000001, 0.0 ], [ 100.365785460000055, -1.085057950999968, 0.0 ], [ 100.365816585000047, -1.085074867999947, 0.0 ], [ 100.365890865000068, -1.08508146399996, 0.0 ], [ 100.365983816000039, -1.085035561999981, 0.0 ], [ 100.365984853000029, -1.085035049999939, 0.0 ], [ 100.365986900000024, -1.085032987999946, 0.0 ], [ 100.366100438000089, -1.084918600999985, 0.0 ], [ 100.366182169000098, -1.084789865999903, 0.0 ], [ 100.366215961000051, -1.084662104, 0.0 ], [ 100.366214012000071, -1.08450406599997, 0.0 ], [ 100.366202670000021, -1.084379164999938, 0.0 ], [ 100.366063243000028, -1.083728171999987, 0.0 ], [ 100.365976595000063, -1.083389433999938, 0.0 ], [ 100.365965677000048, -1.083306903999948, 0.0 ], [ 100.365965158000094, -1.083302983999979, 0.0 ], [ 100.36593791500006, -1.083097044999904, 0.0 ], [ 100.365916168000027, -1.082815059999931, 0.0 ], [ 100.365910421000095, -1.082583218999933, 0.0 ], [ 100.365913072000041, -1.082199967999931, 0.0 ], [ 100.365937386000013, -1.081917010999967, 0.0 ], [ 100.365947202000115, -1.081804312999968, 0.0 ], [ 100.365947815000069, -1.081797279999919, 0.0 ], [ 100.365956097000051, -1.081702190999956, 0.0 ], [ 100.366001118000042, -1.081467487999899, 0.0 ], [ 100.366047102000024, -1.081272527999933, 0.0 ], [ 100.366060185000052, -1.081111651999945, 0.0 ], [ 100.366089245000055, -1.080909128999974, 0.0 ], [ 100.366095732000062, -1.080707564, 0.0 ], [ 100.366113483000021, -1.080457732999929, 0.0 ], [ 100.366105854000097, -1.080213592999979, 0.0 ], [ 100.366071898000129, -1.079976084999957, 0.0 ], [ 100.365969198000073, -1.079467014999936, 0.0 ], [ 100.365919129000105, -1.078923867999937, 0.0 ], [ 100.365873866000086, -1.078616340999894, 0.0 ], [ 100.365759352000026, -1.078317465999945, 0.0 ], [ 100.36569662800008, -1.078209192999958, 0.0 ], [ 100.365584274000099, -1.078076756999924, 0.0 ], [ 100.36554436100009, -1.078040520999946, 0.0 ], [ 100.365455213000089, -1.077959586999911, 0.0 ], [ 100.365436086000017, -1.077947108999944, 0.0 ], [ 100.365309450000012, -1.077864492999947, 0.0 ], [ 100.365211240000065, -1.077814593, 0.0 ], [ 100.365111979000105, -1.077765742999948, 0.0 ], [ 100.365030460000114, -1.077685343999957, 0.0 ], [ 100.36498708200007, -1.077615448999947, 0.0 ], [ 100.364920179000052, -1.077507701999914, 0.0 ], [ 100.364853825000068, -1.077458313, 0.0 ], [ 100.36481358200011, -1.077387357, 0.0 ], [ 100.364812493000017, -1.077302191999963, 0.0 ], [ 100.364838049000085, -1.077223853999965, 0.0 ], [ 100.364872487000099, -1.077132358999944, 0.0 ], [ 100.364873674000108, -1.077127286999969, 0.0 ], [ 100.364878561000069, -1.077106410999929, 0.0 ], [ 100.364890210000056, -1.077056646999986, 0.0 ], [ 100.364896442000131, -1.07698882699997, 0.0 ], [ 100.364867170000096, -1.076936787999927, 0.0 ], [ 100.364835815000077, -1.076900861999975, 0.0 ], [ 100.364816116000057, -1.076878292999973, 0.0 ], [ 100.364803419000069, -1.076863745000012, 0.0 ], [ 100.364698916000037, -1.076765484999965, 0.0 ], [ 100.364627860000013, -1.076709259999931, 0.0 ], [ 100.364544800000075, -1.07668038099994, 0.0 ], [ 100.364476897000046, -1.076667268999921, 0.0 ], [ 100.364415798000053, -1.076693056999923, 0.0 ], [ 100.364347417, -1.076776153999959, 0.0 ], [ 100.364338568000065, -1.076794073999932, 0.0 ], [ 100.364331769000032, -1.076807841999917, 0.0 ], [ 100.364292105000033, -1.076888160999901, 0.0 ], [ 100.364225293000104, -1.076983866, 0.0 ], [ 100.364165238000027, -1.07701386699991, 0.0 ], [ 100.36411089800005, -1.077011817999918, 0.0 ], [ 100.364099582000094, -1.077011390999972, 0.0 ], [ 100.364096297000088, -1.077011266999961, 0.0 ], [ 100.364044054000033, -1.076991833999952, 0.0 ], [ 100.364009564000114, -1.076944012, 0.0 ], [ 100.364005876000064, -1.076877246999975, 0.0 ], [ 100.364026278000068, -1.076798043999905, 0.0 ], [ 100.364026733000017, -1.076796278999937, 0.0 ], [ 100.364029861000105, -1.076786702999944, 0.0 ], [ 100.364110459000102, -1.076539950999956, 0.0 ], [ 100.364125316000099, -1.076494465999922, 0.0 ], [ 100.36414552800008, -1.076450919999961, 0.0 ], [ 100.364155578000108, -1.076429267999946, 0.0 ], [ 100.364203613000086, -1.076382981999935, 0.0 ], [ 100.364251139000018, -1.076383484999977, 0.0 ], [ 100.364300768000049, -1.076403966999984, 0.0 ], [ 100.364361362000082, -1.076430223999936, 0.0 ], [ 100.36442509500003, -1.076445434999951, 0.0 ], [ 100.364475228000089, -1.076428064999935, 0.0 ], [ 100.364534223000092, -1.076374945999892, 0.0 ], [ 100.36461096900004, -1.076312873999908, 0.0 ], [ 100.364676755000062, -1.07625553799996, 0.0 ], [ 100.364707542000033, -1.07619506899993, 0.0 ], [ 100.364703851000087, -1.076122521999967, 0.0 ], [ 100.36466360700004, -1.076049458999962, 0.0 ], [ 100.364588363000038, -1.075973263999964, 0.0 ], [ 100.364523570000088, -1.07591966799997, 0.0 ], [ 100.364518637000046, -1.075915005999939, 0.0 ], [ 100.364503394000025, -1.075900599, 0.0 ], [ 100.364454081000119, -1.075853988999953, 0.0 ], [ 100.364448488, -1.075845052000013, 0.0 ], [ 100.36443842400007, -1.075828968999926, 0.0 ], [ 100.364415927000067, -1.075793017999971, 0.0 ], [ 100.36441015100003, -1.075736246999981, 0.0 ], [ 100.364423704000089, -1.075682615999896, 0.0 ], [ 100.364479049000053, -1.075622661, 0.0 ], [ 100.364570430000057, -1.075575306999988, 0.0 ], [ 100.364653463000096, -1.075564224999959, 0.0 ], [ 100.36468949000006, -1.075563827999926, 0.0 ], [ 100.364706572000046, -1.075563639999911, 0.0 ], [ 100.364752701000043, -1.075563131999957, 0.0 ], [ 100.364854362000102, -1.075560099999973, 0.0 ], [ 100.36485719500007, -1.075560015999966, 0.0 ], [ 100.364878051000019, -1.075559393999915, 0.0 ], [ 100.365038392000059, -1.075536709, 0.0 ], [ 100.365185138000029, -1.075495643999969, 0.0 ], [ 100.365328219000062, -1.075438271999929, 0.0 ], [ 100.365476520000072, -1.075378275999939, 0.0 ], [ 100.365591937000033, -1.075347199999944, 0.0 ], [ 100.365695354000053, -1.075345054999944, 0.0 ], [ 100.365793548000099, -1.075362357999954, 0.0 ], [ 100.365864594000115, -1.075391768, 0.0 ], [ 100.365927298000059, -1.075455873999965, 0.0 ], [ 100.365980089000075, -1.075535761, 0.0 ], [ 100.366010412, -1.075609352999963, 0.0 ], [ 100.366038137, -1.075696611999988, 0.0 ], [ 100.366096159000094, -1.075799098999942, 0.0 ], [ 100.366156025000066, -1.07588531599997, 0.0 ], [ 100.366157334, -1.075887201999948, 0.0 ], [ 100.366180822000075, -1.075921029, 0.0 ], [ 100.366282211000026, -1.076068710999956, 0.0 ], [ 100.366382536000074, -1.076166971, 0.0 ], [ 100.366513683000093, -1.076267850999913, 0.0 ], [ 100.366612942000046, -1.076335632999926, 0.0 ], [ 100.366693570000052, -1.076391636999941, 0.0 ], [ 100.36672109200002, -1.076410753999924, 0.0 ], [ 100.366827172000086, -1.076518482999956, 0.0 ], [ 100.366903997000051, -1.076630954999936, 0.0 ], [ 100.36697507500007, -1.076731861999936, 0.0 ], [ 100.367084791000096, -1.076811721999971, 0.0 ], [ 100.367174118000023, -1.076832709999931, 0.0 ], [ 100.36727178400011, -1.076834764999924, 0.0 ], [ 100.367508393000051, -1.07684570099994, 0.0 ], [ 100.367682833000103, -1.076841941999896, 0.0 ], [ 100.367886516000084, -1.076810311999943, 0.0 ], [ 100.368134586000082, -1.076770764999957, 0.0 ], [ 100.368503309000047, -1.076714347999908, 0.0 ], [ 100.368540912000043, -1.076708019, 0.0 ], [ 100.368545596000075, -1.076674369999975, 0.0 ], [ 100.368534609000051, -1.076639678999947, 0.0 ], [ 100.368515797000015, -1.07661024799991, 0.0 ], [ 100.36826086400005, -1.076492601999946, 0.0 ], [ 100.368234217000065, -1.076484201999961, 0.0 ], [ 100.368216969000059, -1.076453194999972, 0.0 ], [ 100.368219044000057, -1.07641166099991, 0.0 ], [ 100.368233133000075, -1.076389576999948, 0.0 ], [ 100.368255064000024, -1.07638220399996, 0.0 ], [ 100.36847707200009, -1.07645412599996, 0.0 ], [ 100.368535572000042, -1.076461987999989, 0.0 ], [ 100.368572136000054, -1.076465126999982, 0.0 ], [ 100.368700303000082, -1.07645209999997, 0.0 ], [ 100.36874479500004, -1.076440719999916, 0.0 ], [ 100.36878678000005, -1.076407894999954, 0.0 ], [ 100.368822471000072, -1.076347315999915, 0.0 ], [ 100.368840625000061, -1.076294313999971, 0.0 ], [ 100.368843743000056, -1.076253938, 0.0 ], [ 100.368838715000081, -1.076219243999977, 0.0 ], [ 100.368821148000052, -1.076178877999923, 0.0 ], [ 100.368804833000027, -1.07614734499989, 0.0 ], [ 100.368669315, -1.075835121999902, 0.0 ], [ 100.368630417000077, -1.075739246999963, 0.0 ], [ 100.368593411000035, -1.075671762999975, 0.0 ], [ 100.368545742, -1.075591667, 0.0 ], [ 100.368499955000033, -1.075522286999953, 0.0 ], [ 100.368478002000074, -1.075478141999942, 0.0 ], [ 100.36846482100006, -1.075439029999903, 0.0 ], [ 100.36845978000008, -1.075380367000023, 0.0 ], [ 100.368435848000061, -1.07513795799995, 0.0 ], [ 100.368435809000047, -1.075137563999918, 0.0 ], [ 100.368403346000036, -1.07480874999989, 0.0 ], [ 100.368401432000056, -1.074745665, 0.0 ], [ 100.368419586000044, -1.074693921999981, 0.0 ], [ 100.368451537000027, -1.074668047999972, 0.0 ], [ 100.368499172000057, -1.074671173999964, 0.0 ], [ 100.368546821000095, -1.074705857, 0.0 ], [ 100.36859888500004, -1.0747884749999, 0.0 ], [ 100.368620225000129, -1.07486732499994, 0.0 ], [ 100.368640953000067, -1.074961941999953, 0.0 ], [ 100.368648587000067, -1.075010609999894, 0.0 ], [ 100.368648836, -1.075012197999937, 0.0 ], [ 100.36870695200011, -1.07538269799995, 0.0 ], [ 100.368884613000063, -1.076037461999946, 0.0 ], [ 100.368910967000019, -1.07611504399997, 0.0 ], [ 100.368929159000103, -1.076144060999973, 0.0 ], [ 100.368963012000066, -1.076152873, 0.0 ], [ 100.369316466000086, -1.076073851999937, 0.0 ], [ 100.369343404000091, -1.076051762999975, 0.0 ], [ 100.369343398000098, -1.076036620999965, 0.0 ], [ 100.369153648000022, -1.074992625999916, 0.0 ], [ 100.369107232, -1.074742434, 0.0 ], [ 100.369106728000048, -1.074739715999951, 0.0 ], [ 100.369027373000065, -1.074311979, 0.0 ], [ 100.369026063000035, -1.074296395999952, 0.0 ], [ 100.369024232000072, -1.074274626000016, 0.0 ], [ 100.369022333, -1.074252042999924, 0.0 ], [ 100.369027324000058, -1.07420094699996, 0.0 ], [ 100.369044221000124, -1.074149202999942, 0.0 ], [ 100.369268453000117, -1.073972317999961, 0.0 ], [ 100.369268776000055, -1.07397206299994, 0.0 ], [ 100.369324280000029, -1.073928278999959, 0.0 ], [ 100.369368772000058, -1.073913741, 0.0 ], [ 100.369397560000053, -1.073913155999951, 0.0 ], [ 100.369400113000083, -1.073913103999947, 0.0 ], [ 100.369400930000054, -1.073913514999981, 0.0 ], [ 100.369430204000082, -1.073928230999955, 0.0 ], [ 100.369446507000106, -1.073952191999983, 0.0 ], [ 100.369454044000108, -1.073991306999933, 0.0 ], [ 100.369453449000048, -1.074046822999908, 0.0 ], [ 100.369448457, -1.07409729499991, 0.0 ], [ 100.369419034000046, -1.07415503999998, 0.0 ], [ 100.369418933000034, -1.074155238999908, 0.0 ], [ 100.369244937000119, -1.074496719, 0.0 ], [ 100.369241842000037, -1.074586307999959, 0.0 ], [ 100.369251794000064, -1.074657359999976, 0.0 ], [ 100.369251852000076, -1.07465777100001, 0.0 ], [ 100.369252533000036, -1.074662638999969, 0.0 ], [ 100.369395710000077, -1.075284605, 0.0 ], [ 100.369551496999989, -1.076074379999981, 0.0 ], [ 100.36955965600005, -1.076094562999963, 0.0 ], [ 100.36957093800001, -1.076102128999968, 0.0 ], [ 100.369584730000085, -1.076102755999931, 0.0 ], [ 100.36971603900011, -1.076201844999958, 0.0 ], [ 100.369814878000028, -1.076192755, 0.0 ], [ 100.369922699000071, -1.076174616999926, 0.0 ], [ 100.370021526000073, -1.076138393999948, 0.0 ], [ 100.370111359000049, -1.076084084999896, 0.0 ], [ 100.370183220000044, -1.076029784999933, 0.0 ], [ 100.370264076000069, -1.075993568999956, 0.0 ], [ 100.370282023000044, -1.075939293, 0.0 ], [ 100.370344915, -1.075921175, 0.0 ], [ 100.370416789000089, -1.075894008999978, 0.0 ], [ 100.370668349000127, -1.075803447999946, 0.0 ], [ 100.370830068, -1.07574910699998, 0.0 ], [ 100.370928899, -1.075721927999951, 0.0 ], [ 100.371018740000068, -1.075685708999974, 0.0 ], [ 100.371117555000069, -1.075622351999884, 0.0 ], [ 100.371207388000045, -1.075568043, 0.0 ], [ 100.371297221000106, -1.075513733999956, 0.0 ], [ 100.371396040000022, -1.075459421999903, 0.0 ], [ 100.371485873000083, -1.075405112999939, 0.0 ], [ 100.371575710000059, -1.075359848999924, 0.0 ], [ 100.37166554700012, -1.07531458499991, 0.0 ], [ 100.37169078400008, -1.075233350999938, 0.0 ], [ 100.371528968000092, -1.074941760999971, 0.0 ], [ 100.371388678000031, -1.074687850000012, 0.0 ], [ 100.371032074000112, -1.07411989, 0.0 ], [ 100.371031875000085, -1.074119572999977, 0.0 ], [ 100.370866145000051, -1.073855614999986, 0.0 ], [ 100.370854435000069, -1.073790949999965, 0.0 ], [ 100.370856744000079, -1.073729807999968, 0.0 ], [ 100.370861159000086, -1.073719, 0.0 ], [ 100.370861176000091, -1.073718958999959, 0.0 ], [ 100.370864912000044, -1.073709813999913, 0.0 ], [ 100.370909283000074, -1.07366864099997, 0.0 ], [ 100.371017901000087, -1.073623911, 0.0 ], [ 100.371058785000102, -1.073622716999989, 0.0 ], [ 100.371105519000054, -1.073639156999929, 0.0 ], [ 100.371111659000036, -1.07364323, 0.0 ], [ 100.371112265000079, -1.073643631999944, 0.0 ], [ 100.371160437000071, -1.073675582999923, 0.0 ], [ 100.371381696000086, -1.074033770999983, 0.0 ], [ 100.371382514000061, -1.074035094999915, 0.0 ], [ 100.371819747000089, -1.074742917999949, 0.0 ], [ 100.371864171000126, -1.074820501999974, 0.0 ], [ 100.371930774000035, -1.074860449, 0.0 ], [ 100.371968161000026, -1.074876893999932, 0.0 ], [ 100.371968792000075, -1.074881443999954, 0.0 ], [ 100.372050829000017, -1.074913712999959, 0.0 ], [ 100.372186541000062, -1.074916383999914, 0.0 ], [ 100.372303344000045, -1.074889196999973, 0.0 ], [ 100.372456049000064, -1.07477154699992, 0.0 ], [ 100.37254588600004, -1.074726283, 0.0 ], [ 100.372707592000012, -1.074644808, 0.0 ], [ 100.372851327, -1.074563340999924, 0.0 ], [ 100.372950130000092, -1.074472848999986, 0.0 ], [ 100.373048949000093, -1.074418536999933, 0.0 ], [ 100.373102818000021, -1.074319020999959, 0.0 ], [ 100.373192647000081, -1.074255667999958, 0.0 ], [ 100.373282480000057, -1.074201359, 0.0 ], [ 100.373372313000033, -1.074147049999941, 0.0 ], [ 100.373471156000036, -1.074147005999937, 0.0 ], [ 100.373569979000038, -1.074101738000011, 0.0 ], [ 100.373641836000033, -1.07403839200001, 0.0 ], [ 100.373713698000117, -1.073984091999958, 0.0 ], [ 100.373785539000025, -1.073884567999895, 0.0 ], [ 100.373839409000126, -1.073785051999921, 0.0 ], [ 100.373875291000076, -1.073649365999885, 0.0 ], [ 100.37395613000011, -1.073576971999935, 0.0 ], [ 100.374045959000071, -1.073513618999933, 0.0 ], [ 100.374090868000067, -1.07346837499992, 0.0 ], [ 100.374171691000086, -1.073359803, 0.0 ], [ 100.374234562000055, -1.073296462, 0.0 ], [ 100.374306420000039, -1.073233117, 0.0 ], [ 100.374378273000033, -1.073160726999956, 0.0 ], [ 100.374495023000108, -1.073015958999968, 0.0 ], [ 100.374683630000078, -1.07280784699998, 0.0 ], [ 100.374782404000086, -1.072654042999955, 0.0 ], [ 100.374881182000081, -1.072509283999968, 0.0 ], [ 100.374979952000089, -1.072346434999905, 0.0 ], [ 100.375096682000063, -1.072156445, 0.0 ], [ 100.375213415000033, -1.071975498999945, 0.0 ], [ 100.375258255000105, -1.07177649599991, 0.0 ], [ 100.375366019000055, -1.071631731999923, 0.0 ], [ 100.375419901000072, -1.071559350999974, 0.0 ], [ 100.375437820000045, -1.071441761999925, 0.0 ], [ 100.375446745000076, -1.07130608799998, 0.0 ], [ 100.375446688000068, -1.071179462999983, 0.0 ], [ 100.375482591000022, -1.071089, 0.0 ], [ 100.375527483, -1.071007577999972, 0.0 ], [ 100.375491516000039, -1.070953325999924, 0.0 ], [ 100.375401639000074, -1.070908143999916, 0.0 ], [ 100.375302784000056, -1.070881053999895, 0.0 ], [ 100.37520392100005, -1.070835875999976, 0.0 ], [ 100.375105062000046, -1.070799742, 0.0 ], [ 100.375015185000066, -1.070754559, 0.0 ], [ 100.374925312000087, -1.070718420999939, 0.0 ], [ 100.374835443000023, -1.070691327, 0.0 ], [ 100.374727594000078, -1.070646152999911, 0.0 ], [ 100.374628735000073, -1.070610018999941, 0.0 ], [ 100.374637693000096, -1.070546701999942, 0.0 ], [ 100.374673608000052, -1.070483372999942, 0.0 ], [ 100.374700545000053, -1.07043813799993, 0.0 ], [ 100.374709514000088, -1.070401954999956, 0.0 ], [ 100.374727465000063, -1.070356723999944, 0.0 ], [ 100.374718468000125, -1.07032959399992, 0.0 ], [ 100.374653301000052, -1.070310178999912, 0.0 ], [ 100.374636616, -1.070214463999986, 0.0 ], [ 100.374655609000072, -1.07015462899992, 0.0 ], [ 100.374774472000041, -1.070130643999978, 0.0 ], [ 100.374833925000075, -1.070168906999947, 0.0 ], [ 100.374948108000112, -1.070312438999921, 0.0 ], [ 100.375059969000048, -1.070428930999967, 0.0 ], [ 100.37510491700003, -1.070474133999977, 0.0 ], [ 100.375167845000092, -1.070537417999973, 0.0 ], [ 100.375275702000039, -1.070600681999967, 0.0 ], [ 100.37538355000008, -1.070645856999975, 0.0 ], [ 100.375482409000085, -1.070681990999945, 0.0 ], [ 100.37558126, -1.070700034999928, 0.0 ], [ 100.375653113000098, -1.070627645999978, 0.0 ], [ 100.375715977000056, -1.070546215, 0.0 ], [ 100.375787822000049, -1.070455735999965, 0.0 ], [ 100.375832710000026, -1.07036526899994, 0.0 ], [ 100.375877603000021, -1.070283846999954, 0.0 ], [ 100.375922495000083, -1.070202424999967, 0.0 ], [ 100.3759763730001, -1.070120998999891, 0.0 ], [ 100.376030242000027, -1.070021482999917, 0.0 ], [ 100.376044474000054, -1.069935295999891, 0.0 ], [ 100.376048166, -1.069912938999907, 0.0 ], [ 100.376057103000036, -1.069804398999985, 0.0 ], [ 100.376093001000072, -1.069704891999923, 0.0 ], [ 100.376146875000089, -1.069614420999899, 0.0 ], [ 100.376209735000046, -1.069523945999962, 0.0 ], [ 100.376299543000115, -1.069415369999949, 0.0 ], [ 100.376443242, -1.069252500999974, 0.0 ], [ 100.376479144000044, -1.069162037999949, 0.0 ], [ 100.376542004000015, -1.069071562999924, 0.0 ], [ 100.376577906000051, -1.068981100999989, 0.0 ], [ 100.376685650000084, -1.068791114, 0.0 ], [ 100.376811329000091, -1.068519717999917, 0.0 ], [ 100.376883085000074, -1.068230256999947, 0.0 ], [ 100.376972813000037, -1.067940786999977, 0.0 ], [ 100.377044618000028, -1.067759861999929, 0.0 ], [ 100.377053524000061, -1.067578964999972, 0.0 ], [ 100.377063951000125, -1.067406297999985, 0.0 ], [ 100.377099551000043, -1.067267483999957, 0.0 ], [ 100.377137536000077, -1.067145419999982, 0.0 ], [ 100.377134161000072, -1.067054337999907, 0.0 ], [ 100.377082797000085, -1.06701621899995, 0.0 ], [ 100.377026293000114, -1.066963939999977, 0.0 ], [ 100.376981332000028, -1.066891602999942, 0.0 ], [ 100.376927366000103, -1.066774046999986, 0.0 ], [ 100.376882401000017, -1.066692665999914, 0.0 ], [ 100.376882361000099, -1.06660221899998, 0.0 ], [ 100.376855356000092, -1.066493694999971, 0.0 ], [ 100.376882265000091, -1.06638514699996, 0.0 ], [ 100.376882168000094, -1.066168075999941, 0.0 ], [ 100.376891110000116, -1.066068580999969, 0.0 ], [ 100.376873050000043, -1.065869605999937, 0.0 ], [ 100.376962859000102, -1.065761030000012, 0.0 ], [ 100.376980762000073, -1.065607263, 0.0 ], [ 100.377043597000039, -1.065462519999916, 0.0 ], [ 100.377088457000099, -1.065308740999982, 0.0 ], [ 100.377115354000111, -1.065173058999947, 0.0 ], [ 100.377169228000042, -1.065082587999922, 0.0 ], [ 100.37723207900008, -1.064974024, 0.0 ], [ 100.377276952000074, -1.064847379, 0.0 ], [ 100.377294895000048, -1.064784057999913, 0.0 ], [ 100.377303877000074, -1.064775008999963, 0.0 ], [ 100.377357758000088, -1.064702627999925, 0.0 ], [ 100.377366700000039, -1.064603132999953, 0.0 ], [ 100.377401719, -1.064573708999917, 0.0 ], [ 100.37744755500006, -1.064566917999977, 0.0 ], [ 100.377515824000028, -1.064544940999935, 0.0 ], [ 100.377537380000035, -1.064494519999937, 0.0 ], [ 100.377553815000056, -1.064434842999973, 0.0 ], [ 100.377564292000045, -1.064395016999964, 0.0 ], [ 100.377618186000063, -1.064349768999951, 0.0 ], [ 100.377665512000064, -1.064336676999933, 0.0 ], [ 100.377779912000022, -1.064313517999971, 0.0 ], [ 100.377842804000082, -1.064295400999893, 0.0 ], [ 100.377923655000103, -1.064250140999968, 0.0 ], [ 100.378022481000116, -1.064213918, 0.0 ], [ 100.378103348000053, -1.064204836999949, 0.0 ], [ 100.378193193000115, -1.064177661999921, 0.0 ], [ 100.378318984000046, -1.06415951699993, 0.0 ], [ 100.37841782700005, -1.064159472000015, 0.0 ], [ 100.378498694000086, -1.064150390999974, 0.0 ], [ 100.378597536000086, -1.064150346999971, 0.0 ], [ 100.378660432000046, -1.064141273999931, 0.0 ], [ 100.378840153000084, -1.064159281999911, 0.0 ], [ 100.379019863000039, -1.064150156999955, 0.0 ], [ 100.379136652000014, -1.064095836, 0.0 ], [ 100.379199532000072, -1.064050584999976, 0.0 ], [ 100.379307348000026, -1.064023401999948, 0.0 ], [ 100.379433143000128, -1.064014300999905, 0.0 ], [ 100.379522987000101, -1.063987126999966, 0.0 ], [ 100.379603842000037, -1.063950911999901, 0.0 ], [ 100.37970995400012, -1.06393850799994, 0.0 ], [ 100.37976556800001, -1.06391466000001, 0.0 ], [ 100.379936288000096, -1.063896493999928, 0.0 ], [ 100.380098010000069, -1.06385119799991, 0.0 ], [ 100.38029566600008, -1.063787797, 0.0 ], [ 100.380394492000093, -1.063751574000016, 0.0 ], [ 100.380511290000072, -1.063715341999949, 0.0 ], [ 100.380670341000084, -1.063696374999979, 0.0 ], [ 100.380861714000019, -1.063679005999963, 0.0 ], [ 100.380969526000058, -1.063642778999985, 0.0 ], [ 100.381086328000038, -1.063615591999956, 0.0 ], [ 100.381185162000051, -1.063597458999966, 0.0 ], [ 100.381274998000023, -1.063552194999951, 0.0 ], [ 100.381355861000046, -1.063534068999961, 0.0 ], [ 100.381436740000083, -1.063552121999945, 0.0 ], [ 100.381508633000081, -1.063570178999929, 0.0 ], [ 100.381562571000103, -1.063624421999976, 0.0 ], [ 100.381634481, -1.063678657999934, 0.0 ], [ 100.381688399000026, -1.06368767799997, 0.0 ], [ 100.381724366000071, -1.063741929999929, 0.0 ], [ 100.381769322000068, -1.063805221999925, 0.0 ], [ 100.381715448000051, -1.06389569299995, 0.0 ], [ 100.381598671000063, -1.06397714699994, 0.0 ], [ 100.381526818000069, -1.064049535999978, 0.0 ], [ 100.381490916000033, -1.064139999, 0.0 ], [ 100.381437050000017, -1.064248558999926, 0.0 ], [ 100.38139216600004, -1.064348069999899, 0.0 ], [ 100.381365257000112, -1.06445661799991, 0.0 ], [ 100.381329355000076, -1.064547079999934, 0.0 ], [ 100.381293469000042, -1.064673721999932, 0.0 ], [ 100.381262826000082, -1.064816062999985, 0.0 ], [ 100.38118574500001, -1.064908930999942, 0.0 ], [ 100.381131872000083, -1.064999400999967, 0.0 ], [ 100.381006197000076, -1.0652798419999, 0.0 ], [ 100.380939752000089, -1.065400117, 0.0 ], [ 100.380898462000047, -1.065487916999886, 0.0 ], [ 100.380916469000027, -1.065569310999959, 0.0 ], [ 100.381015364000035, -1.065686846999914, 0.0 ], [ 100.381114231000041, -1.06574106999996, 0.0 ], [ 100.38118614400004, -1.065804349999955, 0.0 ], [ 100.38126705100008, -1.065885714999937, 0.0 ], [ 100.381365914000085, -1.065930892999945, 0.0 ], [ 100.381554673000068, -1.066066477999883, 0.0 ], [ 100.38176139200003, -1.066174919999974, 0.0 ], [ 100.381887215000049, -1.06622913099993, 0.0 ], [ 100.381986082000054, -1.066283353999975, 0.0 ], [ 100.38208494000007, -1.066319487999945, 0.0 ], [ 100.382228731000069, -1.066364645999951, 0.0 ], [ 100.382291651000031, -1.066409840999961, 0.0 ], [ 100.382390505000032, -1.066436929999981, 0.0 ], [ 100.382489359000047, -1.066464019, 0.0 ], [ 100.382687060000066, -1.066500107999969, 0.0 ], [ 100.382776913000029, -1.066491022999927, 0.0 ], [ 100.382923050000045, -1.066511995999975, 0.0 ], [ 100.383127386000083, -1.06656322199995, 0.0 ], [ 100.383226224000083, -1.066554132, 0.0 ], [ 100.383414923000061, -1.066554047, 0.0 ], [ 100.383594644000098, -1.066572054999971, 0.0 ], [ 100.383684504000072, -1.066581058999916, 0.0 ], [ 100.383792328000112, -1.066571964999963, 0.0 ], [ 100.383837269000111, -1.066599078999986, 0.0 ], [ 100.38387173400011, -1.066683866999896, 0.0 ], [ 100.383873268000059, -1.066725687999981, 0.0 ], [ 100.383931204000064, -1.066760417999924, 0.0 ], [ 100.383990106000056, -1.066779901999937, 0.0 ], [ 100.384115925000074, -1.066825068999944, 0.0 ], [ 100.384205798000039, -1.066861205999914, 0.0 ], [ 100.384286697000078, -1.06692448199991, 0.0 ], [ 100.384358623000082, -1.06701489599993, 0.0 ], [ 100.384457481000084, -1.067051028999988, 0.0 ], [ 100.384556319000097, -1.067041939999947, 0.0 ], [ 100.384655165000098, -1.067050939999981, 0.0 ], [ 100.384771987000079, -1.067068975999963, 0.0 ], [ 100.384852878000032, -1.067114162999972, 0.0 ], [ 100.384888833000076, -1.067141279999906, 0.0 ], [ 100.384951753000038, -1.067186475, 0.0 ], [ 100.38505960100008, -1.067231648999923, 0.0 ], [ 100.385221395000059, -1.067349155999964, 0.0 ], [ 100.385279483000062, -1.067338928, 0.0 ], [ 100.385356168000015, -1.067321960999934, 0.0 ], [ 100.385463995000052, -1.06732191199993, 0.0 ], [ 100.385562850000056, -1.067349000999951, 0.0 ], [ 100.385742559, -1.067339875, 0.0 ], [ 100.385940251000108, -1.067357873999886, 0.0 ], [ 100.386137952000041, -1.067393962999941, 0.0 ], [ 100.386326670000116, -1.067439100999946, 0.0 ], [ 100.386533340000071, -1.067439006999938, 0.0 ], [ 100.386722047000049, -1.067457009999917, 0.0 ], [ 100.386901748000085, -1.067429794999975, 0.0 ], [ 100.386982611000022, -1.067411668999985, 0.0 ], [ 100.387072479, -1.067438761999917, 0.0 ], [ 100.387171333000097, -1.067465850999938, 0.0 ], [ 100.387270180000101, -1.067474850999973, 0.0 ], [ 100.387395505000086, -1.067529412999957, 0.0 ], [ 100.38749486100005, -1.067565194999898, 0.0 ], [ 100.387540539, -1.067548490999937, 0.0 ], [ 100.387593679000048, -1.067510881999934, 0.0 ], [ 100.387683539000108, -1.067519885999968, 0.0 ], [ 100.387773388000085, -1.067501755999978, 0.0 ], [ 100.387816296000082, -1.06748614599993, 0.0 ], [ 100.387863248000059, -1.067510759999924, 0.0 ], [ 100.387878139000051, -1.067550730999945, 0.0 ], [ 100.387863281000065, -1.06758311699996, 0.0 ], [ 100.387845342000091, -1.067655482, 0.0 ], [ 100.387818421000077, -1.067736895999894, 0.0 ], [ 100.387755538000121, -1.067773102999959, 0.0 ], [ 100.387683681000041, -1.06783644799996, 0.0 ], [ 100.387674728, -1.067908809, 0.0 ], [ 100.387674826000108, -1.068125879000015, 0.0 ], [ 100.387665893000076, -1.068243462999974, 0.0 ], [ 100.387665994000088, -1.068469577999942, 0.0 ], [ 100.387666055000082, -1.068605247999888, 0.0 ], [ 100.387639147000087, -1.068713794999987, 0.0 ], [ 100.387657175000058, -1.068840411999894, 0.0 ], [ 100.387675203000043, -1.068967027999979, 0.0 ], [ 100.387693227000028, -1.069084599999937, 0.0 ], [ 100.387720237000039, -1.069202166999983, 0.0 ], [ 100.387720294000047, -1.06932879199998, 0.0 ], [ 100.387729332000077, -1.069446367999938, 0.0 ], [ 100.387738375000126, -1.069572987999934, 0.0 ], [ 100.387738407000128, -1.06964534499997, 0.0 ], [ 100.387729438000093, -1.069681527999944, 0.0 ], [ 100.3877294790001, -1.069771973999967, 0.0 ], [ 100.387774447000083, -1.069862398999899, 0.0 ], [ 100.387846373000087, -1.06995281299992, 0.0 ], [ 100.387909309000051, -1.070034185999902, 0.0 ], [ 100.387972250000104, -1.070124602999923, 0.0 ], [ 100.388008237000065, -1.070224076999982, 0.0 ], [ 100.388062188000092, -1.070305453999965, 0.0 ], [ 100.388152072000068, -1.07036872599996, 0.0 ], [ 100.388241953000048, -1.070422951999917, 0.0 ], [ 100.388340812000052, -1.070459085999976, 0.0 ], [ 100.388430685000031, -1.070495222999946, 0.0 ], [ 100.388511572000056, -1.070531365, 0.0 ], [ 100.388574500000018, -1.070594647999912, 0.0 ], [ 100.388592512000088, -1.070685085999934, 0.0 ], [ 100.388574581000029, -1.070775540999958, 0.0 ], [ 100.388538679000078, -1.070866002999893, 0.0 ], [ 100.388493796, -1.070965513999956, 0.0 ], [ 100.388466880000095, -1.07105597299998, 0.0 ], [ 100.388439963000081, -1.071146430999915, 0.0 ], [ 100.388413047000071, -1.071236888999938, 0.0 ], [ 100.388359166000058, -1.071309270999977, 0.0 ], [ 100.38830528400004, -1.071381651999926, 0.0 ], [ 100.38828735400007, -1.071472105999949, 0.0 ], [ 100.38826043800006, -1.071562564999973, 0.0 ], [ 100.388269472, -1.071671095999894, 0.0 ], [ 100.388260531000071, -1.071770590999955, 0.0 ], [ 100.38831022300009, -1.072014599999894, 0.0 ], [ 100.388297991000059, -1.072089630999884, 0.0 ], [ 100.388220669000063, -1.072186535, 0.0 ], [ 100.388134844000064, -1.072259697999923, 0.0 ], [ 100.388077337000098, -1.072360392, 0.0 ], [ 100.388081153000059, -1.072453458999967, 0.0 ], [ 100.388155708000099, -1.072498061000016, 0.0 ], [ 100.388277422000044, -1.072505602000018, 0.0 ], [ 100.388408567000056, -1.072504591999935, 0.0 ], [ 100.388498207000012, -1.072522594999914, 0.0 ], [ 100.38859547000007, -1.072704889999987, 0.0 ], [ 100.388572852000067, -1.072762830999985, 0.0 ], [ 100.38848326400003, -1.072861638999901, 0.0 ], [ 100.388488973000051, -1.072968001999908, 0.0 ], [ 100.388561654000029, -1.073038244999947, 0.0 ], [ 100.388635264000072, -1.073076197999979, 0.0 ], [ 100.388686243000038, -1.07314360199996, 0.0 ], [ 100.388720257, -1.073251850999946, 0.0 ], [ 100.388722201000078, -1.073377207999926, 0.0 ], [ 100.388730743000067, -1.073490217999951, 0.0 ], [ 100.388800622000076, -1.073621240999956, 0.0 ], [ 100.388886545000091, -1.073765554, 0.0 ], [ 100.388913015000057, -1.073884252999957, 0.0 ], [ 100.388931949000025, -1.074024796999951, 0.0 ], [ 100.388973514000085, -1.074136839999896, 0.0 ], [ 100.389086840000047, -1.074374208999907, 0.0 ], [ 100.3891614570001, -1.074551765999943, 0.0 ], [ 100.389179441000067, -1.074679016, 0.0 ], [ 100.389186085000091, -1.074770181999985, 0.0 ], [ 100.389186136, -1.074881294999941, 0.0 ], [ 100.389182419000051, -1.075006654999922, 0.0 ], [ 100.389161746000028, -1.075193752999948, 0.0 ], [ 100.389121252000052, -1.075359964999934, 0.0 ], [ 100.389057169000083, -1.07552524100002, 0.0 ], [ 100.388988338000075, -1.075624988999924, 0.0 ], [ 100.388962918000104, -1.075744660999967, 0.0 ], [ 100.388836587000043, -1.075961245999946, 0.0 ], [ 100.388698900000108, -1.076100911999956, 0.0 ], [ 100.388634804000034, -1.076237697, 0.0 ], [ 100.388613157000023, -1.076353567999988, 0.0 ], [ 100.388637738000014, -1.076465618999934, 0.0 ], [ 100.388783453000087, -1.076690483999887, 0.0 ], [ 100.388828457000074, -1.076759932999949, 0.0 ], [ 100.388958758000015, -1.076977350999909, 0.0 ], [ 100.389038048, -1.077056138999944, 0.0 ], [ 100.389132405000083, -1.077074140000012, 0.0 ], [ 100.389177692000018, -1.077071269999952, 0.0 ], [ 100.389190867000039, -1.076997187999951, 0.0 ], [ 100.389170967000084, -1.076805360999978, 0.0 ], [ 100.389189810000047, -1.07674742299998, 0.0 ], [ 100.389233202000085, -1.076726509999937, 0.0 ], [ 100.389293588000015, -1.076732179999962, 0.0 ], [ 100.389435171000088, -1.076863170999965, 0.0 ], [ 100.389489927000099, -1.076935321999984, 0.0 ], [ 100.38950035600007, -1.07704452999996, 0.0 ], [ 100.389497564000109, -1.077130952999917, 0.0 ], [ 100.389518338000045, -1.07717083099993, 0.0 ], [ 100.389556094000056, -1.077205002, 0.0 ], [ 100.389598555000106, -1.07721258, 0.0 ], [ 100.389647613000079, -1.077203061000021, 0.0 ], [ 100.389688155000059, -1.077141311999974, 0.0 ], [ 100.389781486000061, -1.076976974999966, 0.0 ], [ 100.389881409000068, -1.07678414299991, 0.0 ], [ 100.389984154000047, -1.076574215999949, 0.0 ], [ 100.390148224000114, -1.076357611999968, 0.0 ], [ 100.390276473000071, -1.076209402999962, 0.0 ], [ 100.390349082000043, -1.076122949, 0.0 ], [ 100.390417943000045, -1.076091577999894, 0.0 ], [ 100.390509446000067, -1.076054496999935, 0.0 ], [ 100.390605641000036, -1.075961383999958, 0.0 ], [ 100.390649017000072, -1.075910080999976, 0.0 ], [ 100.390717189000028, -1.075845407999954, 0.0 ], [ 100.390761201000032, -1.075706797999943, 0.0 ], [ 100.390976149000053, -1.075334423999952, 0.0 ], [ 100.391048706000021, -1.07513210799991, 0.0 ], [ 100.391118457000104, -1.074982027000016, 0.0 ], [ 100.391189175000093, -1.074885127, 0.0 ], [ 100.391343843000101, -1.074738803999964, 0.0 ], [ 100.391378739000061, -1.074710297, 0.0 ], [ 100.391416442000065, -1.074630505999974, 0.0 ], [ 100.391450357000025, -1.074517478999948, 0.0 ], [ 100.391566128000107, -1.074287716999945, 0.0 ], [ 100.391573843000032, -1.074272404999921, 0.0 ], [ 100.391682256000124, -1.074076719999895, 0.0 ], [ 100.391794440000083, -1.073873436999951, 0.0 ], [ 100.39191702300009, -1.073716682999948, 0.0 ], [ 100.392050921000077, -1.073541879999962, 0.0 ], [ 100.392132001000036, -1.073409836999962, 0.0 ], [ 100.392181950000079, -1.073283505999901, 0.0 ], [ 100.392254537000042, -1.073146718999952, 0.0 ], [ 100.392374267, -1.072943430999918, 0.0 ], [ 100.392463845000037, -1.072823730999962, 0.0 ], [ 100.392494901000035, -1.072648025, 0.0 ], [ 100.392561838000063, -1.072535930999952, 0.0 ], [ 100.392686303000062, -1.072364932000014, 0.0 ], [ 100.39283246400008, -1.072190122999939, 0.0 ], [ 100.392989953000054, -1.072022906999959, 0.0 ], [ 100.39308612100011, -1.071872813999975, 0.0 ], [ 100.39317756100003, -1.07169992999997, 0.0 ], [ 100.393338784000051, -1.071447239999935, 0.0 ], [ 100.393444379000087, -1.071279098999967, 0.0 ], [ 100.393530173000073, -1.071139454999959, 0.0 ], [ 100.393598044, -1.071002669999921, 0.0 ], [ 100.393621590000095, -1.070911490999927, 0.0 ], [ 100.393624371000058, -1.07080132499996, 0.0 ], [ 100.393616761000047, -1.070666474999904, 0.0 ], [ 100.39361858700002, -1.070529718999958, 0.0 ], [ 100.393633616000017, -1.070383461999936, 0.0 ], [ 100.393690168000077, -1.070255227999984, 0.0 ], [ 100.393712742000076, -1.070101368999954, 0.0 ], [ 100.393720227000074, -1.069962712999939, 0.0 ], [ 100.393723928000028, -1.069800314999914, 0.0 ], [ 100.393724833000107, -1.069712943999968, 0.0 ], [ 100.393722914000122, -1.069643617999916, 0.0 ], [ 100.393736087000065, -1.069562889999898, 0.0 ], [ 100.393766240000062, -1.06947835499992, 0.0 ], [ 100.393805836000055, -1.069411858999925, 0.0 ], [ 100.394081178000107, -1.069062249999953, 0.0 ], [ 100.394411259000051, -1.068750603999924, 0.0 ], [ 100.394780976000092, -1.068460781999925, 0.0 ], [ 100.394976227000086, -1.06834673, 0.0 ], [ 100.395164889000057, -1.068263072, 0.0 ], [ 100.395389368000068, -1.068107221999981, 0.0 ], [ 100.396022251000034, -1.067666281, 0.0 ], [ 100.39619201000005, -1.067511403999977, 0.0 ], [ 100.396309901000038, -1.067411633999982, 0.0 ], [ 100.396452328000095, -1.067325147999932, 0.0 ], [ 100.396590979000024, -1.067232965999943, 0.0 ], [ 100.396704163000052, -1.067155989999969, 0.0 ], [ 100.396773006000075, -1.067084731999935, 0.0 ], [ 100.396964406000095, -1.06680163999996, 0.0 ], [ 100.397168027000063, -1.066417875999915, 0.0 ], [ 100.397231266000063, -1.066334506999945, 0.0 ], [ 100.397232021000036, -1.066333511999951, 0.0 ], [ 100.397256662000117, -1.066301025999928, 0.0 ], [ 100.397354747000065, -1.066214558999968, 0.0 ], [ 100.397454729000074, -1.066156583999967, 0.0 ], [ 100.397565112000066, -1.066143237999928, 0.0 ], [ 100.397673612000062, -1.066140338999955, 0.0 ], [ 100.397783062000059, -1.066152633999907, 0.0 ], [ 100.397949138000044, -1.06620289099989, 0.0 ], [ 100.398061433000095, -1.066244625999968, 0.0 ], [ 100.398270001000029, -1.066374636999979, 0.0 ], [ 100.398346469000046, -1.066474317999966, 0.0 ], [ 100.398409757000053, -1.066638583999969, 0.0 ], [ 100.398418303000042, -1.066757289999932, 0.0 ], [ 100.398417403000053, -1.066855106999943, 0.0 ], [ 100.398396254, -1.066993232999914, 0.0 ], [ 100.398392587000046, -1.067017183999941, 0.0 ], [ 100.398387301000056, -1.067051705999956, 0.0 ], [ 100.398345884, -1.067267301999942, 0.0 ], [ 100.398304479000046, -1.067506639999938, 0.0 ], [ 100.398235720000031, -1.067762134999939, 0.0 ], [ 100.398178588000107, -1.068294886999966, 0.0 ], [ 100.398165177000067, -1.068444805999936, 0.0 ], [ 100.398142322000041, -1.068575736999933, 0.0 ], [ 100.39808375700008, -1.068719572999933, 0.0 ], [ 100.398017778000039, -1.068864090999988, 0.0 ], [ 100.397995605000062, -1.069014013999959, 0.0 ], [ 100.397992291000051, -1.069135439999969, 0.0 ], [ 100.398003112000069, -1.069219548, 0.0 ], [ 100.398045619000115, -1.069329419999943, 0.0 ], [ 100.398073274000097, -1.069382998000024, 0.0 ], [ 100.398095388000058, -1.06946153499995, 0.0 ], [ 100.398112425000051, -1.069522038999893, 0.0 ], [ 100.39812863800006, -1.069608181, 0.0 ], [ 100.398127989, -1.069665162000011, 0.0 ], [ 100.398094331000067, -1.069747935999932, 0.0 ], [ 100.398031018000069, -1.069826651999962, 0.0 ], [ 100.397957585000114, -1.069882309999948, 0.0 ], [ 100.397900995000057, -1.069924392999966, 0.0 ], [ 100.397825566000023, -1.070033641999946, 0.0 ], [ 100.3977845080001, -1.070147621999962, 0.0 ], [ 100.397727300000071, -1.070312484999925, 0.0 ], [ 100.397673450000056, -1.070454284999934, 0.0 ], [ 100.397562336000092, -1.070637487999904, 0.0 ], [ 100.397474800000055, -1.070803052000014, 0.0 ], [ 100.397453968, -1.070933983000011, 0.0 ], [ 100.397487036000086, -1.071035718, 0.0 ], [ 100.397550399000082, -1.071065535999971, 0.0 ], [ 100.397633285000012, -1.071053287999935, 0.0 ], [ 100.39770470600007, -1.071020016999936, 0.0 ], [ 100.397714809, -1.071007122999935, 0.0 ], [ 100.3977222, -1.070956243999988, 0.0 ], [ 100.397727545000095, -1.070855846999941, 0.0 ], [ 100.397739642000019, -1.070783258999975, 0.0 ], [ 100.397761187000029, -1.070735076999896, 0.0 ], [ 100.397951144000032, -1.070541661999969, 0.0 ], [ 100.398055574000054, -1.070477171999962, 0.0 ], [ 100.398155978, -1.070454740999971, 0.0 ], [ 100.398259085000106, -1.070448589, 0.0 ], [ 100.398407347000031, -1.07044852, 0.0 ], [ 100.398528662000032, -1.070470849999972, 0.0 ], [ 100.398653351000036, -1.070499283999927, 0.0 ], [ 100.39870593300013, -1.070534532999912, 0.0 ], [ 100.398768651000083, -1.070632185, 0.0 ], [ 100.398855647000076, -1.070763074, 0.0 ], [ 100.39889612500005, -1.070858023999944, 0.0 ], [ 100.398927162000049, -1.070936697999969, 0.0 ], [ 100.398957507000077, -1.070977383999961, 0.0 ], [ 100.399028287000064, -1.071018051999951, 0.0 ], [ 100.399100401000084, -1.071028194, 0.0 ], [ 100.39917250900001, -1.071025446999941, 0.0 ], [ 100.399205526000074, -1.07101457899993, 0.0 ], [ 100.39927493200004, -1.070997588999945, 0.0 ], [ 100.399342999000083, -1.070999592999933, 0.0 ], [ 100.399385463000044, -1.071014496000012, 0.0 ], [ 100.399415813000061, -1.071065358999957, 0.0 ], [ 100.39943809500005, -1.071160993999965, 0.0 ], [ 100.399444198000111, -1.07124442799994, 0.0 ], [ 100.399475899000066, -1.07130275099997, 0.0 ], [ 100.399520392000014, -1.071333932999974, 0.0 ], [ 100.39955074200013, -1.071384795999919, 0.0 ], [ 100.399547409000036, -1.071468232999984, 0.0 ], [ 100.3994935300001, -1.071542875999943, 0.0 ], [ 100.399438971000023, -1.071605986999924, 0.0 ], [ 100.399426200000036, -1.071679253999947, 0.0 ], [ 100.39944914700007, -1.071755894999982, 0.0 ], [ 100.399536797000039, -1.07184404, 0.0 ], [ 100.399618348000033, -1.071858246999924, 0.0 ], [ 100.399697195000073, -1.07185414099994, 0.0 ], [ 100.399792873000095, -1.071812718999976, 0.0 ], [ 100.399892591000082, -1.071762475, 0.0 ], [ 100.400003784000049, -1.07175360499997, 0.0 ], [ 100.400089374000018, -1.071758992999972, 0.0 ], [ 100.40012577600001, -1.071782039999925, 0.0 ], [ 100.400131199000015, -1.071850549, 0.0 ], [ 100.400126512000071, -1.071917029, 0.0 ], [ 100.400146744000054, -1.071950257999988, 0.0 ], [ 100.400199984000025, -1.071948876999962, 0.0 ], [ 100.400276120000015, -1.071913568999972, 0.0 ], [ 100.400339445000014, -1.071861306999911, 0.0 ], [ 100.400399394, -1.071795479999971, 0.0 ], [ 100.400457333000091, -1.071756788999967, 0.0 ], [ 100.400530118000077, -1.071758788999955, 0.0 ], [ 100.400603585000027, -1.071779105999949, 0.0 ], [ 100.400655494000048, -1.071817068999981, 0.0 ], [ 100.400761997000075, -1.071869932, 0.0 ], [ 100.400870501000085, -1.071875986999971, 0.0 ], [ 100.401010007000082, -1.071884062999929, 0.0 ], [ 100.401211524000047, -1.071917207999918, 0.0 ], [ 100.40131330100003, -1.071951756999934, 0.0 ], [ 100.401414428000052, -1.072034466999939, 0.0 ], [ 100.401473101000107, -1.072129407999978, 0.0 ], [ 100.401502120000032, -1.072218257999958, 0.0 ], [ 100.401546611000072, -1.072246048999948, 0.0 ], [ 100.401588396000065, -1.072248744, 0.0 ], [ 100.401611973000058, -1.07222770399994, 0.0 ], [ 100.401622730000057, -1.072170717999932, 0.0 ], [ 100.401645596, -1.072066920999959, 0.0 ], [ 100.401688698000015, -1.072001780999899, 0.0 ], [ 100.401751349000037, -1.071951554999917, 0.0 ], [ 100.401832216000074, -1.071941341999961, 0.0 ], [ 100.401885456000031, -1.071944030999917, 0.0 ], [ 100.401927225000023, -1.071910772999918, 0.0 ], [ 100.401965607000093, -1.071844277999923, 0.0 ], [ 100.401987774000062, -1.071683500999943, 0.0 ], [ 100.402016024, -1.071562064000021, 0.0 ], [ 100.40204025500006, -1.071498288999984, 0.0 ], [ 100.402117045000097, -1.071414817999917, 0.0 ], [ 100.402158483000065, -1.07138301999995, 0.0 ], [ 100.402348791000094, -1.071236985999946, 0.0 ], [ 100.402741562000088, -1.070962753999905, 0.0 ], [ 100.403141756000068, -1.070750556999934, 0.0 ], [ 100.403227324000042, -1.070666085999961, 0.0 ], [ 100.403279211000068, -1.07065724399994, 0.0 ], [ 100.403365473000107, -1.070657883, 0.0 ], [ 100.403440290000077, -1.070684302999958, 0.0 ], [ 100.403503643000079, -1.07069445, 0.0 ], [ 100.403546776, -1.070699857, 0.0 ], [ 100.403574405000072, -1.070694417, 0.0 ], [ 100.403601346000073, -1.070661166, 0.0 ], [ 100.403630279000069, -1.070558043999903, 0.0 ], [ 100.403672015000069, -1.070456951999977, 0.0 ], [ 100.403699611000036, -1.070399308999915, 0.0 ], [ 100.403703675000102, -1.070390819999923, 0.0 ], [ 100.403709045000113, -1.070379603999883, 0.0 ], [ 100.403751473000071, -1.070314464, 0.0 ], [ 100.403815471000115, -1.070260845999916, 0.0 ], [ 100.403912506000069, -1.070241806999939, 0.0 ], [ 100.404014271000051, -1.07024718699994, 0.0 ], [ 100.404079653000039, -1.070273611999906, 0.0 ], [ 100.404135632000049, -1.070368553999946, 0.0 ], [ 100.404140564000016, -1.070394507999961, 0.0 ], [ 100.404152226000093, -1.070455886999977, 0.0 ], [ 100.404155222000071, -1.07047165399995, 0.0 ], [ 100.40416065000008, -1.070551694999911, 0.0 ], [ 100.404195062000085, -1.070645967999984, 0.0 ], [ 100.404257768000036, -1.070713094999943, 0.0 ], [ 100.404388442000098, -1.070766171999893, 0.0 ], [ 100.404503829000049, -1.070792167, 0.0 ], [ 100.404675307000034, -1.070865890999884, 0.0 ], [ 100.404843564, -1.070965664999968, 0.0 ], [ 100.405015061000071, -1.071081718999978, 0.0 ], [ 100.405158524000043, -1.071198869999901, 0.0 ], [ 100.405257780000085, -1.071317125999916, 0.0 ], [ 100.405394835000052, -1.071569948999962, 0.0 ], [ 100.405472593000098, -1.071837459999892, 0.0 ], [ 100.405528574000115, -1.071938507, 0.0 ], [ 100.405598713000046, -1.072053112999883, 0.0 ], [ 100.405695814000097, -1.072173812999922, 0.0 ], [ 100.405758534000128, -1.072274857999933, 0.0 ], [ 100.405777428000093, -1.072329114999982, 0.0 ], [ 100.405787597000042, -1.072458673999955, 0.0 ], [ 100.405774851000061, -1.072589598999952, 0.0 ], [ 100.405734484000092, -1.072736139, 0.0 ], [ 100.405706219000066, -1.072826371999914, 0.0 ], [ 100.40565167700008, -1.072926112999906, 0.0 ], [ 100.405580283000035, -1.073012973999899, 0.0 ], [ 100.405483286000091, -1.073118160999987, 0.0 ], [ 100.405411898000054, -1.073224694, 0.0 ], [ 100.405376224000022, -1.073318321999939, 0.0 ], [ 100.405367512000012, -1.073426859999949, 0.0 ], [ 100.405370926000032, -1.073524539999949, 0.0 ], [ 100.405420172000021, -1.073633731000013, 0.0 ], [ 100.405461337000048, -1.073756489999956, 0.0 ], [ 100.405456655000108, -1.073833145, 0.0 ], [ 100.405434461000056, -1.073933549999951, 0.0 ], [ 100.40543855200012, -1.074037334999923, 0.0 ], [ 100.405497216000086, -1.074105819, 0.0 ], [ 100.405594267000126, -1.074123410999939, 0.0 ], [ 100.405658283, -1.074107779999978, 0.0 ], [ 100.405760008000073, -1.07402836799998, 0.0 ], [ 100.405820648000116, -1.074000526999986, 0.0 ], [ 100.405883323000069, -1.074001853999918, 0.0 ], [ 100.406496048000051, -1.074291221999968, 0.0 ], [ 100.406626156000058, -1.074380023999944, 0.0 ], [ 100.406697623000113, -1.074447824999958, 0.0 ], [ 100.406734048000018, -1.074523782999937, 0.0 ], [ 100.40675160000005, -1.074589573999963, 0.0 ], [ 100.406757021000061, -1.074654691999933, 0.0 ], [ 100.406782659000044, -1.074717765999911, 0.0 ], [ 100.406837251000027, -1.074726557999928, 0.0 ], [ 100.406976757000024, -1.074738025999989, 0.0 ], [ 100.40706369400003, -1.074740020999976, 0.0 ], [ 100.40709873200008, -1.074725758999951, 0.0 ], [ 100.407158709000072, -1.074720983, 0.0 ], [ 100.407264515000037, -1.07472432600001, 0.0 ], [ 100.407451874000088, -1.074745266999966, 0.0 ], [ 100.407559040000066, -1.074774386999978, 0.0 ], [ 100.407634546000097, -1.074831330999893, 0.0 ], [ 100.407691211999989, -1.074957475999939, 0.0 ], [ 100.407710779000098, -1.07500902099994, 0.0 ], [ 100.407730338000121, -1.075040215999945, 0.0 ], [ 100.40777212700003, -1.075053764, 0.0 ], [ 100.407863104000086, -1.075048971999959, 0.0 ], [ 100.407954747000034, -1.075027900999904, 0.0 ], [ 100.408065929, -1.074996646999982, 0.0 ], [ 100.408222255000055, -1.074946376, 0.0 ], [ 100.408417682000064, -1.074923899999914, 0.0 ], [ 100.408561219000035, -1.074906874999926, 0.0 ], [ 100.408680837000077, -1.074892230999958, 0.0 ], [ 100.408740165000012, -1.074863451999975, 0.0 ], [ 100.40882101900003, -1.074827236, 0.0 ], [ 100.408892895000037, -1.07480911399992, 0.0 ], [ 100.409009691, -1.074772880999942, 0.0 ], [ 100.409126479000079, -1.074718559999977, 0.0 ], [ 100.409225275, -1.074619024, 0.0 ], [ 100.409333421000071, -1.074541988999933, 0.0 ], [ 100.409468875000087, -1.074410308999963, 0.0 ], [ 100.409548627000021, -1.074338493999972, 0.0 ], [ 100.409593522000094, -1.074266115999934, 0.0 ], [ 100.40962045, -1.074202791999935, 0.0 ], [ 100.40966535700008, -1.074157548999922, 0.0 ], [ 100.409710260000068, -1.074103260999959, 0.0 ], [ 100.409746169000115, -1.074030887999922, 0.0 ], [ 100.40980004500004, -1.073949461999935, 0.0 ], [ 100.409835954000073, -1.073877088999986, 0.0 ], [ 100.409844932000027, -1.073858996, 0.0 ], [ 100.409889412000055, -1.073821426999911, 0.0 ], [ 100.409988664000096, -1.07377752899992, 0.0 ], [ 100.410033600000091, -1.073795597, 0.0 ], [ 100.410112883000082, -1.073804571999937, 0.0 ], [ 100.410159402000019, -1.073804582999938, 0.0 ], [ 100.410204338000099, -1.073822650999923, 0.0 ], [ 100.410276219000096, -1.073813572999971, 0.0 ], [ 100.410321138000072, -1.073795462999983, 0.0 ], [ 100.410321130000071, -1.073777374, 0.0 ], [ 100.410303155000094, -1.073768337999959, 0.0 ], [ 100.410285163000125, -1.073723123999948, 0.0 ], [ 100.410276165000084, -1.073695993999924, 0.0 ], [ 100.41027615600008, -1.073677904999937, 0.0 ], [ 100.410330049, -1.073632657999924, 0.0 ], [ 100.410482738000042, -1.073487873999935, 0.0 ], [ 100.410554606000034, -1.073451662999958, 0.0 ], [ 100.410626482000026, -1.073433539999969, 0.0 ], [ 100.410689368000078, -1.073406377999942, 0.0 ], [ 100.410770214000109, -1.073352072999978, 0.0 ], [ 100.410821451000089, -1.073326256999974, 0.0 ], [ 100.410842082000016, -1.073315862, 0.0 ], [ 100.410904968000068, -1.073288698999975, 0.0 ], [ 100.41097683600006, -1.07325248699991, 0.0 ], [ 100.411059758000079, -1.07319678799992, 0.0 ], [ 100.411084630000104, -1.073180080999959, 0.0 ], [ 100.411144761000102, -1.07317795499996, 0.0 ], [ 100.411183471000101, -1.073180034999955, 0.0 ], [ 100.411199673000027, -1.073163571999925, 0.0 ], [ 100.411238162000103, -1.073107557, 0.0 ], [ 100.411273801000036, -1.073059439999924, 0.0 ], [ 100.411327166, -1.07301716699989, 0.0 ], [ 100.411416996000071, -1.072962857999927, 0.0 ], [ 100.411452926000024, -1.072935707999901, 0.0 ], [ 100.411551726000113, -1.072845216999963, 0.0 ], [ 100.411587623000059, -1.072745709999901, 0.0 ], [ 100.411605565000031, -1.072682390999902, 0.0 ], [ 100.41161450900006, -1.072591940999968, 0.0 ], [ 100.411632463000046, -1.072555754999905, 0.0 ], [ 100.411650410000021, -1.072501478999944, 0.0 ], [ 100.411677329000028, -1.072420065999958, 0.0 ], [ 100.411686265000057, -1.072311527999948, 0.0 ], [ 100.411695230000078, -1.072266300999936, 0.0 ], [ 100.411740129000066, -1.072202968999936, 0.0 ], [ 100.411767048000073, -1.07212155499995, 0.0 ], [ 100.411835730000078, -1.072068821999939, 0.0 ], [ 100.41191077600007, -1.072031042999922, 0.0 ], [ 100.412018582000101, -1.071985771, 0.0 ], [ 100.412054520000055, -1.071976709999956, 0.0 ], [ 100.412180297000077, -1.07193142899994, 0.0 ], [ 100.412243175000029, -1.071886176999926, 0.0 ], [ 100.412306041000079, -1.071813791999976, 0.0 ], [ 100.412386886000021, -1.071759486999924, 0.0 ], [ 100.412431793000096, -1.071714243, 0.0 ], [ 100.412458737000108, -1.071687096999974, 0.0 ], [ 100.41249465100006, -1.071623768999886, 0.0 ], [ 100.412512589000031, -1.071551404999938, 0.0 ], [ 100.412548506000078, -1.071497120999976, 0.0 ], [ 100.412620353000065, -1.071415686999988, 0.0 ], [ 100.412656271000017, -1.071361402999938, 0.0 ], [ 100.41273709500004, -1.071261875999963, 0.0 ], [ 100.412764035000052, -1.071225684999988, 0.0 ], [ 100.412781994000028, -1.071198543999963, 0.0 ], [ 100.412826888000012, -1.071126166999925, 0.0 ], [ 100.412871775000085, -1.071035701, 0.0 ], [ 100.412907692000033, -1.070981416999939, 0.0 ], [ 100.412916674000073, -1.070972368, 0.0 ], [ 100.412970537, -1.070863808999978, 0.0 ], [ 100.412997457000088, -1.070782396, 0.0 ], [ 100.413051312000022, -1.070655748, 0.0 ], [ 100.413060273000056, -1.070601475999944, 0.0 ], [ 100.413087171000058, -1.070474840999947, 0.0 ], [ 100.413087117000046, -1.070357261999988, 0.0 ], [ 100.413087093000044, -1.070302994999939, 0.0 ], [ 100.413131971000027, -1.070194439999928, 0.0 ], [ 100.413158886000033, -1.070103982, 0.0 ], [ 100.413176799000013, -1.069977351, 0.0 ], [ 100.413212716000046, -1.069923066999945, 0.0 ], [ 100.413221643999989, -1.069796439999949, 0.0 ], [ 100.413221619000083, -1.069742172999988, 0.0 ], [ 100.413230580000018, -1.069687901999939, 0.0 ], [ 100.41323051800002, -1.069552234, 0.0 ], [ 100.413275388000088, -1.06942559, 0.0 ], [ 100.413284328000032, -1.069326095999934, 0.0 ], [ 100.413275284000079, -1.069199476999938, 0.0 ], [ 100.413272120000087, -1.069179126999942, 0.0 ], [ 100.413253081000022, -1.069136060999932, 0.0 ], [ 100.413215492000106, -1.069079125000017, 0.0 ], [ 100.413194344000047, -1.069045757999921, 0.0 ], [ 100.413082948000067, -1.068826361999887, 0.0 ], [ 100.41260840200006, -1.068290558999963, 0.0 ], [ 100.412301326000048, -1.067910965999908, 0.0 ], [ 100.411217943000025, -1.067626972999947, 0.0 ], [ 100.411150001000095, -1.06760136199996, 0.0 ], [ 100.411126955000043, -1.067606257, 0.0 ], [ 100.411095431000021, -1.067640459, 0.0 ], [ 100.411034704000059, -1.067794261999933, 0.0 ], [ 100.411026847000116, -1.067814160999981, 0.0 ], [ 100.411000922000099, -1.067879821, 0.0 ], [ 100.410985167000035, -1.067910353999946, 0.0 ], [ 100.410930581000059, -1.067914041999896, 0.0 ], [ 100.410892960000055, -1.067877428999975, 0.0 ], [ 100.410869887, -1.067821272999947, 0.0 ], [ 100.410815158, -1.067512383999969, 0.0 ], [ 100.410827264000034, -1.067457431999952, 0.0 ], [ 100.410846648000032, -1.067403697999947, 0.0 ], [ 100.410886665000064, -1.067373153999907, 0.0 ], [ 100.410919416000112, -1.06737069799997, 0.0 ], [ 100.410943612000068, -1.067377493, 0.0 ], [ 100.410986797000092, -1.067389620999937, 0.0 ], [ 100.41239952700009, -1.067786377999902, 0.0 ], [ 100.41242984900002, -1.067777818, 0.0 ], [ 100.412450458000038, -1.067750945999902, 0.0 ], [ 100.412451648000058, -1.067700882999934, 0.0 ], [ 100.412433035000021, -1.067671994999942, 0.0 ], [ 100.412394204000094, -1.067642708999917, 0.0 ], [ 100.412346482000061, -1.067624821999947, 0.0 ], [ 100.41227125100005, -1.06757357499997, 0.0 ], [ 100.412179040000055, -1.067531288999935, 0.0 ], [ 100.412082797, -1.067515866999902, 0.0 ], [ 100.412009202000036, -1.067507761999942, 0.0 ], [ 100.41192429000003, -1.06751024299997, 0.0 ], [ 100.411864439000055, -1.067496431999893, 0.0 ], [ 100.411798916000052, -1.067455762, 0.0 ], [ 100.411768176000081, -1.067413781999982, 0.0 ], [ 100.411759176000047, -1.067384391999949, 0.0 ], [ 100.411758012000035, -1.067295078999931, 0.0 ], [ 100.411780436000114, -1.067205753999912, 0.0 ], [ 100.411814130000067, -1.067128650999927, 0.0 ], [ 100.411875807000101, -1.066987509999973, 0.0 ], [ 100.411950969000017, -1.066783974, 0.0 ], [ 100.41201716900008, -1.066634707999914, 0.0 ], [ 100.412060923000055, -1.066523891999982, 0.0 ], [ 100.41208109800003, -1.066430045999945, 0.0 ], [ 100.412083296000034, -1.066323772999945, 0.0 ], [ 100.412080991000025, -1.066193757999934, 0.0 ], [ 100.412094421000077, -1.066089739999943, 0.0 ], [ 100.412140416000057, -1.065968748999969, 0.0 ], [ 100.412174082, -1.06590316099996, 0.0 ], [ 100.412224601, -1.065847738999904, 0.0 ], [ 100.412262751000057, -1.065760668999894, 0.0 ], [ 100.412286297000051, -1.065672473999968, 0.0 ], [ 100.412326697000111, -1.065597836999921, 0.0 ], [ 100.412398539, -1.065502837999966, 0.0 ], [ 100.412483869000056, -1.065432702999936, 0.0 ], [ 100.412590641000094, -1.065383009, 0.0 ], [ 100.412653507000059, -1.06531062299996, 0.0 ], [ 100.412680455000071, -1.065292521999972, 0.0 ], [ 100.412752298000058, -1.065202043999947, 0.0 ], [ 100.412878042000074, -1.065084406999984, 0.0 ], [ 100.413012780000116, -1.064984855, 0.0 ], [ 100.413129555000097, -1.064903400999929, 0.0 ], [ 100.413220092000046, -1.064828768999971, 0.0 ], [ 100.413228359000101, -1.06482195399994, 0.0 ], [ 100.41331818900008, -1.064767645999976, 0.0 ], [ 100.413363088000054, -1.064704312999976, 0.0 ], [ 100.413461880000057, -1.064595733999963, 0.0 ], [ 100.413505271000105, -1.064499125999963, 0.0 ], [ 100.413515702000069, -1.064396729999928, 0.0 ], [ 100.413552695000121, -1.064279159999971, 0.0 ], [ 100.413569533000086, -1.06421581499997, 0.0 ], [ 100.413569529000085, -1.064206769999932, 0.0 ], [ 100.413569475000088, -1.064089190999973, 0.0 ], [ 100.413560457000045, -1.064016838999938, 0.0 ], [ 100.413560416000038, -1.063926394, 0.0 ], [ 100.413533410000028, -1.063817872999906, 0.0 ], [ 100.413515385000053, -1.063700301999948, 0.0 ], [ 100.413479377000087, -1.063555606999967, 0.0 ], [ 100.413461377000019, -1.063492302999969, 0.0 ], [ 100.413425402000058, -1.063419963999935, 0.0 ], [ 100.413424754000104, -1.063403475, 0.0 ], [ 100.413422944000033, -1.063357423999912, 0.0 ], [ 100.413443316000041, -1.063293331999938, 0.0 ], [ 100.413451414000079, -1.063227229999975, 0.0 ], [ 100.413443250000029, -1.063148619999954, 0.0 ], [ 100.413443242000113, -1.063130530999968, 0.0 ], [ 100.413479151000075, -1.063058159000019, 0.0 ], [ 100.413550977000057, -1.062931501999931, 0.0 ], [ 100.413586883, -1.062850084999945, 0.0 ], [ 100.41363176500009, -1.062750574999971, 0.0 ], [ 100.413649724000066, -1.062723432999946, 0.0 ], [ 100.413685604000094, -1.062587748999911, 0.0 ], [ 100.413739443000026, -1.062424922999939, 0.0 ], [ 100.413793274000042, -1.06224400799998, 0.0 ], [ 100.413865084000022, -1.062081173999919, 0.0 ], [ 100.413945892000058, -1.06194546899997, 0.0 ], [ 100.413975248999989, -1.061853389, 0.0 ], [ 100.414008688000095, -1.061719326999911, 0.0 ], [ 100.414053579000083, -1.061637905999924, 0.0 ], [ 100.414152383000086, -1.061556459999935, 0.0 ], [ 100.414260156000026, -1.061438830999973, 0.0 ], [ 100.414367945000066, -1.061357380999895, 0.0 ], [ 100.41446674900007, -1.061275935, 0.0 ], [ 100.414493689000082, -1.061239744999932, 0.0 ], [ 100.41451461100003, -1.061163946999966, 0.0 ], [ 100.414538493000052, -1.06096838899995, 0.0 ], [ 100.414570480000037, -1.060887789999943, 0.0 ], [ 100.414610295000045, -1.060787466, 0.0 ], [ 100.41464617200009, -1.060642737, 0.0 ], [ 100.414655054000022, -1.060416619999949, 0.0 ], [ 100.414672951000085, -1.060253810999979, 0.0 ], [ 100.414663925000042, -1.060163369999956, 0.0 ], [ 100.414672861000071, -1.060054831999946, 0.0 ], [ 100.4146817970001, -1.059946292999936, 0.0 ], [ 100.414699695000067, -1.059783483999966, 0.0 ], [ 100.414690643000128, -1.059638775999894, 0.0 ], [ 100.414681633000086, -1.059584512999934, 0.0 ], [ 100.414685696000063, -1.059525479999935, 0.0 ], [ 100.414690565000029, -1.059466929999886, 0.0 ], [ 100.414688502000033, -1.059422817999967, 0.0 ], [ 100.414681543000086, -1.059385533999902, 0.0 ], [ 100.414654517000059, -1.059231789999971, 0.0 ], [ 100.414618509000022, -1.059087093999989, 0.0 ], [ 100.414555532000051, -1.058915276999895, 0.0 ], [ 100.414501570000112, -1.058806767999976, 0.0 ], [ 100.414402660000093, -1.058653056999959, 0.0 ], [ 100.414339716000129, -1.058553596, 0.0 ], [ 100.414249783000059, -1.058381791999985, 0.0 ], [ 100.414159875000081, -1.058264253999941, 0.0 ], [ 100.414096935000032, -1.058173837999921, 0.0 ], [ 100.414034, -1.058092465999938, 0.0 ], [ 100.413935118000055, -1.058002066999919, 0.0 ], [ 100.413845230000078, -1.057929751999976, 0.0 ], [ 100.413827214, -1.057830269999916, 0.0 ], [ 100.413818204000052, -1.057776007999956, 0.0 ], [ 100.413782184000098, -1.057604177999949, 0.0 ], [ 100.413773154000054, -1.057504692999978, 0.0 ], [ 100.413782078000082, -1.057369020999944, 0.0 ], [ 100.413797160000087, -1.057252463999892, 0.0 ], [ 100.413803043000044, -1.057117852999945, 0.0 ], [ 100.413776248000048, -1.057010179, 0.0 ], [ 100.413703172000041, -1.056944995999943, 0.0 ], [ 100.413476345000021, -1.056871713, 0.0 ], [ 100.413422416000088, -1.056835559999947, 0.0 ], [ 100.413309434000055, -1.05669353699992, 0.0 ], [ 100.413278566000088, -1.056654734999907, 0.0 ], [ 100.413246365000077, -1.056517265, 0.0 ], [ 100.413242554000121, -1.056500994999976, 0.0 ], [ 100.413215532000024, -1.056356294999905, 0.0 ], [ 100.413206482000064, -1.056211586999923, 0.0 ], [ 100.413188466000094, -1.056112105999952, 0.0 ], [ 100.413170450000024, -1.056012623999981, 0.0 ], [ 100.41315243400004, -1.055913142999921, 0.0 ], [ 100.41312544000003, -1.055831754999937, 0.0 ], [ 100.413089470000074, -1.05576845899994, 0.0 ], [ 100.413071478000091, -1.055723244999929, 0.0 ], [ 100.413053479000027, -1.055659942000021, 0.0 ], [ 100.413016692000085, -1.055598442, 0.0 ], [ 100.413008490000024, -1.055524294999899, 0.0 ], [ 100.412963521000037, -1.055433869999967, 0.0 ], [ 100.412891597000041, -1.055343457999947, 0.0 ], [ 100.412828657000077, -1.055253040999927, 0.0 ], [ 100.412671752000051, -1.055124779999972, 0.0 ], [ 100.412594940000091, -1.055045123999954, 0.0 ], [ 100.412523023000091, -1.054972800999921, 0.0 ], [ 100.412460092000046, -1.054900473999976, 0.0 ], [ 100.412415148000051, -1.054864316, 0.0 ], [ 100.412397161000072, -1.054828145999942, 0.0 ], [ 100.412361182000026, -1.054746761999959, 0.0 ], [ 100.412307232, -1.054665385999976, 0.0 ], [ 100.412226306000065, -1.054538799999894, 0.0 ], [ 100.41219033500002, -1.054475504999986, 0.0 ], [ 100.412163350000085, -1.054412204999989, 0.0 ], [ 100.412163330000084, -1.054366982999977, 0.0 ], [ 100.412145334000016, -1.054312723999929, 0.0 ], [ 100.412100374000033, -1.054240387999895, 0.0 ], [ 100.412055414000037, -1.054168051999949, 0.0 ], [ 100.411992466000072, -1.054059546999942, 0.0 ], [ 100.411929523000111, -1.053960085999972, 0.0 ], [ 100.411848605000074, -1.053851588999966, 0.0 ], [ 100.41178565700001, -1.053743082999959, 0.0 ], [ 100.411704747000073, -1.053652674999939, 0.0 ], [ 100.411632810000071, -1.053535128999983, 0.0 ], [ 100.411578868000049, -1.053471841999987, 0.0 ], [ 100.411515933, -1.053390469999916, 0.0 ], [ 100.411479967000034, -1.053336218999957, 0.0 ], [ 100.411417035000071, -1.053263891999923, 0.0 ], [ 100.411383070000099, -1.053211538999943, 0.0 ], [ 100.411369387000036, -1.053182230999917, 0.0 ], [ 100.41134510200007, -1.05315539, 0.0 ], [ 100.411324198000031, -1.053142167999977, 0.0 ], [ 100.411280799000082, -1.053117659, 0.0 ], [ 100.41123724800012, -1.053092127999922, 0.0 ], [ 100.411129389000067, -1.053019820999979, 0.0 ], [ 100.41101254100009, -1.05293847299991, 0.0 ], [ 100.410904690000038, -1.052884254999953, 0.0 ], [ 100.410823813, -1.05286620299997, 0.0 ], [ 100.410733941000032, -1.052830066, 0.0 ], [ 100.410617117000058, -1.052802985999979, 0.0 ], [ 100.410547654000084, -1.052771003, 0.0 ], [ 100.410509271000095, -1.052757811999883, 0.0 ], [ 100.410491271000026, -1.052694508999974, 0.0 ], [ 100.41045963500008, -1.052648997999939, 0.0 ], [ 100.410410369, -1.052622188999941, 0.0 ], [ 100.410354997000042, -1.052579647999974, 0.0 ], [ 100.410284544000064, -1.052558934999948, 0.0 ], [ 100.410226610000066, -1.052565347999946, 0.0 ], [ 100.410158763000055, -1.052595169999926, 0.0 ], [ 100.410095860000084, -1.052586153999891, 0.0 ], [ 100.410086871000061, -1.052577113999942, 0.0 ], [ 100.410041923000065, -1.052531911999933, 0.0 ], [ 100.410059877000037, -1.052495724999958, 0.0 ], [ 100.410100560000032, -1.052462504999963, 0.0 ], [ 100.410140715000068, -1.052423331999919, 0.0 ], [ 100.410136191000049, -1.052395483999924, 0.0 ], [ 100.410095779000088, -1.052405263999934, 0.0 ], [ 100.410038717000063, -1.052395528000017, 0.0 ], [ 100.40998794100004, -1.052378179, 0.0 ], [ 100.409880122000089, -1.052396316999904, 0.0 ], [ 100.409745336000043, -1.052387333999961, 0.0 ], [ 100.409691431000027, -1.052405447999949, 0.0 ], [ 100.409664478000096, -1.052414503999988, 0.0 ], [ 100.409601612000046, -1.052486888999938, 0.0 ], [ 100.409538738, -1.0525411849999, 0.0 ], [ 100.409468212000021, -1.052565692999974, 0.0 ], [ 100.409412961000072, -1.052586464999917, 0.0 ], [ 100.409368033000092, -1.052586484999918, 0.0 ], [ 100.409332087000038, -1.052577456999971, 0.0 ], [ 100.409274692000096, -1.052570806999953, 0.0 ], [ 100.409196231000081, -1.052557201999982, 0.0 ], [ 100.409152361000096, -1.052541360999915, 0.0 ], [ 100.409117768000073, -1.05253929000001, 0.0 ], [ 100.40905643300006, -1.052544342999984, 0.0 ], [ 100.409008596, -1.052550470999958, 0.0 ], [ 100.408927739000077, -1.052577640999986, 0.0 ], [ 100.408855871000071, -1.052613851999962, 0.0 ], [ 100.408801974000056, -1.052650054999938, 0.0 ], [ 100.408730106000064, -1.052686265, 0.0 ], [ 100.408658226000071, -1.052695342999955, 0.0 ], [ 100.408619516000059, -1.052664193999953, 0.0 ], [ 100.408604272000048, -1.052604921999934, 0.0 ], [ 100.40853238000004, -1.05258686499995, 0.0 ], [ 100.408469498000088, -1.052623071999926, 0.0 ], [ 100.408361688000042, -1.052659299, 0.0 ], [ 100.408307791000112, -1.052695501999968, 0.0 ], [ 100.40822693700008, -1.052731716999944, 0.0 ], [ 100.408182110000013, -1.052752934999924, 0.0 ], [ 100.408146080000051, -1.052758886999883, 0.0 ], [ 100.408101148000071, -1.052749862999936, 0.0 ], [ 100.408056110000075, -1.052760172, 0.0 ], [ 100.408029276000079, -1.052777028999963, 0.0 ], [ 100.407966402000028, -1.052831324999926, 0.0 ], [ 100.407903503000057, -1.052831354000017, 0.0 ], [ 100.407831615000063, -1.052822341999982, 0.0 ], [ 100.40775075300003, -1.052840467999972, 0.0 ], [ 100.407678894000043, -1.052894767999935, 0.0 ], [ 100.407580061000033, -1.052912901999925, 0.0 ], [ 100.407481244000024, -1.052967213999978, 0.0 ], [ 100.407419060000038, -1.052983013999953, 0.0 ], [ 100.407346470000064, -1.05298536399997, 0.0 ], [ 100.407301542000084, -1.052985383999972, 0.0 ], [ 100.407238647000028, -1.052994457999923, 0.0 ], [ 100.407202693000073, -1.052967339999989, 0.0 ], [ 100.407157753, -1.052940226999966, 0.0 ], [ 100.407067886000021, -1.052913133999945, 0.0 ], [ 100.406987020000074, -1.052922215999986, 0.0 ], [ 100.406897173000104, -1.052940345999976, 0.0 ], [ 100.406870225, -1.052958446999964, 0.0 ], [ 100.406843264000088, -1.052949414999927, 0.0 ], [ 100.406807318000048, -1.05294038599989, 0.0 ], [ 100.406774743000099, -1.052906728999948, 0.0 ], [ 100.406762279000048, -1.052895084999961, 0.0 ], [ 100.40671618500005, -1.052799007, 0.0 ], [ 100.406651035000081, -1.052785468999951, 0.0 ], [ 100.406528616000074, -1.052804743999947, 0.0 ], [ 100.406401719000058, -1.052859069999912, 0.0 ], [ 100.406314140000092, -1.052924682999923, 0.0 ], [ 100.406146853000024, -1.05307851499995, 0.0 ], [ 100.406032576000072, -1.053144031999953, 0.0 ], [ 100.406031647000077, -1.053144564, 0.0 ], [ 100.406016597000075, -1.053153193, 0.0 ], [ 100.405873988000096, -1.053235787999907, 0.0 ], [ 100.405795386000065, -1.053282177999926, 0.0 ], [ 100.405733625000025, -1.053314991999977, 0.0 ], [ 100.405655004, -1.053321810999919, 0.0 ], [ 100.405594350000044, -1.053316184999987, 0.0 ], [ 100.405556154000081, -1.053301505999927, 0.0 ], [ 100.405508969, -1.053275524, 0.0 ], [ 100.405473011000041, -1.05324275399995, 0.0 ], [ 100.405453895000065, -1.053194149000015, 0.0 ], [ 100.40545050700004, -1.053150056999919, 0.0 ], [ 100.405471810000037, -1.053066384999924, 0.0 ], [ 100.405545861000036, -1.052892244, 0.0 ], [ 100.405636790000088, -1.052780276999965, 0.0 ], [ 100.405715384000118, -1.052712407999945, 0.0 ], [ 100.405787259000107, -1.052693154999951, 0.0 ], [ 100.405854654000095, -1.052699907999977, 0.0 ], [ 100.405944520000062, -1.0527247389999, 0.0 ], [ 100.40599282900007, -1.052750719999918, 0.0 ], [ 100.405995291000096, -1.052752341999963, 0.0 ], [ 100.406010060000071, -1.052762072999969, 0.0 ], [ 100.406025411000101, -1.052772186, 0.0 ], [ 100.406097297000088, -1.052776676999934, 0.0 ], [ 100.406155694000034, -1.052756299999936, 0.0 ], [ 100.40621071200006, -1.052716703999946, 0.0 ], [ 100.406323014000023, -1.052678213999958, 0.0 ], [ 100.406436449000083, -1.052661204999972, 0.0 ], [ 100.406522930000051, -1.052652119999931, 0.0 ], [ 100.40662064600005, -1.052646422999904, 0.0 ], [ 100.406670064000053, -1.052639616999962, 0.0 ], [ 100.406724138000087, -1.052638312999943, 0.0 ], [ 100.406782621000048, -1.05263397899994, 0.0 ], [ 100.406831832000123, -1.052630366999908, 0.0 ], [ 100.406893168000039, -1.052626032, 0.0 ], [ 100.406915002000076, -1.052623778999895, 0.0 ], [ 100.406933814000027, -1.052610219000017, 0.0 ], [ 100.406950928000114, -1.052587584, 0.0 ], [ 100.406990618000108, -1.052571664999935, 0.0 ], [ 100.407040054000021, -1.052541011999975, 0.0 ], [ 100.407085666000071, -1.052488032999944, 0.0 ], [ 100.407103593000045, -1.052388534999971, 0.0 ], [ 100.407129352000041, -1.052332298999937, 0.0 ], [ 100.407166439, -1.052270926999921, 0.0 ], [ 100.407256266000061, -1.05220757499992, 0.0 ], [ 100.407319128000026, -1.052126144999932, 0.0 ], [ 100.407381986000075, -1.052035671999907, 0.0 ], [ 100.407462823000103, -1.051963278999957, 0.0 ], [ 100.407543661000034, -1.051890886, 0.0 ], [ 100.407570573000044, -1.051791382999945, 0.0 ], [ 100.407615464000031, -1.051709961999959, 0.0 ], [ 100.407705286000095, -1.051637565, 0.0 ], [ 100.407813068000038, -1.051538025999943, 0.0 ], [ 100.407893909000066, -1.051474677999942, 0.0 ], [ 100.407935374000033, -1.051437892999918, 0.0 ], [ 100.407971504000088, -1.051424475999963, 0.0 ], [ 100.408010705000052, -1.051438446999964, 0.0 ], [ 100.408072323000084, -1.051458889999968, 0.0 ], [ 100.408118547000086, -1.051474575999934, 0.0 ], [ 100.408190444000084, -1.051501676999956, 0.0 ], [ 100.408271305000113, -1.051483550999966, 0.0 ], [ 100.408334192000083, -1.051456388999939, 0.0 ], [ 100.408415057000113, -1.051447307999987, 0.0 ], [ 100.408450979000065, -1.051402068999974, 0.0 ], [ 100.408511633000018, -1.051376369999979, 0.0 ], [ 100.408585729000023, -1.051329650999933, 0.0 ], [ 100.408738459000048, -1.051275314999967, 0.0 ], [ 100.408823474000059, -1.051203929999923, 0.0 ], [ 100.408909115000128, -1.05112147999994, 0.0 ], [ 100.40903488400005, -1.051058110999937, 0.0 ], [ 100.409151667000032, -1.050994745999934, 0.0 ], [ 100.4092737550001, -1.050932354999923, 0.0 ], [ 100.409340306000018, -1.050868036999931, 0.0 ], [ 100.409439110000022, -1.050786591999942, 0.0 ], [ 100.409510966000099, -1.050723246999941, 0.0 ], [ 100.40962775300008, -1.050668926999976, 0.0 ], [ 100.409753510000101, -1.050578424999949, 0.0 ], [ 100.409888256000059, -1.050496962999959, 0.0 ], [ 100.410058932000055, -1.050388350999943, 0.0 ], [ 100.410139769000082, -1.050315957999904, 0.0 ], [ 100.410193654000096, -1.050252622, 0.0 ], [ 100.410310416000073, -1.050144034999978, 0.0 ], [ 100.410339966000038, -1.050129306, 0.0 ], [ 100.410379189000082, -1.050120673, 0.0 ], [ 100.410418230000033, -1.05011685199995, 0.0 ], [ 100.410466191000083, -1.05009407099993, 0.0 ], [ 100.410544632000011, -1.050064600999979, 0.0 ], [ 100.410597904000056, -1.050035369999958, 0.0 ], [ 100.410649262000049, -1.049983489999929, 0.0 ], [ 100.410687690000032, -1.049881571999934, 0.0 ], [ 100.410738344000052, -1.049824909999953, 0.0 ], [ 100.410804457000012, -1.049782028999958, 0.0 ], [ 100.410921228000078, -1.04969153099993, 0.0 ], [ 100.411029005000032, -1.049582948, 0.0 ], [ 100.411145776000097, -1.049492448999978, 0.0 ], [ 100.411208651000052, -1.049438154000016, 0.0 ], [ 100.411307442000066, -1.049329574999914, 0.0 ], [ 100.411397265000033, -1.049257177999963, 0.0 ], [ 100.411451137000043, -1.049166707999938, 0.0 ], [ 100.411567884000121, -1.049021942999951, 0.0 ], [ 100.411612771000094, -1.048931476999926, 0.0 ], [ 100.411675625000058, -1.048831958999952, 0.0 ], [ 100.41170256100007, -1.04878672399994, 0.0 ], [ 100.411747456000057, -1.048714346999902, 0.0 ], [ 100.411810322000107, -1.048641962999953, 0.0 ], [ 100.411825461000021, -1.048592003999905, 0.0 ], [ 100.411846216000058, -1.048533411999942, 0.0 ], [ 100.411837210000016, -1.048488193999931, 0.0 ], [ 100.411828180000072, -1.048388707999959, 0.0 ], [ 100.411855088000081, -1.048280161999949, 0.0 ], [ 100.411855063000075, -1.048225893999899, 0.0 ], [ 100.41186063, -1.04820193299996, 0.0 ], [ 100.41187582900001, -1.048165551999969, 0.0 ], [ 100.411893882000086, -1.048131563, 0.0 ], [ 100.411899942000062, -1.048117339999977, 0.0 ], [ 100.411899938000062, -1.048108294999939, 0.0 ], [ 100.411899934000061, -1.048099250999901, 0.0 ], [ 100.411890880000016, -1.04794549799997, 0.0 ], [ 100.411908798000084, -1.047827910999922, 0.0 ], [ 100.411935686000078, -1.047674141999988, 0.0 ], [ 100.411953604000061, -1.04755655499994, 0.0 ], [ 100.411926615000041, -1.047484210999905, 0.0 ], [ 100.411899622000121, -1.04740282300001, 0.0 ], [ 100.411908583000056, -1.047348551999961, 0.0 ], [ 100.411935516000071, -1.047294271999911, 0.0 ], [ 100.411944473000105, -1.047230956999912, 0.0 ], [ 100.411971405000102, -1.047176676999951, 0.0 ], [ 100.412034291000069, -1.047149514999924, 0.0 ], [ 100.412079211000062, -1.047131405999935, 0.0 ], [ 100.41216006000009, -1.047086146999921, 0.0 ], [ 100.412213924000099, -1.046977587999909, 0.0 ], [ 100.412240840000024, -1.046887130999974, 0.0 ], [ 100.412312671, -1.046769518999924, 0.0 ], [ 100.412348573000045, -1.0466790579999, 0.0 ], [ 100.412384499, -1.046642862999925, 0.0 ], [ 100.412411431000095, -1.046588583999964, 0.0 ], [ 100.412429905000025, -1.046545140000011, 0.0 ], [ 100.412438359000106, -1.046525259999965, 0.0 ], [ 100.412457502000095, -1.046479864999939, 0.0 ], [ 100.41245629000008, -1.046434806999941, 0.0 ], [ 100.412429321000076, -1.046407685999918, 0.0 ], [ 100.412429313000075, -1.046389596999931, 0.0 ], [ 100.412465239000113, -1.046353401999956, 0.0 ], [ 100.412501164000062, -1.046317207999981, 0.0 ], [ 100.412537074000014, -1.046244835999944, 0.0 ], [ 100.41256400600011, -1.046190555999982, 0.0 ], [ 100.41257296700006, -1.046136284999933, 0.0 ], [ 100.41259091400012, -1.046082009999972, 0.0 ], [ 100.412611105000011, -1.04606481299997, 0.0 ], [ 100.412639626000058, -1.046045416999964, 0.0 ], [ 100.412674561000117, -1.046016684999896, 0.0 ], [ 100.412692385000071, -1.04600160099998, 0.0 ], [ 100.4127076810001, -1.045982466999907, 0.0 ], [ 100.412707673000099, -1.04596437799992, 0.0 ], [ 100.412716630000034, -1.045901061999921, 0.0 ], [ 100.412725603000069, -1.045873924999985, 0.0 ], [ 100.412725559000066, -1.045774434999925, 0.0 ], [ 100.412754320000047, -1.045678063999945, 0.0 ], [ 100.412788380000023, -1.045602560999915, 0.0 ], [ 100.412824258000057, -1.04545783199993, 0.0 ], [ 100.412815228000028, -1.045358346999959, 0.0 ], [ 100.412842123000118, -1.045222666999924, 0.0 ], [ 100.412851052000065, -1.045096040000016, 0.0 ], [ 100.412833013000082, -1.044942290999907, 0.0 ], [ 100.412832944000073, -1.044788533999975, 0.0 ], [ 100.412823898000028, -1.044652870999941, 0.0 ], [ 100.412841816000096, -1.044535283999982, 0.0 ], [ 100.412841764000092, -1.044417704999934, 0.0 ], [ 100.412823740000107, -1.044300134999976, 0.0 ], [ 100.412796711000098, -1.044137345, 0.0 ], [ 100.412769698000076, -1.044010733999923, 0.0 ], [ 100.412769654000073, -1.043911244999951, 0.0 ], [ 100.412751659, -1.043856986, 0.0 ], [ 100.412733667000026, -1.043811770999981, 0.0 ], [ 100.412719717000115, -1.043754081, 0.0 ], [ 100.412706667000108, -1.043712293999921, 0.0 ], [ 100.412692573000086, -1.04366028699997, 0.0 ], [ 100.412670672000061, -1.043594730999964, 0.0 ], [ 100.412661634000102, -1.043477156999917, 0.0 ], [ 100.412652625000078, -1.043422893999957, 0.0 ], [ 100.412643603000035, -1.043341496999973, 0.0 ], [ 100.412634581000091, -1.043260100999899, 0.0 ], [ 100.412643522000025, -1.043160606999927, 0.0 ], [ 100.412625531000046, -1.043115391999916, 0.0 ], [ 100.412613462000124, -1.043024851999975, 0.0 ], [ 100.412598514000123, -1.042979736999972, 0.0 ], [ 100.41257154100002, -1.042943571, 0.0 ], [ 100.412526594000042, -1.042898368999901, 0.0 ], [ 100.412526550000038, -1.042798879000018, 0.0 ], [ 100.412490551000076, -1.042672271999934, 0.0 ], [ 100.412445547000075, -1.042500446999928, 0.0 ], [ 100.412400559000091, -1.042364798999896, 0.0 ], [ 100.41239153000005, -1.042265313000013, 0.0 ], [ 100.412364517000043, -1.042138701999929, 0.0 ], [ 100.412346489000058, -1.042012086999933, 0.0 ], [ 100.412301518000064, -1.041912617999963, 0.0 ], [ 100.412247548000039, -1.041786018999969, 0.0 ], [ 100.412231910000074, -1.041740084999987, 0.0 ], [ 100.41220334300003, -1.041655863999947, 0.0 ], [ 100.412190950000067, -1.041587906999919, 0.0 ], [ 100.412194735000114, -1.041545787999987, 0.0 ], [ 100.412184525000072, -1.041505666999954, 0.0 ], [ 100.412166526000092, -1.041442363999956, 0.0 ], [ 100.412112565000058, -1.041333853999949, 0.0 ], [ 100.412085580000053, -1.041270553999952, 0.0 ], [ 100.412022626000081, -1.041143959999958, 0.0 ], [ 100.411923697000063, -1.040945024999929, 0.0 ], [ 100.411824748000058, -1.040700866999978, 0.0 ], [ 100.4117887660001, -1.040610437999956, 0.0 ], [ 100.411752772000042, -1.040492876, 0.0 ], [ 100.411680836000045, -1.040375328999954, 0.0 ], [ 100.411644854000087, -1.040284899999933, 0.0 ], [ 100.411518985000072, -1.040122155999968, 0.0 ], [ 100.411474021000075, -1.040040774999984, 0.0 ], [ 100.411429058000081, -1.039959394999912, 0.0 ], [ 100.411393080000039, -1.039878009999929, 0.0 ], [ 100.411375069000059, -1.039787573, 0.0 ], [ 100.411330105000076, -1.039706193000012, 0.0 ], [ 100.411267171000105, -1.039624819999941, 0.0 ], [ 100.411213230000087, -1.039561532999945, 0.0 ], [ 100.41117617700003, -1.039504748999954, 0.0 ], [ 100.41116827000009, -1.039489197, 0.0 ], [ 100.411159277000053, -1.039471111999924, 0.0 ], [ 100.411123319000097, -1.039434949999952, 0.0 ], [ 100.411105336000034, -1.039407823999928, 0.0 ], [ 100.411087349000056, -1.039371653999955, 0.0 ], [ 100.411087329000054, -1.039326431999943, 0.0 ], [ 100.411096302, -1.039299293999918, 0.0 ], [ 100.411123246, -1.039272148999982, 0.0 ], [ 100.411186125000057, -1.039226897999968, 0.0 ], [ 100.411177107000114, -1.039154545999932, 0.0 ], [ 100.411137723000053, -1.039103933, 0.0 ], [ 100.411078231000019, -1.039073188999951, 0.0 ], [ 100.410988356000033, -1.039028006999943, 0.0 ], [ 100.410956393000063, -1.038987353999954, 0.0 ], [ 100.410907439000098, -1.038919508999936, 0.0 ], [ 100.410880486000082, -1.038928565999886, 0.0 ], [ 100.410835567, -1.038946674999964, 0.0 ], [ 100.410799637000054, -1.038973825, 0.0 ], [ 100.41077267700004, -1.038964791999953, 0.0 ], [ 100.410745688000119, -1.038892447999918, 0.0 ], [ 100.410700733000041, -1.038829156999921, 0.0 ], [ 100.410727657000052, -1.038756788999973, 0.0 ], [ 100.41071865100011, -1.038711569999962, 0.0 ], [ 100.41062874900004, -1.038603075999956, 0.0 ], [ 100.410565830000067, -1.038557881999947, 0.0 ], [ 100.410466954000057, -1.038476524999965, 0.0 ], [ 100.41040935800001, -1.038467114999986, 0.0 ], [ 100.41035913600011, -1.038494662999956, 0.0 ], [ 100.410296206000055, -1.038422334999923, 0.0 ], [ 100.410179351000068, -1.038322897999955, 0.0 ], [ 100.410098441000031, -1.038232488999935, 0.0 ], [ 100.409927649000025, -1.03807880800001, 0.0 ], [ 100.409873716000092, -1.03803361, 0.0 ], [ 100.409810814000039, -1.038024593999965, 0.0 ], [ 100.409609599000092, -1.037855, 0.0 ], [ 100.409357940000049, -1.037708138999982, 0.0 ], [ 100.408992964000049, -1.037636045999968, 0.0 ], [ 100.408894115000038, -1.037618000999985, 0.0 ], [ 100.408777296000054, -1.037599964, 0.0 ], [ 100.40861555, -1.037581947999933, 0.0 ], [ 100.408516705000082, -1.037572946999988, 0.0 ], [ 100.408399910000099, -1.037609177999966, 0.0 ], [ 100.408354999000025, -1.037645375999941, 0.0 ], [ 100.408274137, -1.037663501999931, 0.0 ], [ 100.408229202000101, -1.037645432999946, 0.0 ], [ 100.408058454000084, -1.037591242, 0.0 ], [ 100.408013523000108, -1.037582216999955, 0.0 ], [ 100.408022500000044, -1.037564123999968, 0.0 ], [ 100.408040439000018, -1.037491759999932, 0.0 ], [ 100.407968535000109, -1.037446569999923, 0.0 ], [ 100.407887634000076, -1.037374249999979, 0.0 ], [ 100.407761801000063, -1.037292905, 0.0 ], [ 100.407644962000077, -1.037229645999916, 0.0 ], [ 100.407537116000029, -1.037184470999908, 0.0 ], [ 100.407447249000057, -1.037157377999976, 0.0 ], [ 100.407357371000074, -1.03710315099993, 0.0 ], [ 100.407312431, -1.037076037, 0.0 ], [ 100.407258498000076, -1.037030838999986, 0.0 ], [ 100.40718659100007, -1.03697660399994, 0.0 ], [ 100.407114687000075, -1.036931412999931, 0.0 ], [ 100.407056720000071, -1.036897843, 0.0 ], [ 100.407024808000102, -1.036877185999974, 0.0 ], [ 100.406931687000025, -1.036874311999914, 0.0 ], [ 100.406881028000015, -1.036850116999955, 0.0 ], [ 100.406818122000047, -1.03683205599997, 0.0 ], [ 100.406746226000053, -1.036804953999948, 0.0 ], [ 100.406638372, -1.036741690999954, 0.0 ], [ 100.406620397000026, -1.036732653999917, 0.0 ], [ 100.406557499000073, -1.036732683, 0.0 ], [ 100.40653055100006, -1.036750783999907, 0.0 ], [ 100.406503610000044, -1.036786973999971, 0.0 ], [ 100.406449709000029, -1.036814132, 0.0 ], [ 100.40637781700012, -1.036796074999924, 0.0 ], [ 100.406332886000044, -1.036787049999888, 0.0 ], [ 100.406296936000089, -1.036768977, 0.0 ], [ 100.406189110000057, -1.036769025, 0.0 ], [ 100.406072299000073, -1.036769078, 0.0 ], [ 100.405955476000088, -1.036741995999891, 0.0 ], [ 100.405901559000057, -1.036732975999944, 0.0 ], [ 100.40580271000006, -1.036714930999961, 0.0 ], [ 100.405712828000077, -1.036651658999966, 0.0 ], [ 100.405676874000036, -1.036624541999942, 0.0 ], [ 100.405587015000066, -1.036615536999908, 0.0 ], [ 100.405488167000058, -1.036597491999925, 0.0 ], [ 100.405407305000026, -1.036615617999915, 0.0 ], [ 100.405353392000094, -1.036615641999917, 0.0 ], [ 100.405272515000064, -1.036597588999933, 0.0 ], [ 100.405227599000071, -1.036624741999959, 0.0 ], [ 100.405164705000018, -1.036633815, 0.0 ], [ 100.405101815000066, -1.036651931999899, 0.0 ], [ 100.405047902000035, -1.036651956, 0.0 ], [ 100.404967024000101, -1.036633902999918, 0.0 ], [ 100.404904126000048, -1.03663393099992, 0.0 ], [ 100.404860962000029, -1.03665647399992, 0.0 ], [ 100.404823276000016, -1.036679189999934, 0.0 ], [ 100.404778353000026, -1.036688254999974, 0.0 ], [ 100.404760382000049, -1.036688262999975, 0.0 ], [ 100.404751396000023, -1.036688266999975, 0.0 ], [ 100.404679512000115, -1.036688298999977, 0.0 ], [ 100.404598647000086, -1.03669737999993, 0.0 ], [ 100.404508784000114, -1.036679330999946, 0.0 ], [ 100.404445886000062, -1.036679358999948, 0.0 ], [ 100.404391969000031, -1.036670338, 0.0 ], [ 100.404356019, -1.036652264999927, 0.0 ], [ 100.40422124100003, -1.03666136999997, 0.0 ], [ 100.404032537000049, -1.036643365, 0.0 ], [ 100.403951672000019, -1.036652445999942, 0.0 ], [ 100.40383484800013, -1.03662536400001, 0.0 ], [ 100.403744997000061, -1.036634448999963, 0.0 ], [ 100.403682099, -1.036634476999965, 0.0 ], [ 100.403603190000055, -1.036612564999928, 0.0 ], [ 100.403547305000046, -1.036607403999946, 0.0 ], [ 100.403475425000053, -1.036616479999986, 0.0 ], [ 100.403448468000036, -1.036616491999987, 0.0 ], [ 100.403367607000106, -1.036634616999977, 0.0 ], [ 100.403322683000027, -1.036643682000016, 0.0 ], [ 100.403223847000021, -1.036652770999969, 0.0 ], [ 100.403125010000011, -1.036661858999921, 0.0 ], [ 100.40308007900002, -1.036652834999885, 0.0 ], [ 100.403044133000066, -1.036643805999938, 0.0 ], [ 100.403008191000112, -1.036643821999939, 0.0 ], [ 100.402954270000095, -1.036625756999954, 0.0 ], [ 100.402909335000018, -1.036607687999969, 0.0 ], [ 100.402828461000084, -1.036598679999934, 0.0 ], [ 100.402783542000094, -1.036616788999923, 0.0 ], [ 100.402720655000039, -1.03664394999995, 0.0 ], [ 100.402693695000025, -1.036634917999913, 0.0 ], [ 100.402639778, -1.036625896999966, 0.0 ], [ 100.402594842000028, -1.036607827999981, 0.0 ], [ 100.402540917000096, -1.036580718999958, 0.0 ], [ 100.402495970000103, -1.036535515999948, 0.0 ], [ 100.402442037000085, -1.036490316999939, 0.0 ], [ 100.402388100000053, -1.036436073999981, 0.0 ], [ 100.402271253000066, -1.036354725, 0.0 ], [ 100.402145420000053, -1.036273379999931, 0.0 ], [ 100.402046552000044, -1.036210111999936, 0.0 ], [ 100.402010598000089, -1.036182993999913, 0.0 ], [ 100.402001592000047, -1.036137776, 0.0 ], [ 100.401992563000107, -1.03603828999993, 0.0 ], [ 100.402001513000044, -1.035956884999945, 0.0 ], [ 100.402019448000019, -1.035875475999959, 0.0 ], [ 100.402037371000077, -1.035766932999949, 0.0 ], [ 100.402055311000055, -1.035694567999912, 0.0 ], [ 100.402082231000065, -1.035613154999926, 0.0 ], [ 100.402127119000042, -1.035522689999902, 0.0 ], [ 100.402127103000041, -1.035486512000017, 0.0 ], [ 100.402100139000126, -1.035468433999942, 0.0 ], [ 100.402046222000109, -1.035459413999907, 0.0 ], [ 100.401983319000053, -1.03545039699996, 0.0 ], [ 100.401929406000122, -1.035450420999962, 0.0 ], [ 100.401830566000029, -1.035450464999966, 0.0 ], [ 100.401704765, -1.035441476999932, 0.0 ], [ 100.401560993000018, -1.0354324959999, 0.0 ], [ 100.401516054000112, -1.035405382999966, 0.0 ], [ 100.40147110600013, -1.035360179999956, 0.0 ], [ 100.401417169000098, -1.035305935999909, 0.0 ], [ 100.40137222200012, -1.035260733999988, 0.0 ], [ 100.401345250000105, -1.035224566999926, 0.0 ], [ 100.401318269000086, -1.035170311999967, 0.0 ], [ 100.401309260000062, -1.035116048999918, 0.0 ], [ 100.401318222000086, -1.035061776999957, 0.0 ], [ 100.401345154000097, -1.035007498, 0.0 ], [ 100.401399059000113, -1.034989384999919, 0.0 ], [ 100.401443979000106, -1.03497127599993, 0.0 ], [ 100.401488883000084, -1.034916987999968, 0.0 ], [ 100.401542780000014, -1.034880786, 0.0 ], [ 100.401605678000067, -1.034880757999901, 0.0 ], [ 100.401650610000061, -1.034889782999938, 0.0 ], [ 100.401713488000013, -1.034844531999924, 0.0 ], [ 100.401740413000113, -1.034772162999976, 0.0 ], [ 100.401795533000055, -1.034746796, 0.0 ], [ 100.401848223000059, -1.034735936999909, 0.0 ], [ 100.401866194000036, -1.034735929, 0.0 ], [ 100.401884165000112, -1.034735920999908, 0.0 ], [ 100.401920107000066, -1.034735904999907, 0.0 ], [ 100.401924596000072, -1.034726857999957, 0.0 ], [ 100.402003833000066, -1.034685698999927, 0.0 ], [ 100.402015869000081, -1.034679121999916, 0.0 ], [ 100.402112197000051, -1.034640324999903, 0.0 ], [ 100.402143530000075, -1.034627723000015, 0.0 ], [ 100.402186606000086, -1.034612348999898, 0.0 ], [ 100.402252042000086, -1.034600450999979, 0.0 ], [ 100.402320451000051, -1.034588553999883, 0.0 ], [ 100.402427527000029, -1.034558811, 0.0 ], [ 100.402504859000032, -1.03449932399996, 0.0 ], [ 100.402598439000059, -1.034388199, 0.0 ], [ 100.402600038000102, -1.034386299999935, 0.0 ], [ 100.402036781000035, -1.034282273999943, 0.0 ], [ 100.402032317000106, -1.034277077999957, 0.0 ], [ 100.402027853000092, -1.034271882999971, 0.0 ], [ 100.402009996000032, -1.034251100999939, 0.0 ], [ 100.40200074200007, -1.034202239999982, 0.0 ], [ 100.40198272, -1.034084669000024, 0.0 ], [ 100.402009593000088, -1.03389472099994, 0.0 ], [ 100.402018495000036, -1.033704781999945, 0.0 ], [ 100.402009450000079, -1.033569117, 0.0 ], [ 100.401991411000012, -1.03341536799998, 0.0 ], [ 100.401955414000057, -1.033288759999984, 0.0 ], [ 100.401937407000077, -1.033207366999911, 0.0 ], [ 100.401919365000083, -1.033044572999942, 0.0 ], [ 100.401928335000036, -1.033008390999968, 0.0 ], [ 100.40191928600008, -1.032863681999985, 0.0 ], [ 100.401919222000075, -1.032718969, 0.0 ], [ 100.401910193000035, -1.032619482999942, 0.0 ], [ 100.401883161000029, -1.032447647999935, 0.0 ], [ 100.401842053000081, -1.032401591999943, 0.0 ], [ 100.401784262, -1.032312024, 0.0 ], [ 100.401730289000071, -1.032176378999961, 0.0 ], [ 100.401721276000046, -1.032113070999963, 0.0 ], [ 100.401705203000049, -1.032063634999958, 0.0 ], [ 100.401658322000074, -1.031986474999969, 0.0 ], [ 100.40157739700004, -1.031859886999976, 0.0 ], [ 100.401505470000032, -1.031760429, 0.0 ], [ 100.401460523000054, -1.031715226, 0.0 ], [ 100.401334678000026, -1.031606747, 0.0 ], [ 100.401244772000055, -1.031489207999948, 0.0 ], [ 100.40110994200009, -1.031380732999943, 0.0 ], [ 100.400984106000067, -1.031290342999925, 0.0 ], [ 100.400840302000063, -1.031209005999945, 0.0 ], [ 100.400795355000085, -1.031163802999935, 0.0 ], [ 100.400723444000079, -1.03110052299994, 0.0 ], [ 100.400597615000066, -1.031028222, 0.0 ], [ 100.400516730000035, -1.030992078999938, 0.0 ], [ 100.40048077600008, -1.030964961999914, 0.0 ], [ 100.400417850000025, -1.030901677, 0.0 ], [ 100.400386545000089, -1.030886885999938, 0.0 ], [ 100.40036086500001, -1.030879, 0.0 ], [ 100.400345958000017, -1.030883619999934, 0.0 ], [ 100.40033697700008, -1.030892668999972, 0.0 ], [ 100.40032799500004, -1.030901716999922, 0.0 ], [ 100.400292065000087, -1.030928866999948, 0.0 ], [ 100.400202230000033, -1.030974128999962, 0.0 ], [ 100.400157318000041, -1.031010327999938, 0.0 ], [ 100.400103417000111, -1.031037484999964, 0.0 ], [ 100.399995595000078, -1.031046576999917, 0.0 ], [ 100.399950676000088, -1.031064687, 0.0 ], [ 100.399902344000083, -1.031101471999929, 0.0 ], [ 100.399842877000054, -1.031128045999908, 0.0 ], [ 100.39982493400008, -1.031191366, 0.0 ], [ 100.399833934000114, -1.031237905999938, 0.0 ], [ 100.399838226000028, -1.031266620999916, 0.0 ], [ 100.399815409, -1.031279554, 0.0 ], [ 100.399789012000042, -1.031236604999919, 0.0 ], [ 100.399762036000112, -1.031191394, 0.0 ], [ 100.3997565210001, -1.031173028999988, 0.0 ], [ 100.399752056000082, -1.031155381999949, 0.0 ], [ 100.39974164900012, -1.031142523999951, 0.0 ], [ 100.399735051, -1.031128093999912, 0.0 ], [ 100.39972606200007, -1.031119052999963, 0.0 ], [ 100.399708083000093, -1.031100971999977, 0.0 ], [ 100.399690084000028, -1.031037667999979, 0.0 ], [ 100.39965410300006, -1.030947237999958, 0.0 ], [ 100.399591169000104, -1.030865864999975, 0.0 ], [ 100.399564189000088, -1.030811609999927, 0.0 ], [ 100.399528223000047, -1.030757357999968, 0.0 ], [ 100.399510236000069, -1.030721188, 0.0 ], [ 100.399523312000085, -1.030664669999937, 0.0 ], [ 100.399564106000085, -1.030621673999932, 0.0 ], [ 100.399528116000027, -1.030513154999924, 0.0 ], [ 100.39947415200001, -1.030395598999967, 0.0 ], [ 100.399411238000042, -1.030359448999907, 0.0 ], [ 100.399321391000072, -1.030377577999986, 0.0 ], [ 100.399276573000094, -1.030476325999897, 0.0 ], [ 100.399151809000074, -1.030593042999961, 0.0 ], [ 100.399038963000066, -1.030778553999945, 0.0 ], [ 100.398973642000072, -1.030910199999913, 0.0 ], [ 100.398911317000071, -1.031098679999965, 0.0 ], [ 100.398872727000068, -1.031197410999963, 0.0 ], [ 100.398854934000028, -1.031284165999947, 0.0 ], [ 100.398831183000098, -1.031338020999962, 0.0 ], [ 100.398764725000021, -1.031372727, 0.0 ], [ 100.398706386000072, -1.031376962999986, 0.0 ], [ 100.39864990300002, -1.031332118, 0.0 ], [ 100.398614207, -1.031254359999967, 0.0 ], [ 100.398614142000085, -1.031104793999938, 0.0 ], [ 100.398602164000067, -1.030895407999933, 0.0 ], [ 100.398688268000086, -1.030718882999982, 0.0 ], [ 100.398786282000032, -1.030593203999975, 0.0 ], [ 100.39888431200005, -1.030506412999988, 0.0 ], [ 100.398994235, -1.030431581999925, 0.0 ], [ 100.399160601000091, -1.030308863999985, 0.0 ], [ 100.39923784700008, -1.030263960999911, 0.0 ], [ 100.399276365000077, -1.030151482999931, 0.0 ], [ 100.39918643900009, -1.029988720999964, 0.0 ], [ 100.399087555000079, -1.029889274, 0.0 ], [ 100.399033615000064, -1.029825985999911, 0.0 ], [ 100.39897965800013, -1.029726519999941, 0.0 ], [ 100.398907727000037, -1.029618016999934, 0.0 ], [ 100.398844781000065, -1.029509509999927, 0.0 ], [ 100.398817801000064, -1.029455253999967, 0.0 ], [ 100.398823802000024, -1.029403842999977, 0.0 ], [ 100.398871659000079, -1.029328605999969, 0.0 ], [ 100.398908162000069, -1.029316458999941, 0.0 ], [ 100.398961502000049, -1.029301432999941, 0.0 ], [ 100.399042359000077, -1.029274262999913, 0.0 ], [ 100.399114224000073, -1.029229008999988, 0.0 ], [ 100.399275935000034, -1.029165624999984, 0.0 ], [ 100.399374752000043, -1.02911131400002, 0.0 ], [ 100.399410686000081, -1.029093208999943, 0.0 ], [ 100.399491543000025, -1.02906604, 0.0 ], [ 100.399581378000093, -1.029020777, 0.0 ], [ 100.399608307000094, -1.028957454, 0.0 ], [ 100.399662204000023, -1.028921250999926, 0.0 ], [ 100.39975202400008, -1.028839810999938, 0.0 ], [ 100.39988675900004, -1.028731215999923, 0.0 ], [ 100.400075383000015, -1.028568330999946, 0.0 ], [ 100.400228073000036, -1.028423549999958, 0.0 ], [ 100.40033586400007, -1.028342101999969, 0.0 ], [ 100.400407736000076, -1.028314935999942, 0.0 ], [ 100.400470602000027, -1.028242551999903, 0.0 ], [ 100.400452608000052, -1.028188291999943, 0.0 ], [ 100.400389666000081, -1.028088829999974, 0.0 ], [ 100.400362686000079, -1.028034574999926, 0.0 ], [ 100.400299776000026, -1.028007468999903, 0.0 ], [ 100.400218883000079, -1.027953236999946, 0.0 ], [ 100.400146975000084, -1.027899000999988, 0.0 ], [ 100.400039126000124, -1.027844780999943, 0.0 ], [ 100.399904320000076, -1.027790573999899, 0.0 ], [ 100.399805428000064, -1.027673037999944, 0.0 ], [ 100.39969758300002, -1.027627862999936, 0.0 ], [ 100.399607705000051, -1.027573634999979, 0.0 ], [ 100.399490881000062, -1.027546552999959, 0.0 ], [ 100.399419064000071, -1.027700341999982, 0.0 ], [ 100.399356194000106, -1.027763681999983, 0.0 ], [ 100.399293327000052, -1.027836065999932, 0.0 ], [ 100.399212501000122, -1.027935591999907, 0.0 ], [ 100.399149653000066, -1.028053198999957, 0.0 ], [ 100.399086802000028, -1.028161761999969, 0.0 ], [ 100.399041910000037, -1.028243182999955, 0.0 ], [ 100.398997014000059, -1.028315559, 0.0 ], [ 100.398961100000108, -1.028378887, 0.0 ], [ 100.398898237000054, -1.02846031599998, 0.0 ], [ 100.398844371000038, -1.028568874, 0.0 ], [ 100.398799460000049, -1.028605071999967, 0.0 ], [ 100.398736581, -1.02865032299998, 0.0 ], [ 100.398664713000088, -1.028686532999957, 0.0 ], [ 100.398586359, -1.028726714999906, 0.0 ], [ 100.398520961000102, -1.028722774999935, 0.0 ], [ 100.398458074000047, -1.028749935999962, 0.0 ], [ 100.398350248000014, -1.028749983999966, 0.0 ], [ 100.398296331000083, -1.02874096299993, 0.0 ], [ 100.398251392000091, -1.028713848999907, 0.0 ], [ 100.398233397000112, -1.028659589999948, 0.0 ], [ 100.398197436000061, -1.028614381999938, 0.0 ], [ 100.398179457000083, -1.028596300999951, 0.0 ], [ 100.398179433000081, -1.028542033999902, 0.0 ], [ 100.398179402000082, -1.028469676999955, 0.0 ], [ 100.398170393000044, -1.028415413999906, 0.0 ], [ 100.398152398000065, -1.028361153999946, 0.0 ], [ 100.398125410000063, -1.028288809999911, 0.0 ], [ 100.398107415000084, -1.028234549999952, 0.0 ], [ 100.398044513000031, -1.028225532999916, 0.0 ], [ 100.397981619000063, -1.028234605999956, 0.0 ], [ 100.397963655000083, -1.028252702999944, 0.0 ], [ 100.3978833, -1.028279508999941, 0.0 ], [ 100.397882814000056, -1.028316049999945, 0.0 ], [ 100.397882861000056, -1.028424584999954, 0.0 ], [ 100.397909857000073, -1.028515018999976, 0.0 ], [ 100.397954831000064, -1.028623533999984, 0.0 ], [ 100.397972842000044, -1.028713971999918, 0.0 ], [ 100.398012843000075, -1.028807733999948, 0.0 ], [ 100.398017832000036, -1.028858664999988, 0.0 ], [ 100.398053813000089, -1.02894909500001, 0.0 ], [ 100.398062823000032, -1.02900335899997, 0.0 ], [ 100.398089811000048, -1.029075702999916, 0.0 ], [ 100.398098824000073, -1.029139010999914, 0.0 ], [ 100.398080912000111, -1.029274687999949, 0.0 ], [ 100.398062976000048, -1.029356096999934, 0.0 ], [ 100.398063, -1.029410363999983, 0.0 ], [ 100.398054042000098, -1.029473679999982, 0.0 ], [ 100.398027117000098, -1.029546049000019, 0.0 ], [ 100.398009170000122, -1.02960032399998, 0.0 ], [ 100.397991218000058, -1.029645554999903, 0.0 ], [ 100.397982272000021, -1.029736004999926, 0.0 ], [ 100.39795538700011, -1.029898818999897, 0.0 ], [ 100.397946425000086, -1.029953089999947, 0.0 ], [ 100.397928478000011, -1.030007365999908, 0.0 ], [ 100.397921261000036, -1.030055150999954, 0.0 ], [ 100.397719179000021, -1.03005224899998, 0.0 ], [ 100.397721760000053, -1.029889876999957, 0.0 ], [ 100.39769479900005, -1.029880845, 0.0 ], [ 100.397586966000091, -1.029862802999937, 0.0 ], [ 100.397461161000081, -1.029844769999955, 0.0 ], [ 100.397416237000087, -1.029853833999906, 0.0 ], [ 100.397398278000111, -1.029880975999931, 0.0 ], [ 100.397371404000111, -1.030070924000015, 0.0 ], [ 100.397356717000051, -1.030267782999961, 0.0 ], [ 100.39736578100009, -1.030608788999932, 0.0 ], [ 100.397276626000078, -1.030605836999954, 0.0 ], [ 100.397267857000074, -1.030940866999964, 0.0 ], [ 100.397175730000086, -1.030934924999916, 0.0 ], [ 100.397178364000041, -1.030160174999939, 0.0 ], [ 100.397270485000021, -1.030151159999904, 0.0 ], [ 100.397267374000123, -1.029831090999978, 0.0 ], [ 100.397227530000109, -1.029826783999977, 0.0 ], [ 100.397029833, -1.029790691999922, 0.0 ], [ 100.396895039000043, -1.029763618, 0.0 ], [ 100.396715321, -1.029745607999922, 0.0 ], [ 100.396598498000017, -1.029718526, 0.0 ], [ 100.396427765000013, -1.02970051200001, 0.0 ], [ 100.39628398500011, -1.029673441999901, 0.0 ], [ 100.396248039000071, -1.029664412999954, 0.0 ], [ 100.396131212000085, -1.029628285999896, 0.0 ], [ 100.39606828200003, -1.029555956999951, 0.0 ], [ 100.39596042900007, -1.029492692999956, 0.0 ], [ 100.395879583000038, -1.029546996, 0.0 ], [ 100.39582569300002, -1.029601286999971, 0.0 ], [ 100.395717903000076, -1.02968273599996, 0.0 ], [ 100.395601134000103, -1.029782277999936, 0.0 ], [ 100.39557419000009, -1.029809423999962, 0.0 ], [ 100.395583195000128, -1.029854641999973, 0.0 ], [ 100.395565247000064, -1.029908917999934, 0.0 ], [ 100.395520343000072, -1.029963204999985, 0.0 ], [ 100.395466446000057, -1.02999940699996, 0.0 ], [ 100.395412549000042, -1.030035608999936, 0.0 ], [ 100.395322733000071, -1.030126094999962, 0.0 ], [ 100.395232933, -1.030252758999961, 0.0 ], [ 100.395161084, -1.030334191999949, 0.0 ], [ 100.395080258000078, -1.030433717999924, 0.0 ], [ 100.395017383000024, -1.030488012999975, 0.0 ], [ 100.395053341000065, -1.030524174999948, 0.0 ], [ 100.395143228000052, -1.03059649199998, 0.0 ], [ 100.395233110000021, -1.030659764999975, 0.0 ], [ 100.39520237300006, -1.030711447999988, 0.0 ], [ 100.395152256000088, -1.030695978999952, 0.0 ], [ 100.395107321000097, -1.030677909999967, 0.0 ], [ 100.395062374000105, -1.030632705999957, 0.0 ], [ 100.395035401000101, -1.030596539999984, 0.0 ], [ 100.394990454000023, -1.030551336999975, 0.0 ], [ 100.394963513, -1.030587526999949, 0.0 ], [ 100.394927587000055, -1.030623720999924, 0.0 ], [ 100.394855727000063, -1.030678019999887, 0.0 ], [ 100.394783870000069, -1.030741363999977, 0.0 ], [ 100.394783898000071, -1.030804675999975, 0.0 ], [ 100.394855821000064, -1.030895090999906, 0.0 ], [ 100.394954709000075, -1.031003581999912, 0.0 ], [ 100.395018236000098, -1.030971772999945, 0.0 ], [ 100.395015179000026, -1.030774347999952, 0.0 ], [ 100.395220234000107, -1.03078024, 0.0 ], [ 100.395260161000039, -1.030876823, 0.0 ], [ 100.395278148000017, -1.030912992999967, 0.0 ], [ 100.395215281000063, -1.030985378, 0.0 ], [ 100.39517036500007, -1.031012530999942, 0.0 ], [ 100.395039125000054, -1.031169190999937, 0.0 ], [ 100.394527823000018, -1.030810458999921, 0.0 ], [ 100.394483654000098, -1.030824036999978, 0.0 ], [ 100.394370627000072, -1.030949571999973, 0.0 ], [ 100.394334717000035, -1.031021944000011, 0.0 ], [ 100.394226969000087, -1.031202883999883, 0.0 ], [ 100.394155136000094, -1.031320494999933, 0.0 ], [ 100.394101270000078, -1.031429053999944, 0.0 ], [ 100.394038431000027, -1.031564750999981, 0.0 ], [ 100.393795995000048, -1.031962818999966, 0.0 ], [ 100.393787021, -1.031989957, 0.0 ], [ 100.393822975000049, -1.032017074999925, 0.0 ], [ 100.393975753000078, -1.032071274999969, 0.0 ], [ 100.394101570000018, -1.032116442999976, 0.0 ], [ 100.394218393000088, -1.032143525, 0.0 ], [ 100.394191480000075, -1.032243026999969, 0.0 ], [ 100.394155561000034, -1.032297311000019, 0.0 ], [ 100.394119671000084, -1.03241490599989, 0.0 ], [ 100.394182569000051, -1.032414877999977, 0.0 ], [ 100.394353306000056, -1.032441936999906, 0.0 ], [ 100.394425222000052, -1.03251426199994, 0.0 ], [ 100.394524058000059, -1.032505173999898, 0.0 ], [ 100.394631920000023, -1.032586526999968, 0.0 ], [ 100.394694807000064, -1.032559365999941, 0.0 ], [ 100.394757697000031, -1.032541248999952, 0.0 ], [ 100.394784630000046, -1.032486968999902, 0.0 ], [ 100.394847517000088, -1.032459807999964, 0.0 ], [ 100.394865492000065, -1.032468843999912, 0.0 ], [ 100.39485846700002, -1.032593136999894, 0.0 ], [ 100.394775716000098, -1.032649775999961, 0.0 ], [ 100.394760467000083, -1.032751718999958, 0.0 ], [ 100.394712892000058, -1.032821650999971, 0.0 ], [ 100.394632113000029, -1.033029711999956, 0.0 ], [ 100.394578192000012, -1.033011646999971, 0.0 ], [ 100.394579270000108, -1.032937260999945, 0.0 ], [ 100.394578113000094, -1.032830754999925, 0.0 ], [ 100.394362429000097, -1.032758492999986, 0.0 ], [ 100.394353420000073, -1.032704229999937, 0.0 ], [ 100.394155727000054, -1.032677183, 0.0 ], [ 100.394011947000052, -1.0326501129999, 0.0 ], [ 100.393958014000034, -1.032604913999891, 0.0 ], [ 100.393904101000018, -1.032604937999982, 0.0 ], [ 100.393841194000046, -1.032586875999908, 0.0 ], [ 100.393670446000044, -1.032532683999954, 0.0 ], [ 100.393634492000089, -1.032505565999931, 0.0 ], [ 100.393517704000018, -1.032559884999984, 0.0 ], [ 100.393472831000039, -1.032686528999894, 0.0 ], [ 100.393409980000072, -1.032795092, 0.0 ], [ 100.393338135000079, -1.032885569999931, 0.0 ], [ 100.393266271000087, -1.032930824999945, 0.0 ], [ 100.393230348000046, -1.032976062999958, 0.0 ], [ 100.393140560000077, -1.033129860999982, 0.0 ], [ 100.393095695000099, -1.033274593999967, 0.0 ], [ 100.393014893000071, -1.033428388, 0.0 ], [ 100.392961035000056, -1.033555035999901, 0.0 ], [ 100.392862261000062, -1.033708837999925, 0.0 ], [ 100.392817388000068, -1.033835482000012, 0.0 ], [ 100.392790503000072, -1.033998296999894, 0.0 ], [ 100.392718666000079, -1.034106864, 0.0 ], [ 100.392664219000011, -1.034221281999959, 0.0 ], [ 100.392566026000054, -1.034369223999943, 0.0 ], [ 100.392564459000113, -1.034431914999979, 0.0 ], [ 100.39257506300001, -1.0344868, 0.0 ], [ 100.392682933000046, -1.034586242999958, 0.0 ], [ 100.392718907000102, -1.034658583999904, 0.0 ], [ 100.392723591000035, -1.034710195999911, 0.0 ], [ 100.392727935000039, -1.034758069999964, 0.0 ], [ 100.392754931000056, -1.034848503999986, 0.0 ], [ 100.392745978000022, -1.034920864999934, 0.0 ], [ 100.392692084, -1.034966111999947, 0.0 ], [ 100.39268516500006, -1.034971090999915, 0.0 ], [ 100.392629205000048, -1.035011362999961, 0.0 ], [ 100.39262922500005, -1.035056585999972, 0.0 ], [ 100.392602312000037, -1.035156087999945, 0.0 ], [ 100.392566393, -1.035210370999907, 0.0 ], [ 100.392575410000035, -1.035282723999942, 0.0 ], [ 100.392611372, -1.035327930999952, 0.0 ], [ 100.392593433000016, -1.035400295999989, 0.0 ], [ 100.392566551000101, -1.035572155, 0.0 ], [ 100.392548619000038, -1.035662608999933, 0.0 ], [ 100.392530692000065, -1.035762108, 0.0 ], [ 100.392521758000044, -1.035879690999953, 0.0 ], [ 100.392557743000083, -1.035979165999923, 0.0 ], [ 100.392647595000057, -1.035970081999971, 0.0 ], [ 100.392701520000074, -1.035997191, 0.0 ], [ 100.392710525000027, -1.036042409999916, 0.0 ], [ 100.39272851200009, -1.036078580999978, 0.0 ], [ 100.392746487000068, -1.036087617999926, 0.0 ], [ 100.392764470000046, -1.03611474299995, 0.0 ], [ 100.392764482000047, -1.036141876999975, 0.0 ], [ 100.392773479000084, -1.036169007, 0.0 ], [ 100.392764505000045, -1.036196144999935, 0.0 ], [ 100.392755532000109, -1.03622328199996, 0.0 ], [ 100.39274656200007, -1.036259464999934, 0.0 ], [ 100.392719613000068, -1.036277566000011, 0.0 ], [ 100.392692657000055, -1.036277577999923, 0.0 ], [ 100.392683671000029, -1.036277582000012, 0.0 ], [ 100.392656710000011, -1.036268548999975, 0.0 ], [ 100.392647721000074, -1.036259508999938, 0.0 ], [ 100.392638728000037, -1.036241422999951, 0.0 ], [ 100.392611486000092, -1.036232048999975, 0.0 ], [ 100.392593788000042, -1.036214308999928, 0.0 ], [ 100.392557826000086, -1.036169102, 0.0 ], [ 100.392503909000069, -1.036160081999971, 0.0 ], [ 100.39245898500009, -1.036169145999922, 0.0 ], [ 100.39236913400002, -1.036178229999963, 0.0 ], [ 100.392270317000012, -1.036232541999927, 0.0 ], [ 100.392198468000018, -1.036313974999914, 0.0 ], [ 100.392072698, -1.036377343, 0.0 ], [ 100.391803179000092, -1.036485996999937, 0.0 ], [ 100.391731315000101, -1.036531251999951, 0.0 ], [ 100.391641467000028, -1.036549380999941, 0.0 ], [ 100.391524679000057, -1.036603699999906, 0.0 ], [ 100.391407898000068, -1.036676108999946, 0.0 ], [ 100.391210280000067, -1.036820909999936, 0.0 ], [ 100.391048576000088, -1.036902382999927, 0.0 ], [ 100.390868904000058, -1.036992907999957, 0.0 ], [ 100.390779064000085, -1.037029125999934, 0.0 ], [ 100.390716189000031, -1.037083421999985, 0.0 ], [ 100.390563479, -1.037182979999963, 0.0 ], [ 100.390446690000033, -1.037237298999927, 0.0 ], [ 100.39041076400008, -1.037273492999902, 0.0 ], [ 100.390329921000045, -1.037336841, 0.0 ], [ 100.390177199000021, -1.037409265999945, 0.0 ], [ 100.390078373000023, -1.037445487999922, 0.0 ], [ 100.389988534000054, -1.037481705999899, 0.0 ], [ 100.389799837000069, -1.037481789, 0.0 ], [ 100.389745983000054, -1.037617481999942, 0.0 ], [ 100.389692101000037, -1.03768986299998, 0.0 ], [ 100.38961125100009, -1.037735122, 0.0 ], [ 100.38949446300002, -1.037789440999959, 0.0 ], [ 100.389449559000042, -1.03784372900001, 0.0 ], [ 100.389368708000106, -1.037888986999936, 0.0 ], [ 100.389260913000058, -1.037961391999976, 0.0 ], [ 100.389162104000064, -1.038033792999927, 0.0 ], [ 100.389063290000053, -1.038097147999928, 0.0 ], [ 100.388964485000045, -1.038178593999917, 0.0 ], [ 100.38888365000011, -1.038260030999905, 0.0 ], [ 100.388730943, -1.03836863399992, 0.0 ], [ 100.388641131000028, -1.038468163999895, 0.0 ], [ 100.388470485000127, -1.038649131999947, 0.0 ], [ 100.388362674000078, -1.038685357999925, 0.0 ], [ 100.388200965000024, -1.038757785999967, 0.0 ], [ 100.388021286000082, -1.038830222999921, 0.0 ], [ 100.387976385000101, -1.038893554999921, 0.0 ], [ 100.387895555000071, -1.038984036999946, 0.0 ], [ 100.387814705000039, -1.039029295999961, 0.0 ], [ 100.387760819000022, -1.039092631999961, 0.0 ], [ 100.387679980000087, -1.039165023999911, 0.0 ], [ 100.387644062000049, -1.039219307999962, 0.0 ], [ 100.387554230000077, -1.039273614999925, 0.0 ], [ 100.387518311000036, -1.039327898999976, 0.0 ], [ 100.387455452000069, -1.039418372999912, 0.0 ], [ 100.387419533000028, -1.039472655999963, 0.0 ], [ 100.387329772000058, -1.039689766999985, 0.0 ], [ 100.387283555000053, -1.039802573, 0.0 ], [ 100.387239988, -1.039852609999959, 0.0 ], [ 100.387240015, -1.039915921999957, 0.0 ], [ 100.387195151000114, -1.040060655999942, 0.0 ], [ 100.387173765000028, -1.040182519999989, 0.0 ], [ 100.387150298000051, -1.040232522999951, 0.0 ], [ 100.387078445000057, -1.040304912, 0.0 ], [ 100.387006608000064, -1.040413478999914, 0.0 ], [ 100.386916788000093, -1.04049492, 0.0 ], [ 100.386611357000035, -1.040675947999959, 0.0 ], [ 100.386620379000078, -1.040757345999944, 0.0 ], [ 100.386593481000077, -1.04089302699989, 0.0 ], [ 100.386530602000022, -1.040938277999904, 0.0 ], [ 100.386422838000072, -1.04108303899998, 0.0 ], [ 100.386315039000038, -1.041146398999982, 0.0 ], [ 100.386252160000069, -1.04119165, 0.0 ], [ 100.386198274000051, -1.041254986, 0.0 ], [ 100.38617133700005, -1.041300221, 0.0 ], [ 100.386171353000051, -1.041336399999982, 0.0 ], [ 100.386225278000069, -1.041363509999916, 0.0 ], [ 100.386225302000071, -1.041417777999965, 0.0 ], [ 100.386216340000047, -1.041472048999926, 0.0 ], [ 100.386162442000028, -1.041508252, 0.0 ], [ 100.386117526000035, -1.041535404999927, 0.0 ], [ 100.386090589000034, -1.04158063999994, 0.0 ], [ 100.386000805000066, -1.041743482999913, 0.0 ], [ 100.385893100000033, -1.042023913999935, 0.0 ], [ 100.385857194000081, -1.042105331999921, 0.0 ], [ 100.385812321000103, -1.042231975999919, 0.0 ], [ 100.385722552000047, -1.042430997999955, 0.0 ], [ 100.385688890000011, -1.042525384999949, 0.0 ], [ 100.385607092000086, -1.042680516, 0.0 ], [ 100.385575117000101, -1.042741156999949, 0.0 ], [ 100.385480828000112, -1.042877953999988, 0.0 ], [ 100.385322387000059, -1.043026175, 0.0 ], [ 100.385140038000074, -1.0431592109999, 0.0 ], [ 100.385004204000026, -1.043221317999977, 0.0 ], [ 100.384889735000058, -1.043240361999954, 0.0 ], [ 100.384743814000061, -1.043250557, 0.0 ], [ 100.384518637000085, -1.043255721999981, 0.0 ], [ 100.384382778000116, -1.04325678699998, 0.0 ], [ 100.384381549000111, -1.043256796999981, 0.0 ], [ 100.384347552000051, -1.043257063999914, 0.0 ], [ 100.384061992000042, -1.043260988999973, 0.0 ], [ 100.383791528000046, -1.043267439999974, 0.0 ], [ 100.383417919000053, -1.043294195999967, 0.0 ], [ 100.383253133, -1.043315795999978, 0.0 ], [ 100.383025474000078, -1.043398202999957, 0.0 ], [ 100.382719816000105, -1.043471779999916, 0.0 ], [ 100.38247074500002, -1.043493417000019, 0.0 ], [ 100.382241796000073, -1.043503648999978, 0.0 ], [ 100.381870681000109, -1.043479752999954, 0.0 ], [ 100.381758727000076, -1.043494997999972, 0.0 ], [ 100.381650555000093, -1.043526701999931, 0.0 ], [ 100.38152452900006, -1.043574335999964, 0.0 ], [ 100.38151974500002, -1.043576143999936, 0.0 ], [ 100.381504664000019, -1.04358299599997, 0.0 ], [ 100.381504125000063, -1.043583241, 0.0 ], [ 100.381366303000021, -1.043645855999931, 0.0 ], [ 100.381196487000096, -1.043662388999967, 0.0 ], [ 100.380992689000024, -1.043666279999933, 0.0 ], [ 100.380809015000096, -1.043644834999935, 0.0 ], [ 100.380611499000011, -1.043618330999963, 0.0 ], [ 100.380546691000063, -1.043615767999929, 0.0 ], [ 100.380495647000018, -1.043613748999939, 0.0 ], [ 100.380421540000015, -1.043610817999963, 0.0 ], [ 100.380314613000053, -1.043612130999983, 0.0 ], [ 100.380235357000061, -1.043607100999922, 0.0 ], [ 100.380064248000025, -1.043555259999985, 0.0 ], [ 100.379802529000045, -1.043418620999959, 0.0 ], [ 100.379733305000087, -1.04334014499995, 0.0 ], [ 100.379691732000111, -1.043204672999932, 0.0 ], [ 100.379663995000044, -1.043062865999922, 0.0 ], [ 100.379657291000015, -1.042992335999949, 0.0 ], [ 100.379655985000085, -1.042978598999967, 0.0 ], [ 100.37965388500001, -1.042956504999915, 0.0 ], [ 100.379598488000042, -1.042853963999957, 0.0 ], [ 100.379512184000092, -1.042761507999946, 0.0 ], [ 100.379482700000054, -1.042729922, 0.0 ], [ 100.37948174000006, -1.042728891, 0.0 ], [ 100.379202039000106, -1.042428677999941, 0.0 ], [ 100.378986811000061, -1.042171724999908, 0.0 ], [ 100.378790484000064, -1.041984405999952, 0.0 ], [ 100.378660860000082, -1.041865435999967, 0.0 ], [ 100.378531421000034, -1.041698084999976, 0.0 ], [ 100.378439159000038, -1.041537446999919, 0.0 ], [ 100.378346875000048, -1.04132611499993, 0.0 ], [ 100.378240933000072, -1.041115647000013, 0.0 ], [ 100.378213300000098, -1.041012639000017, 0.0 ], [ 100.378202923000032, -1.040973957999925, 0.0 ], [ 100.378187923000041, -1.040918044, 0.0 ], [ 100.378089638000077, -1.040648284999979, 0.0 ], [ 100.378027216000064, -1.04040342899997, 0.0 ], [ 100.377987026000113, -1.040243627999893, 0.0 ], [ 100.377974130000027, -1.040033977999955, 0.0 ], [ 100.377984315000063, -1.039899072999984, 0.0 ], [ 100.377988505000062, -1.039717772, 0.0 ], [ 100.37796968, -1.039612092999953, 0.0 ], [ 100.377911595000086, -1.039526194999952, 0.0 ], [ 100.377858582000059, -1.039396763999989, 0.0 ], [ 100.377851777000018, -1.039380148999947, 0.0 ], [ 100.377851731000106, -1.039379548999897, 0.0 ], [ 100.377841476000057, -1.039246112999959, 0.0 ], [ 100.377838884000113, -1.039175655999903, 0.0 ], [ 100.377846538000128, -1.039109489999935, 0.0 ], [ 100.377853750000014, -1.03910000799995, 0.0 ], [ 100.377859471000036, -1.039092484999949, 0.0 ], [ 100.377896874000029, -1.039043306999965, 0.0 ], [ 100.377946360000038, -1.038983997999943, 0.0 ], [ 100.377954866000024, -1.038916113000011, 0.0 ], [ 100.377932646000048, -1.038858553999956, 0.0 ], [ 100.377860276000021, -1.038817174, 0.0 ], [ 100.377856188000038, -1.03881483699998, 0.0 ], [ 100.377845554000046, -1.03880875600001, 0.0 ], [ 100.377708084000034, -1.038725469999958, 0.0 ], [ 100.377684048000091, -1.03871262299996, 0.0 ], [ 100.377682510000056, -1.038711800999981, 0.0 ], [ 100.377613309000097, -1.038674815999941, 0.0 ], [ 100.377562965000024, -1.038635871999916, 0.0 ], [ 100.377561048000032, -1.038634388999971, 0.0 ], [ 100.377535602000066, -1.038614703999941, 0.0 ], [ 100.377526206000084, -1.038600099999976, 0.0 ], [ 100.377523627000045, -1.038558857999939, 0.0 ], [ 100.377533001000117, -1.038520187999937, 0.0 ], [ 100.377553468000116, -1.038472920999934, 0.0 ], [ 100.377554453000116, -1.038472140999958, 0.0 ], [ 100.377565413000042, -1.038463462999951, 0.0 ], [ 100.377565626000063, -1.03846334099994, 0.0 ], [ 100.377654170000099, -1.038412728999927, 0.0 ], [ 100.377676959000041, -1.038403903999908, 0.0 ], [ 100.3776895230001, -1.038399038999949, 0.0 ], [ 100.377816333000027, -1.038349932999972, 0.0 ], [ 100.377861687000049, -1.038334309999922, 0.0 ], [ 100.377876700000044, -1.038329138999939, 0.0 ], [ 100.377890589000032, -1.038324354999898, 0.0 ], [ 100.378033830000078, -1.038275014, 0.0 ], [ 100.378053606000023, -1.038268201999959, 0.0 ], [ 100.37806020900004, -1.038266359999985, 0.0 ], [ 100.378083721000024, -1.038259802999975, 0.0 ], [ 100.378226731000055, -1.03820141299994, 0.0 ], [ 100.378244694000031, -1.038183315999953, 0.0 ], [ 100.378253664000056, -1.038147132999979, 0.0 ], [ 100.378280601000071, -1.038101897999966, 0.0 ], [ 100.378307546000073, -1.03807475199994, 0.0 ], [ 100.378352466000067, -1.038056642999952, 0.0 ], [ 100.37838841300001, -1.038065671999989, 0.0 ], [ 100.378433337000089, -1.038056607999949, 0.0 ], [ 100.378469283000044, -1.038065636999897, 0.0 ], [ 100.37855014200008, -1.038038466999958, 0.0 ], [ 100.378568101000056, -1.038011324999933, 0.0 ], [ 100.378604024000097, -1.03796608599992, 0.0 ], [ 100.378612994000036, -1.037929903999946, 0.0 ], [ 100.378630930000014, -1.03784849399996, 0.0 ], [ 100.378666864000053, -1.037830388999972, 0.0 ], [ 100.378675838000078, -1.037803250999947, 0.0 ], [ 100.378702787000094, -1.03778514999996, 0.0 ], [ 100.378720754000071, -1.037776097999921, 0.0 ], [ 100.378747707000073, -1.037767040999971, 0.0 ], [ 100.378783626000114, -1.03771275699992, 0.0 ], [ 100.378810559000044, -1.037658477999959, 0.0 ], [ 100.378837493000049, -1.037604197999909, 0.0 ], [ 100.378855436000023, -1.037540878, 0.0 ], [ 100.37886439100005, -1.037468516999962, 0.0 ], [ 100.378873341000087, -1.037387110999888, 0.0 ], [ 100.378855338, -1.037314760999942, 0.0 ], [ 100.378846325000069, -1.037251452999944, 0.0 ], [ 100.378819341000053, -1.037188151999946, 0.0 ], [ 100.378810320000113, -1.037106753999962, 0.0 ], [ 100.3787833210001, -1.037007275, 0.0 ], [ 100.37873834600002, -1.036898758999983, 0.0 ], [ 100.378720335000125, -1.03680831999996, 0.0 ], [ 100.378684370000073, -1.036754067999913, 0.0 ], [ 100.378657381000068, -1.036681722999966, 0.0 ], [ 100.378657338000068, -1.036582231999906, 0.0 ], [ 100.378657311000055, -1.036518918999907, 0.0 ], [ 100.378639309000079, -1.036446569999961, 0.0 ], [ 100.378675224000034, -1.036383241999961, 0.0 ], [ 100.378702145000034, -1.036301827999975, 0.0 ], [ 100.378720073000096, -1.036202328999914, 0.0 ], [ 100.378738021000075, -1.036148052999953, 0.0 ], [ 100.378732840000097, -1.036111805999973, 0.0 ], [ 100.378725209000081, -1.036058204999979, 0.0 ], [ 100.378719995000012, -1.036021435999957, 0.0 ], [ 100.378746928000012, -1.035967156, 0.0 ], [ 100.378773854000116, -1.035894786999958, 0.0 ], [ 100.378836714000073, -1.035804312999933, 0.0 ], [ 100.378881591000052, -1.035686712999973, 0.0 ], [ 100.378917506000093, -1.035623384999973, 0.0 ], [ 100.37898934, -1.035505772999923, 0.0 ], [ 100.379007268000066, -1.035406273999951, 0.0 ], [ 100.379043167000106, -1.035306766999978, 0.0 ], [ 100.379061103000069, -1.035225357999903, 0.0 ], [ 100.37907005000001, -1.035134906999969, 0.0 ], [ 100.379114946000087, -1.035062529999931, 0.0 ], [ 100.379123909000029, -1.03500825899997, 0.0 ], [ 100.379123881000027, -1.034944945999972, 0.0 ], [ 100.379159800000068, -1.034890661999921, 0.0 ], [ 100.379186749000084, -1.034872560999934, 0.0 ], [ 100.379196118000053, -1.034814161999987, 0.0 ], [ 100.379195692000025, -1.034773065999961, 0.0 ], [ 100.379186687000072, -1.03472784699995, 0.0 ], [ 100.379149710000036, -1.034702903999929, 0.0 ], [ 100.379150717000115, -1.034664549999953, 0.0 ], [ 100.379174640000059, -1.034627511999909, 0.0 ], [ 100.379249531000127, -1.034601194999952, 0.0 ], [ 100.379288726000084, -1.03455567, 0.0 ], [ 100.379294416000022, -1.034501683999978, 0.0 ], [ 100.379312364000086, -1.034447407999928, 0.0 ], [ 100.379357268000064, -1.034393120999966, 0.0 ], [ 100.379384209000079, -1.034356929999903, 0.0 ], [ 100.37936621500009, -1.034302669999943, 0.0 ], [ 100.379429078000058, -1.034221240999956, 0.0 ], [ 100.379447022000122, -1.034157919999957, 0.0 ], [ 100.379473956000126, -1.034103640999906, 0.0 ], [ 100.379473928000039, -1.034040327999908, 0.0 ], [ 100.37948046300005, -1.033996923999958, 0.0 ], [ 100.379486100000065, -1.033974785999903, 0.0 ], [ 100.379491860000101, -1.033949873999974, 0.0 ], [ 100.379499458000012, -1.033939481999913, 0.0 ], [ 100.379509824000081, -1.033931776999986, 0.0 ], [ 100.37955473600006, -1.033895578999922, 0.0 ], [ 100.379617604000018, -1.033823193999972, 0.0 ], [ 100.379671506000037, -1.033796035999946, 0.0 ], [ 100.379707424000088, -1.033741752999984, 0.0 ], [ 100.379725372000053, -1.033687476999934, 0.0 ], [ 100.379743332000032, -1.033660335, 0.0 ], [ 100.379797229000047, -1.033624132999933, 0.0 ], [ 100.379842146000044, -1.03359698, 0.0 ], [ 100.379878068000082, -1.033551740999983, 0.0 ], [ 100.379922977000064, -1.03350649799997, 0.0 ], [ 100.379958903000016, -1.033470302999906, 0.0 ], [ 100.379996492000018, -1.033459813999927, 0.0 ], [ 100.380030780000098, -1.033452182999917, 0.0 ], [ 100.380075681000093, -1.033388850999917, 0.0 ], [ 100.380102618000095, -1.033343616, 0.0 ], [ 100.380120570000074, -1.033298384999982, 0.0 ], [ 100.380165498000054, -1.03329836499998, 0.0 ], [ 100.38023737400006, -1.033280244, 0.0 ], [ 100.380309251000057, -1.033262122999912, 0.0 ], [ 100.380363157000076, -1.033244010999923, 0.0 ], [ 100.380435033000069, -1.033225889999934, 0.0 ], [ 100.38048708300002, -1.033199233999949, 0.0 ], [ 100.380533847000066, -1.033162533999932, 0.0 ], [ 100.380551811000046, -1.033144436999945, 0.0 ], [ 100.380560785000085, -1.033117299, 0.0 ], [ 100.380569766000022, -1.033108250999971, 0.0 ], [ 100.380596719000039, -1.033099193999932, 0.0 ], [ 100.380632650000081, -1.033072044999906, 0.0 ], [ 100.380677558000059, -1.033026801999982, 0.0 ], [ 100.380731444000077, -1.032963465999981, 0.0 ], [ 100.380766567000052, -1.032961718999926, 0.0 ], [ 100.380821300000051, -1.032963425999978, 0.0 ], [ 100.380848346000064, -1.032950196999949, 0.0 ], [ 100.380867351000049, -1.032915727999939, 0.0 ], [ 100.380875178000068, -1.032882001, 0.0 ], [ 100.380859720000032, -1.032862126999945, 0.0 ], [ 100.380848202000053, -1.032836789999981, 0.0 ], [ 100.380857172000091, -1.032800606999918, 0.0 ], [ 100.380867289000037, -1.032772144999961, 0.0 ], [ 100.380893095000047, -1.032755367999905, 0.0 ], [ 100.380920051000047, -1.032755355999904, 0.0 ], [ 100.380952871000019, -1.032758705999915, 0.0 ], [ 100.380973965000067, -1.032755333, 0.0 ], [ 100.381021344, -1.032766334000013, 0.0 ], [ 100.381045849000074, -1.032755300999988, 0.0 ], [ 100.381114537000073, -1.032760549999979, 0.0 ], [ 100.381153664000109, -1.03272811999996, 0.0 ], [ 100.38120200900002, -1.032718392999954, 0.0 ], [ 100.381252478000107, -1.032664764999958, 0.0 ], [ 100.381297387000103, -1.032619521999945, 0.0 ], [ 100.381324339000017, -1.032610464999906, 0.0 ], [ 100.381405178000051, -1.032538072999956, 0.0 ], [ 100.381468050000095, -1.032474732999956, 0.0 ], [ 100.381512943000075, -1.032393311999969, 0.0 ], [ 100.381557824000069, -1.032284755999958, 0.0 ], [ 100.381638662000086, -1.032212364, 0.0 ], [ 100.381701511000045, -1.032094755999958, 0.0 ], [ 100.381737406000084, -1.031986204999947, 0.0 ], [ 100.381746360000122, -1.031913844, 0.0 ], [ 100.381783638000101, -1.031868121999946, 0.0 ], [ 100.38181821000002, -1.031832409999923, 0.0 ], [ 100.381852071000068, -1.031781941999921, 0.0 ], [ 100.381863095000099, -1.031732899999949, 0.0 ], [ 100.381890008000099, -1.031633396999976, 0.0 ], [ 100.381943883000119, -1.031542926999951, 0.0 ], [ 100.381952829000056, -1.031452476999928, 0.0 ], [ 100.381997738000052, -1.031407234, 0.0 ], [ 100.382051632000071, -1.031361987, 0.0 ], [ 100.382105510000088, -1.031280561999915, 0.0 ], [ 100.382154254000028, -1.031255335999959, 0.0 ], [ 100.38218636400002, -1.031244347999938, 0.0 ], [ 100.382204331000082, -1.031235295999989, 0.0 ], [ 100.382240262000039, -1.031208145999963, 0.0 ], [ 100.382285194000119, -1.031217171, 0.0 ], [ 100.382323514000092, -1.031224629999905, 0.0 ], [ 100.382357078000027, -1.03121714, 0.0 ], [ 100.382405292000016, -1.031211192999948, 0.0 ], [ 100.382419965000082, -1.031189977999969, 0.0 ], [ 100.382437929000048, -1.031171880999982, 0.0 ], [ 100.382446899000087, -1.031135698999919, 0.0 ], [ 100.382481326000089, -1.031109693999988, 0.0 ], [ 100.382509774000042, -1.031081402999956, 0.0 ], [ 100.382572642000099, -1.031009018999918, 0.0 ], [ 100.382635517000054, -1.030954722999955, 0.0 ], [ 100.382671448000011, -1.030927574000018, 0.0 ], [ 100.382699967000065, -1.030918153999949, 0.0 ], [ 100.382793167000045, -1.0309296, 0.0 ], [ 100.382815225000101, -1.030945599999911, 0.0 ], [ 100.382846415000103, -1.030914260999983, 0.0 ], [ 100.382880621000083, -1.030845324999963, 0.0 ], [ 100.382883619000069, -1.030771785999918, 0.0 ], [ 100.382879307000067, -1.030671257999949, 0.0 ], [ 100.382871564000055, -1.030529484999943, 0.0 ], [ 100.382889445000018, -1.030423792, 0.0 ], [ 100.383000365000044, -1.030306027999928, 0.0 ], [ 100.383120700000063, -1.030245826999921, 0.0 ], [ 100.383253853000056, -1.030215696, 0.0 ], [ 100.383380183000028, -1.030198455999909, 0.0 ], [ 100.383443331000109, -1.030152028999976, 0.0 ], [ 100.383451831000102, -1.030066961999954, 0.0 ], [ 100.383438141000028, -1.029993931999951, 0.0 ], [ 100.38341333400011, -1.029873648999946, 0.0 ], [ 100.383420948000037, -1.029712966999974, 0.0 ], [ 100.383472125000097, -1.029621005999915, 0.0 ], [ 100.383542063000021, -1.029482639000013, 0.0 ], [ 100.383657250000041, -1.029358857999985, 0.0 ], [ 100.383763920000078, -1.029283197999942, 0.0 ], [ 100.383926093000085, -1.02924274199997, 0.0 ], [ 100.384072911000061, -1.029230649999946, 0.0 ], [ 100.384199241000033, -1.029215128, 0.0 ], [ 100.384259834000076, -1.029179873, 0.0 ], [ 100.384271743000085, -1.029082772999968, 0.0 ], [ 100.384273390000047, -1.028945293999961, 0.0 ], [ 100.38429382800004, -1.028831866, 0.0 ], [ 100.3843663520001, -1.028751924999949, 0.0 ], [ 100.384481567000122, -1.028694305999978, 0.0 ], [ 100.384587375000081, -1.028596304999952, 0.0 ], [ 100.384745230000092, -1.028442433999921, 0.0 ], [ 100.384837379000075, -1.028344439999985, 0.0 ], [ 100.384879194000078, -1.028313488, 0.0 ], [ 100.3849986970001, -1.028302265999959, 0.0 ], [ 100.385054168000067, -1.028270451, 0.0 ], [ 100.385055001000055, -1.0282231909999, 0.0 ], [ 100.384973003000113, -1.028106371, 0.0 ], [ 100.384971523000075, -1.028100183999936, 0.0 ], [ 100.384971086000036, -1.028098359999963, 0.0 ], [ 100.384935376000016, -1.027949145999963, 0.0 ], [ 100.384943883000091, -1.027880403999959, 0.0 ], [ 100.385019818000075, -1.02779358699997, 0.0 ], [ 100.385118829000092, -1.027770345, 0.0 ], [ 100.385254576000051, -1.027819261999963, 0.0 ], [ 100.385355304000115, -1.02781921899996, 0.0 ], [ 100.385390267000076, -1.027738433999937, 0.0 ], [ 100.385368039000113, -1.027657674999916, 0.0 ], [ 100.385269840000063, -1.027585541999898, 0.0 ], [ 100.385252291000128, -1.027535731999952, 0.0 ], [ 100.385250383000056, -1.027530317999948, 0.0 ], [ 100.385240782000054, -1.027503067999914, 0.0 ], [ 100.385260398000085, -1.027464392999911, 0.0 ], [ 100.38534234200003, -1.02745232799989, 0.0 ], [ 100.385403868000054, -1.027446706999958, 0.0 ], [ 100.385420207000067, -1.027445213999923, 0.0 ], [ 100.385474648000041, -1.027440240999955, 0.0 ], [ 100.385505507000019, -1.027398389999957, 0.0 ], [ 100.385514196000116, -1.027386605999959, 0.0 ], [ 100.385541193000051, -1.027349992999949, 0.0 ], [ 100.385541137000047, -1.027221964999925, 0.0 ], [ 100.385542499000067, -1.027172305, 0.0 ], [ 100.385542584000078, -1.027169221999913, 0.0 ], [ 100.385543659000078, -1.027130025999957, 0.0 ], [ 100.385568544000094, -1.027098387, 0.0 ], [ 100.385576750000055, -1.027087953999939, 0.0 ], [ 100.385579491000016, -1.02708447, 0.0 ], [ 100.385588206000122, -1.027083860999956, 0.0 ], [ 100.385606617000036, -1.027082574999938, 0.0 ], [ 100.385628999000033, -1.027081011999898, 0.0 ], [ 100.385680223000094, -1.027092158999932, 0.0 ], [ 100.385712438, -1.027100085999966, 0.0 ], [ 100.385722054, -1.027102451999984, 0.0 ], [ 100.385727029000051, -1.027103305999966, 0.0 ], [ 100.385786935000041, -1.027113593999929, 0.0 ], [ 100.38585032500005, -1.02708784399993, 0.0 ], [ 100.385942850000063, -1.027028108999962, 0.0 ], [ 100.386030863000059, -1.026921343, 0.0 ], [ 100.386110782000102, -1.026792506999919, 0.0 ], [ 100.3861182240001, -1.026780508999903, 0.0 ], [ 100.386304731000067, -1.026479845999984, 0.0 ], [ 100.386581219000036, -1.02586016899996, 0.0 ], [ 100.386651231000059, -1.025684672999916, 0.0 ], [ 100.386824660000102, -1.025379623999901, 0.0 ], [ 100.386859538000053, -1.025318275999976, 0.0 ], [ 100.386862871000062, -1.025311356999937, 0.0 ], [ 100.386901947000098, -1.025230244999976, 0.0 ], [ 100.38690928600009, -1.025215011999959, 0.0 ], [ 100.386936250000105, -1.025159040999946, 0.0 ], [ 100.386946705000071, -1.025137338999927, 0.0 ], [ 100.387054350000099, -1.024913897, 0.0 ], [ 100.387098336000093, -1.024816195, 0.0 ], [ 100.387109065000104, -1.024688660999929, 0.0 ], [ 100.387101165000061, -1.024660755999929, 0.0 ], [ 100.387100731000032, -1.02465922299998, 0.0 ], [ 100.387088561, -1.024616232999976, 0.0 ], [ 100.387087166000057, -1.024611305999923, 0.0 ], [ 100.387079367000041, -1.024583756999953, 0.0 ], [ 100.38706134800006, -1.024470707000014, 0.0 ], [ 100.387082867000061, -1.024365780999948, 0.0 ], [ 100.387139417000029, -1.024229180999925, 0.0 ], [ 100.387180696000073, -1.024101633999941, 0.0 ], [ 100.387188463000101, -1.024050670999899, 0.0 ], [ 100.387203992000053, -1.023948769999905, 0.0 ], [ 100.387216507000105, -1.023798623999917, 0.0 ], [ 100.38723711400003, -1.023659327999938, 0.0 ], [ 100.387286475000039, -1.023520923999944, 0.0 ], [ 100.387361890000051, -1.023371655999939, 0.0 ], [ 100.387457146000116, -1.023225712999943, 0.0 ], [ 100.387459692000064, -1.023221810999886, 0.0 ], [ 100.387470543000077, -1.023205185999932, 0.0 ], [ 100.387560329000038, -1.023045962, 0.0 ], [ 100.387649211000024, -1.022870457999947, 0.0 ], [ 100.387682386000023, -1.022703117999957, 0.0 ], [ 100.387695788000059, -1.022524932999958, 0.0 ], [ 100.387693028000101, -1.022378412, 0.0 ], [ 100.387677686000075, -1.022221041999949, 0.0 ], [ 100.387652475000024, -1.022099855999959, 0.0 ], [ 100.387638025000072, -1.021931631999984, 0.0 ], [ 100.387637072000089, -1.021805911999974, 0.0 ], [ 100.387654990000058, -1.021681088999949, 0.0 ], [ 100.387764028000021, -1.021394862999981, 0.0 ], [ 100.387765405000053, -1.021391248999948, 0.0 ], [ 100.387775260000069, -1.021365378999939, 0.0 ], [ 100.387867699000068, -1.021104854999966, 0.0 ], [ 100.38797720000008, -1.020819900999926, 0.0 ], [ 100.388257277000065, -1.020184847999961, 0.0 ], [ 100.388334443000062, -1.019933374999938, 0.0 ], [ 100.388385574000026, -1.019729847999973, 0.0 ], [ 100.388560622000028, -1.01933633200001, 0.0 ], [ 100.388709645000105, -1.019016992999966, 0.0 ], [ 100.388826352000081, -1.01877002299996, 0.0 ], [ 100.388991503000071, -1.018346664000014, 0.0 ], [ 100.389140493000042, -1.01794954099993, 0.0 ], [ 100.389584183000082, -1.0166792869999, 0.0 ], [ 100.389620087000111, -1.016588825999965, 0.0 ], [ 100.389655982000065, -1.016480274999954, 0.0 ], [ 100.389682896000068, -1.016380771999892, 0.0 ], [ 100.389709814000085, -1.016290314999957, 0.0 ], [ 100.389754707000066, -1.016208893999971, 0.0 ], [ 100.389772635000043, -1.016109394999909, 0.0 ], [ 100.389763611, -1.016018952999976, 0.0 ], [ 100.389772554000032, -1.015919459, 0.0 ], [ 100.38979048600001, -1.01582900499998, 0.0 ], [ 100.389808415000061, -1.015729505999919, 0.0 ], [ 100.389799379000024, -1.01561192999996, 0.0 ], [ 100.389790347000087, -1.015503398999951, 0.0 ], [ 100.389799294000028, -1.015412948999928, 0.0 ], [ 100.38981722600009, -1.015322495, 0.0 ], [ 100.389853126000034, -1.015222988999931, 0.0 ], [ 100.389889025000073, -1.015123482999958, 0.0 ], [ 100.389915943000076, -1.015033025000023, 0.0 ], [ 100.389933883000054, -1.014960659999898, 0.0 ], [ 100.389978772000035, -1.014870194999962, 0.0 ], [ 100.390032646000051, -1.014779725999937, 0.0 ], [ 100.390095510000023, -1.01469829699995, 0.0 ], [ 100.390131425000064, -1.014634968999951, 0.0 ], [ 100.390194281000021, -1.014535450999976, 0.0 ], [ 100.390248147000122, -1.014426892999965, 0.0 ], [ 100.39027506500004, -1.014336434999941, 0.0 ], [ 100.39031994600002, -1.01422787999993, 0.0 ], [ 100.390346864000037, -1.014137423, 0.0 ], [ 100.390373778000125, -1.014037919999933, 0.0 ], [ 100.390355765000052, -1.013938437999962, 0.0 ], [ 100.390385833000053, -1.013858384999911, 0.0 ], [ 100.390427591000048, -1.013802736999925, 0.0 ], [ 100.390436518000072, -1.013667063999979, 0.0 ], [ 100.390436468000075, -1.013549484999932, 0.0 ], [ 100.390418451000087, -1.013440956999923, 0.0 ], [ 100.390445369000105, -1.013350498999988, 0.0 ], [ 100.390454323000128, -1.013278138999952, 0.0 ], [ 100.390454281000032, -1.01317864799998, 0.0 ], [ 100.390472206000098, -1.01307010499997, 0.0 ], [ 100.390481141000038, -1.012952520999922, 0.0 ], [ 100.390427201000108, -1.012889231999925, 0.0 ], [ 100.390445137000086, -1.01280782299994, 0.0 ], [ 100.390516967000067, -1.012681167999941, 0.0 ], [ 100.390624743000018, -1.012563540999978, 0.0 ], [ 100.390634180000092, -1.012526302, 0.0 ], [ 100.390625831000108, -1.012460496999979, 0.0 ], [ 100.390615692000068, -1.012409786999958, 0.0 ], [ 100.390615684000068, -1.012391697999971, 0.0 ], [ 100.390633628000046, -1.012328377999972, 0.0 ], [ 100.390694186000076, -1.012192684999936, 0.0 ], [ 100.390732368000045, -1.012093174999962, 0.0 ], [ 100.390760644000068, -1.011934205999954, 0.0 ], [ 100.3907502120001, -1.011794695999957, 0.0 ], [ 100.39074627100004, -1.011680547999927, 0.0 ], [ 100.390741142000053, -1.011595717999925, 0.0 ], [ 100.390731943, -1.011532185, 0.0 ], [ 100.390705146000101, -1.01146910999993, 0.0 ], [ 100.390597305000057, -1.01143297799996, 0.0 ], [ 100.390543369000042, -1.011378733, 0.0 ], [ 100.390570298000043, -1.011315409, 0.0 ], [ 100.390588235000024, -1.011234, 0.0 ], [ 100.390642113000041, -1.011152575999941, 0.0 ], [ 100.390695991000058, -1.011071150999954, 0.0 ], [ 100.390765042000083, -1.011096633999931, 0.0 ], [ 100.390812798000042, -1.011062056, 0.0 ], [ 100.390848705000082, -1.010980638999926, 0.0 ], [ 100.390902564, -1.010853991000016, 0.0 ], [ 100.390893529000053, -1.010736414999969, 0.0 ], [ 100.390920431000055, -1.010609778999972, 0.0 ], [ 100.390929371000084, -1.010501239999962, 0.0 ], [ 100.390992242000053, -1.010437900999961, 0.0 ], [ 100.391028142, -1.010338394999988, 0.0 ], [ 100.391046066000058, -1.010229851999978, 0.0 ], [ 100.391081989000014, -1.010184612999965, 0.0 ], [ 100.391135879000032, -1.010130322999914, 0.0 ], [ 100.391171786000072, -1.010048905999928, 0.0 ], [ 100.391171748000076, -1.00995846, 0.0 ], [ 100.391243589000069, -1.009858938000019, 0.0 ], [ 100.391297463000086, -1.009768468999906, 0.0 ], [ 100.391306407000016, -1.009668973999934, 0.0 ], [ 100.391252459000086, -1.009587595999951, 0.0 ], [ 100.391216490000048, -1.009524298999954, 0.0 ], [ 100.391162562000019, -1.009488143999893, 0.0 ], [ 100.39124343500005, -1.009497154000017, 0.0 ], [ 100.391279381000089, -1.009506182999965, 0.0 ], [ 100.391315334000055, -1.009533300999988, 0.0 ], [ 100.391351288000095, -1.009560419999922, 0.0 ], [ 100.391414178000062, -1.009542302999933, 0.0 ], [ 100.391430022000037, -1.009464282999962, 0.0 ], [ 100.39142310600009, -1.009406630999899, 0.0 ], [ 100.39134223300006, -1.009397620999953, 0.0 ], [ 100.391333236000023, -1.009370490999928, 0.0 ], [ 100.39125234800008, -1.009325303, 0.0 ], [ 100.391171452000052, -1.009262024999924, 0.0 ], [ 100.391090555000105, -1.009198747999929, 0.0 ], [ 100.390982722000061, -1.009180704999946, 0.0 ], [ 100.390946750000111, -1.009108363999911, 0.0 ], [ 100.390892802000081, -1.009026986000017, 0.0 ], [ 100.390847840000092, -1.008945603999945, 0.0 ], [ 100.390811852000041, -1.008837083999937, 0.0 ], [ 100.390775868000091, -1.008737608999966, 0.0 ], [ 100.390757870000115, -1.008674303999968, 0.0 ], [ 100.390685964000028, -1.008620066999922, 0.0 ], [ 100.390542127000018, -1.008457325999957, 0.0 ], [ 100.390524110000044, -1.008348798999948, 0.0 ], [ 100.390461181000077, -1.008276468999914, 0.0 ], [ 100.390380281000049, -1.00820414699997, 0.0 ], [ 100.390353290000036, -1.008122756999986, 0.0 ], [ 100.390245434000079, -1.008050446999953, 0.0 ], [ 100.390173523000072, -1.007987164999958, 0.0 ], [ 100.39008363, -1.007896757999938, 0.0 ], [ 100.390047650000056, -1.007806327, 0.0 ], [ 100.389966789000113, -1.007824451, 0.0 ], [ 100.389894932000033, -1.007887793999907, 0.0 ], [ 100.389805077000062, -1.00788783299991, 0.0 ], [ 100.389715192000082, -1.007815514999966, 0.0 ], [ 100.389643281000076, -1.00775223299997, 0.0 ], [ 100.389580356000025, -1.007688947999974, 0.0 ], [ 100.389508442000121, -1.007616621999941, 0.0 ], [ 100.389418568000053, -1.007571437999933, 0.0 ], [ 100.389328698000071, -1.007535297999962, 0.0 ], [ 100.389166936, -1.007481099999919, 0.0 ], [ 100.389113027000079, -1.007490166999959, 0.0 ], [ 100.389014203000073, -1.007526387999936, 0.0 ], [ 100.388789600000052, -1.007607885999929, 0.0 ], [ 100.388760852000075, -1.007661065999977, 0.0 ], [ 100.388735733000047, -1.00771644499994, 0.0 ], [ 100.388744769000084, -1.007834020999987, 0.0 ], [ 100.388735829000055, -1.007942559999909, 0.0 ], [ 100.388744853000091, -1.008033001999931, 0.0 ], [ 100.388726917000028, -1.008114410999917, 0.0 ], [ 100.388637089000056, -1.008177761999918, 0.0 ], [ 100.388466388000055, -1.008232102999973, 0.0 ], [ 100.388394538000057, -1.008313534999961, 0.0 ], [ 100.38827777700007, -1.008431166000013, 0.0 ], [ 100.388250855000067, -1.008512579, 0.0 ], [ 100.388125089000056, -1.00858498999995, 0.0 ], [ 100.387990976000054, -1.00861861999998, 0.0 ], [ 100.387801650000114, -1.008675574999896, 0.0 ], [ 100.38770283700002, -1.008738928999986, 0.0 ], [ 100.387577075000095, -1.008820384999976, 0.0 ], [ 100.387415382000128, -1.00892899, 0.0 ], [ 100.38731653000012, -1.00890189799997, 0.0 ], [ 100.387226683000065, -1.00892002599996, 0.0 ], [ 100.387118857000104, -1.008920071999964, 0.0 ], [ 100.387020021000097, -1.008929158999917, 0.0 ], [ 100.386921181, -1.00892920199992, 0.0 ], [ 100.386831326000035, -1.008929239999923, 0.0 ], [ 100.386732482000113, -1.008920237999978, 0.0 ], [ 100.386642615000056, -1.008893142999956, 0.0 ], [ 100.386561731000114, -1.008856998999897, 0.0 ], [ 100.386489801000025, -1.008748493999978, 0.0 ], [ 100.386417883000021, -1.008667123999907, 0.0 ], [ 100.386328001000038, -1.008603849999912, 0.0 ], [ 100.386283035000048, -1.00851342299998, 0.0 ], [ 100.386193161000079, -1.008468237999971, 0.0 ], [ 100.386148211, -1.008413989999924, 0.0 ], [ 100.386103249000101, -1.00833260799994, 0.0 ], [ 100.386058276000114, -1.008224090999932, 0.0 ], [ 100.386031281, -1.008133657, 0.0 ], [ 100.386022246000053, -1.008016080999952, 0.0 ], [ 100.386002006000069, -1.007994165999915, 0.0 ], [ 100.385969903000074, -1.007976231999941, 0.0 ], [ 100.385924964000097, -1.007961893, 0.0 ], [ 100.385879305000046, -1.007933195999933, 0.0 ], [ 100.385868601000041, -1.00791812399993, 0.0 ], [ 100.385851472000056, -1.007898574, 0.0 ], [ 100.385860419000082, -1.007808123999976, 0.0 ], [ 100.385905267000055, -1.00761816699998, 0.0 ], [ 100.385869279000104, -1.007509646999972, 0.0 ], [ 100.385878226000045, -1.007419196999948, 0.0 ], [ 100.385878153000036, -1.007247348999941, 0.0 ], [ 100.385887089000065, -1.007129764999982, 0.0 ], [ 100.385878046000116, -1.006994099999948, 0.0 ], [ 100.385877989000022, -1.006858430999913, 0.0 ], [ 100.385904923000027, -1.006804150999952, 0.0 ], [ 100.385922855, -1.006713696999928, 0.0 ], [ 100.38594078400007, -1.006614198999956, 0.0 ], [ 100.385949728000099, -1.006514703999895, 0.0 ], [ 100.385967653000066, -1.006406160999973, 0.0 ], [ 100.385976596, -1.006306665999912, 0.0 ], [ 100.385976551000098, -1.006198131, 0.0 ], [ 100.385994476000064, -1.006089587999981, 0.0 ], [ 100.38601240500013, -1.005990089, 0.0 ], [ 100.386057298000111, -1.005908668999933, 0.0 ], [ 100.386102187000105, -1.005818202999909, 0.0 ], [ 100.386138087000049, -1.005718696999936, 0.0 ], [ 100.386135352000096, -1.005680737, 0.0 ], [ 100.386127016000017, -1.005644844999954, 0.0 ], [ 100.386109176000062, -1.005620921999928, 0.0 ], [ 100.386100848000083, -1.005604173999964, 0.0 ], [ 100.386102024000081, -1.005575456999986, 0.0 ], [ 100.386120043000062, -1.005546856999929, 0.0 ], [ 100.386137667000099, -1.005532365999973, 0.0 ], [ 100.386175699000049, -1.005515599, 0.0 ], [ 100.386256516000074, -1.005480864999886, 0.0 ], [ 100.38628174800003, -1.005465385999938, 0.0 ], [ 100.386335638000048, -1.005411094999975, 0.0 ], [ 100.386389612000073, -1.005387478999975, 0.0 ], [ 100.386452426000034, -1.005356777999922, 0.0 ], [ 100.386560232000079, -1.005311508, 0.0 ], [ 100.386632086000063, -1.005239120999957, 0.0 ], [ 100.386721910000034, -1.005166724999918, 0.0 ], [ 100.386686672000053, -1.005110952999922, 0.0 ], [ 100.386685907000086, -1.005022026999936, 0.0 ], [ 100.386766765000019, -1.004994859, 0.0 ], [ 100.386824483000083, -1.004924235000016, 0.0 ], [ 100.386865559000029, -1.004886280999895, 0.0 ], [ 100.386982336000088, -1.004804829, 0.0 ], [ 100.387099101000075, -1.004696243999981, 0.0 ], [ 100.387233837000025, -1.004587650999967, 0.0 ], [ 100.38731468000006, -1.004524303999966, 0.0 ], [ 100.38735058, -1.004424797999904, 0.0 ], [ 100.387368505000069, -1.004316254999893, 0.0 ], [ 100.387332517000019, -1.004207734999974, 0.0 ], [ 100.387323494000071, -1.004117292999951, 0.0 ], [ 100.387314462000035, -1.004008760999942, 0.0 ], [ 100.387323402000064, -1.003900221999932, 0.0 ], [ 100.387296392000053, -1.003773608999937, 0.0 ], [ 100.387292302000077, -1.003666721999974, 0.0 ], [ 100.38728733100001, -1.00359271999998, 0.0 ], [ 100.387269348000032, -1.003565593999956, 0.0 ], [ 100.38725088000011, -1.003536078, 0.0 ], [ 100.387233376000083, -1.003493251999921, 0.0 ], [ 100.38724514500008, -1.003465724999953, 0.0 ], [ 100.387269276000026, -1.003393745999948, 0.0 ], [ 100.387260237000078, -1.003267125999952, 0.0 ], [ 100.387269177000022, -1.003158585999942, 0.0 ], [ 100.387296080000027, -1.003031949999944, 0.0 ], [ 100.38732299400003, -1.002932447999972, 0.0 ], [ 100.387385851, -1.00283293, 0.0 ], [ 100.387439741, -1.002778639999947, 0.0 ], [ 100.387466655000111, -1.002679136999974, 0.0 ], [ 100.387475587000054, -1.002552508999977, 0.0 ], [ 100.387457563000069, -1.002425891999981, 0.0 ], [ 100.387502441000052, -1.002308292999932, 0.0 ], [ 100.387520359000021, -1.002181660999935, 0.0 ], [ 100.387511320000073, -1.002055039999939, 0.0 ], [ 100.387484318000062, -1.001946516000019, 0.0 ], [ 100.387457967000017, -1.001876402999902, 0.0 ], [ 100.387439333000074, -1.001810865999986, 0.0 ], [ 100.387448304000017, -1.001774682999923, 0.0 ], [ 100.387446026000092, -1.001747182999957, 0.0 ], [ 100.387430306000027, -1.001711379000015, 0.0 ], [ 100.387358388000038, -1.001630007999943, 0.0 ], [ 100.387304437000097, -1.001539584999922, 0.0 ], [ 100.387223538000072, -1.001467261999978, 0.0 ], [ 100.387115716000025, -1.001476352999931, 0.0 ], [ 100.387025880000053, -1.001521613999945, 0.0 ], [ 100.386945030000021, -1.00156687199996, 0.0 ], [ 100.38688013000008, -1.001573926999922, 0.0 ], [ 100.386891087, -1.001494538000014, 0.0 ], [ 100.386891038000087, -1.001376957999967, 0.0 ], [ 100.386953868000049, -1.001214128, 0.0 ], [ 100.387007754000066, -1.001150793, 0.0 ], [ 100.387124534000051, -1.001078385999954, 0.0 ], [ 100.38716043400008, -1.000978879999892, 0.0 ], [ 100.387142403000013, -1.000834174, 0.0 ], [ 100.387070496000021, -1.000779935999952, 0.0 ], [ 100.386989608000079, -1.000734747999943, 0.0 ], [ 100.386881782000032, -1.000734793999947, 0.0 ], [ 100.386863781000059, -1.000662443999912, 0.0 ], [ 100.386782904000114, -1.000644389999928, 0.0 ], [ 100.386693046000048, -1.000635382999982, 0.0 ], [ 100.386630125000082, -1.000581141999935, 0.0 ], [ 100.386630095000086, -1.000508784999988, 0.0 ], [ 100.386603096000073, -1.000409305999928, 0.0 ], [ 100.386594065000025, -1.000300773999919, 0.0 ], [ 100.386594024000033, -1.000201283999947, 0.0 ], [ 100.386584996000082, -1.000101796999975, 0.0 ], [ 100.386584959000075, -1.000011349999952, 0.0 ], [ 100.386582698864359, -1.0, 0.0 ], [ 100.386566950000102, -0.99992091199993, 0.0 ], [ 100.386538246000029, -0.999847479999983, 0.0 ], [ 100.386521965000014, -0.999785261999897, 0.0 ], [ 100.386529646000028, -0.999748410999957, 0.0 ], [ 100.386539906000081, -0.99971289699995, 0.0 ], [ 100.386556714000051, -0.999666555999934, 0.0 ], [ 100.386566817000087, -0.999604349999939, 0.0 ], [ 100.386521836, -0.999477744999944, 0.0 ], [ 100.386422947000085, -0.9993602069999, 0.0 ], [ 100.386315087000042, -0.999278850999919, 0.0 ], [ 100.386270126000056, -0.999197467999935, 0.0 ], [ 100.386288051000022, -0.999088924999925, 0.0 ], [ 100.386279013000077, -0.998962304000018, 0.0 ], [ 100.386278971000067, -0.998862812999957, 0.0 ], [ 100.38629688100005, -0.998718091999973, 0.0 ], [ 100.386305821000079, -0.998609552999963, 0.0 ], [ 100.386386660000099, -0.998537160999924, 0.0 ], [ 100.386404582000068, -0.998419573999965, 0.0 ], [ 100.386323667000042, -0.998311072999958, 0.0 ], [ 100.386269713000019, -0.998211604999899, 0.0 ], [ 100.38621574700008, -0.998085003, 0.0 ], [ 100.386161797000057, -0.997994578999973, 0.0 ], [ 100.38610785000013, -0.997913201, 0.0 ], [ 100.386062881000043, -0.99781372899993, 0.0 ], [ 100.386044876000071, -0.997732334999946, 0.0 ], [ 100.386008881000109, -0.997605725999951, 0.0 ], [ 100.385954934000083, -0.997524346999968, 0.0 ], [ 100.38589201000012, -0.997461060999972, 0.0 ], [ 100.38585603000007, -0.99737062999995, 0.0 ], [ 100.385793105000104, -0.997307343999954, 0.0 ], [ 100.385793056000097, -0.997189763999907, 0.0 ], [ 100.385811004000075, -0.997135488999946, 0.0 ], [ 100.385748076000112, -0.997063158999912, 0.0 ], [ 100.385703107000026, -0.996963686999941, 0.0 ], [ 100.385618129000108, -0.996864918999941, 0.0 ], [ 100.385604176000101, -0.996746657999926, 0.0 ], [ 100.385649085000097, -0.996701415999913, 0.0 ], [ 100.38571198300005, -0.99670138899991, 0.0 ], [ 100.385729931000029, -0.996647113999949, 0.0 ], [ 100.385729901000033, -0.996574757, 0.0 ], [ 100.385693917000069, -0.996475280999943, 0.0 ], [ 100.385657934000022, -0.996375804999972, 0.0 ], [ 100.385612969000121, -0.996285377999951, 0.0 ], [ 100.385541055000033, -0.996213052, 0.0 ], [ 100.385514057000108, -0.996113571999946, 0.0 ], [ 100.385487056, -0.996005047999938, 0.0 ], [ 100.385487006000091, -0.995887467999979, 0.0 ], [ 100.38543304500007, -0.995769910999933, 0.0 ], [ 100.385424018000037, -0.995670423999962, 0.0 ], [ 100.385397012000013, -0.995552855, 0.0 ], [ 100.38539697100002, -0.995453363999943, 0.0 ], [ 100.385307097000037, -0.995408179000024, 0.0 ], [ 100.385280152000036, -0.995435323999961, 0.0 ], [ 100.385199287, -0.995444403, 0.0 ], [ 100.385154364000101, -0.995453466999952, 0.0 ], [ 100.385109436000022, -0.995453485999954, 0.0 ], [ 100.384989901000083, -0.995443705999944, 0.0 ], [ 100.384823424000075, -0.995304979000012, 0.0 ], [ 100.384714016, -0.995190157999926, 0.0 ], [ 100.384669030000097, -0.995157471999975, 0.0 ], [ 100.384624086000102, -0.995128083999941, 0.0 ], [ 100.384507215000028, -0.994983419999962, 0.0 ], [ 100.384435301000025, -0.994911092999929, 0.0 ], [ 100.384354409000082, -0.994856858999882, 0.0 ], [ 100.384291481000034, -0.994784528999937, 0.0 ], [ 100.384219571000116, -0.994721246999942, 0.0 ], [ 100.384156643000068, -0.994648916, 0.0 ], [ 100.384057769000052, -0.994567555999926, 0.0 ], [ 100.383985855000049, -0.994495229999893, 0.0 ], [ 100.383904952000108, -0.99441386199991, 0.0 ], [ 100.383877947000101, -0.994296292999953, 0.0 ], [ 100.3838329740001, -0.994187776999945, 0.0 ], [ 100.38379590600006, -0.994156742999952, 0.0 ], [ 100.383796957000058, -0.9940068989999, 0.0 ], [ 100.383698083000041, -0.993925539, 0.0 ], [ 100.383572242000113, -0.993817056999913, 0.0 ], [ 100.383410470000058, -0.993735722999934, 0.0 ], [ 100.383293632000061, -0.99367245999994, 0.0 ], [ 100.383203740000084, -0.993582052, 0.0 ], [ 100.383137110000078, -0.993544682999937, 0.0 ], [ 100.383038199000069, -0.993517922999943, 0.0 ], [ 100.382957360000049, -0.993499768999951, 0.0 ], [ 100.382915418000039, -0.993547181999966, 0.0 ], [ 100.382886910000082, -0.99359744799995, 0.0 ], [ 100.382840570000056, -0.993644131999905, 0.0 ], [ 100.38274429000009, -0.993654942, 0.0 ], [ 100.38264798500002, -0.993608317999962, 0.0 ], [ 100.382619409000057, -0.993493462999962, 0.0 ], [ 100.382608661000063, -0.993375009999931, 0.0 ], [ 100.382574601000087, -0.993202441999952, 0.0 ], [ 100.382475738000068, -0.993148216, 0.0 ], [ 100.382376883000063, -0.993112078999936, 0.0 ], [ 100.382296033000031, -0.993157335999951, 0.0 ], [ 100.382215201000093, -0.993247816999976, 0.0 ], [ 100.382123651000072, -0.993328549999906, 0.0 ], [ 100.382035659000081, -0.993436210999932, 0.0 ], [ 100.382090854000111, -0.993732927999969, 0.0 ], [ 100.382152201000039, -0.9940627189999, 0.0 ], [ 100.382150257000049, -0.994078457999959, 0.0 ], [ 100.382121927000114, -0.994101090999966, 0.0 ], [ 100.382093363000052, -0.994106529999972, 0.0 ], [ 100.38055858000007, -0.994398793, 0.0 ], [ 100.380529280000047, -0.994423397999989, 0.0 ], [ 100.380523428000103, -0.994461757999965, 0.0 ], [ 100.380622377000023, -0.995067617999912, 0.0 ], [ 100.380619470000056, -0.995121723999948, 0.0 ], [ 100.380594068000079, -0.995144355999956, 0.0 ], [ 100.380551078000082, -0.995156176999957, 0.0 ], [ 100.380521780000052, -0.995187663999986, 0.0 ], [ 100.380540481000082, -0.995517161999982, 0.0 ], [ 100.380527788, -0.995545693999945, 0.0 ], [ 100.38005392900007, -0.995632279999914, 0.0 ], [ 100.379986500000086, -0.995623941999935, 0.0 ], [ 100.379963532000048, -0.995602804999963, 0.0 ], [ 100.379918934000088, -0.995291515999964, 0.0 ], [ 100.379905725000057, -0.995246769, 0.0 ], [ 100.379889596000055, -0.99522562899993, 0.0 ], [ 100.379871513000069, -0.995214321999883, 0.0 ], [ 100.379849040000082, -0.995212856999939, 0.0 ], [ 100.379820214000091, -0.99521335699998, 0.0 ], [ 100.379798231000052, -0.995222221999915, 0.0 ], [ 100.379777725000039, -0.99526403499991, 0.0 ], [ 100.379771886000086, -0.995310752999957, 0.0 ], [ 100.379795524000087, -0.995606348999989, 0.0 ], [ 100.379779694000021, -0.995613436999954, 0.0 ], [ 100.379652179000047, -0.995630313999929, 0.0 ], [ 100.37962492200009, -0.995639179999952, 0.0 ], [ 100.379618768000029, -0.995645378999932, 0.0 ], [ 100.379621421000067, -0.995669282999956, 0.0 ], [ 100.379617916000043, -0.995712652, 0.0 ], [ 100.379614406000115, -0.995718857999973, 0.0 ], [ 100.379064734000025, -0.99581878099998, 0.0 ], [ 100.377995024000057, -0.995975703999908, 0.0 ], [ 100.377250846000038, -0.996062311999968, 0.0 ], [ 100.37722166200011, -0.996063236999956, 0.0 ], [ 100.377176059000064, -0.996062342999971, 0.0 ], [ 100.37700365900011, -0.996005497999975, 0.0 ], [ 100.376652442000093, -0.995788989999913, 0.0 ], [ 100.376616842000075, -0.995723818999939, 0.0 ], [ 100.376147054000015, -0.995483492999949, 0.0 ], [ 100.376102354000054, -0.995471581999941, 0.0 ], [ 100.376068613000101, -0.995467924, 0.0 ], [ 100.376032134000098, -0.99547252499993, 0.0 ], [ 100.375983797000103, -0.99548815599998, 0.0 ], [ 100.374764623000033, -0.995973389999983, 0.0 ], [ 100.374016280000021, -0.996247602999934, 0.0 ], [ 100.37390381800013, -0.99633545599992, 0.0 ], [ 100.373958575000046, -0.996417133999928, 0.0 ], [ 100.372522702000069, -0.997526902999913, 0.0 ], [ 100.370873775000064, -0.998836450999907, 0.0 ], [ 100.37086465900002, -0.998850880999947, 0.0 ], [ 100.370859454000126, -0.998862685999947, 0.0 ], [ 100.370860760000056, -0.998871865999907, 0.0 ], [ 100.37087249700005, -0.998896777999925, 0.0 ], [ 100.371720493000041, -0.999999970999988, 0.0 ], [ 100.37172051579293, -1.000000000440704, 0.0 ], [ 100.371720541000045, -1.000000032999904, 0.0 ], [ 100.371729785000099, -1.000011650999977, 0.0 ], [ 100.371733916, -1.000016841999963, 0.0 ], [ 100.372523091000105, -1.001008608999954, 0.0 ], [ 100.372530171000065, -1.00101750699998, 0.0 ], [ 100.372744444000034, -1.001286787999967, 0.0 ], [ 100.372749573000107, -1.001303971999968, 0.0 ], [ 100.3727495830001, -1.001330606999951, 0.0 ], [ 100.372739353000057, -1.001358966999899, 0.0 ], [ 100.372725700000089, -1.001374439999936, 0.0 ], [ 100.372657862000068, -1.001447545999945, 0.0 ], [ 100.372657630000049, -1.001447795999966, 0.0 ], [ 100.372517549000094, -1.001598753999933, 0.0 ], [ 100.372293617000125, -1.001846711999932, 0.0 ], [ 100.37224026800007, -1.00190393999996, 0.0 ], [ 100.372230115000022, -1.001914830999973, 0.0 ], [ 100.372191565000037, -1.001956182999931, 0.0 ], [ 100.371762333000049, -1.002252033999985, 0.0 ], [ 100.37164856400004, -1.002310717999955, 0.0 ], [ 100.371560566000042, -1.002301212999968, 0.0 ], [ 100.37151998800006, -1.002284135999976, 0.0 ], [ 100.371494519000095, -1.002294592999953, 0.0 ], [ 100.371410578000066, -1.002364906, 0.0 ], [ 100.371286084000076, -1.002471323999921, 0.0 ], [ 100.37120872400007, -1.002485602999948, 0.0 ], [ 100.371187021000054, -1.002479912999921, 0.0 ], [ 100.371174752000101, -1.002470421999935, 0.0 ], [ 100.371168138000087, -1.002444782999945, 0.0 ], [ 100.371414301000115, -1.002241444999908, 0.0 ], [ 100.371452021000039, -1.002192993999896, 0.0 ], [ 100.371468030000116, -1.002123659999932, 0.0 ], [ 100.371447250000088, -1.002067638, 0.0 ], [ 100.37131602500007, -1.001871106, 0.0 ], [ 100.370747757000032, -1.001163825999918, 0.0 ], [ 100.370713778000066, -1.001132499999902, 0.0 ], [ 100.370685468000033, -1.001119215999958, 0.0 ], [ 100.370626967000078, -1.001106895, 0.0 ], [ 100.370520353000046, -1.001105039999939, 0.0 ], [ 100.370289199000098, -1.001102288999978, 0.0 ], [ 100.370090129000062, -1.001109020999913, 0.0 ], [ 100.369950499000055, -1.001122374999952, 0.0 ], [ 100.369839178000078, -1.001146163999967, 0.0 ], [ 100.369738256000076, -1.001220281999971, 0.0 ], [ 100.369682619000102, -1.001286784999967, 0.0 ], [ 100.369630775000076, -1.001400768999894, 0.0 ], [ 100.369533663000112, -1.001563206999923, 0.0 ], [ 100.36951103600002, -1.001603103999938, 0.0 ], [ 100.369480848000094, -1.001611662999935, 0.0 ], [ 100.369430835000045, -1.001589841999906, 0.0 ], [ 100.369271305000083, -1.001394271999978, 0.0 ], [ 100.369223981000076, -1.001379946999948, 0.0 ], [ 100.368544087000046, -1.001909346999963, 0.0 ], [ 100.368487491000067, -1.001939489999971, 0.0 ], [ 100.368443015000111, -1.001945206999911, 0.0 ], [ 100.368408236000079, -1.001934638999924, 0.0 ], [ 100.368253693999989, -1.00173933899993, 0.0 ], [ 100.368213239000028, -1.001692142999933, 0.0 ], [ 100.368189788000038, -1.001695407999937, 0.0 ], [ 100.368015157000059, -1.001809444999957, 0.0 ], [ 100.367999805000039, -1.001842011999899, 0.0 ], [ 100.368002253000057, -1.001893295999968, 0.0 ], [ 100.36825550100005, -1.00219925999997, 0.0 ], [ 100.368313743000073, -1.002235052999912, 0.0 ], [ 100.368397873000021, -1.002296068999986, 0.0 ], [ 100.368418106, -1.002335133999932, 0.0 ], [ 100.368418116000015, -1.002357111999975, 0.0 ], [ 100.368089894000036, -1.002619366, 0.0 ], [ 100.367064792000036, -1.003411026999957, 0.0 ], [ 100.36693220800008, -1.003513649999921, 0.0 ], [ 100.366868364000126, -1.003619498999975, 0.0 ], [ 100.366823928000088, -1.003718013999955, 0.0 ], [ 100.366783531000038, -1.003811644999886, 0.0 ], [ 100.36673584800009, -1.00388411200002, 0.0 ], [ 100.366560439000054, -1.004072225999953, 0.0 ], [ 100.366427068000021, -1.004228574000011, 0.0 ], [ 100.366351094000052, -1.004336056999933, 0.0 ], [ 100.366317171000077, -1.004433753999934, 0.0 ], [ 100.366272736000042, -1.004539594999899, 0.0 ], [ 100.366131303000074, -1.004756185999967, 0.0 ], [ 100.36602784300004, -1.004885658000021, 0.0 ], [ 100.365909829000046, -1.005018392999902, 0.0 ], [ 100.365829788999989, -1.005070524999952, 0.0 ], [ 100.365780468000082, -1.005094151999953, 0.0 ], [ 100.365694753000099, -1.005111282999949, 0.0 ], [ 100.365606607000089, -1.00511701899998, 0.0 ], [ 100.365528164000082, -1.005120307999985, 0.0 ], [ 100.365431931000018, -1.005126045999927, 0.0 ], [ 100.365354302000085, -1.005139103999942, 0.0 ], [ 100.365279917000052, -1.00517820799998, 0.0 ], [ 100.365209589000102, -1.005248244, 0.0 ], [ 100.365149760000037, -1.005282457, 0.0 ], [ 100.365090736000042, -1.005309344999906, 0.0 ], [ 100.365016351000094, -1.005343564999984, 0.0 ], [ 100.364947629000099, -1.005387550999981, 0.0 ], [ 100.364899132000076, -1.005446994999926, 0.0 ], [ 100.364870052000072, -1.005527596000023, 0.0 ], [ 100.364837737000059, -1.005608196999941, 0.0 ], [ 100.364793294000023, -1.005690432999907, 0.0 ], [ 100.3647383200001, -1.005736855999928, 0.0 ], [ 100.364697078000063, -1.005740943, 0.0 ], [ 100.364653403, -1.005727122999923, 0.0 ], [ 100.364608915000048, -1.005701906999968, 0.0 ], [ 100.364585447000067, -1.005667726999982, 0.0 ], [ 100.364574904000079, -1.005592841999914, 0.0 ], [ 100.364577304000093, -1.005531789999925, 0.0 ], [ 100.364593426000098, -1.00540397999992, 0.0 ], [ 100.36460146500005, -1.005288386999948, 0.0 ], [ 100.364602218000115, -1.005155700999983, 0.0 ], [ 100.364590839000059, -1.005020576999905, 0.0 ], [ 100.364578671000032, -1.004928596999933, 0.0 ], [ 100.364553539000084, -1.004776384999951, 0.0 ], [ 100.364518725000053, -1.004681972999955, 0.0 ], [ 100.364486339000038, -1.004588374999938, 0.0 ], [ 100.364415940000072, -1.004489092999983, 0.0 ], [ 100.364340674000061, -1.004353183000018, 0.0 ], [ 100.364199864000042, -1.004120430999945, 0.0 ], [ 100.364087207000054, -1.003846622999938, 0.0 ], [ 100.36405925300005, -1.003718426999989, 0.0 ], [ 100.364028885000025, -1.003615871999942, 0.0 ], [ 100.36401548200007, -1.003473016999934, 0.0 ], [ 100.364012997000032, -1.003332597999951, 0.0 ], [ 100.36400690300006, -1.003261780999954, 0.0 ], [ 100.363976553000043, -1.003201961999978, 0.0 ], [ 100.363917104000095, -1.00318122999995, 0.0 ], [ 100.36381276200008, -1.003133653999922, 0.0 ], [ 100.363730244000095, -1.003060425999903, 0.0 ], [ 100.363596733000051, -1.002876106000017, 0.0 ], [ 100.363531180000052, -1.002761355999938, 0.0 ], [ 100.363498377, -1.002636823999937, 0.0 ], [ 100.363488636000085, -1.002548913999946, 0.0 ], [ 100.363492220000111, -1.002418260999971, 0.0 ], [ 100.363482488000017, -1.002347444999974, 0.0 ], [ 100.363458198000046, -1.002279078, 0.0 ], [ 100.363357444000059, -1.002108174999894, 0.0 ], [ 100.363280950000046, -1.001934819999939, 0.0 ], [ 100.363188670000042, -1.001719954999925, 0.0 ], [ 100.363135224000061, -1.001546591999969, 0.0 ], [ 100.363123059000031, -1.001463565999939, 0.0 ], [ 100.363127859000073, -1.001339017999936, 0.0 ], [ 100.36313632600006, -1.001276740999935, 0.0 ], [ 100.363189661000035, -1.00118269899997, 0.0 ], [ 100.363221182000075, -1.001139950999986, 0.0 ], [ 100.363249073000063, -1.00111673799993, 0.0 ], [ 100.363304851000066, -1.001061768999912, 0.0 ], [ 100.363359419000048, -1.001016568, 0.0 ], [ 100.363674679000027, -1.000694082999954, 0.0 ], [ 100.364250244000033, -1.000000031999904, 0.0 ], [ 100.364250270870016, -1.000000000249924, 0.0 ], [ 100.364250299000048, -0.999999975999988, 0.0 ], [ 100.364330310000085, -0.999934242999967, 0.0 ], [ 100.364477570000105, -0.999837203999932, 0.0 ], [ 100.364578348000094, -0.999850538999969, 0.0 ], [ 100.364665847000055, -0.999866104999925, 0.0 ], [ 100.36471679, -0.999854938999889, 0.0 ], [ 100.364732250000046, -0.999757946999947, 0.0 ], [ 100.364708947000068, -0.99963978699994, 0.0 ], [ 100.364696705000114, -0.999501562999961, 0.0 ], [ 100.36468333100008, -0.999296452999954, 0.0 ], [ 100.364733089000111, -0.999113610999925, 0.0 ], [ 100.364828280000083, -0.998976462999946, 0.0 ], [ 100.364912418000117, -0.998903961999898, 0.0 ], [ 100.365024260000041, -0.99888162, 0.0 ], [ 100.365058567000034, -0.998818065999985, 0.0 ], [ 100.365004271000075, -0.998738938999922, 0.0 ], [ 100.364883524000035, -0.998673225, 0.0 ], [ 100.364791560000057, -0.99854952199997, 0.0 ], [ 100.364753822000054, -0.998356686999913, 0.0 ], [ 100.364752649000039, -0.998193928999947, 0.0 ], [ 100.364775950000109, -0.998073799999955, 0.0 ], [ 100.364782490000024, -0.998040084, 0.0 ], [ 100.364875448000078, -0.997875060999942, 0.0 ], [ 100.36496289800003, -0.997752523000018, 0.0 ], [ 100.365068033000028, -0.997605204, 0.0 ], [ 100.365086801000061, -0.997471423999941, 0.0 ], [ 100.365105555000113, -0.997275218999961, 0.0 ], [ 100.365139797000012, -0.997075660999969, 0.0 ], [ 100.365244929000099, -0.996883877999911, 0.0 ], [ 100.365377765000076, -0.996735561999984, 0.0 ], [ 100.365462975000099, -0.996582806999958, 0.0 ], [ 100.365527459000106, -0.996398981999936, 0.0 ], [ 100.365460407000072, -0.996352984999949, 0.0 ], [ 100.365305717000055, -0.996185375999937, 0.0 ], [ 100.365251770000043, -0.996103995999953, 0.0 ], [ 100.365170875, -0.996040716999958, 0.0 ], [ 100.365098972000098, -0.995995522999949, 0.0 ], [ 100.365036047000046, -0.995932236999953, 0.0 ], [ 100.364991082000046, -0.995841807999931, 0.0 ], [ 100.364928154000083, -0.995769476999986, 0.0 ], [ 100.364865214000119, -0.995670010999928, 0.0 ], [ 100.364793300000116, -0.995597683999983, 0.0 ], [ 100.364734310000031, -0.995430370999906, 0.0 ], [ 100.364559446000044, -0.995037009999955, 0.0 ], [ 100.36434368200004, -0.994765757999983, 0.0 ], [ 100.36440656900001, -0.994738597999956, 0.0 ], [ 100.364433518000013, -0.994720496999968, 0.0 ], [ 100.364460375000107, -0.994476279000012, 0.0 ], [ 100.364099004000053, -0.99413119099997, 0.0 ], [ 100.363353479000097, -0.993639721999984, 0.0 ], [ 100.362626744000096, -0.993057022, 0.0 ], [ 100.362161981, -0.992644693999989, 0.0 ], [ 100.361632815000092, -0.992184243999906, 0.0 ], [ 100.361174960000056, -0.991693851, 0.0 ], [ 100.360775063000091, -0.991438784999954, 0.0 ], [ 100.360425873000068, -0.991209560999907, 0.0 ], [ 100.360033475000108, -0.990910586999949, 0.0 ], [ 100.359664842000072, -0.990587672999966, 0.0 ], [ 100.359165448000056, -0.990258828999935, 0.0 ], [ 100.358878577000027, -0.990119039, 0.0 ], [ 100.358511561000043, -0.990025772999926, 0.0 ], [ 100.357899310000093, -0.989870473999955, 0.0 ], [ 100.35750103, -0.989721069999939, 0.0 ], [ 100.357316747000127, -0.989643370999905, 0.0 ], [ 100.35722756200002, -0.989565631999956, 0.0 ], [ 100.357233944000114, -0.989432316999939, 0.0 ], [ 100.357269867000056, -0.989387078999926, 0.0 ], [ 100.357429495000034, -0.989200602999952, 0.0 ], [ 100.357692008000086, -0.988943713000013, 0.0 ], [ 100.357790771000083, -0.988753732999926, 0.0 ], [ 100.357898521000024, -0.988563749000016, 0.0 ], [ 100.358042172000097, -0.988274258999955, 0.0 ], [ 100.358185823000085, -0.987984768999984, 0.0 ], [ 100.358293535000115, -0.987704337999962, 0.0 ], [ 100.358401248000064, -0.987423906999941, 0.0 ], [ 100.358491041000022, -0.987270108999916, 0.0 ], [ 100.358553851000067, -0.987053009999983, 0.0 ], [ 100.358607724000095, -0.986953495999921, 0.0 ], [ 100.358661604000105, -0.986872070999934, 0.0 ], [ 100.358679535000078, -0.986772571999961, 0.0 ], [ 100.358679494000071, -0.986673079999989, 0.0 ], [ 100.358715385000025, -0.986546438999903, 0.0 ], [ 100.358751276000064, -0.986419797999905, 0.0 ], [ 100.358778196000074, -0.98632933999997, 0.0 ], [ 100.358814105000107, -0.986247921999984, 0.0 ], [ 100.358867985000046, -0.986166497999908, 0.0 ], [ 100.358912876000019, -0.986076031999972, 0.0 ], [ 100.35893081400009, -0.985994621999986, 0.0 ], [ 100.358984679000102, -0.985877017999937, 0.0 ], [ 100.358993625000039, -0.985777522999965, 0.0 ], [ 100.359011559000109, -0.985687067999941, 0.0 ], [ 100.359038472000023, -0.985578519999931, 0.0 ], [ 100.359056406, -0.985488066, 0.0 ], [ 100.359101293000066, -0.985388554999933, 0.0 ], [ 100.359128209000076, -0.985289051999961, 0.0 ], [ 100.359083208000087, -0.985108175999916, 0.0 ], [ 100.359119107000126, -0.984999624999905, 0.0 ], [ 100.359155008000073, -0.984900117999932, 0.0 ], [ 100.359172939000047, -0.98480061899996, 0.0 ], [ 100.35918188400008, -0.984701122999987, 0.0 ], [ 100.359208801000079, -0.984601620000014, 0.0 ], [ 100.359217735000115, -0.984474989999929, 0.0 ], [ 100.359235666000089, -0.984375490999956, 0.0 ], [ 100.359244611000022, -0.984275994999984, 0.0 ], [ 100.359181679000059, -0.984194618999912, 0.0 ], [ 100.359073849000112, -0.984185617999967, 0.0 ], [ 100.358975009000105, -0.98418565899997, 0.0 ], [ 100.358930070000028, -0.984158542999947, 0.0 ], [ 100.358939023000062, -0.984077136999962, 0.0 ], [ 100.358956961000032, -0.983995726999976, 0.0 ], [ 100.358992870000066, -0.983914308999901, 0.0 ], [ 100.358992837000073, -0.983832907, 0.0 ], [ 100.359010771000044, -0.983742451999981, 0.0 ], [ 100.359010742000038, -0.983670094999945, 0.0 ], [ 100.359037669000045, -0.983597726, 0.0 ], [ 100.359055618000113, -0.983543449999947, 0.0 ], [ 100.35912749900011, -0.983534376, 0.0 ], [ 100.359199387000018, -0.983543390999942, 0.0 ], [ 100.359289238000073, -0.983534308999901, 0.0 ], [ 100.359370104000021, -0.983525231999949, 0.0 ], [ 100.359415032000101, -0.983525212999948, 0.0 ], [ 100.359441952000012, -0.983434754999924, 0.0 ], [ 100.359468875000019, -0.983353340999938, 0.0 ], [ 100.359495795000029, -0.983262882999914, 0.0 ], [ 100.359513722000088, -0.983154339, 0.0 ], [ 100.359531638000064, -0.983018660999957, 0.0 ], [ 100.359522602000112, -0.982892037999961, 0.0 ], [ 100.359531532000048, -0.982756363999926, 0.0 ], [ 100.359585413000076, -0.982674938999939, 0.0 ], [ 100.359630300000049, -0.982575428999966, 0.0 ], [ 100.359657231000057, -0.982512104999967, 0.0 ], [ 100.359648198000031, -0.982394526999919, 0.0 ], [ 100.35966612900009, -0.982295027999947, 0.0 ], [ 100.359675074000023, -0.982195531999975, 0.0 ], [ 100.359693005000096, -0.982096032999913, 0.0 ], [ 100.359692964, -0.981996540999941, 0.0 ], [ 100.359737852000066, -0.981897030999968, 0.0 ], [ 100.359746797000099, -0.981797534999907, 0.0 ], [ 100.359728753000027, -0.98161664799995, 0.0 ], [ 100.359728713000024, -0.981517155999978, 0.0 ], [ 100.35973765500006, -0.981408615999968, 0.0 ], [ 100.359755582000034, -0.981300070999958, 0.0 ], [ 100.359773513000093, -0.981200571999985, 0.0 ], [ 100.359791443000063, -0.981101072999924, 0.0 ], [ 100.359809374000037, -0.981001573999952, 0.0 ], [ 100.35982730100001, -0.980893029999941, 0.0 ], [ 100.359836247000047, -0.980793533999969, 0.0 ], [ 100.359846268000069, -0.980766275999934, 0.0 ], [ 100.359868366000029, -0.980738266999926, 0.0 ], [ 100.359886896000063, -0.980703080999946, 0.0 ], [ 100.359899102, -0.980684971999957, 0.0 ], [ 100.359889999000046, -0.980395544, 0.0 ], [ 100.359889955000043, -0.980287007999981, 0.0 ], [ 100.35991683500005, -0.980097056999985, 0.0 ], [ 100.359925784000083, -0.980006605999962, 0.0 ], [ 100.359943660000042, -0.979771435999955, 0.0 ], [ 100.359961548000015, -0.979563399999972, 0.0 ], [ 100.359988424000022, -0.979364405999939, 0.0 ], [ 100.35999731800004, -0.97913828399997, 0.0 ], [ 100.360042144000019, -0.978885012999975, 0.0 ], [ 100.359992871000031, -0.978717822, 0.0 ], [ 100.359963031000049, -0.978412715999977, 0.0 ], [ 100.359651792000051, -0.977867150999956, 0.0 ], [ 100.359499429000067, -0.977658354, 0.0 ], [ 100.359381719000098, -0.977503483999976, 0.0 ], [ 100.359318045000066, -0.977364418999927, 0.0 ], [ 100.359287223000095, -0.977249455999918, 0.0 ], [ 100.359195499000052, -0.977090442, 0.0 ], [ 100.359129097000064, -0.976958958999952, 0.0 ], [ 100.359089381000061, -0.976868083999894, 0.0 ], [ 100.359087291000066, -0.976766186999989, 0.0 ], [ 100.35913445100006, -0.976666332999987, 0.0 ], [ 100.35914605400005, -0.976604353000011, 0.0 ], [ 100.359129605000106, -0.976522432999983, 0.0 ], [ 100.35906732700002, -0.976457046999902, 0.0 ], [ 100.358926393000075, -0.976375167999966, 0.0 ], [ 100.35880868800011, -0.976256096999973, 0.0 ], [ 100.358727218000027, -0.976081936999951, 0.0 ], [ 100.358683375000041, -0.975916707999958, 0.0 ], [ 100.358638157000115, -0.975729444999918, 0.0 ], [ 100.358562168000049, -0.975575932999917, 0.0 ], [ 100.358443775000111, -0.975418992999988, 0.0 ], [ 100.358219332000019, -0.975210457999965, 0.0 ], [ 100.358083840000091, -0.975076939999931, 0.0 ], [ 100.357992129000053, -0.974950975999989, 0.0 ], [ 100.357925032000097, -0.974790576999951, 0.0 ], [ 100.357909236000026, -0.974631530999937, 0.0 ], [ 100.357877719000086, -0.97450967499998, 0.0 ], [ 100.357822967000089, -0.974431894999939, 0.0 ], [ 100.357734029000099, -0.974389926999931, 0.0 ], [ 100.357615001000013, -0.974374834999925, 0.0 ], [ 100.357492568000012, -0.974383142, 0.0 ], [ 100.357398181000107, -0.974395571999954, 0.0 ], [ 100.357293550000065, -0.974476862999929, 0.0 ], [ 100.357214226000082, -0.974523719999987, 0.0 ], [ 100.357121218000017, -0.974571259999924, 0.0 ], [ 100.357006307000105, -0.974578886999933, 0.0 ], [ 100.356877021000059, -0.974574117999983, 0.0 ], [ 100.35664169900005, -0.974527388999936, 0.0 ], [ 100.356373521000066, -0.974424910999983, 0.0 ], [ 100.356134767000114, -0.974334117999931, 0.0 ], [ 100.355838537000025, -0.974211680999926, 0.0 ], [ 100.355515631000046, -0.974089256999922, 0.0 ], [ 100.355198896000033, -0.97401088600001, 0.0 ], [ 100.354958111000101, -0.973985512999954, 0.0 ], [ 100.354778208000042, -0.973976630999929, 0.0 ], [ 100.354648923000099, -0.973971862999979, 0.0 ], [ 100.354533314000037, -0.973947126999975, 0.0 ], [ 100.354453260000071, -0.973898959999898, 0.0 ], [ 100.354409453000088, -0.973823236999938, 0.0 ], [ 100.354260227000083, -0.973541689999913, 0.0 ], [ 100.354147301000069, -0.973373041999904, 0.0 ], [ 100.354022059000016, -0.973209916, 0.0 ], [ 100.353652553000074, -0.972885078999941, 0.0 ], [ 100.353517064000059, -0.972757755999976, 0.0 ], [ 100.353428792000045, -0.972673096999899, 0.0 ], [ 100.353365149000098, -0.972584302999924, 0.0 ], [ 100.353285736000018, -0.97242872899993, 0.0 ], [ 100.353231637000064, -0.972280027999973, 0.0 ], [ 100.353206268000108, -0.972114790999979, 0.0 ], [ 100.353168602000011, -0.972006703, 0.0 ], [ 100.353128214000037, -0.971942003999982, 0.0 ], [ 100.353072793000067, -0.971900022999972, 0.0 ], [ 100.352955110000011, -0.97180918, 0.0 ], [ 100.35258696400011, -0.971449228999977, 0.0 ], [ 100.352503461000126, -0.97133152799992, 0.0 ], [ 100.352458286000029, -0.971251670999973, 0.0 ], [ 100.352430210000108, -0.971171129999971, 0.0 ], [ 100.352425382000064, -0.971075419999957, 0.0 ], [ 100.352431422000024, -0.970785550999953, 0.0 ], [ 100.352453895000025, -0.970650947999919, 0.0 ], [ 100.3524257750001, -0.970344893999909, 0.0 ], [ 100.352421600000099, -0.970171380999941, 0.0 ], [ 100.352407182000064, -0.970022663999981, 0.0 ], [ 100.352344149, -0.969773442999966, 0.0 ], [ 100.352328355000026, -0.969621279999989, 0.0 ], [ 100.352329667000049, -0.969464985999935, 0.0 ], [ 100.352326204000022, -0.969365151999935, 0.0 ], [ 100.352301554000036, -0.969288732999918, 0.0 ], [ 100.352247496000089, -0.969241930999954, 0.0 ], [ 100.352161303000059, -0.969230948999933, 0.0 ], [ 100.352107611000065, -0.969242678999927, 0.0 ], [ 100.352053918000053, -0.969254409, 0.0 ], [ 100.351948601000046, -0.969304712999908, 0.0 ], [ 100.351872707000069, -0.969390116999958, 0.0 ], [ 100.351820767000035, -0.969494106999947, 0.0 ], [ 100.351746921000057, -0.969576760999947, 0.0 ], [ 100.351666917000017, -0.969629812999895, 0.0 ], [ 100.351588250000077, -0.96963190799998, 0.0 ], [ 100.351525310000014, -0.969596133999951, 0.0 ], [ 100.351493817000076, -0.969531421999926, 0.0 ], [ 100.351491742000078, -0.969465323999963, 0.0 ], [ 100.35151154600004, -0.969397144999918, 0.0 ], [ 100.351537522000058, -0.969347561, 0.0 ], [ 100.351570996000063, -0.969242890999944, 0.0 ], [ 100.351588055000065, -0.969142359999975, 0.0 ], [ 100.351592797000094, -0.969023935999947, 0.0 ], [ 100.351587971000058, -0.968928224999932, 0.0 ], [ 100.351549626000079, -0.968829092, 0.0 ], [ 100.351534544000074, -0.968749919999923, 0.0 ], [ 100.351534517000076, -0.968681759999968, 0.0 ], [ 100.351544007000058, -0.968456603999901, 0.0 ], [ 100.351537819000072, -0.968374670999961, 0.0 ], [ 100.351520008000108, -0.968302381999931, 0.0 ], [ 100.35146320100003, -0.968231486000016, 0.0 ], [ 100.351361268000034, -0.968183326999939, 0.0 ], [ 100.351247031000085, -0.968172356999919, 0.0 ], [ 100.351158795000075, -0.968179961999927, 0.0 ], [ 100.351074661000041, -0.968194457999972, 0.0 ], [ 100.350976162000052, -0.968194497999975, 0.0 ], [ 100.350842077000067, -0.968139468999952, 0.0 ], [ 100.350712752000021, -0.968035551999969, 0.0 ], [ 100.350585493000068, -0.967951603999951, 0.0 ], [ 100.350459610000129, -0.967893812999965, 0.0 ], [ 100.350309806000084, -0.967877347999935, 0.0 ], [ 100.350198988000059, -0.967877392999939, 0.0 ], [ 100.350086821000019, -0.967898095999964, 0.0 ], [ 100.34999451500002, -0.96799453199995, 0.0 ], [ 100.349924110000046, -0.968122624999979, 0.0 ], [ 100.349880370000079, -0.968214907999976, 0.0 ], [ 100.349821569000099, -0.968286538999952, 0.0 ], [ 100.34972651300005, -0.96833339300001, 0.0 ], [ 100.349615710000108, -0.968350649999928, 0.0 ], [ 100.349498738000122, -0.96835414299995, 0.0 ], [ 100.349383145000061, -0.968370026999932, 0.0 ], [ 100.349287402000044, -0.968407248, 0.0 ], [ 100.349134215000063, -0.968494744999949, 0.0 ], [ 100.348961176000046, -0.968550593999951, 0.0 ], [ 100.348621928000043, -0.968616828999925, 0.0 ], [ 100.348255332000093, -0.968720247999955, 0.0 ], [ 100.348208454000115, -0.968740907999977, 0.0 ], [ 100.347856615000055, -0.968895984999929, 0.0 ], [ 100.347762242000059, -0.968949730999936, 0.0 ], [ 100.347701375000085, -0.968975234, 0.0 ], [ 100.347644607000092, -0.968981452999985, 0.0 ], [ 100.347606299000034, -0.968970449999962, 0.0 ], [ 100.347572756, -0.968928460999952, 0.0 ], [ 100.347555633000098, -0.96886856399997, 0.0 ], [ 100.347552184000079, -0.968779745999904, 0.0 ], [ 100.347596530000018, -0.968491236000014, 0.0 ], [ 100.347621779000065, -0.968354893000012, 0.0 ], [ 100.347678514000052, -0.968240572999968, 0.0 ], [ 100.347779028000019, -0.968156533999943, 0.0 ], [ 100.348052549, -0.967929897999931, 0.0 ], [ 100.348099712000092, -0.967833479999947, 0.0 ], [ 100.348103774000066, -0.967721937999955, 0.0 ], [ 100.348093466000108, -0.967604205999984, 0.0 ], [ 100.348055113000044, -0.967482351999938, 0.0 ], [ 100.348003084000084, -0.967385286999989, 0.0 ], [ 100.347931905000067, -0.967282720999941, 0.0 ], [ 100.347837459000061, -0.967149871999962, 0.0 ], [ 100.347749183000047, -0.967050071999965, 0.0 ], [ 100.347649292000128, -0.966986770999967, 0.0 ], [ 100.347588398000056, -0.966962689999929, 0.0 ], [ 100.347504247000117, -0.96691452499994, 0.0 ], [ 100.347299653000064, -0.966725263999913, 0.0 ], [ 100.347181251000038, -0.966566258999902, 0.0 ], [ 100.347104589000082, -0.966435465999916, 0.0 ], [ 100.347083338000104, -0.966319800999938, 0.0 ], [ 100.347081927000076, -0.966206198999953, 0.0 ], [ 100.347078454000055, -0.966080884999976, 0.0 ], [ 100.347030540000091, -0.965980380999921, 0.0 ], [ 100.34696826200009, -0.965914993999928, 0.0 ], [ 100.346937465000025, -0.965858548999965, 0.0 ], [ 100.346912809000031, -0.965794521, 0.0 ], [ 100.346899024000038, -0.965514293, 0.0 ], [ 100.346899580000084, -0.965191374999919, 0.0 ], [ 100.346905636000059, -0.964942803999958, 0.0 ], [ 100.346917895, -0.96481198599997, 0.0 ], [ 100.346961626000066, -0.964692848999971, 0.0 ], [ 100.347127081000082, -0.964499305999944, 0.0 ], [ 100.347269302000129, -0.96435672199996, 0.0 ], [ 100.347409481000085, -0.964233421999972, 0.0 ], [ 100.347585901000031, -0.964092198999922, 0.0 ], [ 100.347755497000037, -0.963986098999936, 0.0 ], [ 100.347957244000028, -0.963884111999936, 0.0 ], [ 100.348153540000013, -0.96383239599992, 0.0 ], [ 100.348361469000082, -0.963799263999932, 0.0 ], [ 100.34870140700005, -0.963748866999937, 0.0 ], [ 100.349166518000075, -0.963689465999907, 0.0 ], [ 100.349423668000028, -0.963583329999918, 0.0 ], [ 100.349572753000118, -0.963509591999945, 0.0 ], [ 100.349700663000036, -0.963488893, 0.0 ], [ 100.349805999000054, -0.963486091999955, 0.0 ], [ 100.349928453000061, -0.963529421999987, 0.0 ], [ 100.350063931000079, -0.963629891999951, 0.0 ], [ 100.35030753100007, -0.963844616999954, 0.0 ], [ 100.350548393000011, -0.964063474999944, 0.0 ], [ 100.350811858000057, -0.964363574999905, 0.0 ], [ 100.350958326000097, -0.964603122, 0.0 ], [ 100.350958397000099, -0.964603073, 0.0 ], [ 100.351157606000058, -0.964465099999956, 0.0 ], [ 100.351352215000091, -0.96433031, 0.0 ], [ 100.351309699000026, -0.964269853999967, 0.0 ], [ 100.351297811000023, -0.964177791999899, 0.0 ], [ 100.351511083000091, -0.96381796999997, 0.0 ], [ 100.351587265, -0.963736100999946, 0.0 ], [ 100.35168887100005, -0.963686613999937, 0.0 ], [ 100.35177184700008, -0.963627762999953, 0.0 ], [ 100.352215383, -0.963041088, 0.0 ], [ 100.352454060000042, -0.96268977499997, 0.0 ], [ 100.352632601000067, -0.962300128999972, 0.0 ], [ 100.352755234000085, -0.961887483999935, 0.0 ], [ 100.352846554000095, -0.96152174199996, 0.0 ], [ 100.352905574, -0.960843154999947, 0.0 ], [ 100.352995031000034, -0.960061397999923, 0.0 ], [ 100.353015173000102, -0.959595096999977, 0.0 ], [ 100.353045478000027, -0.959129633000011, 0.0 ], [ 100.353111328000068, -0.958595107999927, 0.0 ], [ 100.353128085000023, -0.958132217999908, 0.0 ], [ 100.352794420000038, -0.958160479999937, 0.0 ], [ 100.352743606000018, -0.958155380999959, 0.0 ], [ 100.35271904000011, -0.958134081999973, 0.0 ], [ 100.352717336000055, -0.95809742399996, 0.0 ], [ 100.352739337000102, -0.958065025999944, 0.0 ], [ 100.35316276000006, -0.958017968999958, 0.0 ], [ 100.353172851000096, -0.957835540999963, 0.0 ], [ 100.353152394000091, -0.957501381999937, 0.0 ], [ 100.353042864000088, -0.956773414999923, 0.0 ], [ 100.35268127000009, -0.956840905, 0.0 ], [ 100.352648232000021, -0.956820459, 0.0 ], [ 100.352640593000018, -0.956771873999974, 0.0 ], [ 100.352676136000113, -0.956696842999983, 0.0 ], [ 100.353025884, -0.956666014999919, 0.0 ], [ 100.352875568000101, -0.955591964999958, 0.0 ], [ 100.352535990000064, -0.955665407, 0.0 ], [ 100.352476717000044, -0.95567225099994, 0.0 ], [ 100.352419955000059, -0.955624534999989, 0.0 ], [ 100.352406381, -0.955565721999919, 0.0 ], [ 100.352422459000081, -0.955524797999908, 0.0 ], [ 100.352840784000065, -0.955451314999956, 0.0 ], [ 100.352618417000045, -0.954200838999964, 0.0 ], [ 100.352436983000047, -0.954223503999974, 0.0 ], [ 100.352333872000131, -0.954216292, 0.0 ], [ 100.352301675000035, -0.954189875999945, 0.0 ], [ 100.352302509000111, -0.954138727999976, 0.0 ], [ 100.352332131000068, -0.954107175999941, 0.0 ], [ 100.352587034000024, -0.954068716999957, 0.0 ], [ 100.352436691000023, -0.952946928999954, 0.0 ], [ 100.352056464, -0.952999076999917, 0.0 ], [ 100.352031055000026, -0.952982037999928, 0.0 ], [ 100.352009859000049, -0.952934307999976, 0.0 ], [ 100.352014927000113, -0.952889976999949, 0.0 ], [ 100.352064026000093, -0.952849039999937, 0.0 ], [ 100.352377349000079, -0.952779017999917, 0.0 ], [ 100.352137194000107, -0.951532799999922, 0.0 ], [ 100.351901787000088, -0.951588300999984, 0.0 ], [ 100.351779836000034, -0.951585797999955, 0.0 ], [ 100.351738318000059, -0.951551716999977, 0.0 ], [ 100.35172644000005, -0.95148352399993, 0.0 ], [ 100.351752679000086, -0.951441735999937, 0.0 ], [ 100.352079548000049, -0.951385347999978, 0.0 ], [ 100.352004758000078, -0.950704252999935, 0.0 ], [ 100.35194860600005, -0.950214176999975, 0.0 ], [ 100.35151860100008, -0.950244175999971, 0.0 ], [ 100.351498989000063, -0.950230877999936, 0.0 ], [ 100.351483922000057, -0.950188192999957, 0.0 ], [ 100.351485532000098, -0.950147490999965, 0.0 ], [ 100.351518540000086, -0.950111669999932, 0.0 ], [ 100.351919948000074, -0.950066332999911, 0.0 ], [ 100.351838394000083, -0.949417638999972, 0.0 ], [ 100.351783135000034, -0.948862700999975, 0.0 ], [ 100.351352071000079, -0.948873951999929, 0.0 ], [ 100.351321577000036, -0.948858623, 0.0 ], [ 100.351311398000078, -0.948816, 0.0 ], [ 100.351316466000057, -0.948769968999941, 0.0 ], [ 100.351363876000079, -0.948729881, 0.0 ], [ 100.351788991000078, -0.948695615, 0.0 ], [ 100.351796355000062, -0.948011078999945, 0.0 ], [ 100.351755504000053, -0.947493653999943, 0.0 ], [ 100.351391352000036, -0.947524486, 0.0 ], [ 100.351371853000018, -0.94747334499995, 0.0 ], [ 100.351372685000086, -0.947417076999913, 0.0 ], [ 100.351391299000028, -0.947383821999915, 0.0 ], [ 100.351739351000049, -0.947341914999911, 0.0 ], [ 100.351683284000032, -0.946905473999949, 0.0 ], [ 100.351539017000093, -0.946125519999986, 0.0 ], [ 100.351329009000025, -0.946171640999983, 0.0 ], [ 100.351256170000042, -0.946163998999972, 0.0 ], [ 100.351215507000049, -0.946129916, 0.0 ], [ 100.351202791000063, -0.946082182999953, 0.0 ], [ 100.351218013000079, -0.946037847999926, 0.0 ], [ 100.351528798000047, -0.945978049999952, 0.0 ], [ 100.351405643000064, -0.945051462000024, 0.0 ], [ 100.351141422000055, -0.94506094500001, 0.0 ], [ 100.351093983000041, -0.94502516499998, 0.0 ], [ 100.351092266000066, -0.944976567999956, 0.0 ], [ 100.3511388350001, -0.944946718999973, 0.0 ], [ 100.351387799000094, -0.944910814999933, 0.0 ], [ 100.351347837000077, -0.944482895999966, 0.0 ], [ 100.351305085, -0.943438630999894, 0.0 ], [ 100.351009536000063, -0.943464325999977, 0.0 ], [ 100.35096039600009, -0.943417456999918, 0.0 ], [ 100.350944281000082, -0.943339035999913, 0.0 ], [ 100.350962886000019, -0.943281060999912, 0.0 ], [ 100.35132872200009, -0.943242558999924, 0.0 ], [ 100.351294401000104, -0.942085774999957, 0.0 ], [ 100.350976826000107, -0.942102948999957, 0.0 ], [ 100.350923477000052, -0.942094438999963, 0.0 ], [ 100.350897206000099, -0.942054382000024, 0.0 ], [ 100.350898875000055, -0.942005792, 0.0 ], [ 100.350947141000049, -0.941968265999916, 0.0 ], [ 100.351249457000023, -0.941923818999968, 0.0 ], [ 100.351191437000111, -0.940801993999963, 0.0 ], [ 100.350772228000054, -0.940797046999909, 0.0 ], [ 100.350756131000054, -0.940784263999917, 0.0 ], [ 100.350743418000079, -0.940743348999907, 0.0 ], [ 100.350769653000029, -0.940713500999924, 0.0 ], [ 100.351174447000034, -0.940665604999958, 0.0 ], [ 100.351114481000039, -0.939785845, 0.0 ], [ 100.351059220000096, -0.939572355999919, 0.0 ], [ 100.35083457000006, -0.939585783999964, 0.0 ], [ 100.350777243000024, -0.939583644999964, 0.0 ], [ 100.350747862000091, -0.939562373999892, 0.0 ], [ 100.350737811000059, -0.939527391999929, 0.0 ], [ 100.350747830000088, -0.939480509999957, 0.0 ], [ 100.35077003300006, -0.939457770999941, 0.0 ], [ 100.351022618000087, -0.939424858999971, 0.0 ], [ 100.351004480000086, -0.938845286999979, 0.0 ], [ 100.350592090000077, -0.938860949999943, 0.0 ], [ 100.350568794000097, -0.938846170999963, 0.0 ], [ 100.350562695000036, -0.938828146999893, 0.0 ], [ 100.350562501000113, -0.938767222, 0.0 ], [ 100.350602196000111, -0.938738551999941, 0.0 ], [ 100.350995959, -0.938723701999955, 0.0 ], [ 100.350952713000069, -0.93807085899994, 0.0 ], [ 100.350649670000038, -0.938091173999934, 0.0 ], [ 100.350646021, -0.938090649999979, 0.0 ], [ 100.350634028000087, -0.938072556999903, 0.0 ], [ 100.350626711000103, -0.938018787999984, 0.0 ], [ 100.350626443000081, -0.937996754999937, 0.0 ], [ 100.350634511000038, -0.937971571999985, 0.0 ], [ 100.350648577000044, -0.937960549999961, 0.0 ], [ 100.350912532000038, -0.937931593999964, 0.0 ], [ 100.350922432000047, -0.937928180999948, 0.0 ], [ 100.350926857000061, -0.93791532599995, 0.0 ], [ 100.350900672000122, -0.937632569, 0.0 ], [ 100.350870572000119, -0.93728306499995, 0.0 ], [ 100.350543551000058, -0.937294344, 0.0 ], [ 100.350520094000075, -0.937277954999971, 0.0 ], [ 100.350506401000089, -0.937235992999963, 0.0 ], [ 100.350518757000046, -0.937191396999915, 0.0 ], [ 100.350544807000077, -0.937169091999935, 0.0 ], [ 100.350847731000087, -0.9371657, 0.0 ], [ 100.350833156000036, -0.936532256, 0.0 ], [ 100.350480081000043, -0.936548781999947, 0.0 ], [ 100.350439686000072, -0.936533059999889, 0.0 ], [ 100.350422074000036, -0.93648585299998, 0.0 ], [ 100.350429223, -0.936428143999913, 0.0 ], [ 100.350485882000086, -0.936401240999907, 0.0 ], [ 100.350810956000061, -0.93639587, 0.0 ], [ 100.350793790000068, -0.935798486999951, 0.0 ], [ 100.350438104000034, -0.935805182999972, 0.0 ], [ 100.35041269000007, -0.935795361999959, 0.0 ], [ 100.350391187000056, -0.935769790999886, 0.0 ], [ 100.350405502000086, -0.935727817999966, 0.0 ], [ 100.350462163000074, -0.935701566000014, 0.0 ], [ 100.350798303, -0.935690292999969, 0.0 ], [ 100.350785877000121, -0.935548656999974, 0.0 ], [ 100.350749307000029, -0.935316536999953, 0.0 ], [ 100.350686030000119, -0.935098853999972, 0.0 ], [ 100.350332964000046, -0.935141609999957, 0.0 ], [ 100.350297780000062, -0.935127195999919, 0.0 ], [ 100.350282130000011, -0.93508916999997, 0.0 ], [ 100.35028341100012, -0.935029499999918, 0.0 ], [ 100.350312064, -0.935000637000017, 0.0 ], [ 100.350645592000063, -0.934972306999982, 0.0 ], [ 100.350452464000071, -0.9341887709999, 0.0 ], [ 100.350217956000023, -0.934218364999951, 0.0 ], [ 100.350201015000053, -0.934206567999952, 0.0 ], [ 100.350193840000074, -0.934169848999933, 0.0 ], [ 100.350214668000021, -0.934126561, 0.0 ], [ 100.350414645000043, -0.934095668999924, 0.0 ], [ 100.350241166000089, -0.933582283, 0.0 ], [ 100.3500385010001, -0.932878786999958, 0.0 ], [ 100.349879609000098, -0.932352117999902, 0.0 ], [ 100.349666009000018, -0.931858518999918, 0.0 ], [ 100.349612619000126, -0.93174631299996, 0.0 ], [ 100.349560607000086, -0.931687802999915, 0.0 ], [ 100.349514092000049, -0.93167061, 0.0 ], [ 100.349462789000071, -0.93167820899992, 0.0 ], [ 100.349421761000059, -0.931704381999954, 0.0 ], [ 100.349359532000051, -0.931759487999984, 0.0 ], [ 100.349294569, -0.931789813999917, 0.0 ], [ 100.34921659000004, -0.931800172999975, 0.0 ], [ 100.349147509, -0.931798128999984, 0.0 ], [ 100.349095511000058, -0.931777498999964, 0.0 ], [ 100.348990797000098, -0.931617799999985, 0.0 ], [ 100.348912737000035, -0.931393365999978, 0.0 ], [ 100.348817471000061, -0.93100968799994, 0.0 ], [ 100.348801880000011, -0.930866875999937, 0.0 ], [ 100.348802153000037, -0.930802838999967, 0.0 ], [ 100.348815617000085, -0.930764773999926, 0.0 ], [ 100.348843748, -0.930738198999948, 0.0 ], [ 100.348871887000115, -0.930727569999957, 0.0 ], [ 100.34890032800007, -0.930731094999982, 0.0 ], [ 100.348931409000073, -0.930757647999958, 0.0 ], [ 100.348957222000081, -0.930800717999969, 0.0 ], [ 100.348989491000083, -0.93085558899998, 0.0 ], [ 100.349106286000065, -0.931049065, 0.0 ], [ 100.349175896000048, -0.931144252999972, 0.0 ], [ 100.349255664000083, -0.931223697999973, 0.0 ], [ 100.34932760000008, -0.931269310999927, 0.0 ], [ 100.349397967000044, -0.931300759999954, 0.0 ], [ 100.350276386000061, -0.931309981, 0.0 ], [ 100.350281513000041, -0.931127937999954, 0.0 ], [ 100.350287955000042, -0.930899264999952, 0.0 ], [ 100.350287956000045, -0.930899216999948, 0.0 ], [ 100.349701658000029, -0.930901252999939, 0.0 ], [ 100.349668821000066, -0.93089339599991, 0.0 ], [ 100.349649649000085, -0.930850513999915, 0.0 ], [ 100.349654315000109, -0.930789530999932, 0.0 ], [ 100.34968556100003, -0.93072616999993, 0.0 ], [ 100.349727738000055, -0.930630939999955, 0.0 ], [ 100.349728019000082, -0.930327984999935, 0.0 ], [ 100.349711920000075, -0.930147004999971, 0.0 ], [ 100.349646529, -0.929827161999886, 0.0 ], [ 100.349592902, -0.929633996999979, 0.0 ], [ 100.349555235000082, -0.929446846999949, 0.0 ], [ 100.349549903000081, -0.929294581999963, 0.0 ], [ 100.349546323000055, -0.929142321999977, 0.0 ], [ 100.349549780000075, -0.928967043999951, 0.0 ], [ 100.349614575000018, -0.92821631999992, 0.0 ], [ 100.349674565000015, -0.927462652, 0.0 ], [ 100.34968123400003, -0.927019029999976, 0.0 ], [ 100.349662584000086, -0.926790349999973, 0.0 ], [ 100.349604374000066, -0.926616768, 0.0 ], [ 100.349552079, -0.926569573999914, 0.0 ], [ 100.349522764000056, -0.926561217999933, 0.0 ], [ 100.349487082000039, -0.926533202999924, 0.0 ], [ 100.349479178000095, -0.926303034999976, 0.0 ], [ 100.349480133000085, -0.926238607999974, 0.0 ], [ 100.349503560000073, -0.926174670999925, 0.0 ], [ 100.349560222000051, -0.926149558999978, 0.0 ], [ 100.349765432000069, -0.926150963999917, 0.0 ], [ 100.349718258000067, -0.925439818999963, 0.0 ], [ 100.34952283800007, -0.925469895999965, 0.0 ], [ 100.349482769000033, -0.925463027000018, 0.0 ], [ 100.349449039, -0.925418775, 0.0 ], [ 100.349449523000047, -0.92539172299998, 0.0 ], [ 100.349457818000104, -0.92537155799991, 0.0 ], [ 100.349720171000058, -0.92533899599997, 0.0 ], [ 100.349656825000054, -0.924490160999903, 0.0 ], [ 100.349412553, -0.924527138999943, 0.0 ], [ 100.349356358000065, -0.924522238999981, 0.0 ], [ 100.349317258000028, -0.924491276, 0.0 ], [ 100.349309915000035, -0.924435209999975, 0.0 ], [ 100.34933725900008, -0.924390933999953, 0.0 ], [ 100.349631851000112, -0.924333278999979, 0.0 ], [ 100.34961320700009, -0.924121810999979, 0.0 ], [ 100.349604770000013, -0.923791319, 0.0 ], [ 100.349567065000087, -0.923570512999928, 0.0 ], [ 100.349513780000024, -0.923468726999944, 0.0 ], [ 100.349428754000101, -0.923453518000017, 0.0 ], [ 100.349375978000083, -0.923417142999939, 0.0 ], [ 100.349372054000114, -0.923375827999984, 0.0 ], [ 100.349546932000109, -0.923294121999974, 0.0 ], [ 100.349531754000097, -0.923218387999925, 0.0 ], [ 100.34930167000006, -0.923301595999971, 0.0 ], [ 100.349242548000063, -0.923308990999961, 0.0 ], [ 100.349213231000121, -0.923291300999918, 0.0 ], [ 100.349209792000096, -0.923250483999916, 0.0 ], [ 100.349215156000099, -0.923226377999964, 0.0 ], [ 100.34926978, -0.92317980299993, 0.0 ], [ 100.349495464000114, -0.923082340999948, 0.0 ], [ 100.349332797000059, -0.922375970999945, 0.0 ], [ 100.349114721000049, -0.922447463, 0.0 ], [ 100.349060184000066, -0.922434494, 0.0 ], [ 100.34903847300005, -0.922379619999981, 0.0 ], [ 100.349041381000021, -0.92232414699992, 0.0 ], [ 100.349308124000061, -0.922259121999958, 0.0 ], [ 100.349089738000032, -0.921506734999967, 0.0 ], [ 100.348956084000065, -0.92156639999993, 0.0 ], [ 100.348829449000078, -0.921580016, 0.0 ], [ 100.348763779000052, -0.921565288999926, 0.0 ], [ 100.348750861000056, -0.921502141999942, 0.0 ], [ 100.348803014000012, -0.92143366299996, 0.0 ], [ 100.349026348000024, -0.921319087999984, 0.0 ], [ 100.348833803000076, -0.92068236499997, 0.0 ], [ 100.348663789000042, -0.920706037999975, 0.0 ], [ 100.348584636000069, -0.920700757999982, 0.0 ], [ 100.34855178, -0.920640567999976, 0.0 ], [ 100.348576372000096, -0.920565606, 0.0 ], [ 100.348746961000089, -0.920495903999908, 0.0 ], [ 100.348530380000014, -0.919858014999975, 0.0 ], [ 100.348365046000112, -0.919878138999953, 0.0 ], [ 100.348282386000022, -0.919892333999973, 0.0 ], [ 100.348208510000035, -0.919874064999971, 0.0 ], [ 100.348178001000079, -0.919815655999934, 0.0 ], [ 100.348205535000048, -0.91977315399997, 0.0 ], [ 100.348497467000044, -0.919646152999943, 0.0 ], [ 100.348294354000117, -0.918978156, 0.0 ], [ 100.34801178, -0.919023704999955, 0.0 ], [ 100.347944345000116, -0.91899894799995, 0.0 ], [ 100.347919109000074, -0.918937579999935, 0.0 ], [ 100.347942535000058, -0.918867925999945, 0.0 ], [ 100.348228021000054, -0.918755688999984, 0.0 ], [ 100.347963368000094, -0.918140826999914, 0.0 ], [ 100.347742942000053, -0.918195794999932, 0.0 ], [ 100.347660273000059, -0.918186382999953, 0.0 ], [ 100.34762215100001, -0.918148038999978, 0.0 ], [ 100.347620952000085, -0.91808902199998, 0.0 ], [ 100.347694219000019, -0.918017585999931, 0.0 ], [ 100.347916395000112, -0.917953762999979, 0.0 ], [ 100.347665785000075, -0.917238568999957, 0.0 ], [ 100.347489923000083, -0.91730945699996, 0.0 ], [ 100.347409017000047, -0.917330145999895, 0.0 ], [ 100.347347450000115, -0.917310099999924, 0.0 ], [ 100.347337464000077, -0.917252858999984, 0.0 ], [ 100.347362653000033, -0.917213893999958, 0.0 ], [ 100.347604757000084, -0.917094591999946, 0.0 ], [ 100.347341251000046, -0.916421894999886, 0.0 ], [ 100.347079800000074, -0.916508751999968, 0.0 ], [ 100.347025269000099, -0.916488703, 0.0 ], [ 100.347012927000051, -0.916426153999972, 0.0 ], [ 100.347051609000061, -0.916377740999963, 0.0 ], [ 100.347297225000034, -0.916263158999898, 0.0 ], [ 100.347034310000041, -0.915580422999896, 0.0 ], [ 100.346697243000051, -0.915730458999964, 0.0 ], [ 100.346656188000026, -0.915701557999971, 0.0 ], [ 100.346637994000034, -0.915633692999951, 0.0 ], [ 100.346661424000018, -0.915579387999988, 0.0 ], [ 100.346959211000055, -0.915437634999894, 0.0 ], [ 100.346617728000041, -0.914756700999953, 0.0 ], [ 100.346448905000017, -0.914838212999947, 0.0 ], [ 100.346367394000112, -0.914804007999959, 0.0 ], [ 100.346336305000108, -0.914754445999944, 0.0 ], [ 100.346345662, -0.914692476999968, 0.0 ], [ 100.346550237000045, -0.914583220999899, 0.0 ], [ 100.346235751000052, -0.913965426999941, 0.0 ], [ 100.34609272000003, -0.914033940999926, 0.0 ], [ 100.346014749000062, -0.914041639999941, 0.0 ], [ 100.345950252000051, -0.914018057999944, 0.0 ], [ 100.34593322200007, -0.913963768999982, 0.0 ], [ 100.345959594000121, -0.913915368999974, 0.0 ], [ 100.34619582700013, -0.913812585999907, 0.0 ], [ 100.345869596000043, -0.913142869999917, 0.0 ], [ 100.345631612000076, -0.913271612, 0.0 ], [ 100.345584702000096, -0.913252743999949, 0.0 ], [ 100.345551847000038, -0.913195512999921, 0.0 ], [ 100.345551833000044, -0.913155967999935, 0.0 ], [ 100.34580564400008, -0.913012459999963, 0.0 ], [ 100.345473562000052, -0.912358672999958, 0.0 ], [ 100.345280126000034, -0.912482687999916, 0.0 ], [ 100.345213300000097, -0.91250337099994, 0.0 ], [ 100.345166388000038, -0.912481545999911, 0.0 ], [ 100.345143503000102, -0.91243669999993, 0.0 ], [ 100.345145249000069, -0.912393618999919, 0.0 ], [ 100.345390251000083, -0.912218836999934, 0.0 ], [ 100.34498721600005, -0.911555048, 0.0 ], [ 100.344748659000018, -0.91171211799993, 0.0 ], [ 100.344686504000038, -0.911702111, 0.0 ], [ 100.344657180000098, -0.911665535999895, 0.0 ], [ 100.344664775000098, -0.911598247999923, 0.0 ], [ 100.344920918000071, -0.911423461999939, 0.0 ], [ 100.344520835000097, -0.910792133000016, 0.0 ], [ 100.344352034000067, -0.910933836999928, 0.0 ], [ 100.344308649000126, -0.910949193999955, 0.0 ], [ 100.344245907000087, -0.910930918999953, 0.0 ], [ 100.344214811000086, -0.910863655999983, 0.0 ], [ 100.344222409000096, -0.910809356999931, 0.0 ], [ 100.34442521600009, -0.910654063999961, 0.0 ], [ 100.344312582, -0.910481186999957, 0.0 ], [ 100.344077312000081, -0.910028612, 0.0 ], [ 100.343815294000066, -0.910186286999893, 0.0 ], [ 100.343787151000043, -0.910185112999973, 0.0 ], [ 100.343758415000067, -0.910159156999957, 0.0 ], [ 100.343753115000069, -0.910116078999946, 0.0 ], [ 100.343766584000036, -0.910067086999978, 0.0 ], [ 100.34399687700008, -0.90991171, 0.0 ], [ 100.343459202000091, -0.909259474999947, 0.0 ], [ 100.343076363000122, -0.908779222999912, 0.0 ], [ 100.342668744000065, -0.908131261999945, 0.0 ], [ 100.342367567000096, -0.907556839999935, 0.0 ], [ 100.342222356000079, -0.90726908899993, 0.0 ], [ 100.342135223000056, -0.907091680999906, 0.0 ], [ 100.342079269000052, -0.906918584999972, 0.0 ], [ 100.342050169000032, -0.906707608000013, 0.0 ], [ 100.342042557000028, -0.906460913999941, 0.0 ], [ 100.342044637000114, -0.906278062999911, 0.0 ], [ 100.342053181000026, -0.906125492999899, 0.0 ], [ 100.342064957000019, -0.905996736, 0.0 ], [ 100.342073536000015, -0.905938302999954, 0.0 ], [ 100.342234977000047, -0.905745425999982, 0.0 ], [ 100.342376527000042, -0.905633823999985, 0.0 ], [ 100.342635911000102, -0.90549563099992, 0.0 ], [ 100.343028075000035, -0.905316660999945, 0.0 ], [ 100.343633949000079, -0.905142041999974, 0.0 ], [ 100.34436558400003, -0.904972686, 0.0 ], [ 100.34435257200002, -0.904504668, 0.0 ], [ 100.344336171000094, -0.903914809999951, 0.0 ], [ 100.343992297000057, -0.903878640999978, 0.0 ], [ 100.343900833000035, -0.903873365999986, 0.0 ], [ 100.343838378000029, -0.903830896999936, 0.0 ], [ 100.343826927000052, -0.903795490999937, 0.0 ], [ 100.343842741000032, -0.903748568999963, 0.0 ], [ 100.344144379000028, -0.903720128, 0.0 ], [ 100.344142966000092, -0.903664279999917, 0.0 ], [ 100.344126243000034, -0.903003362999944, 0.0 ], [ 100.343900324000089, -0.903000698, 0.0 ], [ 100.343862795000092, -0.902986148999941, 0.0 ], [ 100.343850278000033, -0.902959796999981, 0.0 ], [ 100.343861601000086, -0.902937759999934, 0.0 ], [ 100.343888569000086, -0.902923585999916, 0.0 ], [ 100.344134034000064, -0.902930178999928, 0.0 ], [ 100.344135299000072, -0.902115739999954, 0.0 ], [ 100.343951202000127, -0.902128797999969, 0.0 ], [ 100.343858954000041, -0.902116629999939, 0.0 ], [ 100.343820253000032, -0.90209028799998, 0.0 ], [ 100.343826877000055, -0.902045432, 0.0 ], [ 100.343862829, -0.902026135, 0.0 ], [ 100.344141903, -0.902018561, 0.0 ], [ 100.344123232000058, -0.901186031999946, 0.0 ], [ 100.343908263000031, -0.901202237999954, 0.0 ], [ 100.343862526000066, -0.901199107999962, 0.0 ], [ 100.343825384000098, -0.901160961999914, 0.0 ], [ 100.343827716000121, -0.901124762999939, 0.0 ], [ 100.343857793000026, -0.901086193999945, 0.0 ], [ 100.343891403000057, -0.901073192999935, 0.0 ], [ 100.344111128000037, -0.901063226, 0.0 ], [ 100.344115235000103, -0.900279773999924, 0.0 ], [ 100.34383469900007, -0.90029404199995, 0.0 ], [ 100.343810943000065, -0.900271032, 0.0 ], [ 100.343810928000067, -0.900230312999917, 0.0 ], [ 100.343845213000051, -0.900198425999943, 0.0 ], [ 100.344094091000045, -0.900178859999923, 0.0 ], [ 100.344081733000081, -0.899357606, 0.0 ], [ 100.343842523, -0.899356121999973, 0.0 ], [ 100.343815932000027, -0.899322296000016, 0.0 ], [ 100.343818260000049, -0.899272330999968, 0.0 ], [ 100.343851081000096, -0.899242805999923, 0.0 ], [ 100.344109806000105, -0.899245631999979, 0.0 ], [ 100.344118321000096, -0.898496701999918, 0.0 ], [ 100.343896709000049, -0.898506515999931, 0.0 ], [ 100.343858883000038, -0.898487943, 0.0 ], [ 100.343862390000055, -0.898444562999956, 0.0 ], [ 100.343890522000081, -0.898417996999979, 0.0 ], [ 100.344149949000041, -0.898401077999911, 0.0 ], [ 100.344145388000115, -0.897969072999961, 0.0 ], [ 100.344129426000038, -0.897585759999953, 0.0 ], [ 100.343972313000094, -0.897598643999953, 0.0 ], [ 100.343937517000057, -0.897586066999978, 0.0 ], [ 100.343929299000081, -0.897546335999977, 0.0 ], [ 100.34393201500005, -0.897503842999925, 0.0 ], [ 100.343955461000036, -0.897486911999946, 0.0 ], [ 100.344106327000077, -0.897469154999986, 0.0 ], [ 100.344106299000075, -0.897392427999944, 0.0 ], [ 100.344110190000038, -0.897344824, 0.0 ], [ 100.344132457000015, -0.89730113899994, 0.0 ], [ 100.344206426000099, -0.897252929999948, 0.0 ], [ 100.344238515000086, -0.89716373499994, 0.0 ], [ 100.344235708000042, -0.897056167999922, 0.0 ], [ 100.344221817000047, -0.896930196999979, 0.0 ], [ 100.344176368, -0.896808155, 0.0 ], [ 100.344128154000018, -0.89671229799998, 0.0 ], [ 100.344093799000106, -0.896627026999941, 0.0 ], [ 100.344073130000083, -0.89614824799994, 0.0 ], [ 100.34406298100005, -0.895644927999951, 0.0 ], [ 100.344064474000078, -0.895177836999939, 0.0 ], [ 100.344069791000081, -0.894581439999976, 0.0 ], [ 100.344019195000058, -0.894015705999974, 0.0 ], [ 100.343702482000054, -0.894046484999945, 0.0 ], [ 100.343660392000046, -0.894039255999968, 0.0 ], [ 100.343617744000071, -0.894005263999909, 0.0 ], [ 100.343605558000036, -0.893972389999942, 0.0 ], [ 100.343607757000129, -0.893943961999988, 0.0 ], [ 100.344000894000061, -0.89392096099995, 0.0 ], [ 100.343953682000063, -0.893517435999958, 0.0 ], [ 100.343903156000053, -0.893141769999962, 0.0 ], [ 100.343542134000117, -0.893166431999959, 0.0 ], [ 100.34351610600001, -0.893148606, 0.0 ], [ 100.343508337000074, -0.893110701999967, 0.0 ], [ 100.343522170000057, -0.893075585, 0.0 ], [ 100.343554836000095, -0.89305884899994, 0.0 ], [ 100.343890936000022, -0.893046460999892, 0.0 ], [ 100.343834717000078, -0.892233815999888, 0.0 ], [ 100.343462081000069, -0.892293034, 0.0 ], [ 100.343405049000054, -0.892289716999895, 0.0 ], [ 100.343386762000051, -0.892259061999934, 0.0 ], [ 100.343388408000095, -0.892213357999972, 0.0 ], [ 100.343406677000104, -0.892194403, 0.0 ], [ 100.343816390000072, -0.892096703999912, 0.0 ], [ 100.343733612000065, -0.891337025999939, 0.0 ], [ 100.343297870000072, -0.891439745, 0.0 ], [ 100.343269076000084, -0.891427490999964, 0.0 ], [ 100.343252449000033, -0.89139404999995, 0.0 ], [ 100.343270151000084, -0.891343320000016, 0.0 ], [ 100.343292848, -0.891320463999901, 0.0 ], [ 100.343707552000041, -0.891230568999924, 0.0 ], [ 100.343572712000068, -0.890443595999913, 0.0 ], [ 100.343219461000061, -0.890515622999922, 0.0 ], [ 100.343186237000069, -0.890504491999978, 0.0 ], [ 100.343167954000066, -0.890484428, 0.0 ], [ 100.343166281, -0.890452103, 0.0 ], [ 100.343180662000051, -0.890418658999981, 0.0 ], [ 100.343558284000025, -0.890354970999952, 0.0 ], [ 100.34351667600005, -0.890135938999948, 0.0 ], [ 100.343407391000071, -0.889576361000011, 0.0 ], [ 100.343040299000066, -0.88966232999993, 0.0 ], [ 100.342986031000109, -0.889645073999923, 0.0 ], [ 100.342969964000119, -0.889618886999888, 0.0 ], [ 100.342982681000095, -0.889577076999982, 0.0 ], [ 100.343024761000024, -0.889556991999918, 0.0 ], [ 100.343384628000052, -0.889420300999977, 0.0 ], [ 100.343377395000076, -0.889319417999979, 0.0 ], [ 100.343268627000043, -0.888672331, 0.0 ], [ 100.342869436000058, -0.888775034999967, 0.0 ], [ 100.342846177000084, -0.888759442, 0.0 ], [ 100.342831760000053, -0.88872210099994, 0.0 ], [ 100.342836175000059, -0.888684202, 0.0 ], [ 100.342854444000054, -0.888660778000017, 0.0 ], [ 100.34323813, -0.888544148999959, 0.0 ], [ 100.343092231000099, -0.887787271999952, 0.0 ], [ 100.342759476000111, -0.887884380999904, 0.0 ], [ 100.34270964500007, -0.887891642999972, 0.0 ], [ 100.342678625000076, -0.887858207999959, 0.0 ], [ 100.342677507000076, -0.887819749999974, 0.0 ], [ 100.34269742900004, -0.887799119999955, 0.0 ], [ 100.342735626, -0.887777370999932, 0.0 ], [ 100.343075569000064, -0.887657402999953, 0.0 ], [ 100.342844406000026, -0.886940697999894, 0.0 ], [ 100.342668905000068, -0.887014331999947, 0.0 ], [ 100.342590275000049, -0.887018258999917, 0.0 ], [ 100.342536011000092, -0.887013819999905, 0.0 ], [ 100.34249391700007, -0.886970918, 0.0 ], [ 100.342486152000049, -0.886940828, 0.0 ], [ 100.342504957000102, -0.886888423999921, 0.0 ], [ 100.342538726000043, -0.886866668999986, 0.0 ], [ 100.342788421000108, -0.886775170999965, 0.0 ], [ 100.342547300000049, -0.886075182999957, 0.0 ], [ 100.34233261200005, -0.886145032999964, 0.0 ], [ 100.342282322000059, -0.886148985999935, 0.0 ], [ 100.342253654000089, -0.886135356999962, 0.0 ], [ 100.342240878000013, -0.886115426999912, 0.0 ], [ 100.3422398270001, -0.886089983999939, 0.0 ], [ 100.342252589000083, -0.886070569999931, 0.0 ], [ 100.342516780000011, -0.885986537999906, 0.0 ], [ 100.342289358000116, -0.885225754000019, 0.0 ], [ 100.341991985000021, -0.88534048699992, 0.0 ], [ 100.341946284000059, -0.885335982, 0.0 ], [ 100.341911056000072, -0.885295275, 0.0 ], [ 100.341913288000086, -0.88525605499995, 0.0 ], [ 100.341941750000032, -0.88522362000002, 0.0 ], [ 100.342229387000032, -0.885117184, 0.0 ], [ 100.342000602000027, -0.884316404999919, 0.0 ], [ 100.341632811000053, -0.884430412999937, 0.0 ], [ 100.341586364000122, -0.884425146999946, 0.0 ], [ 100.341563130000068, -0.884409317999968, 0.0 ], [ 100.341551888000112, -0.884378407999987, 0.0 ], [ 100.341556371000124, -0.88435125399996, 0.0 ], [ 100.34159606800003, -0.884324095999934, 0.0 ], [ 100.341938382000109, -0.884198781999957, 0.0 ], [ 100.341716392000038, -0.883529972999953, 0.0 ], [ 100.341358340000085, -0.88364396899997, 0.0 ], [ 100.341301402000084, -0.883646258999893, 0.0 ], [ 100.341273670000092, -0.883614594999938, 0.0 ], [ 100.34127515800013, -0.883576135999953, 0.0 ], [ 100.341309597000048, -0.883521066999926, 0.0 ], [ 100.341681143000059, -0.883431198999951, 0.0 ], [ 100.341494343000051, -0.882692235, 0.0 ], [ 100.341097349000066, -0.882857527999914, 0.0 ], [ 100.341057642000067, -0.882855280999906, 0.0 ], [ 100.341035914000045, -0.882825123999987, 0.0 ], [ 100.34103513900007, -0.882770076999962, 0.0 ], [ 100.34146583400009, -0.88257158699997, 0.0 ], [ 100.341159918000102, -0.881837947999931, 0.0 ], [ 100.340694771000074, -0.882055300999974, 0.0 ], [ 100.340646826000096, -0.882059849, 0.0 ], [ 100.340626596000021, -0.882044017999928, 0.0 ], [ 100.340622838000073, -0.882014605999893, 0.0 ], [ 100.340654288000096, -0.881970103999941, 0.0 ], [ 100.341097919000035, -0.881739390999948, 0.0 ], [ 100.340734824, -0.88106410199994, 0.0 ], [ 100.340286721000055, -0.881302955999986, 0.0 ], [ 100.340241114, -0.881287895999983, 0.0 ], [ 100.340218954000051, -0.881255116999935, 0.0 ], [ 100.340218940000042, -0.881218394, 0.0 ], [ 100.340241075, -0.881175106999977, 0.0 ], [ 100.340661825000012, -0.880960520999985, 0.0 ], [ 100.34052298400006, -0.880710074999958, 0.0 ], [ 100.340271349000034, -0.880200655, 0.0 ], [ 100.339874043000108, -0.880399484999928, 0.0 ], [ 100.339832998000091, -0.880399500999929, 0.0 ], [ 100.339804984000082, -0.880380498999956, 0.0 ], [ 100.339793247000088, -0.880347713999908, 0.0 ], [ 100.33980170100007, -0.880320169999938, 0.0 ], [ 100.340197054000015, -0.880114122999943, 0.0 ], [ 100.339897207000064, -0.879415365999948, 0.0 ], [ 100.339471996000057, -0.879647782, 0.0 ], [ 100.339434025000031, -0.879648518999965, 0.0 ], [ 100.33941001000008, -0.879631215999955, 0.0 ], [ 100.339405341000045, -0.879590460999958, 0.0 ], [ 100.339425395000021, -0.87956341099994, 0.0 ], [ 100.339830170000113, -0.879320899999947, 0.0 ], [ 100.339533978000034, -0.878616271999911, 0.0 ], [ 100.339246998000093, -0.878752282999884, 0.0 ], [ 100.339224526000095, -0.878751141999968, 0.0 ], [ 100.339202533000062, -0.878733114999897, 0.0 ], [ 100.339199921000017, -0.878715242999928, 0.0 ], [ 100.339203984000093, -0.878694916999934, 0.0 ], [ 100.33921419000005, -0.878667055999938, 0.0 ], [ 100.339474057000047, -0.878524660999969, 0.0 ], [ 100.339135048000074, -0.877786409, 0.0 ], [ 100.33884847300007, -0.877948487, 0.0 ], [ 100.338822416000042, -0.877947836999938, 0.0 ], [ 100.338797004000071, -0.87791637, 0.0 ], [ 100.338783962000065, -0.877880963999911, 0.0 ], [ 100.338787201000059, -0.877842278999908, 0.0 ], [ 100.339031436000113, -0.877678904999891, 0.0 ], [ 100.338681242000092, -0.876971464999976, 0.0 ], [ 100.33841257000006, -0.877117299999964, 0.0 ], [ 100.338381238000053, -0.877117609999989, 0.0 ], [ 100.338371272000117, -0.87711259399993, 0.0 ], [ 100.338361303000084, -0.877100331999981, 0.0 ], [ 100.338357409000125, -0.877069680999932, 0.0 ], [ 100.338369585000066, -0.877043482999984, 0.0 ], [ 100.338628159000052, -0.876876892999968, 0.0 ], [ 100.338573489000055, -0.876681766999988, 0.0 ], [ 100.338398005000016, -0.876251069999967, 0.0 ], [ 100.338276447000084, -0.875991062999948, 0.0 ], [ 100.338204503000085, -0.875819236999942, 0.0 ], [ 100.338132563000073, -0.875656455999974, 0.0 ], [ 100.338015696000085, -0.875493692, 0.0 ], [ 100.337871844000091, -0.875249533999967, 0.0 ], [ 100.337781940000113, -0.875104848999986, 0.0 ], [ 100.33770102700008, -0.874978251, 0.0 ], [ 100.337620098000045, -0.874806427999986, 0.0 ], [ 100.337521199000037, -0.874634611999981, 0.0 ], [ 100.337431285000051, -0.874462792999975, 0.0 ], [ 100.337341374000076, -0.874300019, 0.0 ], [ 100.337233489000113, -0.874128206, 0.0 ], [ 100.337134593000101, -0.873965434999946, 0.0 ], [ 100.337026709000057, -0.873793621999941, 0.0 ], [ 100.336936791000085, -0.873612757999987, 0.0 ], [ 100.336819925, -0.873449992999931, 0.0 ], [ 100.336738996000065, -0.873278170999925, 0.0 ], [ 100.336692357000018, -0.873220805999975, 0.0 ], [ 100.336649108000088, -0.873178709999956, 0.0 ], [ 100.336637062000065, -0.873162792999971, 0.0 ], [ 100.336622129000077, -0.873115405999958, 0.0 ], [ 100.336568192000044, -0.873043067000013, 0.0 ], [ 100.336424334000043, -0.872780817999986, 0.0 ], [ 100.336217554000086, -0.872446233999924, 0.0 ], [ 100.336082700000119, -0.872238250999946, 0.0 ], [ 100.33589390000013, -0.871930795, 0.0 ], [ 100.335741057000092, -0.871668549999883, 0.0 ], [ 100.335624159000105, -0.871415336999982, 0.0 ], [ 100.335516265000052, -0.871216388999952, 0.0 ], [ 100.33539939200007, -0.871035535, 0.0 ], [ 100.335237573000086, -0.870800426999907, 0.0 ], [ 100.335102704000036, -0.870547219999918, 0.0 ], [ 100.334976827, -0.8703121, 0.0 ], [ 100.334823997000058, -0.870086032999951, 0.0 ], [ 100.334662188, -0.869878059999974, 0.0 ], [ 100.33458126000005, -0.869706236999968, 0.0 ], [ 100.334509320000052, -0.869543456, 0.0 ], [ 100.334428395000018, -0.869380677999943, 0.0 ], [ 100.334365463000054, -0.869281206999973, 0.0 ], [ 100.334293542000054, -0.869172694999965, 0.0 ], [ 100.334248584000065, -0.869082262999943, 0.0 ], [ 100.334185655000098, -0.868991836999922, 0.0 ], [ 100.33414070000002, -0.868910449999938, 0.0 ], [ 100.334104727000053, -0.868820013999916, 0.0 ], [ 100.334041801000097, -0.868738632999933, 0.0 ], [ 100.333996843000108, -0.868648200999911, 0.0 ], [ 100.33393392000005, -0.868575864999966, 0.0 ], [ 100.333879977000024, -0.868485434999944, 0.0 ], [ 100.33382603600009, -0.868404050999961, 0.0 ], [ 100.333781078000101, -0.868313618999939, 0.0 ], [ 100.333727137000082, -0.868232234999955, 0.0 ], [ 100.333682182000089, -0.868150846999883, 0.0 ], [ 100.333637227000011, -0.868069459999988, 0.0 ], [ 100.333538322, -0.867879553, 0.0 ], [ 100.333439436000077, -0.867743915999964, 0.0 ], [ 100.333340537000069, -0.867572098999958, 0.0 ], [ 100.33328659700004, -0.867490714999975, 0.0 ], [ 100.333232656000021, -0.867409331, 0.0 ], [ 100.333169743000056, -0.867364128999982, 0.0 ], [ 100.333151763000075, -0.867337000999957, 0.0 ], [ 100.33312478200007, -0.867264651999922, 0.0 ], [ 100.333079827000077, -0.867183263999938, 0.0 ], [ 100.333034869000087, -0.867092832, 0.0 ], [ 100.332962957000092, -0.867011453999933, 0.0 ], [ 100.332909014000066, -0.866921024999912, 0.0 ], [ 100.332837103000074, -0.866839646999929, 0.0 ], [ 100.332783159000044, -0.866749217999907, 0.0 ], [ 100.332711245000041, -0.866658794999975, 0.0 ], [ 100.332657302000115, -0.866568365999954, 0.0 ], [ 100.332603358000085, -0.866477935999932, 0.0 ], [ 100.332576367000073, -0.866378452999961, 0.0 ], [ 100.332540394000034, -0.866288016999939, 0.0 ], [ 100.332513407000107, -0.866197578, 0.0 ], [ 100.332486416000094, -0.866098094999946, 0.0 ], [ 100.332362483000054, -0.86605175700002, 0.0 ], [ 100.332329645000087, -0.866033868999961, 0.0 ], [ 100.332311163000071, -0.865987745999964, 0.0 ], [ 100.332311156000074, -0.865966400999974, 0.0 ], [ 100.333210627000071, -0.865513688, 0.0 ], [ 100.333055151000082, -0.865220083999952, 0.0 ], [ 100.332918828000075, -0.864962646999968, 0.0 ], [ 100.332864877000063, -0.864860762999975, 0.0 ], [ 100.332065298000074, -0.86521279099997, 0.0 ], [ 100.332006083000053, -0.865212223999923, 0.0 ], [ 100.331972648000047, -0.865181545999961, 0.0 ], [ 100.331984363000032, -0.865152624999966, 0.0 ], [ 100.332045788000059, -0.865103318999972, 0.0 ], [ 100.332081707, -0.865039992999884, 0.0 ], [ 100.332045750000049, -0.864994780999962, 0.0 ], [ 100.332009768, -0.864877211, 0.0 ], [ 100.331955825000065, -0.864786781999983, 0.0 ], [ 100.331919852000027, -0.864696345999961, 0.0 ], [ 100.331883876000063, -0.864596865999901, 0.0 ], [ 100.33186587100009, -0.864497378999929, 0.0 ], [ 100.331838880000078, -0.864397894999958, 0.0 ], [ 100.331820871, -0.864289363999949, 0.0 ], [ 100.331766931000075, -0.864207978999965, 0.0 ], [ 100.331721979000079, -0.86413563599993, 0.0 ], [ 100.331647945000086, -0.864108421999988, 0.0 ], [ 100.331633668000066, -0.864072530999949, 0.0 ], [ 100.331644350000062, -0.864025861, 0.0 ], [ 100.331829765000037, -0.863968360999945, 0.0 ], [ 100.331820745000087, -0.863927569999945, 0.0 ], [ 100.331811725000051, -0.863828079999974, 0.0 ], [ 100.331793723000075, -0.863737637999951, 0.0 ], [ 100.33178470700004, -0.863647192999928, 0.0 ], [ 100.331784675000037, -0.863556744999905, 0.0 ], [ 100.331775655000087, -0.863457254999934, 0.0 ], [ 100.331757653000111, -0.863366813, 0.0 ], [ 100.331730666000098, -0.863276373999978, 0.0 ], [ 100.331454271000055, -0.863208181999931, 0.0 ], [ 100.331405020000062, -0.863195807999973, 0.0 ], [ 100.331389756000036, -0.863150363999943, 0.0 ], [ 100.331400301000116, -0.863113772999935, 0.0 ], [ 100.331457740000076, -0.863076569999966, 0.0 ], [ 100.331888049000057, -0.862979040999979, 0.0 ], [ 100.331773033000047, -0.862682809999982, 0.0 ], [ 100.331557643000082, -0.862054350999942, 0.0 ], [ 100.331166054000093, -0.862210294999966, 0.0 ], [ 100.331146704000091, -0.862197910999918, 0.0 ], [ 100.331133784000087, -0.86214834, 0.0 ], [ 100.331152533000036, -0.862113510999952, 0.0 ], [ 100.331549393000017, -0.861948121999945, 0.0 ], [ 100.331273592000016, -0.861229976999945, 0.0 ], [ 100.330832758000057, -0.861398918999979, 0.0 ], [ 100.330793475000092, -0.86139952899994, 0.0 ], [ 100.330764160000058, -0.86138419, 0.0 ], [ 100.330748896000046, -0.861338166999926, 0.0 ], [ 100.330760025000075, -0.861302154999966, 0.0 ], [ 100.331220782000088, -0.861116682999985, 0.0 ], [ 100.331106919, -0.860754946999987, 0.0 ], [ 100.331044621000089, -0.860594944999982, 0.0 ], [ 100.330918853000071, -0.860271930999901, 0.0 ], [ 100.33080823400006, -0.859987823999931, 0.0 ], [ 100.330409610000032, -0.860146130999973, 0.0 ], [ 100.330353909000038, -0.860143789999957, 0.0 ], [ 100.330330448000055, -0.860116056999972, 0.0 ], [ 100.330331016000102, -0.860068254999924, 0.0 ], [ 100.330354450000087, -0.860019848, 0.0 ], [ 100.330738407000055, -0.859826135999964, 0.0 ], [ 100.330536559000052, -0.859352889999976, 0.0 ], [ 100.330324170000068, -0.858929213999915, 0.0 ], [ 100.329930848000032, -0.85914181499992, 0.0 ], [ 100.329904458000073, -0.859138875999943, 0.0 ], [ 100.329880998000078, -0.859115275999945, 0.0 ], [ 100.32987277700002, -0.859066879999937, 0.0 ], [ 100.329877455000059, -0.859030879999978, 0.0 ], [ 100.330237351000079, -0.858792911, 0.0 ], [ 100.330182199000049, -0.858661327999955, 0.0 ], [ 100.330036113000034, -0.858366290999968, 0.0 ], [ 100.329890054000032, -0.858178073999938, 0.0 ], [ 100.329551835000117, -0.858376490999924, 0.0 ], [ 100.329509627000093, -0.858391257999902, 0.0 ], [ 100.329469755000076, -0.858378292999896, 0.0 ], [ 100.329442185000104, -0.858346428999924, 0.0 ], [ 100.329440412000039, -0.858284462999948, 0.0 ], [ 100.329469705000065, -0.858234877999931, 0.0 ], [ 100.329795033000082, -0.858041774999941, 0.0 ], [ 100.329569755000094, -0.857630502999929, 0.0 ], [ 100.329327476000032, -0.857218051999909, 0.0 ], [ 100.329032631000061, -0.85739756899993, 0.0 ], [ 100.328983384000068, -0.857403491999976, 0.0 ], [ 100.328956407000049, -0.857392873999985, 0.0 ], [ 100.328944083000096, -0.857352745999951, 0.0 ], [ 100.328953451000075, -0.857314971999934, 0.0 ], [ 100.329279940000092, -0.857103578999941, 0.0 ], [ 100.328926769000091, -0.856440344999954, 0.0 ], [ 100.328525820000038, -0.856657669, 0.0 ], [ 100.328469531000096, -0.85664175200001, 0.0 ], [ 100.328443712000094, -0.856580382999906, 0.0 ], [ 100.328456008000046, -0.856537885999942, 0.0 ], [ 100.328700103000074, -0.856410696999988, 0.0 ], [ 100.328831167, -0.856342403999933, 0.0 ], [ 100.328661642, -0.856083970999955, 0.0 ], [ 100.328582289000096, -0.855946070999914, 0.0 ], [ 100.328424638000016, -0.855672105999894, 0.0 ], [ 100.328206596000101, -0.855841564999971, 0.0 ], [ 100.328136827, -0.85584631099992, 0.0 ], [ 100.328085806000047, -0.855813865999989, 0.0 ], [ 100.328074664000013, -0.855786725999963, 0.0 ], [ 100.32809282, -0.855751309999964, 0.0 ], [ 100.328338990000034, -0.855538163999914, 0.0 ], [ 100.32832489300003, -0.85546262599997, 0.0 ], [ 100.328303763000051, -0.855395357999911, 0.0 ], [ 100.328253320000059, -0.855318647999959, 0.0 ], [ 100.328158299, -0.855210685, 0.0 ], [ 100.328095531000059, -0.855090310999985, 0.0 ], [ 100.328016310000081, -0.854888493999984, 0.0 ], [ 100.327953535000034, -0.854773429999967, 0.0 ], [ 100.327843286000061, -0.854696161999969, 0.0 ], [ 100.327464021000125, -0.854894592999956, 0.0 ], [ 100.327391919000021, -0.854909957999983, 0.0 ], [ 100.327356736000041, -0.854894032999909, 0.0 ], [ 100.327319781000085, -0.854845067999944, 0.0 ], [ 100.327329724000023, -0.854782500999918, 0.0 ], [ 100.327655049000029, -0.854581139999955, 0.0 ], [ 100.327647984000066, -0.854494383999971, 0.0 ], [ 100.327640337000048, -0.854414124, 0.0 ], [ 100.327594565000084, -0.854307907, 0.0 ], [ 100.327526511000045, -0.854177504999954, 0.0 ], [ 100.32744380000004, -0.854045921, 0.0 ], [ 100.327367550000048, -0.853966271999973, 0.0 ], [ 100.327304223000041, -0.853942098999927, 0.0 ], [ 100.327218025000022, -0.853885471999949, 0.0 ], [ 100.326843804000049, -0.853411099999957, 0.0 ], [ 100.326502073000114, -0.853642567999924, 0.0 ], [ 100.32647334900004, -0.85364848399997, 0.0 ], [ 100.326435821000047, -0.853634332999953, 0.0 ], [ 100.326408841000031, -0.853589488999973, 0.0 ], [ 100.326419375000015, -0.853545219999952, 0.0 ], [ 100.32675699300006, -0.853294868000021, 0.0 ], [ 100.326369249000038, -0.852688299999927, 0.0 ], [ 100.326071252000077, -0.852218622999968, 0.0 ], [ 100.325909331000091, -0.852318085999937, 0.0 ], [ 100.325854958000036, -0.852351484999947, 0.0 ], [ 100.325796921000034, -0.852375112999948, 0.0 ], [ 100.325757054000107, -0.852378074999927, 0.0 ], [ 100.325718348000095, -0.852359202999964, 0.0 ], [ 100.325701337000027, -0.852327931999953, 0.0 ], [ 100.325699559000057, -0.852281306999914, 0.0 ], [ 100.325724172000051, -0.852232908, 0.0 ], [ 100.325986173000061, -0.852019764999945, 0.0 ], [ 100.325832422000033, -0.851741563999931, 0.0 ], [ 100.325650608000089, -0.851412582999978, 0.0 ], [ 100.325273130000127, -0.851688328999967, 0.0 ], [ 100.325228570000078, -0.851684209999982, 0.0 ], [ 100.325203933000083, -0.851661208999944, 0.0 ], [ 100.325193952000049, -0.851611636999928, 0.0 ], [ 100.32521738500013, -0.851557332999964, 0.0 ], [ 100.325532134000056, -0.851299309999932, 0.0 ], [ 100.325109793000109, -0.850684495999954, 0.0 ], [ 100.324803220000049, -0.850858109999931, 0.0 ], [ 100.324741661000118, -0.850855769999915, 0.0 ], [ 100.324715272000063, -0.850833356999925, 0.0 ], [ 100.324710567000025, -0.850790865999962, 0.0 ], [ 100.324742203000071, -0.850733609999932, 0.0 ], [ 100.325047015000067, -0.850558812999947, 0.0 ], [ 100.324637566000021, -0.849907985999921, 0.0 ], [ 100.324320465000085, -0.850143578999963, 0.0 ], [ 100.324293492000066, -0.850147711999949, 0.0 ], [ 100.324224893000078, -0.850134168999984, 0.0 ], [ 100.324196736000061, -0.850086366999936, 0.0 ], [ 100.324208443000046, -0.850031478999925, 0.0 ], [ 100.324533169000091, -0.849812409, 0.0 ], [ 100.324138425000029, -0.849306177999954, 0.0 ], [ 100.323841241000039, -0.849506939999956, 0.0 ], [ 100.323810758, -0.849520526999926, 0.0 ], [ 100.323774411000016, -0.849517581999948, 0.0 ], [ 100.323739219000032, -0.849472740999969, 0.0 ], [ 100.323734517000091, -0.849436743999921, 0.0 ], [ 100.323757371000028, -0.849399551999952, 0.0 ], [ 100.324051600000033, -0.849149215999934, 0.0 ], [ 100.323805834000041, -0.848831200999911, 0.0 ], [ 100.323553057000083, -0.848561570999984, 0.0 ], [ 100.323336767000043, -0.848733389, 0.0 ], [ 100.32328870300006, -0.848755836999982, 0.0 ], [ 100.323242968000017, -0.848754667999974, 0.0 ], [ 100.323199577000068, -0.8487269419999, 0.0 ], [ 100.323186072000098, -0.848674424, 0.0 ], [ 100.323197203000049, -0.848641369999926, 0.0 ], [ 100.323433430000051, -0.84849197499991, 0.0 ], [ 100.323311458, -0.848425917999951, 0.0 ], [ 100.323150177000059, -0.848279020999965, 0.0 ], [ 100.323080696, -0.84818830999992, 0.0 ], [ 100.3228469310001, -0.847883114999981, 0.0 ], [ 100.322515181000099, -0.848162967999955, 0.0 ], [ 100.322491145000072, -0.848164161999965, 0.0 ], [ 100.322463585, -0.848156499999953, 0.0 ], [ 100.322446577000022, -0.848134663999923, 0.0 ], [ 100.322438352000049, -0.848096894, 0.0 ], [ 100.322445374000011, -0.848059120999978, 0.0 ], [ 100.322759531000074, -0.847778087999907, 0.0 ], [ 100.322545885000068, -0.847508502999983, 0.0 ], [ 100.322526676000081, -0.847484263999932, 0.0 ], [ 100.322316091000062, -0.847179217, 0.0 ], [ 100.321987274000037, -0.847443729999953, 0.0 ], [ 100.321965, -0.847444325, 0.0 ], [ 100.321920432000098, -0.847418372999898, 0.0 ], [ 100.321896375000065, -0.84738238299994, 0.0 ], [ 100.321894014000037, -0.847335756999901, 0.0 ], [ 100.321912763000086, -0.847299751999942, 0.0 ], [ 100.32220348400007, -0.847062983999892, 0.0 ], [ 100.322039259000064, -0.846878316999978, 0.0 ], [ 100.321729574000116, -0.846513698, 0.0 ], [ 100.321492204, -0.846738047, 0.0 ], [ 100.321472278000059, -0.846747496999989, 0.0 ], [ 100.321406016000083, -0.846736303999951, 0.0 ], [ 100.321372590000067, -0.846707398999958, 0.0 ], [ 100.321364374000012, -0.846670217999901, 0.0 ], [ 100.321374330000125, -0.846644833999933, 0.0 ], [ 100.321654493000025, -0.846408666999932, 0.0 ], [ 100.321564178000102, -0.846317218999915, 0.0 ], [ 100.321351851000031, -0.846067055999911, 0.0 ], [ 100.321196987000107, -0.845821594999941, 0.0 ], [ 100.321003561000083, -0.845958583, 0.0 ], [ 100.320932635000077, -0.845993428999948, 0.0 ], [ 100.320882794000042, -0.845997580999936, 0.0 ], [ 100.320838820000048, -0.84597103999996, 0.0 ], [ 100.320821795000057, -0.84592559499993, 0.0 ], [ 100.320830580000077, -0.845891365999941, 0.0 ], [ 100.321172881000066, -0.845614457999944, 0.0 ], [ 100.320832065000019, -0.845073971999988, 0.0 ], [ 100.320636298000068, -0.845248730999971, 0.0 ], [ 100.320567127000032, -0.845267640999936, 0.0 ], [ 100.32052725600002, -0.845258799, 0.0 ], [ 100.320488545000018, -0.845224576999926, 0.0 ], [ 100.320485019000074, -0.84518680799991, 0.0 ], [ 100.320594647000092, -0.845071565999967, 0.0 ], [ 100.320713587000071, -0.844946532999924, 0.0 ], [ 100.320585735000066, -0.844813780999954, 0.0 ], [ 100.320375789000096, -0.844668084999978, 0.0 ], [ 100.320248535000047, -0.844577824999971, 0.0 ], [ 100.320197812000032, -0.844621049, 0.0 ], [ 100.320062152000091, -0.844736652999967, 0.0 ], [ 100.320037523000096, -0.844736063999918, 0.0 ], [ 100.32000879600011, -0.844733125999942, 0.0 ], [ 100.319989444000015, -0.844711886999961, 0.0 ], [ 100.319989434000021, -0.844681784999957, 0.0 ], [ 100.320002318000022, -0.844656409999989, 0.0 ], [ 100.320161151000022, -0.844494640999927, 0.0 ], [ 100.319723308000022, -0.844031866999917, 0.0 ], [ 100.319606860000079, -0.844161135999955, 0.0 ], [ 100.319556932000026, -0.844151579999964, 0.0 ], [ 100.319537901000047, -0.844115689999925, 0.0 ], [ 100.319537890000049, -0.844082186, 0.0 ], [ 100.319680483000042, -0.843938549999923, 0.0 ], [ 100.319162066000047, -0.843491210999948, 0.0 ], [ 100.319090764000094, -0.843548671, 0.0 ], [ 100.319052730000053, -0.843558255999899, 0.0 ], [ 100.319024196, -0.843541514000024, 0.0 ], [ 100.319017055000032, -0.843515191999889, 0.0 ], [ 100.319112116999989, -0.84341943499996, 0.0 ], [ 100.318969423000084, -0.843263929999972, 0.0 ], [ 100.318722096000059, -0.843024700999895, 0.0 ], [ 100.318517698000022, -0.843192289999906, 0.0 ], [ 100.318472531000097, -0.843201877999989, 0.0 ], [ 100.318434488000065, -0.843185138999936, 0.0 ], [ 100.318427344, -0.843149243999986, 0.0 ], [ 100.318451098000097, -0.84309180099994, 0.0 ], [ 100.318581804000075, -0.842945775999937, 0.0 ], [ 100.318160860000063, -0.842500796999979, 0.0 ], [ 100.318042025000096, -0.84260134899995, 0.0 ], [ 100.317951708000081, -0.842668387, 0.0 ], [ 100.317911294000027, -0.842673186999943, 0.0 ], [ 100.317887512000098, -0.842649263999918, 0.0 ], [ 100.317885127000082, -0.842625333999892, 0.0 ], [ 100.318063360000082, -0.842417069999979, 0.0 ], [ 100.317832656000093, -0.842122793999967, 0.0 ], [ 100.317687581000072, -0.841957716999986, 0.0 ], [ 100.317589409000036, -0.841772593999946, 0.0 ], [ 100.317316723000033, -0.841993739999947, 0.0 ], [ 100.317271544000022, -0.841967430999902, 0.0 ], [ 100.317235868000097, -0.84191958099994, 0.0 ], [ 100.317409353000059, -0.841732857999944, 0.0 ], [ 100.317504428000021, -0.841675389999986, 0.0 ], [ 100.317228555000028, -0.841381128999974, 0.0 ], [ 100.316988348000038, -0.841106, 0.0 ], [ 100.316703143000069, -0.84134301699993, 0.0 ], [ 100.316629418, -0.84126406899997, 0.0 ], [ 100.316928882000099, -0.841012687999954, 0.0 ], [ 100.31646579600006, -0.840434331999973, 0.0 ], [ 100.316144241000103, -0.840687488999959, 0.0 ], [ 100.316075276000078, -0.840625290999964, 0.0 ], [ 100.316353336000077, -0.840347592999902, 0.0 ], [ 100.316259057000096, -0.840208279999922, 0.0 ], [ 100.315800652000092, -0.839747145999959, 0.0 ], [ 100.31553777500001, -0.83998172, 0.0 ], [ 100.315452165000039, -0.839907561999909, 0.0 ], [ 100.315723103000067, -0.839660977999935, 0.0 ], [ 100.315180885000061, -0.839129885999957, 0.0 ], [ 100.314926580000076, -0.839352533, 0.0 ], [ 100.314859992000066, -0.839287940999978, 0.0 ], [ 100.315162461000043, -0.839050905, 0.0 ], [ 100.314740895000071, -0.838601152, 0.0 ], [ 100.314472327000061, -0.838828589999896, 0.0 ], [ 100.314415245000035, -0.838752028999957, 0.0 ], [ 100.314681441000033, -0.838543736999953, 0.0 ], [ 100.314101171000075, -0.837969580999965, 0.0 ], [ 100.313892033000087, -0.838182639999919, 0.0 ], [ 100.313830195000037, -0.838101294999938, 0.0 ], [ 100.314146701000112, -0.837794006999915, 0.0 ], [ 100.313652318000067, -0.837224344999943, 0.0 ], [ 100.313306977000096, -0.837512759999915, 0.0 ], [ 100.313276076000108, -0.837529521999969, 0.0 ], [ 100.313211865000127, -0.837462535999934, 0.0 ], [ 100.313517511000015, -0.837142986999962, 0.0 ], [ 100.313113048000034, -0.836772281999932, 0.0 ], [ 100.312812144000091, -0.836493450999954, 0.0 ], [ 100.312510317000076, -0.836790301999913, 0.0 ], [ 100.312450858000048, -0.836718526999925, 0.0 ], [ 100.312724154000094, -0.836412113999885, 0.0 ], [ 100.312395976000033, -0.836108295999971, 0.0 ], [ 100.312160294000066, -0.835840977999969, 0.0 ], [ 100.311915739000085, -0.836084525999959, 0.0 ], [ 100.311856282000051, -0.836015145, 0.0 ], [ 100.312089184000044, -0.83577335999997, 0.0 ], [ 100.311962539000049, -0.835605876999968, 0.0 ], [ 100.311540118000011, -0.835271356999912, 0.0 ], [ 100.31150417800005, -0.835254246, 0.0 ], [ 100.31125939100005, -0.83550082199998, 0.0 ], [ 100.311178533000017, -0.835419482, 0.0 ], [ 100.31141619800006, -0.835201626999916, 0.0 ], [ 100.31131542500006, -0.835090533999961, 0.0 ], [ 100.310830073000048, -0.834656540999934, 0.0 ], [ 100.310600667000074, -0.834924296999973, 0.0 ], [ 100.310517427000036, -0.83482859899996, 0.0 ], [ 100.310731202000042, -0.834557080999965, 0.0 ], [ 100.310165299000033, -0.833991118999944, 0.0 ], [ 100.309956177000046, -0.834254433999971, 0.0 ], [ 100.309849168000071, -0.834170709999971, 0.0 ], [ 100.310053535000108, -0.833919364999958, 0.0 ], [ 100.309652618000058, -0.833517276999907, 0.0 ], [ 100.308651920000045, -0.832722303999945, 0.0 ], [ 100.307855087000107, -0.83210687, 0.0 ], [ 100.307749184000045, -0.832025491999933, 0.0 ], [ 100.307248913000038, -0.831641072999923, 0.0 ], [ 100.306649676000021, -0.83122008, 0.0 ], [ 100.305985703000061, -0.83078693399995, 0.0 ], [ 100.305051719000062, -0.830119765999904, 0.0 ], [ 100.304170220000046, -0.82943079699992, 0.0 ], [ 100.303253995, -0.828813705999932, 0.0 ], [ 100.302246967000073, -0.828237501999951, 0.0 ], [ 100.301189991000101, -0.827464653999955, 0.0 ], [ 100.300368605000088, -0.826935649999972, 0.0 ], [ 100.299955194000077, -0.826673482999952, 0.0 ], [ 100.299064150000063, -0.826034251999908, 0.0 ], [ 100.298293694000094, -0.825464935999965, 0.0 ], [ 100.297409109000085, -0.824847793999973, 0.0 ], [ 100.29651975400013, -0.824182788999928, 0.0 ], [ 100.295949023000077, -0.82368998700001, 0.0 ], [ 100.2954544, -0.823292885999927, 0.0 ], [ 100.295078673, -0.822981898999953, 0.0 ], [ 100.294655371000061, -0.822584773999957, 0.0 ], [ 100.294251084000095, -0.822173282999928, 0.0 ], [ 100.293856316000117, -0.821790506999965, 0.0 ], [ 100.293380670000019, -0.821264167999936, 0.0 ], [ 100.293169404000125, -0.820959288999934, 0.0 ], [ 100.292369440000101, -0.820127410999938, 0.0 ], [ 100.292048849000039, -0.819747340999933, 0.0 ], [ 100.291731163000051, -0.819141715999916, 0.0 ], [ 100.291563562000036, -0.818804595, 0.0 ], [ 100.291456495000062, -0.818541382999983, 0.0 ], [ 100.291499150000035, -0.818110600999955, 0.0 ], [ 100.291627325000078, -0.81747158699993, 0.0 ], [ 100.291499466000062, -0.81715599599993, 0.0 ], [ 100.291390016000065, -0.817052180999956, 0.0 ], [ 100.291358625000044, -0.817022406999979, 0.0 ], [ 100.291069092000072, -0.816630056999935, 0.0 ], [ 100.291753578000041, -0.81573104899998, 0.0 ], [ 100.292359473000076, -0.815010210999934, 0.0 ], [ 100.293618272000046, -0.813021933, 0.0 ], [ 100.294294297000121, -0.81122970599995, 0.0 ], [ 100.294957685000028, -0.808978116999904, 0.0 ], [ 100.295665401000051, -0.807668303999976, 0.0 ], [ 100.296423237000056, -0.806747672, 0.0 ], [ 100.297357349000066, -0.806006251999947, 0.0 ], [ 100.297660953000047, -0.805878947999894, 0.0 ], [ 100.29814881, -0.805803556999963, 0.0 ], [ 100.299715757000072, -0.805896200999901, 0.0 ], [ 100.30107618000001, -0.806064143999941, 0.0 ], [ 100.302203150000082, -0.806124169999934, 0.0 ], [ 100.303195186000011, -0.806084603999946, 0.0 ], [ 100.303815044000046, -0.806080368999951, 0.0 ], [ 100.304096300000054, -0.806131202999983, 0.0 ], [ 100.30418029500008, -0.806210509999972, 0.0 ], [ 100.304213842000095, -0.806393044999976, 0.0 ], [ 100.304263464000115, -0.806663577999889, 0.0 ], [ 100.304421388000037, -0.807383398999939, 0.0 ], [ 100.304527652000033, -0.807869746999946, 0.0 ], [ 100.304666914, -0.808108241999961, 0.0 ], [ 100.30468755400004, -0.808132373, 0.0 ], [ 100.304693296000067, -0.808137025999945, 0.0 ], [ 100.305573289000051, -0.80774994099998, 0.0 ], [ 100.305564603000036, -0.80762302899996, 0.0 ], [ 100.305579144, -0.807544821999973, 0.0 ], [ 100.305657685000099, -0.807473892999966, 0.0 ], [ 100.306818073000017, -0.806954681, 0.0 ], [ 100.306982925000057, -0.806830229999911, 0.0 ], [ 100.307045243000061, -0.806799011999904, 0.0 ], [ 100.307100388, -0.806805928999943, 0.0 ], [ 100.307169304000027, -0.806854358999954, 0.0 ], [ 100.307511548, -0.807287855999939, 0.0 ], [ 100.307791920000028, -0.807097428, 0.0 ], [ 100.308364657000084, -0.807874523999986, 0.0 ], [ 100.308607561000102, -0.808187897999979, 0.0 ], [ 100.309441553000099, -0.807708378, 0.0 ], [ 100.309722784000101, -0.80768599499993, 0.0 ], [ 100.310653803000037, -0.807274875999931, 0.0 ], [ 100.310711525000016, -0.807141254999977, 0.0 ], [ 100.310746476000062, -0.807007385999914, 0.0 ], [ 100.31076798900007, -0.806852985000018, 0.0 ], [ 100.310774060000128, -0.806723894999906, 0.0 ], [ 100.310826125000077, -0.806581935999973, 0.0 ], [ 100.310902085000066, -0.806442551999987, 0.0 ], [ 100.31099589500009, -0.806302326999931, 0.0 ], [ 100.311115011000098, -0.806222343999974, 0.0 ], [ 100.311242082000035, -0.806216493999934, 0.0 ], [ 100.31140364400008, -0.80630053599996, 0.0 ], [ 100.311444505000082, -0.806430016000015, 0.0 ], [ 100.311504754000097, -0.806457668, 0.0 ], [ 100.311575176000062, -0.806380929999951, 0.0 ], [ 100.312043308000071, -0.8061709909999, 0.0 ], [ 100.312258460000109, -0.80609096299994, 0.0 ], [ 100.31246433200009, -0.806060066999959, 0.0 ], [ 100.31254149600008, -0.806060413999988, 0.0 ], [ 100.31258101800006, -0.806025189, 0.0 ], [ 100.312562242000112, -0.805971715999932, 0.0 ], [ 100.312559814000082, -0.805817428999956, 0.0 ], [ 100.31267027300008, -0.805666812999928, 0.0 ], [ 100.312834178000045, -0.805589613999936, 0.0 ], [ 100.313007082000055, -0.805632353999919, 0.0 ], [ 100.313154968000035, -0.805758490999964, 0.0 ], [ 100.313273894000105, -0.805970830999947, 0.0 ], [ 100.313294479000035, -0.805969370999915, 0.0 ], [ 100.313336140000018, -0.805939441999926, 0.0 ], [ 100.313417887000028, -0.805844322999961, 0.0 ], [ 100.313593976000035, -0.805538081999935, 0.0 ], [ 100.313725760000096, -0.805385756999944, 0.0 ], [ 100.313852579000113, -0.805250218, 0.0 ], [ 100.314044007000049, -0.805152209999982, 0.0 ], [ 100.314164452000071, -0.805110612, 0.0 ], [ 100.314215931000064, -0.805058030999917, 0.0 ], [ 100.314287413000031, -0.804916110999987, 0.0 ], [ 100.314371428000058, -0.804720949999916, 0.0 ], [ 100.314483937000034, -0.804393166999973, 0.0 ], [ 100.31459131400004, -0.804158341999906, 0.0 ], [ 100.314703084000058, -0.80402362199995, 0.0 ], [ 100.314930147000013, -0.80396733, 0.0 ], [ 100.315115338000055, -0.804051877999979, 0.0 ], [ 100.315328440000101, -0.804126417999929, 0.0 ], [ 100.315557307000034, -0.804166792999983, 0.0 ], [ 100.315879435000042, -0.80422137699997, 0.0 ], [ 100.316218672000048, -0.804235611, 0.0 ], [ 100.316514418000082, -0.804318115999892, 0.0 ], [ 100.316671609000124, -0.804446146, 0.0 ], [ 100.316774934000065, -0.804600269999967, 0.0 ], [ 100.316781570000074, -0.804759224999974, 0.0 ], [ 100.316781593000073, -0.804829164999988, 0.0 ], [ 100.316740210000034, -0.805008275999975, 0.0 ], [ 100.316740229000033, -0.805066313999892, 0.0 ], [ 100.316754586000059, -0.805087599999966, 0.0 ], [ 100.316829772000062, -0.805177496999943, 0.0 ], [ 100.316899570000075, -0.805255638999925, 0.0 ], [ 100.317003747000072, -0.805326196999901, 0.0 ], [ 100.317158375000076, -0.805375026999944, 0.0 ], [ 100.31730198200006, -0.805394938, 0.0 ], [ 100.31746832900005, -0.805407817999904, 0.0 ], [ 100.317632356000033, -0.805437862, 0.0 ], [ 100.317807824000084, -0.805433220999963, 0.0 ], [ 100.317983768000076, -0.805433163999958, 0.0 ], [ 100.318168905000022, -0.805470365999928, 0.0 ], [ 100.318293470000114, -0.805635962999951, 0.0 ], [ 100.318301025000025, -0.805813499999986, 0.0 ], [ 100.318259263000044, -0.805978906, 0.0 ], [ 100.318192025000073, -0.80613133, 0.0 ], [ 100.318156670000079, -0.806294882999937, 0.0 ], [ 100.318156693000077, -0.806365557999922, 0.0 ], [ 100.318182111000056, -0.806380098999971, 0.0 ], [ 100.31833728, -0.806273793999968, 0.0 ], [ 100.31851883100002, -0.806179616, 0.0 ], [ 100.318648442, -0.806083595999952, 0.0 ], [ 100.319004944000099, -0.805833485999952, 0.0 ], [ 100.319170261000096, -0.805710068999955, 0.0 ], [ 100.319286134, -0.805577602999919, 0.0 ], [ 100.319324137000038, -0.805467320999942, 0.0 ], [ 100.31935438400005, -0.805404113999953, 0.0 ], [ 100.319343992000086, -0.805367487999942, 0.0 ], [ 100.319311475000063, -0.805328045999965, 0.0 ], [ 100.319188932000046, -0.805263209000018, 0.0 ], [ 100.3189480570001, -0.80517072, 0.0 ], [ 100.318586602000039, -0.804995311999968, 0.0 ], [ 100.318451754000066, -0.804916593999939, 0.0 ], [ 100.318294879000049, -0.804817082999965, 0.0 ], [ 100.318162068000078, -0.804706914999909, 0.0 ], [ 100.318052288000061, -0.804558864999916, 0.0 ], [ 100.318052145000038, -0.804113651999939, 0.0 ], [ 100.31801792800006, -0.803611746999978, 0.0 ], [ 100.318012954, -0.803290237999932, 0.0 ], [ 100.317998038000013, -0.803066181999957, 0.0 ], [ 100.318003487000013, -0.802897359999933, 0.0 ], [ 100.318041544000053, -0.802721938999984, 0.0 ], [ 100.318116948000082, -0.802484480999966, 0.0 ], [ 100.318285162000052, -0.802383599999968, 0.0 ], [ 100.318638530000072, -0.802243700999939, 0.0 ], [ 100.318735251000078, -0.802178429999956, 0.0 ], [ 100.318768594000076, -0.80211553, 0.0 ], [ 100.318776448000023, -0.802016883, 0.0 ], [ 100.318775048000077, -0.801911751, 0.0 ], [ 100.318788142000102, -0.801803554999936, 0.0 ], [ 100.318778244000086, -0.801752374999965, 0.0 ], [ 100.318754476000066, -0.801704619999922, 0.0 ], [ 100.318759673000059, -0.801673182999896, 0.0 ], [ 100.318839811000018, -0.801610958999988, 0.0 ], [ 100.318945576000075, -0.801545323999975, 0.0 ], [ 100.319013091000059, -0.801506115999929, 0.0 ], [ 100.319096847000068, -0.801484776999939, 0.0 ], [ 100.319193485000071, -0.801479226000013, 0.0 ], [ 100.319349658000107, -0.801473550999988, 0.0 ], [ 100.319455176000048, -0.801467039999982, 0.0 ], [ 100.319650347000035, -0.801499251999894, 0.0 ], [ 100.31981083900007, -0.8015885, 0.0 ], [ 100.319906066000044, -0.801645637000015, 0.0 ], [ 100.319963622000017, -0.801742819999974, 0.0 ], [ 100.319997247000046, -0.801856700999982, 0.0 ], [ 100.319980189000049, -0.802036959999975, 0.0 ], [ 100.319966526000073, -0.802176010999934, 0.0 ], [ 100.319970470000044, -0.80227761, 0.0 ], [ 100.320214740000011, -0.80268503099995, 0.0 ], [ 100.320642201000027, -0.803364082, 0.0 ], [ 100.320838658000028, -0.803605513, 0.0 ], [ 100.320955447000102, -0.803712693999981, 0.0 ], [ 100.321302445000029, -0.803982738999943, 0.0 ], [ 100.322386909000059, -0.804680022999904, 0.0 ], [ 100.322815958000035, -0.804975288, 0.0 ], [ 100.323058690000039, -0.805153365999989, 0.0 ], [ 100.323124158000041, -0.805238040999979, 0.0 ], [ 100.323167548000072, -0.805278780999974, 0.0 ], [ 100.323242793000091, -0.805377111999939, 0.0 ], [ 100.323262979000063, -0.805394561999962, 0.0 ], [ 100.323265760000126, -0.805395785999974, 0.0 ], [ 100.323296970000044, -0.805383761999956, 0.0 ], [ 100.323365138000085, -0.805317311999965, 0.0 ], [ 100.323478591000054, -0.805201486999974, 0.0 ], [ 100.323566596000049, -0.805138290999897, 0.0 ], [ 100.323678062000042, -0.805075249999921, 0.0 ], [ 100.323792031000053, -0.805061180999911, 0.0 ], [ 100.323866521000085, -0.805037475, 0.0 ], [ 100.32395126100009, -0.804996301999961, 0.0 ], [ 100.324335145000049, -0.804743534999919, 0.0 ], [ 100.324803212000049, -0.804423802999932, 0.0 ], [ 100.325236928000052, -0.804216396999913, 0.0 ], [ 100.325729619000057, -0.80393430000002, 0.0 ], [ 100.326063471000055, -0.803668276999947, 0.0 ], [ 100.326231528000022, -0.80358362099996, 0.0 ], [ 100.326417698000057, -0.803536995999921, 0.0 ], [ 100.326555241000065, -0.803529824999949, 0.0 ], [ 100.326749726000088, -0.803490602999902, 0.0 ], [ 100.327425, -0.803204783999967, 0.0 ], [ 100.328300143000021, -0.80268312199997, 0.0 ], [ 100.328533386000046, -0.802561921999978, 0.0 ], [ 100.328695244000116, -0.802528156999938, 0.0 ], [ 100.328820052000054, -0.802528115999935, 0.0 ], [ 100.329010375000081, -0.802546743999966, 0.0 ], [ 100.329211816000054, -0.802565217999896, 0.0 ], [ 100.32936015100006, -0.802590796999969, 0.0 ], [ 100.32960572900005, -0.802605196999918, 0.0 ], [ 100.331024594000027, -0.802361436, 0.0 ], [ 100.331713349000083, -0.802244996999957, 0.0 ], [ 100.331942492000039, -0.802199788999947, 0.0 ], [ 100.332061625000037, -0.802141894999953, 0.0 ], [ 100.332090091000083, -0.802115545999905, 0.0 ], [ 100.332101717000057, -0.802084958999949, 0.0 ], [ 100.332100721000074, -0.802031784999902, 0.0 ], [ 100.332043405000036, -0.801834455999917, 0.0 ], [ 100.332020572, -0.801653144999926, 0.0 ], [ 100.332035001000051, -0.801446767, 0.0 ], [ 100.332080833000106, -0.801283732999914, 0.0 ], [ 100.332221941000057, -0.801167436999973, 0.0 ], [ 100.332360967000014, -0.801090274999983, 0.0 ], [ 100.332477202000049, -0.801066608999979, 0.0 ], [ 100.332651431000073, -0.80105069, 0.0 ], [ 100.333071543000102, -0.801063303999972, 0.0 ], [ 100.333476739000062, -0.801163859999943, 0.0 ], [ 100.334010797000104, -0.801512247999903, 0.0 ], [ 100.33432284000007, -0.801825960999925, 0.0 ], [ 100.334546438000103, -0.802026376999987, 0.0 ], [ 100.335123761, -0.802381769, 0.0 ], [ 100.335278892000048, -0.802446017999981, 0.0 ], [ 100.335390772000068, -0.802518714999956, 0.0 ], [ 100.335738777000074, -0.802807632999969, 0.0 ], [ 100.336080686000031, -0.802985745999963, 0.0 ], [ 100.336223427000036, -0.803041457999954, 0.0 ], [ 100.336323199000034, -0.803056758999976, 0.0 ], [ 100.336743058000039, -0.803073348999928, 0.0 ], [ 100.336898261, -0.803101177999921, 0.0 ], [ 100.336995272000124, -0.803148539999932, 0.0 ], [ 100.33710200600008, -0.803269782000016, 0.0 ], [ 100.337206464000104, -0.803470279, 0.0 ], [ 100.337225887000017, -0.803579983999925, 0.0 ], [ 100.337235624000115, -0.803714071999917, 0.0 ], [ 100.337225987000025, -0.80388717399994, 0.0 ], [ 100.337252693000025, -0.804035883999988, 0.0 ], [ 100.337316106000031, -0.80414443599991, 0.0 ], [ 100.33741613100004, -0.804236614999987, 0.0 ], [ 100.337561389000072, -0.804320397, 0.0 ], [ 100.337816628000056, -0.804410811999923, 0.0 ], [ 100.338044472000078, -0.80446027299993, 0.0 ], [ 100.338275094000053, -0.804498689, 0.0 ], [ 100.338365631000087, -0.804539545999917, 0.0 ], [ 100.33848019800007, -0.804625928999958, 0.0 ], [ 100.338612983000033, -0.804682787999956, 0.0 ], [ 100.338708194, -0.804715459, 0.0 ], [ 100.338914840000058, -0.804695534999945, 0.0 ], [ 100.339468572000044, -0.804541183999963, 0.0 ], [ 100.339905363000028, -0.804304775999943, 0.0 ], [ 100.340187760000035, -0.804215452999924, 0.0 ], [ 100.340934674000025, -0.804219902999937, 0.0 ], [ 100.341421049000118, -0.804312828999987, 0.0 ], [ 100.342124383000055, -0.804553922999951, 0.0 ], [ 100.342499904000121, -0.804610249999905, 0.0 ], [ 100.343134646000067, -0.80456702699997, 0.0 ], [ 100.343713414000078, -0.804328612999961, 0.0 ], [ 100.344877479000019, -0.803706200999977, 0.0 ], [ 100.345602087000032, -0.803445434999984, 0.0 ], [ 100.346241544000094, -0.803230766999985, 0.0 ], [ 100.346931112000036, -0.803080633, 0.0 ], [ 100.347285093000011, -0.802936745999905, 0.0 ], [ 100.348077484000029, -0.802596666999922, 0.0 ], [ 100.348899067000062, -0.802135679999972, 0.0 ], [ 100.349249119000064, -0.801629759999945, 0.0 ], [ 100.349536277000112, -0.801118663999934, 0.0 ], [ 100.349746565000018, -0.800891482999966, 0.0 ], [ 100.349997934000029, -0.800767519999924, 0.0 ], [ 100.350275006000047, -0.80079323599992, 0.0 ], [ 100.350788129000037, -0.800927268, 0.0 ], [ 100.351039521000061, -0.800875568999982, 0.0 ], [ 100.351301132000032, -0.800694824999948, 0.0 ], [ 100.351557526000107, -0.800245678999912, 0.0 ], [ 100.351931881000084, -0.799657129999976, 0.0 ], [ 100.352358720000055, -0.799316024999908, 0.0 ], [ 100.352778958, -0.799065114999931, 0.0 ], [ 100.353164691000032, -0.798917257999954, 0.0 ], [ 100.353495694000074, -0.798849543999947, 0.0 ], [ 100.35380183400008, -0.798859457999968, 0.0 ], [ 100.354277178000075, -0.798913362999898, 0.0 ], [ 100.35461736300006, -0.79892030699994, 0.0 ], [ 100.35523869500004, -0.799072653999933, 0.0 ], [ 100.355893839000075, -0.800060544999959, 0.0 ], [ 100.35711442200008, -0.800778762999966, 0.0 ], [ 100.358245674000059, -0.801407180999914, 0.0 ], [ 100.359495934000037, -0.801855901999915, 0.0 ], [ 100.361014034000064, -0.802214703999938, 0.0 ], [ 100.36226412500011, -0.802154403000011, 0.0 ], [ 100.36300818200003, -0.802004437999948, 0.0 ], [ 100.36416887200005, -0.801644739999941, 0.0 ], [ 100.36559747400004, -0.801374776999986, 0.0 ], [ 100.367442558000022, -0.800445938999961, 0.0 ], [ 100.368275600000032, -0.799367728999923, 0.0 ], [ 100.368394244000072, -0.798110101999961, 0.0 ], [ 100.368631973000035, -0.796942263999967, 0.0 ], [ 100.369231813000098, -0.795778640999967, 0.0 ], [ 100.37002721, -0.794577537999975, 0.0 ], [ 100.370690024000055, -0.793526584999971, 0.0 ], [ 100.370687059000076, -0.793175629999976, 0.0 ], [ 100.370655429000024, -0.792726151999912, 0.0 ], [ 100.370760702000041, -0.792306038999969, 0.0 ], [ 100.370943170000032, -0.791889629999976, 0.0 ], [ 100.37105204900007, -0.791726210999955, 0.0 ], [ 100.371088650000075, -0.791666667, 0.0 ], [ 100.371088648000082, -0.79166129, 0.0 ], [ 100.371139319000093, -0.791574954999963, 0.0 ], [ 100.371273840000043, -0.791490553999908, 0.0 ], [ 100.371360783000043, -0.791442413999921, 0.0 ], [ 100.371452403000063, -0.791356063999971, 0.0 ], [ 100.371518657000038, -0.791214793999917, 0.0 ], [ 100.371555700000087, -0.791047215999908, 0.0 ], [ 100.371590735000055, -0.790852987999913, 0.0 ], [ 100.371635537000031, -0.790709760999964, 0.0 ], [ 100.37166085200009, -0.790599893999933, 0.0 ], [ 100.371671140000046, -0.790448426999924, 0.0 ], [ 100.371676627000056, -0.790344294999923, 0.0 ], [ 100.371687643000087, -0.790270703999963, 0.0 ], [ 100.371727641000106, -0.790199880999965, 0.0 ], [ 100.3717790970001, -0.790143727999937, 0.0 ], [ 100.371834288000045, -0.790108996999906, 0.0 ], [ 100.371867391000123, -0.790053449999928, 0.0 ], [ 100.37189772300006, -0.789964580999947, 0.0 ], [ 100.371936341000051, -0.789895148999975, 0.0 ], [ 100.371992908000024, -0.789843757999987, 0.0 ], [ 100.372165397000089, -0.789789551999942, 0.0 ], [ 100.37228820700004, -0.789742304999941, 0.0 ], [ 100.372338566000025, -0.789713502999956, 0.0 ], [ 100.37243513700011, -0.789610728999979, 0.0 ], [ 100.372530318000088, -0.789477408999962, 0.0 ], [ 100.372603402, -0.789302443999962, 0.0 ], [ 100.372630005000076, -0.789264673999946, 0.0 ], [ 100.372643796000062, -0.789235512999931, 0.0 ], [ 100.372687948000063, -0.789206341999916, 0.0 ], [ 100.372744524000041, -0.789188273000019, 0.0 ], [ 100.372841128000047, -0.789184074999938, 0.0 ], [ 100.372921171000087, -0.78918266099991, 0.0 ], [ 100.372981884000055, -0.789152094999957, 0.0 ], [ 100.373066049000087, -0.789100696999967, 0.0 ], [ 100.37311985800001, -0.789054861, 0.0 ], [ 100.373192985000017, -0.789006240999968, 0.0 ], [ 100.373272526000036, -0.788989193999979, 0.0 ], [ 100.373374646000045, -0.788980830999908, 0.0 ], [ 100.373500231000037, -0.788980788999905, 0.0 ], [ 100.373592690000052, -0.788964096999945, 0.0 ], [ 100.373655255000074, -0.788938566999964, 0.0 ], [ 100.373710457000115, -0.788938548999963, 0.0 ], [ 100.373764277000035, -0.78893158999992, 0.0 ], [ 100.373849833000108, -0.788906568999981, 0.0 ], [ 100.373947813000129, -0.788892652999984, 0.0 ], [ 100.374051923000124, -0.788867259000015, 0.0 ], [ 100.37410712100008, -0.788849190999941, 0.0 ], [ 100.374196804000036, -0.788789458999973, 0.0 ], [ 100.374242319000075, -0.788710304999907, 0.0 ], [ 100.374347178000036, -0.788628353999965, 0.0 ], [ 100.374459407000089, -0.788588801999979, 0.0 ], [ 100.374569793000077, -0.788533227999911, 0.0 ], [ 100.374699488000061, -0.788435995999948, 0.0 ], [ 100.374782263000071, -0.788352663999981, 0.0 ], [ 100.374837430000099, -0.788245738999927, 0.0 ], [ 100.374837380000102, -0.788150521999953, 0.0 ], [ 100.37484149000008, -0.788056108999958, 0.0 ], [ 100.374811075000054, -0.78788950899994, 0.0 ], [ 100.374782055000054, -0.787775669999935, 0.0 ], [ 100.374766717000028, -0.787695788999899, 0.0 ], [ 100.374745973000088, -0.787559730999921, 0.0 ], [ 100.374707300000082, -0.78746810799989, 0.0 ], [ 100.374692749000033, -0.787448898999988, 0.0 ], [ 100.374613296000035, -0.787377007, 0.0 ], [ 100.374521927000018, -0.787297127999953, 0.0 ], [ 100.374478213000046, -0.787209242999965, 0.0 ], [ 100.37446601100001, -0.787153988999923, 0.0 ], [ 100.374448095000048, -0.787014153999988, 0.0 ], [ 100.374471906000053, -0.786962205999953, 0.0 ], [ 100.374503647000026, -0.786872295999975, 0.0 ], [ 100.374523485000068, -0.786812357999989, 0.0 ], [ 100.3745572320001, -0.786784378999895, 0.0 ], [ 100.374656490000049, -0.786698442999978, 0.0 ], [ 100.374752778000115, -0.786683022999946, 0.0 ], [ 100.374885987000127, -0.786638300999887, 0.0 ], [ 100.37500000100006, -0.786536273999972, 0.0 ], [ 100.376284457000011, -0.785122029000019, 0.0 ], [ 100.376943376, -0.771675058999944, 0.0 ], [ 100.37745101200008, -0.771233887999945, 0.0 ], [ 100.377944077000024, -0.770928698, 0.0 ], [ 100.378499261000044, -0.770667588999985, 0.0 ], [ 100.378977305000063, -0.770453564999952, 0.0 ], [ 100.379273083000029, -0.770303392999961, 0.0 ], [ 100.379710423000063, -0.770056517999962, 0.0 ], [ 100.380071908000048, -0.769809665999966, 0.0 ], [ 100.380730423000088, -0.76936865199998, 0.0 ], [ 100.381216529000071, -0.769023218, 0.0 ], [ 100.381448435000067, -0.768776972999963, 0.0 ], [ 100.381769566000088, -0.768290226999924, 0.0 ], [ 100.381857484000079, -0.767716437999966, 0.0 ], [ 100.381839114000073, -0.767071030999944, 0.0 ], [ 100.381881351000104, -0.766133168999972, 0.0 ], [ 100.382058472000011, -0.764591023, 0.0 ], [ 100.382172163000092, -0.763505500999984, 0.0 ], [ 100.382163243000065, -0.762439065999943, 0.0 ], [ 100.382226001000021, -0.761534950999921, 0.0 ], [ 100.382360216000023, -0.760947491999986, 0.0 ], [ 100.382553477000016, -0.760433877999945, 0.0 ], [ 100.382733259000062, -0.76013513, 0.0 ], [ 100.383068047000052, -0.759798919999988, 0.0 ], [ 100.383382576000059, -0.759490336999947, 0.0 ], [ 100.383562448000106, -0.759276083999983, 0.0 ], [ 100.383744638000081, -0.758746483999951, 0.0 ], [ 100.383837449000026, -0.758076598999947, 0.0 ], [ 100.383912907000052, -0.757361929999967, 0.0 ], [ 100.38403055000002, -0.756968763999944, 0.0 ], [ 100.384271359000053, -0.756715576999956, 0.0 ], [ 100.384710195000125, -0.75634384999993, 0.0 ], [ 100.385111544000026, -0.755929052999893, 0.0 ], [ 100.385379099000048, -0.755616618999977, 0.0 ], [ 100.385652044000068, -0.755417274999915, 0.0 ], [ 100.38606418600007, -0.755277124999954, 0.0 ], [ 100.386931310000051, -0.755039893999954, 0.0 ], [ 100.387568133000073, -0.754831728999961, 0.0 ], [ 100.388105598000038, -0.754454912999958, 0.0 ], [ 100.389266921000029, -0.753681938999951, 0.0 ], [ 100.389756453000118, -0.753507945999943, 0.0 ], [ 100.390290105000048, -0.753391176999963, 0.0 ], [ 100.391167477000067, -0.753082562, 0.0 ], [ 100.392636022000076, -0.752415722999989, 0.0 ], [ 100.393941395000084, -0.751826195999972, 0.0 ], [ 100.39472719600009, -0.751545166, 0.0 ], [ 100.395789952000086, -0.75130959399995, 0.0 ], [ 100.397522337000069, -0.751223497999931, 0.0 ], [ 100.398680745, -0.750987895999978, 0.0 ], [ 100.399584015000045, -0.750570606999912, 0.0 ], [ 100.400108408000079, -0.750303532000019, 0.0 ], [ 100.400562969000035, -0.750182358999941, 0.0 ], [ 100.401188074000061, -0.750123994, 0.0 ], [ 100.401534951000073, -0.750087531, 0.0 ], [ 100.401827615000045, -0.750011097999981, 0.0 ], [ 100.401853094172324, -0.75, 0.0 ], [ 100.402470715000049, -0.749730981999986, 0.0 ], [ 100.403755713000066, -0.749208208999986, 0.0 ], [ 100.404595640000096, -0.748869913999973, 0.0 ], [ 100.405513011000068, -0.748206574999888, 0.0 ], [ 100.407270452, -0.747659968999959, 0.0 ], [ 100.408704822000104, -0.74717847599991, 0.0 ], [ 100.411273799000028, -0.74713446299991, 0.0 ], [ 100.413982425000057, -0.746740566, 0.0 ], [ 100.415857503000041, -0.746084926000024, 0.0 ], [ 100.418253398000033, -0.745140902999897, 0.0 ], [ 100.420440986000116, -0.744380354999941, 0.0 ], [ 100.422159896000053, -0.744065384, 0.0 ], [ 100.424451647000041, -0.743252400999961, 0.0 ], [ 100.426456824000041, -0.742229902999914, 0.0 ], [ 100.42879833300006, -0.741305422999983, 0.0 ], [ 100.431589912000021, -0.739753407, 0.0 ], [ 100.43475635, -0.73761437199994, 0.0 ], [ 100.43600625700013, -0.736775529999901, 0.0 ], [ 100.438172976, -0.735978313000019, 0.0 ], [ 100.440881609000101, -0.735725903999918, 0.0 ], [ 100.443298522000063, -0.735431666999909, 0.0 ], [ 100.445340174000066, -0.734508725999928, 0.0 ], [ 100.44767343700002, -0.733292242999906, 0.0 ], [ 100.449173291000051, -0.73220179600001, 0.0 ], [ 100.451859277000068, -0.730764901999959, 0.0 ], [ 100.453817430000072, -0.729380858999929, 0.0 ], [ 100.455321810000029, -0.727566804999936, 0.0 ], [ 100.456201978000109, -0.726285005999928, 0.0 ], [ 100.457469291000081, -0.727252113999922, 0.0 ], [ 100.45937797100008, -0.728710982999925, 0.0 ], [ 100.462294985000113, -0.73051599799997, 0.0 ], [ 100.464847020000065, -0.731067024, 0.0 ], [ 100.464850669000015, -0.731067827999976, 0.0 ], [ 100.468995996000075, -0.731981027999951, 0.0 ], [ 100.472243037000055, -0.73214597500001, 0.0 ], [ 100.476323495000088, -0.733365466999925, 0.0 ], [ 100.476602974000031, -0.733448993, 0.0 ], [ 100.47677604200004, -0.733678205999955, 0.0 ], [ 100.479012267000059, -0.736639894999958, 0.0 ], [ 100.479068990000044, -0.736715019999957, 0.0 ], [ 100.47906412800009, -0.736737345999939, 0.0 ], [ 100.478304510000029, -0.7402255929999, 0.0 ], [ 100.477504997000054, -0.743897041, 0.0 ], [ 100.477224013000068, -0.748838011, 0.0 ], [ 100.47782285098647, -0.75, 0.0 ], [ 100.477927980000061, -0.750203992999954, 0.0 ], [ 100.479274034000056, -0.751768958999944, 0.0 ], [ 100.484419029000051, -0.752743960999969, 0.0 ] ] ] ] } }
]
}
